INT	INT	INT	INT	INT	STRING	INT	STRING	STRING	INT	INT	INT	INT	INT	INT	INT	INT	INT	INT	INT	INT	INT	INT	INT	INT	INT	INT	INT	INT	INT	INT	INT	INT	INT	INT	INT	INT	INT	INT	INT	INT	INT	INT	INT	INT	INT	INT	INT	INT	INT	INT	INT	INT	INT	INT	INT	INT	INT	INT	INT	INT	INT	INT	INT	INT	INT	INT	INT	INT	INT	INT	INT	INT	INT	INT	STRING	STRING	INT	INT	INT
index	class	quality	Type	GemIndex	资源编号	适应规则	名称$1$	说明信息$1$	基本价格	出售价格	增加HP的上限	百分比增加HP的上限	加快HP的回复速度	增加MP的上限	百分比增加MP的上限	加快MP的回复速度	冰攻击	冰抵抗	减少冰冻迟缓时间	火攻击	火抵抗	减少火烧持续时间	玄攻击	玄抵抗	减少电击眩晕时间	毒攻击	毒抵抗	减少中毒时间	按百分比抵消所有属性攻击	物理攻击	按百分比增加物理攻击	对装备基础物理攻击百分比加成	物理防御	按百分比增加物理防御	对装备基础物理防御百分比加成	按百分比抵消物理伤害	魔法攻击	按百分比增加魔法攻击	对装备基础魔法攻击百分比加成	魔法防御	按百分比增加魔法防御	对装备基础魔法防御百分比加成	按百分比抵消魔法伤害	攻击速度(两次攻击间隔时间)	魔法冷却速度	命中	闪避	会心一击（双倍攻击）的百分比	无视对方防御比率	移动速度百分比	伤害反射	伤害由内力抵消	力量	灵气	体质	定力	身法	悟性	增加所有的人物一级属性	生命偷取	内力偷取	增加某个魔法等级	增加所有魔法等级	特殊魔法发动概率	降低目标冰抵抗	降低目标火抵抗	降低目标玄抵抗	降低目标毒抵抗	基础物理攻击	基础魔法攻击	基础命中	基础物理防御	基础魔法防御	基础闪避	颜色值(R,G,B,A) 	类型描述$1$	特效索引	颜色	是否广播
50101001	5	1	1	1	Gem1_2_4	1	猫眼石(1级)	象猫眼一样的宝石，可以镶嵌在攻击性装备(武器、护腕、戒指、护符、项链、暗器)上，使用后不可再镶嵌同类宝石。#r#G希望宝石	100000	1000	-1	-1	-1	-1	-1	-1	-1	-1	-1	-1	-1	-1	-1	-1	-1	-1	-1	-1	-1	-1	-1	-1	-1	-1	-1	-1	127	-1	-1	-1	-1	-1	-1	-1	-1	-1	-1	-1	-1	-1	-1	-1	-1	-1	-1	-1	-1	-1	-1	-1	-1	-1	-1	-1	-1	-1	-1	-1	-1	-1	-1	-1	-1	-1	FFFFFF09	希望宝石	1	2004	1
50101002	5	1	1	2	Gem1_1_1	1	虎眼石(1级)	象虎眼一样的宝石，可以镶嵌在攻击性装备(武器、护腕、戒指、护符、项链、暗器)上，使用后不可再镶嵌同类宝石。#r#G希望宝石	100000	1000	-1	-1	-1	-1	-1	-1	-1	-1	-1	-1	-1	-1	-1	-1	-1	-1	-1	-1	-1	127	-1	-1	-1	-1	-1	-1	-1	-1	-1	-1	-1	-1	-1	-1	-1	-1	-1	-1	-1	-1	-1	-1	-1	-1	-1	-1	-1	-1	-1	-1	-1	-1	-1	-1	-1	-1	-1	-1	-1	-1	-1	-1	-1	-1	FFFFFF0B	希望宝石	2	2004	1
50102001	5	1	2	1	Gem1_1_3	1	黄晶石(1级)	黄色的晶石，可以镶嵌在攻击性装备(武器、护腕、戒指、护符、项链、暗器)上，使用后不可再镶嵌同类宝石。#r#G智慧宝石#W#r可在#G洛阳（179，182）#R宝石工匠彭怀玉#W处使用#G1级宝石雕琢符#W提升宝石属性。#r本宝石只能雕琢一次。	100000	1000	-1	-1	-1	-1	-1	-1	-1	-1	-1	-1	-1	-1	10	-1	-1	-1	-1	-1	-1	-1	-1	-1	-1	-1	-1	-1	-1	-1	-1	-1	-1	-1	-1	-1	-1	-1	-1	-1	-1	-1	-1	-1	-1	-1	-1	-1	-1	-1	-1	-1	-1	-1	-1	-1	-1	-1	-1	-1	-1	-1	-1	-1	-1	-1	FFFFFF0B	智慧宝石	3	2004	1
50102002	5	1	2	2	Gem1_1_4	1	蓝晶石(1级)	蓝色的晶石，可以镶嵌在攻击性装备(武器、护腕、戒指、护符、项链、暗器)上，使用后不可再镶嵌同类宝石。#r#G智慧宝石#W#r可在#G洛阳（179，182）#R宝石工匠彭怀玉#W处使用#G1级宝石雕琢符#W提升宝石属性。#r本宝石只能雕琢一次。	100000	1000	-1	-1	-1	-1	-1	-1	10	-1	-1	-1	-1	-1	-1	-1	-1	-1	-1	-1	-1	-1	-1	-1	-1	-1	-1	-1	-1	-1	-1	-1	-1	-1	-1	-1	-1	-1	-1	-1	-1	-1	-1	-1	-1	-1	-1	-1	-1	-1	-1	-1	-1	-1	-1	-1	-1	-1	-1	-1	-1	-1	-1	-1	-1	-1	FFFFFF0B	智慧宝石	4	2004	1
50102003	5	1	2	3	Gem1_1_5	1	红晶石(1级)	红色的晶石，可以镶嵌在攻击性装备(武器、护腕、戒指、护符、项链、暗器)上，使用后不可再镶嵌同类宝石。#r#G智慧宝石#W#r可在#G洛阳（179，182）#R宝石工匠彭怀玉#W处使用#G1级宝石雕琢符#W提升宝石属性。#r本宝石只能雕琢一次。	100000	1000	-1	-1	-1	-1	-1	-1	-1	-1	-1	10	-1	-1	-1	-1	-1	-1	-1	-1	-1	-1	-1	-1	-1	-1	-1	-1	-1	-1	-1	-1	-1	-1	-1	-1	-1	-1	-1	-1	-1	-1	-1	-1	-1	-1	-1	-1	-1	-1	-1	-1	-1	-1	-1	-1	-1	-1	-1	-1	-1	-1	-1	-1	-1	-1	FFFFFF0B	智慧宝石	5	2004	1
50102004	5	1	2	4	Gem1_1_6	1	绿晶石(1级)	绿色的晶石，可以镶嵌在攻击性装备(武器、护腕、戒指、护符、项链、暗器)上，使用后不可再镶嵌同类宝石。#r#G智慧宝石#W#r可在#G洛阳（179，182）#R宝石工匠彭怀玉#W处使用#G1级宝石雕琢符#W提升宝石属性。#r本宝石只能雕琢一次。	100000	1000	-1	-1	-1	-1	-1	-1	-1	-1	-1	-1	-1	-1	-1	-1	-1	10	-1	-1	-1	-1	-1	-1	-1	-1	-1	-1	-1	-1	-1	-1	-1	-1	-1	-1	-1	-1	-1	-1	-1	-1	-1	-1	-1	-1	-1	-1	-1	-1	-1	-1	-1	-1	-1	-1	-1	-1	-1	-1	-1	-1	-1	-1	-1	-1	FFFFFF0B	智慧宝石	6	2004	1
50102005	5	1	2	5	Gem1_2_5	1	纯净黄晶石(1级)	纯净的黄晶石，可以镶嵌在攻击性装备(武器、护腕、戒指、护符、项链、暗器)上，使用后不可再镶嵌同类宝石。#r#G智慧宝石#r雕琢过的宝石不能再雕琢。#r#W使用三颗此种宝石，和一个#G宝石熔炼符#W，能够熔炼成一颗对应的同等级胜利宝石。	300000	2000	-1	-1	-1	-1	-1	-1	-1	-1	-1	-1	-1	-1	12	-1	-1	-1	-1	-1	-1	-1	-1	-1	-1	-1	-1	-1	-1	-1	-1	-1	-1	-1	-1	-1	-1	-1	-1	-1	-1	-1	-1	-1	-1	-1	-1	-1	-1	-1	-1	-1	-1	-1	-1	-1	-1	-1	-1	-1	-1	-1	-1	-1	-1	-1	FFFFFF0B	智慧宝石	14	2004	1
50102006	5	1	2	6	Gem1_2_9	1	纯净蓝晶石(1级)	纯净的蓝晶石，可以镶嵌在攻击性装备(武器、护腕、戒指、护符、项链、暗器)上，使用后不可再镶嵌同类宝石。#r#G智慧宝石#r雕琢过的宝石不能再雕琢。#r#W使用三颗此种宝石，和一个#G宝石熔炼符#W，能够熔炼成一颗对应的同等级胜利宝石。	300000	2000	-1	-1	-1	-1	-1	-1	12	-1	-1	-1	-1	-1	-1	-1	-1	-1	-1	-1	-1	-1	-1	-1	-1	-1	-1	-1	-1	-1	-1	-1	-1	-1	-1	-1	-1	-1	-1	-1	-1	-1	-1	-1	-1	-1	-1	-1	-1	-1	-1	-1	-1	-1	-1	-1	-1	-1	-1	-1	-1	-1	-1	-1	-1	-1	FFFFFF0B	智慧宝石	15	2004	1
50102007	5	1	2	7	Gem1_2_13	1	纯净红晶石(1级)	纯净的红晶石，可以镶嵌在攻击性装备(武器、护腕、戒指、护符、项链、暗器)上，使用后不可再镶嵌同类宝石。#r#G智慧宝石#r雕琢过的宝石不能再雕琢。#r#W使用三颗此种宝石，和一个#G宝石熔炼符#W，能够熔炼成一颗对应的同等级胜利宝石。	300000	2000	-1	-1	-1	-1	-1	-1	-1	-1	-1	12	-1	-1	-1	-1	-1	-1	-1	-1	-1	-1	-1	-1	-1	-1	-1	-1	-1	-1	-1	-1	-1	-1	-1	-1	-1	-1	-1	-1	-1	-1	-1	-1	-1	-1	-1	-1	-1	-1	-1	-1	-1	-1	-1	-1	-1	-1	-1	-1	-1	-1	-1	-1	-1	-1	FFFFFF0B	智慧宝石	16	2004	1
50102008	5	1	2	8	Gem1_2_6	1	纯净绿晶石(1级)	纯净的绿晶石，可以镶嵌在攻击性装备(武器、护腕、戒指、护符、项链、暗器)上，使用后不可再镶嵌同类宝石。#r#G智慧宝石#r雕琢过的宝石不能再雕琢。#r#W使用三颗此种宝石，和一个#G宝石熔炼符#W，能够熔炼成一颗对应的同等级胜利宝石。	300000	2000	-1	-1	-1	-1	-1	-1	-1	-1	-1	-1	-1	-1	-1	-1	-1	12	-1	-1	-1	-1	-1	-1	-1	-1	-1	-1	-1	-1	-1	-1	-1	-1	-1	-1	-1	-1	-1	-1	-1	-1	-1	-1	-1	-1	-1	-1	-1	-1	-1	-1	-1	-1	-1	-1	-1	-1	-1	-1	-1	-1	-1	-1	-1	-1	FFFFFF0B	智慧宝石	17	2004	1
50103001	5	1	3	1	Gem1_1_2	1	紫玉(1级)	紫色玉石，可以镶嵌在攻击性装备(武器、护腕、戒指、护符、项链、暗器)上，使用后不可再镶嵌同类宝石。#r#G玄微宝石	100000	1000	-1	-1	-1	-1	-1	-1	-1	-1	-1	-1	-1	-1	-1	-1	-1	-1	-1	-1	-1	-1	-1	-1	-1	-1	-1	-1	-1	-1	-1	-1	-1	-1	-1	-1	-1	142	-1	-1	-1	-1	-1	-1	-1	-1	-1	-1	-1	-1	-1	-1	-1	-1	-1	-1	-1	-1	-1	-1	-1	-1	-1	-1	-1	-1	FFFFFF0B	玄微宝石	7	2004	1
50104002	5	1	4	2	Gem1_1_8	1	变石(1级)	在阳光下呈绿色，在烛光下呈红色，可变色的宝石，可以镶嵌在攻击性装备(武器、护腕、戒指、护符、项链、暗器)上，使用后不可再镶嵌同类宝石。#r#G幻冥宝石	100000	1000	-1	-1	-1	-1	-1	-1	-1	-1	-1	-1	-1	-1	-1	-1	-1	-1	-1	-1	-1	-1	-1	-1	-1	-1	-1	-1	-1	-1	-1	-1	-1	-1	-1	-1	-1	-1	-1	1	-1	-1	-1	-1	-1	-1	-1	-1	-1	-1	-1	-1	-1	-1	-1	-1	-1	-1	-1	-1	-1	-1	-1	-1	-1	-1	FFFFFF0B	幻冥宝石	8	2004	1
50111001	5	1	11	1	Gem1_1_9	1	石榴石(1级)	因其外形酷似成熟的石榴籽而得名的宝石，可以镶嵌在防御性装备(衣服、手套、帽子、护肩、鞋、腰带、项链、暗器)上，使用后不可再镶嵌同类宝石。#r#G生命宝石	100000	1000	-1	-1	-1	-1	-1	-1	-1	-1	-1	-1	-1	-1	-1	-1	-1	-1	-1	-1	-1	-1	-1	-1	-1	-1	-1	-1	-1	-1	-1	127	-1	-1	-1	-1	-1	-1	-1	-1	-1	-1	-1	-1	-1	-1	-1	-1	-1	-1	-1	-1	-1	-1	-1	-1	-1	-1	-1	-1	-1	-1	-1	-1	-1	-1	FFFFFF0B	生命宝石	7	2004	1
50111002	5	1	11	2	Gem1_1_12	1	尖晶石(1级)	颜色繁多且艳丽的宝石，可以镶嵌在防御性装备(衣服、手套、帽子、护肩、鞋、腰带、项链、暗器)上，使用后不可再镶嵌同类宝石。#r#G生命宝石	100000	1000	-1	-1	-1	-1	-1	-1	-1	-1	-1	-1	-1	-1	-1	-1	-1	-1	-1	-1	-1	-1	-1	-1	127	-1	-1	-1	-1	-1	-1	-1	-1	-1	-1	-1	-1	-1	-1	-1	-1	-1	-1	-1	-1	-1	-1	-1	-1	-1	-1	-1	-1	-1	-1	-1	-1	-1	-1	-1	-1	-1	-1	-1	-1	-1	FFFFFF0B	生命宝石	11	2004	1
50112001	5	1	12	1	Gem1_1_11	1	黄玉(1级)	黄色的玉石，可以镶嵌在防御性装备(衣服、手套、帽子、护肩、鞋、腰带、项链、暗器)上，使用后不可再镶嵌同类宝石。#r#G魅力宝石#W#r可在#G洛阳（179，182）#R宝石工匠彭怀玉#W处使用#G1级宝石雕琢符#W提升宝石属性。#r本宝石只能雕琢一次。	100000	1000	-1	-1	-1	-1	-1	-1	-1	-1	-1	-1	-1	-1	-1	4	-1	-1	-1	-1	-1	-1	-1	-1	-1	-1	-1	-1	-1	-1	-1	-1	-1	-1	-1	-1	-1	-1	-1	-1	-1	-1	-1	-1	-1	-1	-1	-1	-1	-1	-1	-1	-1	-1	-1	-1	-1	-1	-1	-1	-1	-1	-1	-1	-1	-1	FFFFFF0B	魅力宝石	12	2004	1
50112002	5	1	12	2	Gem1_1_10	1	皓石(1级)	闪闪发亮的宝石，可以镶嵌在防御性装备(衣服、手套、帽子、护肩、鞋、腰带、项链、暗器)上，使用后不可再镶嵌同类宝石。#r#G魅力宝石#W#r可在#G洛阳（179，182）#R宝石工匠彭怀玉#W处使用#G1级宝石雕琢符#W提升宝石属性。#r本宝石只能雕琢一次。	100000	1000	-1	-1	-1	-1	-1	-1	-1	4	-1	-1	-1	-1	-1	-1	-1	-1	-1	-1	-1	-1	-1	-1	-1	-1	-1	-1	-1	-1	-1	-1	-1	-1	-1	-1	-1	-1	-1	-1	-1	-1	-1	-1	-1	-1	-1	-1	-1	-1	-1	-1	-1	-1	-1	-1	-1	-1	-1	-1	-1	-1	-1	-1	-1	-1	FFFFFF0B	魅力宝石	2	2004	1
50112003	5	1	12	3	Gem1_1_13	1	月光石(1级)	具淡蓝色的晕彩，如同朦胧的月光的宝石，可以镶嵌在防御性装备(衣服、手套、帽子、护肩、鞋、腰带、项链、暗器)上，使用后不可再镶嵌同类宝石。#r#G魅力宝石#W#r可在#G洛阳（179，182）#R宝石工匠彭怀玉#W处使用#G1级宝石雕琢符#W提升宝石属性。#r本宝石只能雕琢一次。	100000	1000	-1	-1	-1	-1	-1	-1	-1	-1	-1	-1	4	-1	-1	-1	-1	-1	-1	-1	-1	-1	-1	-1	-1	-1	-1	-1	-1	-1	-1	-1	-1	-1	-1	-1	-1	-1	-1	-1	-1	-1	-1	-1	-1	-1	-1	-1	-1	-1	-1	-1	-1	-1	-1	-1	-1	-1	-1	-1	-1	-1	-1	-1	-1	-1	FFFFFF0B	魅力宝石	4	2004	1
50112004	5	1	12	4	Gem1_2_1	1	碧玺(1级)	颜色繁多且艳丽的宝石，可以镶嵌在防御性装备(衣服、手套、帽子、护肩、鞋、腰带、项链、暗器)上，使用后不可再镶嵌同类宝石。#r#G魅力宝石#W#r可在#G洛阳（179，182）#R宝石工匠彭怀玉#W处使用#G1级宝石雕琢符#W提升宝石属性。#r本宝石只能雕琢一次。	100000	1000	-1	-1	-1	-1	-1	-1	-1	-1	-1	-1	-1	-1	-1	-1	-1	-1	4	-1	-1	-1	-1	-1	-1	-1	-1	-1	-1	-1	-1	-1	-1	-1	-1	-1	-1	-1	-1	-1	-1	-1	-1	-1	-1	-1	-1	-1	-1	-1	-1	-1	-1	-1	-1	-1	-1	-1	-1	-1	-1	-1	-1	-1	-1	-1	FFFFFF0B	魅力宝石	3	2004	1
50112005	5	1	12	5	Gem1_2_10	1	纯净黄玉(1级)	纯净的黄玉，可以镶嵌在防御性装备(衣服、手套、帽子、护肩、鞋、腰带、项链、暗器)上，使用后不可再镶嵌同类宝石。#r#G魅力宝石#r雕琢过的宝石不能再雕琢。	300000	2000	-1	-1	-1	-1	-1	-1	-1	-1	-1	-1	-1	-1	-1	5	-1	-1	-1	-1	-1	-1	-1	-1	-1	-1	-1	-1	-1	-1	-1	-1	-1	-1	-1	-1	-1	-1	-1	-1	-1	-1	-1	-1	-1	-1	-1	-1	-1	-1	-1	-1	-1	-1	-1	-1	-1	-1	-1	-1	-1	-1	-1	-1	-1	-1	FFFFFF0B	魅力宝石	16	2004	1
50112006	5	1	12	6	Gem1_2_14	1	纯净皓石(1级)	纯净的皓石，可以镶嵌在防御性装备(衣服、手套、帽子、护肩、鞋、腰带、项链、暗器)上，使用后不可再镶嵌同类宝石。#r#G魅力宝石#r雕琢过的宝石不能再雕琢。	300000	2000	-1	-1	-1	-1	-1	-1	-1	5	-1	-1	-1	-1	-1	-1	-1	-1	-1	-1	-1	-1	-1	-1	-1	-1	-1	-1	-1	-1	-1	-1	-1	-1	-1	-1	-1	-1	-1	-1	-1	-1	-1	-1	-1	-1	-1	-1	-1	-1	-1	-1	-1	-1	-1	-1	-1	-1	-1	-1	-1	-1	-1	-1	-1	-1	FFFFFF0B	魅力宝石	17	2004	1
50112007	5	1	12	7	Gem1_2_11	1	纯净月光石(1级)	纯净的月光石，可以镶嵌在防御性装备(衣服、手套、帽子、护肩、鞋、腰带、项链、暗器)上，使用后不可再镶嵌同类宝石。#r#G魅力宝石#r雕琢过的宝石不能再雕琢。	300000	2000	-1	-1	-1	-1	-1	-1	-1	-1	-1	-1	5	-1	-1	-1	-1	-1	-1	-1	-1	-1	-1	-1	-1	-1	-1	-1	-1	-1	-1	-1	-1	-1	-1	-1	-1	-1	-1	-1	-1	-1	-1	-1	-1	-1	-1	-1	-1	-1	-1	-1	-1	-1	-1	-1	-1	-1	-1	-1	-1	-1	-1	-1	-1	-1	FFFFFF0B	魅力宝石	15	2004	1
50112008	5	1	12	8	Gem1_2_15	1	纯净碧玺(1级)	纯净的碧玺，可以镶嵌在防御性装备(衣服、手套、帽子、护肩、鞋、腰带、项链、暗器)上，使用后不可再镶嵌同类宝石。#r#G魅力宝石#r雕琢过的宝石不能再雕琢。	300000	2000	-1	-1	-1	-1	-1	-1	-1	-1	-1	-1	-1	-1	-1	-1	-1	-1	5	-1	-1	-1	-1	-1	-1	-1	-1	-1	-1	-1	-1	-1	-1	-1	-1	-1	-1	-1	-1	-1	-1	-1	-1	-1	-1	-1	-1	-1	-1	-1	-1	-1	-1	-1	-1	-1	-1	-1	-1	-1	-1	-1	-1	-1	-1	-1	FFFFFF0B	魅力宝石	14	2004	1
50113001	5	1	13	1	Gem1_1_15	1	黄宝石(1级)	黄色的宝石，可以镶嵌在防御性装备(衣服、手套、帽子、护肩、鞋、腰带、项链、暗器)上，使用后不可再镶嵌同类宝石。#r#G命运宝石	100000	1000	-1	-1	-1	-1	-1	-1	-1	-1	-1	-1	-1	-1	-1	-1	-1	-1	-1	-1	-1	-1	-1	-1	-1	-1	-1	-1	-1	-1	-1	-1	-1	-1	-1	-1	-1	-1	-1	-1	-1	-1	-1	-1	13	-1	-1	-1	-1	-1	-1	-1	-1	-1	-1	-1	-1	-1	-1	-1	-1	-1	-1	-1	-1	-1	FFFFFF0B	命运宝石	5	2004	1
50113002	5	1	13	2	Gem1_1_16	1	蓝宝石(1级)	蓝色的宝石，可以镶嵌在防御性装备(衣服、手套、帽子、护肩、鞋、腰带、项链、暗器)上，使用后不可再镶嵌同类宝石。#r#G命运宝石	100000	1000	-1	-1	-1	-1	-1	-1	-1	-1	-1	-1	-1	-1	-1	-1	-1	-1	-1	-1	-1	-1	-1	-1	-1	-1	-1	-1	-1	-1	-1	-1	-1	-1	-1	-1	-1	-1	-1	-1	-1	-1	-1	-1	-1	13	-1	-1	-1	-1	-1	-1	-1	-1	-1	-1	-1	-1	-1	-1	-1	-1	-1	-1	-1	-1	FFFFFF0B	命运宝石	6	2004	1
50113003	5	1	13	3	Gem1_1_7	1	绿宝石(1级)	绿色的宝石，可以镶嵌在防御性装备(衣服、手套、帽子、护肩、鞋、腰带、项链、暗器)上，使用后不可再镶嵌同类宝石。#r#G命运宝石	100000	1000	-1	-1	-1	-1	-1	-1	-1	-1	-1	-1	-1	-1	-1	-1	-1	-1	-1	-1	-1	-1	-1	-1	-1	-1	-1	-1	-1	-1	-1	-1	-1	-1	-1	-1	-1	-1	-1	-1	-1	-1	-1	-1	-1	-1	-1	-1	7	-1	-1	-1	-1	-1	-1	-1	-1	-1	-1	-1	-1	-1	-1	-1	-1	-1	FFFFFF0B	命运宝石	9	2004	1
50113004	5	1	13	4	Gem1_2_2	1	红宝石(1级)	红色的宝石，可以镶嵌在防御性装备(衣服、手套、帽子、护肩、鞋、腰带、项链、暗器)上，使用后不可再镶嵌同类宝石。#r#G命运宝石	100000	1000	-1	-1	-1	-1	-1	-1	-1	-1	-1	-1	-1	-1	-1	-1	-1	-1	-1	-1	-1	-1	-1	-1	-1	-1	-1	-1	-1	-1	-1	-1	-1	-1	-1	-1	-1	-1	-1	-1	-1	-1	-1	-1	-1	-1	13	-1	-1	-1	-1	-1	-1	-1	-1	-1	-1	-1	-1	-1	-1	-1	-1	-1	-1	-1	FFFFFF0B	命运宝石	10	2004	1
50113005	5	1	13	5	Gem1_2_3	1	黑宝石(1级)	黑色的宝石，可以镶嵌在防御性装备(衣服、手套、帽子、护肩、鞋、腰带、项链、暗器)上，使用后不可再镶嵌同类宝石。#r#G命运宝石	100000	1000	-1	-1	-1	-1	-1	-1	-1	-1	-1	-1	-1	-1	-1	-1	-1	-1	-1	-1	-1	-1	-1	-1	-1	-1	-1	-1	-1	-1	-1	-1	-1	-1	-1	-1	-1	-1	-1	-1	-1	-1	-1	-1	-1	-1	-1	13	-1	-1	-1	-1	-1	-1	-1	-1	-1	-1	-1	-1	-1	-1	-1	-1	-1	-1	FFFFFF0B	命运宝石	1	2004	1
50113006	5	1	13	6	Gem1_2_7	1	血精石(1级)	布满血丝红精的宝石，可以镶嵌在防御性装备(衣服、手套、帽子、护肩、鞋、腰带、项链、暗器)上，使用后不可再镶嵌同类宝石。#r#G命运宝石	100000	1000	723	-1	-1	-1	-1	-1	-1	-1	-1	-1	-1	-1	-1	-1	-1	-1	-1	-1	-1	-1	-1	-1	-1	-1	-1	-1	-1	-1	-1	-1	-1	-1	-1	-1	-1	-1	-1	-1	-1	-1	-1	-1	-1	-1	-1	-1	-1	-1	-1	-1	-1	-1	-1	-1	-1	-1	-1	-1	-1	-1	-1	-1	-1	-1	FFFFFF0B	命运宝石	13	2004	1
50114001	5	1	14	1	Gem1_1_14	1	祖母绿(1级)	翠绿如滴，顶级翡翠，可以镶嵌在防御性装备(衣服、手套、帽子、护肩、鞋、腰带、项链、暗器)上，使用后不可再镶嵌同类宝石。#r#G天机宝石	100000	1000	-1	-1	-1	-1	-1	-1	-1	-1	-1	-1	-1	-1	-1	-1	-1	-1	-1	-1	-1	-1	-1	-1	-1	-1	-1	-1	-1	-1	-1	-1	-1	-1	-1	-1	-1	-1	47	-1	-1	-1	-1	-1	-1	-1	-1	-1	-1	-1	-1	-1	-1	-1	-1	-1	-1	-1	-1	-1	-1	-1	-1	-1	-1	-1	FFFFFF0B	天机宝石	8	2004	1
50121001	5	1	21	1	Gemjiankang_1	1	黄冥石(1级)	黄色的冥石，可以镶嵌在攻击性装备(武器、护腕、戒指、护符、项链、暗器)上，使用后不可再镶嵌同类宝石。#r可在楼兰（219，228）程咬铁处琢刻为黄冥晶石。琢刻后的宝石将可同时拥有忽略目标玄抗和玄攻击两种属性。#r#G无法将目标的抗性降低至负值#r#G胜利宝石	300000	2000	-1	-1	-1	-1	-1	-1	-1	-1	-1	-1	-1	-1	-1	-1	-1	-1	-1	-1	-1	-1	-1	-1	-1	-1	-1	-1	-1	-1	-1	-1	-1	-1	-1	-1	-1	-1	-1	-1	-1	-1	-1	-1	-1	-1	-1	-1	-1	-1	-1	-1	-1	-1	-1	-1	-1	-1	5	-1	-1	-1	-1	-1	-1	-1	FFFFFF0B	胜利宝石	31	2004	1
50121002	5	1	21	2	Gemjiankang_13	1	蓝冥石(1级)	蓝色的冥石，可以镶嵌在攻击性装备(武器、护腕、戒指、护符、项链、暗器)上，使用后不可再镶嵌同类宝石。#r可在楼兰（219，228）程咬铁处琢刻为黄冥晶石。琢刻后的宝石将可同时拥有忽略目标玄抗和玄攻击两种属性。#r#G无法将目标的抗性降低至负值#r#G胜利宝石	300000	2000	-1	-1	-1	-1	-1	-1	-1	-1	-1	-1	-1	-1	-1	-1	-1	-1	-1	-1	-1	-1	-1	-1	-1	-1	-1	-1	-1	-1	-1	-1	-1	-1	-1	-1	-1	-1	-1	-1	-1	-1	-1	-1	-1	-1	-1	-1	-1	-1	-1	-1	-1	-1	-1	-1	5	-1	-1	-1	-1	-1	-1	-1	-1	-1	FFFFFF0B	胜利宝石	32	2004	1
50121003	5	1	21	3	Gemjiankang_9	1	红冥石(1级)	红色的冥石，可以镶嵌在攻击性装备(武器、护腕、戒指、护符、项链、暗器)上，使用后不可再镶嵌同类宝石。#r可在楼兰（219，228）程咬铁处琢刻为黄冥晶石。琢刻后的宝石将可同时拥有忽略目标玄抗和玄攻击两种属性。#r#G无法将目标的抗性降低至负值#r#G胜利宝石	300000	2000	-1	-1	-1	-1	-1	-1	-1	-1	-1	-1	-1	-1	-1	-1	-1	-1	-1	-1	-1	-1	-1	-1	-1	-1	-1	-1	-1	-1	-1	-1	-1	-1	-1	-1	-1	-1	-1	-1	-1	-1	-1	-1	-1	-1	-1	-1	-1	-1	-1	-1	-1	-1	-1	-1	-1	5	-1	-1	-1	-1	-1	-1	-1	-1	FFFFFF0B	胜利宝石	33	2004	1
50121004	5	1	21	4	Gemjiankang_5	1	绿冥石(1级)	绿色的冥石，可以镶嵌在攻击性装备(武器、护腕、戒指、护符、项链、暗器)上，使用后不可再镶嵌同类宝石。#r可在楼兰（219，228）程咬铁处琢刻为黄冥晶石。琢刻后的宝石将可同时拥有忽略目标玄抗和玄攻击两种属性。#r#G无法将目标的抗性降低至负值#r#G胜利宝石	300000	2000	-1	-1	-1	-1	-1	-1	-1	-1	-1	-1	-1	-1	-1	-1	-1	-1	-1	-1	-1	-1	-1	-1	-1	-1	-1	-1	-1	-1	-1	-1	-1	-1	-1	-1	-1	-1	-1	-1	-1	-1	-1	-1	-1	-1	-1	-1	-1	-1	-1	-1	-1	-1	-1	-1	-1	-1	-1	5	-1	-1	-1	-1	-1	-1	FFFFFF0B	胜利宝石	34	2004	1
																																																																															
50201001	5	2	1	1	Gem1_2_4	1	猫眼石(2级)	象猫眼一样的宝石，可以镶嵌在攻击性装备(武器、护腕、戒指、护符、项链、暗器)上，使用后不可再镶嵌同类宝石。#r#G希望宝石	50000	1000	-1	-1	-1	-1	-1	-1	-1	-1	-1	-1	-1	-1	-1	-1	-1	-1	-1	-1	-1	-1	-1	-1	-1	-1	-1	-1	249	-1	-1	-1	-1	-1	-1	-1	-1	-1	-1	-1	-1	-1	-1	-1	-1	-1	-1	-1	-1	-1	-1	-1	-1	-1	-1	-1	-1	-1	-1	-1	-1	-1	-1	-1	-1	-1	FFFFFF4C	希望宝石	1	2004	1
50201002	5	2	1	2	Gem1_1_1	1	虎眼石(2级)	象虎眼一样的宝石，可以镶嵌在攻击性装备(武器、护腕、戒指、护符、项链、暗器)上，使用后不可再镶嵌同类宝石。#r#G希望宝石	50000	1000	-1	-1	-1	-1	-1	-1	-1	-1	-1	-1	-1	-1	-1	-1	-1	-1	-1	-1	-1	249	-1	-1	-1	-1	-1	-1	-1	-1	-1	-1	-1	-1	-1	-1	-1	-1	-1	-1	-1	-1	-1	-1	-1	-1	-1	-1	-1	-1	-1	-1	-1	-1	-1	-1	-1	-1	-1	-1	-1	-1	-1	-1	-1	-1	FFFFFF4C	希望宝石	2	2004	1
50202001	5	2	2	1	Gem1_1_3	1	黄晶石(2级)	黄色的晶石，可以镶嵌在攻击性装备(武器、护腕、戒指、护符、项链、暗器)上，使用后不可再镶嵌同类宝石。#r#G智慧宝石#W#r可在#G洛阳（179，182）#R宝石工匠彭怀玉#W处使用#G2级宝石雕琢符#W提升宝石属性。#r本宝石只能雕琢一次。	150000	1000	-1	-1	-1	-1	-1	-1	-1	-1	-1	-1	-1	-1	15	-1	-1	-1	-1	-1	-1	-1	-1	-1	-1	-1	-1	-1	-1	-1	-1	-1	-1	-1	-1	-1	-1	-1	-1	-1	-1	-1	-1	-1	-1	-1	-1	-1	-1	-1	-1	-1	-1	-1	-1	-1	-1	-1	-1	-1	-1	-1	-1	-1	-1	-1	FFFFFF4C	智慧宝石	3	2004	1
50202002	5	2	2	2	Gem1_1_4	1	蓝晶石(2级)	蓝色的晶石，可以镶嵌在攻击性装备(武器、护腕、戒指、护符、项链、暗器)上，使用后不可再镶嵌同类宝石。#r#G智慧宝石#W#r可在#G洛阳（179，182）#R宝石工匠彭怀玉#W处使用#G2级宝石雕琢符#W提升宝石属性。#r本宝石只能雕琢一次。	150000	1000	-1	-1	-1	-1	-1	-1	15	-1	-1	-1	-1	-1	-1	-1	-1	-1	-1	-1	-1	-1	-1	-1	-1	-1	-1	-1	-1	-1	-1	-1	-1	-1	-1	-1	-1	-1	-1	-1	-1	-1	-1	-1	-1	-1	-1	-1	-1	-1	-1	-1	-1	-1	-1	-1	-1	-1	-1	-1	-1	-1	-1	-1	-1	-1	FFFFFF4C	智慧宝石	4	2004	1
50202003	5	2	2	3	Gem1_1_5	1	红晶石(2级)	红色的晶石，可以镶嵌在攻击性装备(武器、护腕、戒指、护符、项链、暗器)上，使用后不可再镶嵌同类宝石。#r#G智慧宝石#W#r可在#G洛阳（179，182）#R宝石工匠彭怀玉#W处使用#G2级宝石雕琢符#W提升宝石属性。#r本宝石只能雕琢一次。	150000	1000	-1	-1	-1	-1	-1	-1	-1	-1	-1	15	-1	-1	-1	-1	-1	-1	-1	-1	-1	-1	-1	-1	-1	-1	-1	-1	-1	-1	-1	-1	-1	-1	-1	-1	-1	-1	-1	-1	-1	-1	-1	-1	-1	-1	-1	-1	-1	-1	-1	-1	-1	-1	-1	-1	-1	-1	-1	-1	-1	-1	-1	-1	-1	-1	FFFFFF4C	智慧宝石	5	2004	1
50202004	5	2	2	4	Gem1_1_6	1	绿晶石(2级)	绿色的晶石，可以镶嵌在攻击性装备(武器、护腕、戒指、护符、项链、暗器)上，使用后不可再镶嵌同类宝石。#r#G智慧宝石#W#r可在#G洛阳（179，182）#R宝石工匠彭怀玉#W处使用#G2级宝石雕琢符#W提升宝石属性。#r本宝石只能雕琢一次。	150000	1000	-1	-1	-1	-1	-1	-1	-1	-1	-1	-1	-1	-1	-1	-1	-1	15	-1	-1	-1	-1	-1	-1	-1	-1	-1	-1	-1	-1	-1	-1	-1	-1	-1	-1	-1	-1	-1	-1	-1	-1	-1	-1	-1	-1	-1	-1	-1	-1	-1	-1	-1	-1	-1	-1	-1	-1	-1	-1	-1	-1	-1	-1	-1	-1	FFFFFF4C	智慧宝石	6	2004	1
50202005	5	2	2	5	Gem1_2_5	1	纯净黄晶石(2级)	纯净的黄晶石，可以镶嵌在攻击性装备(武器、护腕、戒指、护符、项链、暗器)上，使用后不可再镶嵌同类宝石。#r#G智慧宝石#r雕琢过的宝石不能再雕琢。#r#W使用三颗此种宝石，和一个#G宝石熔炼符#W，能够熔炼成一颗对应的同等级胜利宝石。	300000	2000	-1	-1	-1	-1	-1	-1	-1	-1	-1	-1	-1	-1	23	-1	-1	-1	-1	-1	-1	-1	-1	-1	-1	-1	-1	-1	-1	-1	-1	-1	-1	-1	-1	-1	-1	-1	-1	-1	-1	-1	-1	-1	-1	-1	-1	-1	-1	-1	-1	-1	-1	-1	-1	-1	-1	-1	-1	-1	-1	-1	-1	-1	-1	-1	FFFFFF4C	智慧宝石	14	2004	1
50202006	5	2	2	6	Gem1_2_9	1	纯净蓝晶石(2级)	纯净的蓝晶石，可以镶嵌在攻击性装备(武器、护腕、戒指、护符、项链、暗器)上，使用后不可再镶嵌同类宝石。#r#G智慧宝石#r雕琢过的宝石不能再雕琢。#r#W使用三颗此种宝石，和一个#G宝石熔炼符#W，能够熔炼成一颗对应的同等级胜利宝石。	300000	2000	-1	-1	-1	-1	-1	-1	23	-1	-1	-1	-1	-1	-1	-1	-1	-1	-1	-1	-1	-1	-1	-1	-1	-1	-1	-1	-1	-1	-1	-1	-1	-1	-1	-1	-1	-1	-1	-1	-1	-1	-1	-1	-1	-1	-1	-1	-1	-1	-1	-1	-1	-1	-1	-1	-1	-1	-1	-1	-1	-1	-1	-1	-1	-1	FFFFFF4C	智慧宝石	15	2004	1
50202007	5	2	2	7	Gem1_2_13	1	纯净红晶石(2级)	纯净的红晶石，可以镶嵌在攻击性装备(武器、护腕、戒指、护符、项链、暗器)上，使用后不可再镶嵌同类宝石。#r#G智慧宝石#r雕琢过的宝石不能再雕琢。#r#W使用三颗此种宝石，和一个#G宝石熔炼符#W，能够熔炼成一颗对应的同等级胜利宝石。	300000	2000	-1	-1	-1	-1	-1	-1	-1	-1	-1	23	-1	-1	-1	-1	-1	-1	-1	-1	-1	-1	-1	-1	-1	-1	-1	-1	-1	-1	-1	-1	-1	-1	-1	-1	-1	-1	-1	-1	-1	-1	-1	-1	-1	-1	-1	-1	-1	-1	-1	-1	-1	-1	-1	-1	-1	-1	-1	-1	-1	-1	-1	-1	-1	-1	FFFFFF4C	智慧宝石	16	2004	1
50202008	5	2	2	8	Gem1_2_6	1	纯净绿晶石(2级)	纯净的绿晶石，可以镶嵌在攻击性装备(武器、护腕、戒指、护符、项链、暗器)上，使用后不可再镶嵌同类宝石。#r#G智慧宝石#r雕琢过的宝石不能再雕琢。#r#W使用三颗此种宝石，和一个#G宝石熔炼符#W，能够熔炼成一颗对应的同等级胜利宝石。	300000	2000	-1	-1	-1	-1	-1	-1	-1	-1	-1	-1	-1	-1	-1	-1	-1	23	-1	-1	-1	-1	-1	-1	-1	-1	-1	-1	-1	-1	-1	-1	-1	-1	-1	-1	-1	-1	-1	-1	-1	-1	-1	-1	-1	-1	-1	-1	-1	-1	-1	-1	-1	-1	-1	-1	-1	-1	-1	-1	-1	-1	-1	-1	-1	-1	FFFFFF4C	智慧宝石	17	2004	1
50203001	5	2	3	1	Gem1_1_2	1	紫玉(2级)	紫色玉石，可以镶嵌在攻击性装备(武器、护腕、戒指、护符、项链、暗器)上，使用后不可再镶嵌同类宝石。#r#G玄微宝石	100000	1000	-1	-1	-1	-1	-1	-1	-1	-1	-1	-1	-1	-1	-1	-1	-1	-1	-1	-1	-1	-1	-1	-1	-1	-1	-1	-1	-1	-1	-1	-1	-1	-1	-1	-1	-1	277	-1	-1	-1	-1	-1	-1	-1	-1	-1	-1	-1	-1	-1	-1	-1	-1	-1	-1	-1	-1	-1	-1	-1	-1	-1	-1	-1	-1	FFFFFF4C	玄微宝石	7	2004	1
50204002	5	2	4	2	Gem1_1_8	1	变石(2级)	在阳光下呈绿色，在烛光下呈红色，可变色的宝石，可以镶嵌在攻击性装备(武器、护腕、戒指、护符、项链、暗器)上，使用后不可再镶嵌同类宝石。#r#G幻冥宝石	250000	1000	-1	-1	-1	-1	-1	-1	-1	-1	-1	-1	-1	-1	-1	-1	-1	-1	-1	-1	-1	-1	-1	-1	-1	-1	-1	-1	-1	-1	-1	-1	-1	-1	-1	-1	-1	-1	-1	2	-1	-1	-1	-1	-1	-1	-1	-1	-1	-1	-1	-1	-1	-1	-1	-1	-1	-1	-1	-1	-1	-1	-1	-1	-1	-1	FFFFFF4C	幻冥宝石	8	2004	1
50211001	5	2	11	1	Gem1_1_9	1	石榴石(2级)	因其外形酷似成熟的石榴籽而得名的宝石，可以镶嵌在防御性装备(衣服、手套、帽子、护肩、鞋、腰带、项链、暗器)上，使用后不可再镶嵌同类宝石。#r#G生命宝石	50000	1000	-1	-1	-1	-1	-1	-1	-1	-1	-1	-1	-1	-1	-1	-1	-1	-1	-1	-1	-1	-1	-1	-1	-1	-1	-1	-1	-1	-1	-1	247	-1	-1	-1	-1	-1	-1	-1	-1	-1	-1	-1	-1	-1	-1	-1	-1	-1	-1	-1	-1	-1	-1	-1	-1	-1	-1	-1	-1	-1	-1	-1	-1	-1	-1	FFFFFF4C	生命宝石	7	2004	1
50211002	5	2	11	2	Gem1_1_12	1	尖晶石(2级)	颜色繁多且艳丽的宝石，可以镶嵌在防御性装备(衣服、手套、帽子、护肩、鞋、腰带、项链、暗器)上，使用后不可再镶嵌同类宝石。#r#G生命宝石	50000	1000	-1	-1	-1	-1	-1	-1	-1	-1	-1	-1	-1	-1	-1	-1	-1	-1	-1	-1	-1	-1	-1	-1	247	-1	-1	-1	-1	-1	-1	-1	-1	-1	-1	-1	-1	-1	-1	-1	-1	-1	-1	-1	-1	-1	-1	-1	-1	-1	-1	-1	-1	-1	-1	-1	-1	-1	-1	-1	-1	-1	-1	-1	-1	-1	FFFFFF4C	生命宝石	11	2004	1
50212001	5	2	12	1	Gem1_1_11	1	黄玉(2级)	黄色的玉石，可以镶嵌在防御性装备(衣服、手套、帽子、护肩、鞋、腰带、项链、暗器)上，使用后不可再镶嵌同类宝石。#r#G魅力宝石#W#r可在#G洛阳（179，182）#R宝石工匠彭怀玉#W处使用#G2级宝石雕琢符#W提升宝石属性。#r本宝石只能雕琢一次。	150000	1000	-1	-1	-1	-1	-1	-1	-1	-1	-1	-1	-1	-1	-1	6	-1	-1	-1	-1	-1	-1	-1	-1	-1	-1	-1	-1	-1	-1	-1	-1	-1	-1	-1	-1	-1	-1	-1	-1	-1	-1	-1	-1	-1	-1	-1	-1	-1	-1	-1	-1	-1	-1	-1	-1	-1	-1	-1	-1	-1	-1	-1	-1	-1	-1	FFFFFF4C	魅力宝石	12	2004	1
50212002	5	2	12	2	Gem1_1_10	1	皓石(2级)	闪闪发亮的宝石，可以镶嵌在防御性装备(衣服、手套、帽子、护肩、鞋、腰带、项链、暗器)上，使用后不可再镶嵌同类宝石。#r#G魅力宝石#W#r可在#G洛阳（179，182）#R宝石工匠彭怀玉#W处使用#G2级宝石雕琢符#W提升宝石属性。#r本宝石只能雕琢一次。	150000	1000	-1	-1	-1	-1	-1	-1	-1	6	-1	-1	-1	-1	-1	-1	-1	-1	-1	-1	-1	-1	-1	-1	-1	-1	-1	-1	-1	-1	-1	-1	-1	-1	-1	-1	-1	-1	-1	-1	-1	-1	-1	-1	-1	-1	-1	-1	-1	-1	-1	-1	-1	-1	-1	-1	-1	-1	-1	-1	-1	-1	-1	-1	-1	-1	FFFFFF4C	魅力宝石	2	2004	1
50212003	5	2	12	3	Gem1_1_13	1	月光石(2级)	具淡蓝色的晕彩，如同朦胧的月光的宝石，可以镶嵌在防御性装备(衣服、手套、帽子、护肩、鞋、腰带、项链、暗器)上，使用后不可再镶嵌同类宝石。#r#G魅力宝石#W#r可在#G洛阳（179，182）#R宝石工匠彭怀玉#W处使用#G2级宝石雕琢符#W提升宝石属性。#r本宝石只能雕琢一次。	150000	1000	-1	-1	-1	-1	-1	-1	-1	-1	-1	-1	6	-1	-1	-1	-1	-1	-1	-1	-1	-1	-1	-1	-1	-1	-1	-1	-1	-1	-1	-1	-1	-1	-1	-1	-1	-1	-1	-1	-1	-1	-1	-1	-1	-1	-1	-1	-1	-1	-1	-1	-1	-1	-1	-1	-1	-1	-1	-1	-1	-1	-1	-1	-1	-1	FFFFFF4C	魅力宝石	4	2004	1
50212004	5	2	12	4	Gem1_2_1	1	碧玺(2级)	颜色繁多且艳丽的宝石，可以镶嵌在防御性装备(衣服、手套、帽子、护肩、鞋、腰带、项链、暗器)上，使用后不可再镶嵌同类宝石。#r#G魅力宝石#W#r可在#G洛阳（179，182）#R宝石工匠彭怀玉#W处使用#G2级宝石雕琢符#W提升宝石属性。#r本宝石只能雕琢一次。	150000	1000	-1	-1	-1	-1	-1	-1	-1	-1	-1	-1	-1	-1	-1	-1	-1	-1	6	-1	-1	-1	-1	-1	-1	-1	-1	-1	-1	-1	-1	-1	-1	-1	-1	-1	-1	-1	-1	-1	-1	-1	-1	-1	-1	-1	-1	-1	-1	-1	-1	-1	-1	-1	-1	-1	-1	-1	-1	-1	-1	-1	-1	-1	-1	-1	FFFFFF4C	魅力宝石	3	2004	1
50212005	5	2	12	5	Gem1_2_10	1	纯净黄玉(2级)	纯净的黄玉，可以镶嵌在防御性装备(衣服、手套、帽子、护肩、鞋、腰带、项链、暗器)上，使用后不可再镶嵌同类宝石。#r#G魅力宝石#r雕琢过的宝石不能再雕琢。	300000	2000	-1	-1	-1	-1	-1	-1	-1	-1	-1	-1	-1	-1	-1	10	-1	-1	-1	-1	-1	-1	-1	-1	-1	-1	-1	-1	-1	-1	-1	-1	-1	-1	-1	-1	-1	-1	-1	-1	-1	-1	-1	-1	-1	-1	-1	-1	-1	-1	-1	-1	-1	-1	-1	-1	-1	-1	-1	-1	-1	-1	-1	-1	-1	-1	FFFFFF4C	魅力宝石	16	2004	1
50212006	5	2	12	6	Gem1_2_14	1	纯净皓石(2级)	纯净的皓石，可以镶嵌在防御性装备(衣服、手套、帽子、护肩、鞋、腰带、项链、暗器)上，使用后不可再镶嵌同类宝石。#r#G魅力宝石#r雕琢过的宝石不能再雕琢。	300000	2000	-1	-1	-1	-1	-1	-1	-1	10	-1	-1	-1	-1	-1	-1	-1	-1	-1	-1	-1	-1	-1	-1	-1	-1	-1	-1	-1	-1	-1	-1	-1	-1	-1	-1	-1	-1	-1	-1	-1	-1	-1	-1	-1	-1	-1	-1	-1	-1	-1	-1	-1	-1	-1	-1	-1	-1	-1	-1	-1	-1	-1	-1	-1	-1	FFFFFF4C	魅力宝石	17	2004	1
50212007	5	2	12	7	Gem1_2_11	1	纯净月光石(2级)	纯净的月光石，可以镶嵌在防御性装备(衣服、手套、帽子、护肩、鞋、腰带、项链、暗器)上，使用后不可再镶嵌同类宝石。#r#G魅力宝石#r雕琢过的宝石不能再雕琢。	300000	2000	-1	-1	-1	-1	-1	-1	-1	-1	-1	-1	10	-1	-1	-1	-1	-1	-1	-1	-1	-1	-1	-1	-1	-1	-1	-1	-1	-1	-1	-1	-1	-1	-1	-1	-1	-1	-1	-1	-1	-1	-1	-1	-1	-1	-1	-1	-1	-1	-1	-1	-1	-1	-1	-1	-1	-1	-1	-1	-1	-1	-1	-1	-1	-1	FFFFFF4C	魅力宝石	15	2004	1
50212008	5	2	12	8	Gem1_2_15	1	纯净碧玺(2级)	纯净的碧玺，可以镶嵌在防御性装备(衣服、手套、帽子、护肩、鞋、腰带、项链、暗器)上，使用后不可再镶嵌同类宝石。#r#G魅力宝石#r雕琢过的宝石不能再雕琢。	300000	2000	-1	-1	-1	-1	-1	-1	-1	-1	-1	-1	-1	-1	-1	-1	-1	-1	10	-1	-1	-1	-1	-1	-1	-1	-1	-1	-1	-1	-1	-1	-1	-1	-1	-1	-1	-1	-1	-1	-1	-1	-1	-1	-1	-1	-1	-1	-1	-1	-1	-1	-1	-1	-1	-1	-1	-1	-1	-1	-1	-1	-1	-1	-1	-1	FFFFFF4C	魅力宝石	14	2004	1
50213001	5	2	13	1	Gem1_1_15	1	黄宝石(2级)	黄色的宝石，可以镶嵌在防御性装备(衣服、手套、帽子、护肩、鞋、腰带、项链、暗器)上，使用后不可再镶嵌同类宝石。#r#G命运宝石	75000	1000	-1	-1	-1	-1	-1	-1	-1	-1	-1	-1	-1	-1	-1	-1	-1	-1	-1	-1	-1	-1	-1	-1	-1	-1	-1	-1	-1	-1	-1	-1	-1	-1	-1	-1	-1	-1	-1	-1	-1	-1	-1	-1	25	-1	-1	-1	-1	-1	-1	-1	-1	-1	-1	-1	-1	-1	-1	-1	-1	-1	-1	-1	-1	-1	FFFFFF4C	命运宝石	5	2004	1
50213002	5	2	13	2	Gem1_1_16	1	蓝宝石(2级)	蓝色的宝石，可以镶嵌在防御性装备(衣服、手套、帽子、护肩、鞋、腰带、项链、暗器)上，使用后不可再镶嵌同类宝石。#r#G命运宝石	75000	1000	-1	-1	-1	-1	-1	-1	-1	-1	-1	-1	-1	-1	-1	-1	-1	-1	-1	-1	-1	-1	-1	-1	-1	-1	-1	-1	-1	-1	-1	-1	-1	-1	-1	-1	-1	-1	-1	-1	-1	-1	-1	-1	-1	25	-1	-1	-1	-1	-1	-1	-1	-1	-1	-1	-1	-1	-1	-1	-1	-1	-1	-1	-1	-1	FFFFFF4C	命运宝石	6	2004	1
50213003	5	2	13	3	Gem1_1_7	1	绿宝石(2级)	绿色的宝石，可以镶嵌在防御性装备(衣服、手套、帽子、护肩、鞋、腰带、项链、暗器)上，使用后不可再镶嵌同类宝石。#r#G命运宝石	75000	1000	-1	-1	-1	-1	-1	-1	-1	-1	-1	-1	-1	-1	-1	-1	-1	-1	-1	-1	-1	-1	-1	-1	-1	-1	-1	-1	-1	-1	-1	-1	-1	-1	-1	-1	-1	-1	-1	-1	-1	-1	-1	-1	-1	-1	-1	-1	13	-1	-1	-1	-1	-1	-1	-1	-1	-1	-1	-1	-1	-1	-1	-1	-1	-1	FFFFFF4C	命运宝石	9	2004	1
50213004	5	2	13	4	Gem1_2_2	1	红宝石(2级)	红色的宝石，可以镶嵌在防御性装备(衣服、手套、帽子、护肩、鞋、腰带、项链、暗器)上，使用后不可再镶嵌同类宝石。#r#G命运宝石	75000	1000	-1	-1	-1	-1	-1	-1	-1	-1	-1	-1	-1	-1	-1	-1	-1	-1	-1	-1	-1	-1	-1	-1	-1	-1	-1	-1	-1	-1	-1	-1	-1	-1	-1	-1	-1	-1	-1	-1	-1	-1	-1	-1	-1	-1	25	-1	-1	-1	-1	-1	-1	-1	-1	-1	-1	-1	-1	-1	-1	-1	-1	-1	-1	-1	FFFFFF4C	命运宝石	10	2004	1
50213005	5	2	13	5	Gem1_2_3	1	黑宝石(2级)	黑色的宝石，可以镶嵌在防御性装备(衣服、手套、帽子、护肩、鞋、腰带、项链、暗器)上，使用后不可再镶嵌同类宝石。#r#G命运宝石	75000	1000	-1	-1	-1	-1	-1	-1	-1	-1	-1	-1	-1	-1	-1	-1	-1	-1	-1	-1	-1	-1	-1	-1	-1	-1	-1	-1	-1	-1	-1	-1	-1	-1	-1	-1	-1	-1	-1	-1	-1	-1	-1	-1	-1	-1	-1	25	-1	-1	-1	-1	-1	-1	-1	-1	-1	-1	-1	-1	-1	-1	-1	-1	-1	-1	FFFFFF4C	命运宝石	1	2004	1
50213006	5	2	13	6	Gem1_2_7	1	血精石(2级)	布满血丝红精的宝石，可以镶嵌在防御性装备(衣服、手套、帽子、护肩、鞋、腰带、项链、暗器)上，使用后不可再镶嵌同类宝石。#r#G命运宝石	75000	1000	1410	-1	-1	-1	-1	-1	-1	-1	-1	-1	-1	-1	-1	-1	-1	-1	-1	-1	-1	-1	-1	-1	-1	-1	-1	-1	-1	-1	-1	-1	-1	-1	-1	-1	-1	-1	-1	-1	-1	-1	-1	-1	-1	-1	-1	-1	-1	-1	-1	-1	-1	-1	-1	-1	-1	-1	-1	-1	-1	-1	-1	-1	-1	-1	FFFFFF4C	命运宝石	13	2004	1
50214001	5	2	14	1	Gem1_1_14	1	祖母绿(2级)	翠绿如滴，顶级翡翠，可以镶嵌在防御性装备(衣服、手套、帽子、护肩、鞋、腰带、项链、暗器)上，使用后不可再镶嵌同类宝石。#r#G天机宝石	100000	1000	-1	-1	-1	-1	-1	-1	-1	-1	-1	-1	-1	-1	-1	-1	-1	-1	-1	-1	-1	-1	-1	-1	-1	-1	-1	-1	-1	-1	-1	-1	-1	-1	-1	-1	-1	-1	92	-1	-1	-1	-1	-1	-1	-1	-1	-1	-1	-1	-1	-1	-1	-1	-1	-1	-1	-1	-1	-1	-1	-1	-1	-1	-1	-1	FFFFFF4C	天机宝石	8	2004	1
50221001	5	2	21	1	Gemjiankang_1	1	黄冥石(2级)	黄色的冥石，可以镶嵌在攻击性装备(武器、护腕、戒指、护符、项链、暗器)上，使用后不可再镶嵌同类宝石。#r可在楼兰（219，228）程咬铁处琢刻为黄冥晶石。琢刻后的宝石将可同时拥有忽略目标玄抗和玄攻击两种属性。#r#G无法将目标的抗性降低至负值#r#G胜利宝石	300000	2000	-1	-1	-1	-1	-1	-1	-1	-1	-1	-1	-1	-1	-1	-1	-1	-1	-1	-1	-1	-1	-1	-1	-1	-1	-1	-1	-1	-1	-1	-1	-1	-1	-1	-1	-1	-1	-1	-1	-1	-1	-1	-1	-1	-1	-1	-1	-1	-1	-1	-1	-1	-1	-1	-1	-1	-1	10	-1	-1	-1	-1	-1	-1	-1	FFFFFF4C	胜利宝石	31	2004	1
50221002	5	2	21	2	Gemjiankang_13	1	蓝冥石(2级)	蓝色的冥石，可以镶嵌在攻击性装备(武器、护腕、戒指、护符、项链、暗器)上，使用后不可再镶嵌同类宝石。#r可在楼兰（219，228）程咬铁处琢刻为黄冥晶石。琢刻后的宝石将可同时拥有忽略目标玄抗和玄攻击两种属性。#r#G无法将目标的抗性降低至负值#r#G胜利宝石	300000	2000	-1	-1	-1	-1	-1	-1	-1	-1	-1	-1	-1	-1	-1	-1	-1	-1	-1	-1	-1	-1	-1	-1	-1	-1	-1	-1	-1	-1	-1	-1	-1	-1	-1	-1	-1	-1	-1	-1	-1	-1	-1	-1	-1	-1	-1	-1	-1	-1	-1	-1	-1	-1	-1	-1	10	-1	-1	-1	-1	-1	-1	-1	-1	-1	FFFFFF4C	胜利宝石	32	2004	1
50221003	5	2	21	3	Gemjiankang_9	1	红冥石(2级)	红色的冥石，可以镶嵌在攻击性装备(武器、护腕、戒指、护符、项链、暗器)上，使用后不可再镶嵌同类宝石。#r可在楼兰（219，228）程咬铁处琢刻为黄冥晶石。琢刻后的宝石将可同时拥有忽略目标玄抗和玄攻击两种属性。#r#G无法将目标的抗性降低至负值#r#G胜利宝石	300000	2000	-1	-1	-1	-1	-1	-1	-1	-1	-1	-1	-1	-1	-1	-1	-1	-1	-1	-1	-1	-1	-1	-1	-1	-1	-1	-1	-1	-1	-1	-1	-1	-1	-1	-1	-1	-1	-1	-1	-1	-1	-1	-1	-1	-1	-1	-1	-1	-1	-1	-1	-1	-1	-1	-1	-1	10	-1	-1	-1	-1	-1	-1	-1	-1	FFFFFF4C	胜利宝石	33	2004	1
50221004	5	2	21	4	Gemjiankang_5	1	绿冥石(2级)	绿色的冥石，可以镶嵌在攻击性装备(武器、护腕、戒指、护符、项链、暗器)上，使用后不可再镶嵌同类宝石。#r可在楼兰（219，228）程咬铁处琢刻为黄冥晶石。琢刻后的宝石将可同时拥有忽略目标玄抗和玄攻击两种属性。#r#G无法将目标的抗性降低至负值#r#G胜利宝石	300000	2000	-1	-1	-1	-1	-1	-1	-1	-1	-1	-1	-1	-1	-1	-1	-1	-1	-1	-1	-1	-1	-1	-1	-1	-1	-1	-1	-1	-1	-1	-1	-1	-1	-1	-1	-1	-1	-1	-1	-1	-1	-1	-1	-1	-1	-1	-1	-1	-1	-1	-1	-1	-1	-1	-1	-1	-1	-1	10	-1	-1	-1	-1	-1	-1	FFFFFF4C	胜利宝石	34	2004	1
																																																																															
50301001	5	3	1	1	Gem3_2_4	1	猫眼石(3级)	象猫眼一样的宝石，可以镶嵌在攻击性装备(武器、护腕、戒指、护符、项链、暗器)上，使用后不可再镶嵌同类宝石。#r#G希望宝石	50000	1000	-1	-1	-1	-1	-1	-1	-1	-1	-1	-1	-1	-1	-1	-1	-1	-1	-1	-1	-1	-1	-1	-1	-1	-1	-1	-1	364	-1	-1	-1	-1	-1	-1	-1	-1	-1	-1	-1	-1	-1	-1	-1	-1	-1	-1	-1	-1	-1	-1	-1	-1	-1	-1	-1	-1	-1	-1	-1	-1	-1	-1	-1	-1	-1	FFFFFF66	希望宝石	1	2004	1
50301002	5	3	1	2	Gem3_1_1	1	虎眼石(3级)	象虎眼一样的宝石，可以镶嵌在攻击性装备(武器、护腕、戒指、护符、项链、暗器)上，使用后不可再镶嵌同类宝石。#r#G希望宝石	50000	1000	-1	-1	-1	-1	-1	-1	-1	-1	-1	-1	-1	-1	-1	-1	-1	-1	-1	-1	-1	364	-1	-1	-1	-1	-1	-1	-1	-1	-1	-1	-1	-1	-1	-1	-1	-1	-1	-1	-1	-1	-1	-1	-1	-1	-1	-1	-1	-1	-1	-1	-1	-1	-1	-1	-1	-1	-1	-1	-1	-1	-1	-1	-1	-1	FFFFFF66	希望宝石	2	2004	1
50301003	5	3	1	3	LiJinGem3_2_4	75	猫眼石·红利(3级)	像猫眼一样的宝石，可以镶嵌在攻击性装备(武器、护腕、戒指、护符、项链、暗器、武魂、龙纹、令牌、豪侠印)上，使用后不可再镶嵌同类宝石。#r#G希望宝石	50000	1	-1	-1	-1	-1	-1	-1	-1	-1	-1	-1	-1	-1	-1	-1	-1	-1	-1	-1	-1	-1	-1	-1	-1	-1	-1	-1	364	-1	-1	-1	-1	-1	-1	-1	-1	-1	-1	-1	-1	-1	-1	-1	-1	-1	-1	-1	-1	-1	-1	-1	-1	-1	-1	-1	-1	-1	-1	-1	-1	-1	-1	-1	-1	-1	FFFFFF66	希望宝石	1	2004	1
50301004	5	3	1	4	LiJinGem3_1_1	75	虎眼石·红利(3级)	像虎眼一样的宝石，可以镶嵌在攻击性装备(武器、护腕、戒指、护符、项链、暗器、武魂、龙纹、令牌、豪侠印)上，使用后不可再镶嵌同类宝石。#r#G希望宝石	50000	1	-1	-1	-1	-1	-1	-1	-1	-1	-1	-1	-1	-1	-1	-1	-1	-1	-1	-1	-1	364	-1	-1	-1	-1	-1	-1	-1	-1	-1	-1	-1	-1	-1	-1	-1	-1	-1	-1	-1	-1	-1	-1	-1	-1	-1	-1	-1	-1	-1	-1	-1	-1	-1	-1	-1	-1	-1	-1	-1	-1	-1	-1	-1	-1	FFFFFF66	希望宝石	2	2004	1
																																																																															
50302001	5	3	2	1	Gem3_1_3	1	黄晶石(3级)	黄色的晶石，可以镶嵌在攻击性装备(武器、护腕、戒指、护符、项链、暗器)上，使用后不可再镶嵌同类宝石。#r#G智慧宝石#W#r可在#G洛阳（179，182）#R宝石工匠彭怀玉#W处使用#G3级宝石雕琢符#W提升宝石属性。#r本宝石只能雕琢一次。	150000	1000	-1	-1	-1	-1	-1	-1	-1	-1	-1	-1	-1	-1	20	-1	-1	-1	-1	-1	-1	-1	-1	-1	-1	-1	-1	-1	-1	-1	-1	-1	-1	-1	-1	-1	-1	-1	-1	-1	-1	-1	-1	-1	-1	-1	-1	-1	-1	-1	-1	-1	-1	-1	-1	-1	-1	-1	-1	-1	-1	-1	-1	-1	-1	-1	FFFFFF66	智慧宝石	3	2004	1
50302002	5	3	2	2	Gem3_1_4	1	蓝晶石(3级)	蓝色的晶石，可以镶嵌在攻击性装备(武器、护腕、戒指、护符、项链、暗器)上，使用后不可再镶嵌同类宝石。#r#G智慧宝石#W#r可在#G洛阳（179，182）#R宝石工匠彭怀玉#W处使用#G3级宝石雕琢符#W提升宝石属性。#r本宝石只能雕琢一次。	150000	1000	-1	-1	-1	-1	-1	-1	20	-1	-1	-1	-1	-1	-1	-1	-1	-1	-1	-1	-1	-1	-1	-1	-1	-1	-1	-1	-1	-1	-1	-1	-1	-1	-1	-1	-1	-1	-1	-1	-1	-1	-1	-1	-1	-1	-1	-1	-1	-1	-1	-1	-1	-1	-1	-1	-1	-1	-1	-1	-1	-1	-1	-1	-1	-1	FFFFFF66	智慧宝石	4	2004	1
50302003	5	3	2	3	Gem3_1_5	1	红晶石(3级)	红色的晶石，可以镶嵌在攻击性装备(武器、护腕、戒指、护符、项链、暗器)上，使用后不可再镶嵌同类宝石。#r#G智慧宝石#W#r可在#G洛阳（179，182）#R宝石工匠彭怀玉#W处使用#G3级宝石雕琢符#W提升宝石属性。#r本宝石只能雕琢一次。	150000	1000	-1	-1	-1	-1	-1	-1	-1	-1	-1	20	-1	-1	-1	-1	-1	-1	-1	-1	-1	-1	-1	-1	-1	-1	-1	-1	-1	-1	-1	-1	-1	-1	-1	-1	-1	-1	-1	-1	-1	-1	-1	-1	-1	-1	-1	-1	-1	-1	-1	-1	-1	-1	-1	-1	-1	-1	-1	-1	-1	-1	-1	-1	-1	-1	FFFFFF66	智慧宝石	5	2004	1
50302004	5	3	2	4	Gem3_1_6	1	绿晶石(3级)	绿色的晶石，可以镶嵌在攻击性装备(武器、护腕、戒指、护符、项链、暗器)上，使用后不可再镶嵌同类宝石。#r#G智慧宝石#W#r可在#G洛阳（179，182）#R宝石工匠彭怀玉#W处使用#G3级宝石雕琢符#W提升宝石属性。#r本宝石只能雕琢一次。	150000	1000	-1	-1	-1	-1	-1	-1	-1	-1	-1	-1	-1	-1	-1	-1	-1	20	-1	-1	-1	-1	-1	-1	-1	-1	-1	-1	-1	-1	-1	-1	-1	-1	-1	-1	-1	-1	-1	-1	-1	-1	-1	-1	-1	-1	-1	-1	-1	-1	-1	-1	-1	-1	-1	-1	-1	-1	-1	-1	-1	-1	-1	-1	-1	-1	FFFFFF66	智慧宝石	6	2004	1
50302005	5	3	2	5	Gem3_2_5	1	纯净黄晶石(3级)	纯净的黄晶石，可以镶嵌在攻击性装备(武器、护腕、戒指、护符、项链、暗器)上，使用后不可再镶嵌同类宝石。#r#G智慧宝石#r雕琢过的宝石不能再雕琢。#r#W使用三颗此种宝石，和一个#G宝石熔炼符#W，能够熔炼成一颗对应的同等级胜利宝石。	300000	2000	-1	-1	-1	-1	-1	-1	-1	-1	-1	-1	-1	-1	33	-1	-1	-1	-1	-1	-1	-1	-1	-1	-1	-1	-1	-1	-1	-1	-1	-1	-1	-1	-1	-1	-1	-1	-1	-1	-1	-1	-1	-1	-1	-1	-1	-1	-1	-1	-1	-1	-1	-1	-1	-1	-1	-1	-1	-1	-1	-1	-1	-1	-1	-1	FFFFFF66	智慧宝石	14	2004	1
50302006	5	3	2	6	Gem3_2_9	1	纯净蓝晶石(3级)	纯净的蓝晶石，可以镶嵌在攻击性装备(武器、护腕、戒指、护符、项链、暗器)上，使用后不可再镶嵌同类宝石。#r#G智慧宝石#r雕琢过的宝石不能再雕琢。#r#W使用三颗此种宝石，和一个#G宝石熔炼符#W，能够熔炼成一颗对应的同等级胜利宝石。	300000	2000	-1	-1	-1	-1	-1	-1	33	-1	-1	-1	-1	-1	-1	-1	-1	-1	-1	-1	-1	-1	-1	-1	-1	-1	-1	-1	-1	-1	-1	-1	-1	-1	-1	-1	-1	-1	-1	-1	-1	-1	-1	-1	-1	-1	-1	-1	-1	-1	-1	-1	-1	-1	-1	-1	-1	-1	-1	-1	-1	-1	-1	-1	-1	-1	FFFFFF66	智慧宝石	15	2004	1
50302007	5	3	2	7	Gem3_2_13	1	纯净红晶石(3级)	纯净的红晶石，可以镶嵌在攻击性装备(武器、护腕、戒指、护符、项链、暗器)上，使用后不可再镶嵌同类宝石。#r#G智慧宝石#r雕琢过的宝石不能再雕琢。#r#W使用三颗此种宝石，和一个#G宝石熔炼符#W，能够熔炼成一颗对应的同等级胜利宝石。	300000	2000	-1	-1	-1	-1	-1	-1	-1	-1	-1	33	-1	-1	-1	-1	-1	-1	-1	-1	-1	-1	-1	-1	-1	-1	-1	-1	-1	-1	-1	-1	-1	-1	-1	-1	-1	-1	-1	-1	-1	-1	-1	-1	-1	-1	-1	-1	-1	-1	-1	-1	-1	-1	-1	-1	-1	-1	-1	-1	-1	-1	-1	-1	-1	-1	FFFFFF66	智慧宝石	16	2004	1
50302008	5	3	2	8	Gem3_2_6	1	纯净绿晶石(3级)	纯净的绿晶石，可以镶嵌在攻击性装备(武器、护腕、戒指、护符、项链、暗器)上，使用后不可再镶嵌同类宝石。#r#G智慧宝石#r雕琢过的宝石不能再雕琢。#r#W使用三颗此种宝石，和一个#G宝石熔炼符#W，能够熔炼成一颗对应的同等级胜利宝石。	300000	2000	-1	-1	-1	-1	-1	-1	-1	-1	-1	-1	-1	-1	-1	-1	-1	33	-1	-1	-1	-1	-1	-1	-1	-1	-1	-1	-1	-1	-1	-1	-1	-1	-1	-1	-1	-1	-1	-1	-1	-1	-1	-1	-1	-1	-1	-1	-1	-1	-1	-1	-1	-1	-1	-1	-1	-1	-1	-1	-1	-1	-1	-1	-1	-1	FFFFFF66	智慧宝石	17	2004	1
50302009	5	3	2	9	LiJinGem3_1_3	75	黄晶石·红利(3级)	黄色的晶石，可以镶嵌在攻击性装备(武器、护腕、戒指、护符、项链、暗器、武魂、龙纹、令牌、豪侠印)上，使用后不可再镶嵌同类宝石。#r#G智慧宝石#W#r可在#G洛阳（280，322）#R宝石工匠彭怀玉#W或#G楼兰（279，198）#R宝石工匠克里木#W处使用#G3级宝石雕琢符#W提升宝石属性。#r本宝石只能雕琢一次。#r#W使用三颗雕琢后的宝石，和一个#G宝石熔炼符#W，能够熔炼成一颗对应的同等级胜利宝石。	150000	1	-1	-1	-1	-1	-1	-1	-1	-1	-1	-1	-1	-1	20	-1	-1	-1	-1	-1	-1	-1	-1	-1	-1	-1	-1	-1	-1	-1	-1	-1	-1	-1	-1	-1	-1	-1	-1	-1	-1	-1	-1	-1	-1	-1	-1	-1	-1	-1	-1	-1	-1	-1	-1	-1	-1	-1	-1	-1	-1	-1	-1	-1	-1	-1	FFFFFF66	智慧宝石	3	2004	1
50302010	5	3	2	10	LiJinGem3_1_4	75	蓝晶石·红利(3级)	蓝色的晶石，可以镶嵌在攻击性装备(武器、护腕、戒指、护符、项链、暗器、武魂、龙纹、令牌、豪侠印)上，使用后不可再镶嵌同类宝石。#r#G智慧宝石#W#r可在#G洛阳（280，322）#R宝石工匠彭怀玉#W或#G楼兰（279，198）#R宝石工匠克里木#W处使用#G3级宝石雕琢符#W提升宝石属性。#r本宝石只能雕琢一次。#r#W使用三颗雕琢后的宝石，和一个#G宝石熔炼符#W，能够熔炼成一颗对应的同等级胜利宝石。	150000	1	-1	-1	-1	-1	-1	-1	20	-1	-1	-1	-1	-1	-1	-1	-1	-1	-1	-1	-1	-1	-1	-1	-1	-1	-1	-1	-1	-1	-1	-1	-1	-1	-1	-1	-1	-1	-1	-1	-1	-1	-1	-1	-1	-1	-1	-1	-1	-1	-1	-1	-1	-1	-1	-1	-1	-1	-1	-1	-1	-1	-1	-1	-1	-1	FFFFFF66	智慧宝石	4	2004	1
50302011	5	3	2	11	LiJinGem3_1_5	75	红晶石·红利(3级)	红色的晶石，可以镶嵌在攻击性装备(武器、护腕、戒指、护符、项链、暗器、武魂、龙纹、令牌、豪侠印)上，使用后不可再镶嵌同类宝石。#r#G智慧宝石#W#r可在#G洛阳（280，322）#R宝石工匠彭怀玉#W或#G楼兰（279，198）#R宝石工匠克里木#W处使用#G3级宝石雕琢符#W提升宝石属性。#r本宝石只能雕琢一次。#r#W使用三颗雕琢后的宝石，和一个#G宝石熔炼符#W，能够熔炼成一颗对应的同等级胜利宝石。	150000	1	-1	-1	-1	-1	-1	-1	-1	-1	-1	20	-1	-1	-1	-1	-1	-1	-1	-1	-1	-1	-1	-1	-1	-1	-1	-1	-1	-1	-1	-1	-1	-1	-1	-1	-1	-1	-1	-1	-1	-1	-1	-1	-1	-1	-1	-1	-1	-1	-1	-1	-1	-1	-1	-1	-1	-1	-1	-1	-1	-1	-1	-1	-1	-1	FFFFFF66	智慧宝石	5	2004	1
50302012	5	3	2	12	LiJinGem3_1_6	75	绿晶石·红利(3级)	绿色的晶石，可以镶嵌在攻击性装备(武器、护腕、戒指、护符、项链、暗器、武魂、龙纹、令牌、豪侠印)上，使用后不可再镶嵌同类宝石。#r#G智慧宝石#W#r可在#G洛阳（280，322）#R宝石工匠彭怀玉#W或#G楼兰（279，198）#R宝石工匠克里木#W处使用#G3级宝石雕琢符#W提升宝石属性。#r本宝石只能雕琢一次。#r#W使用三颗雕琢后的宝石，和一个#G宝石熔炼符#W，能够熔炼成一颗对应的同等级胜利宝石。	150000	1	-1	-1	-1	-1	-1	-1	-1	-1	-1	-1	-1	-1	-1	-1	-1	20	-1	-1	-1	-1	-1	-1	-1	-1	-1	-1	-1	-1	-1	-1	-1	-1	-1	-1	-1	-1	-1	-1	-1	-1	-1	-1	-1	-1	-1	-1	-1	-1	-1	-1	-1	-1	-1	-1	-1	-1	-1	-1	-1	-1	-1	-1	-1	-1	FFFFFF66	智慧宝石	6	2004	1
50302013	5	3	2	13	LiJinGem3_2_5	75	纯净黄晶石·红利(3级)	纯净的黄晶石，可以镶嵌在攻击性装备(武器、护腕、戒指、护符、项链、暗器、武魂、龙纹、令牌、豪侠印)上，使用后不可再镶嵌同类宝石。#r可在洛阳（280，322）彭怀玉、楼兰（279，198）克里木、束河古镇（134，85）荆嵌实处，将四颗此种宝石琢刻至3级及以上等级的黄冥石·红利之上。琢刻后的黄冥晶石·红利将可同时拥有忽略目标玄抗及玄攻击效果。#r#G智慧宝石#r雕琢过的宝石不能再雕琢。#r#W使用三颗此种宝石，和一个#G宝石熔炼符#W，能够熔炼成一颗对应的同等级胜利宝石。#r在#G帮会城市#W做#G炼金任务#W时，会有一定几率获得#G宝石熔炼符#W。	300000	1	-1	-1	-1	-1	-1	-1	-1	-1	-1	-1	-1	-1	33	-1	-1	-1	-1	-1	-1	-1	-1	-1	-1	-1	-1	-1	-1	-1	-1	-1	-1	-1	-1	-1	-1	-1	-1	-1	-1	-1	-1	-1	-1	-1	-1	-1	-1	-1	-1	-1	-1	-1	-1	-1	-1	-1	-1	-1	-1	-1	-1	-1	-1	-1	FFFFFF66	智慧宝石	14	2004	1
50302014	5	3	2	14	LiJinGem3_2_9	75	纯净蓝晶石·红利(3级)	纯净的蓝晶石，可以镶嵌在攻击性装备(武器、护腕、戒指、护符、项链、暗器、武魂、龙纹、令牌、豪侠印)上，使用后不可再镶嵌同类宝石。#r可在洛阳（280，322）彭怀玉、楼兰（279，198）克里木、束河古镇（134，85）荆嵌实处，将四颗此种宝石琢刻至3级及以上等级的蓝冥石·红利之上。琢刻后的蓝冥晶石·红利将可同时拥有忽略目标冰抗及冰攻击效果。#r#G智慧宝石#r雕琢过的宝石不能再雕琢。#r#W使用三颗此种宝石，和一个#G宝石熔炼符#W，能够熔炼成一颗对应的同等级胜利宝石。#r在#G帮会城市#W做#G炼金任务#W时，会有一定几率获得#G宝石熔炼符#W。	300000	1	-1	-1	-1	-1	-1	-1	33	-1	-1	-1	-1	-1	-1	-1	-1	-1	-1	-1	-1	-1	-1	-1	-1	-1	-1	-1	-1	-1	-1	-1	-1	-1	-1	-1	-1	-1	-1	-1	-1	-1	-1	-1	-1	-1	-1	-1	-1	-1	-1	-1	-1	-1	-1	-1	-1	-1	-1	-1	-1	-1	-1	-1	-1	-1	FFFFFF66	智慧宝石	15	2004	1
50302015	5	3	2	15	LiJinGem3_2_13	75	纯净红晶石·红利(3级)	纯净的红晶石，可以镶嵌在攻击性装备(武器、护腕、戒指、护符、项链、暗器、武魂、龙纹、令牌、豪侠印)上，使用后不可再镶嵌同类宝石。#r可在洛阳（280，322）彭怀玉、楼兰（279，198）克里木、束河古镇（134，85）荆嵌实处，将四颗此种宝石琢刻至3级及以上等级的红冥石·红利之上。琢刻后的红冥晶石·红利将可同时拥有忽略目标火抗及火攻击效果。#r#G智慧宝石#r雕琢过的宝石不能再雕琢。#r#W使用三颗此种宝石，和一个#G宝石熔炼符#W，能够熔炼成一颗对应的同等级胜利宝石。#r在#G帮会城市#W做#G炼金任务#W时，会有一定几率获得#G宝石熔炼符#W。	300000	1	-1	-1	-1	-1	-1	-1	-1	-1	-1	33	-1	-1	-1	-1	-1	-1	-1	-1	-1	-1	-1	-1	-1	-1	-1	-1	-1	-1	-1	-1	-1	-1	-1	-1	-1	-1	-1	-1	-1	-1	-1	-1	-1	-1	-1	-1	-1	-1	-1	-1	-1	-1	-1	-1	-1	-1	-1	-1	-1	-1	-1	-1	-1	-1	FFFFFF66	智慧宝石	16	2004	1
50302016	5	3	2	16	LiJinGem3_2_6	75	纯净绿晶石·红利(3级)	纯净的绿晶石，可以镶嵌在攻击性装备(武器、护腕、戒指、护符、项链、暗器、武魂、龙纹、令牌、豪侠印)上，使用后不可再镶嵌同类宝石。#r可在洛阳（280，322）彭怀玉、楼兰（279，198）克里木、束河古镇（134，85）荆嵌实处，将四颗此种宝石琢刻至3级及以上等级的绿冥石·红利之上。琢刻后的绿冥晶石·红利将可同时拥有忽略目标毒抗及毒攻击效果。#r#G智慧宝石#r雕琢过的宝石不能再雕琢。#r#W使用三颗此种宝石，和一个#G宝石熔炼符#W，能够熔炼成一颗对应的同等级胜利宝石。#r在#G帮会城市#W做#G炼金任务#W时，会有一定几率获得#G宝石熔炼符#W。	300000	1	-1	-1	-1	-1	-1	-1	-1	-1	-1	-1	-1	-1	-1	-1	-1	33	-1	-1	-1	-1	-1	-1	-1	-1	-1	-1	-1	-1	-1	-1	-1	-1	-1	-1	-1	-1	-1	-1	-1	-1	-1	-1	-1	-1	-1	-1	-1	-1	-1	-1	-1	-1	-1	-1	-1	-1	-1	-1	-1	-1	-1	-1	-1	-1	FFFFFF66	智慧宝石	17	2004	1
																																																																															
50303001	5	3	3	1	Gem3_1_2	1	紫玉(3级)	紫色玉石，可以镶嵌在攻击性装备(武器、护腕、戒指、护符、项链、暗器)上，使用后不可再镶嵌同类宝石。#r#G玄微宝石	100000	1000	-1	-1	-1	-1	-1	-1	-1	-1	-1	-1	-1	-1	-1	-1	-1	-1	-1	-1	-1	-1	-1	-1	-1	-1	-1	-1	-1	-1	-1	-1	-1	-1	-1	-1	-1	406	-1	-1	-1	-1	-1	-1	-1	-1	-1	-1	-1	-1	-1	-1	-1	-1	-1	-1	-1	-1	-1	-1	-1	-1	-1	-1	-1	-1	FFFFFF66	玄微宝石	7	2004	1
50303002	5	3	3	2	LiJinGem3_1_2	75	紫玉·红利(3级)	紫色玉石，可以镶嵌在攻击性装备(武器、护腕、戒指、护符、项链、暗器、武魂、龙纹、令牌、豪侠印)上，使用后不可再镶嵌同类宝石。#r#G玄微宝石	100000	1	-1	-1	-1	-1	-1	-1	-1	-1	-1	-1	-1	-1	-1	-1	-1	-1	-1	-1	-1	-1	-1	-1	-1	-1	-1	-1	-1	-1	-1	-1	-1	-1	-1	-1	-1	406	-1	-1	-1	-1	-1	-1	-1	-1	-1	-1	-1	-1	-1	-1	-1	-1	-1	-1	-1	-1	-1	-1	-1	-1	-1	-1	-1	-1	FFFFFF66	玄微宝石	7	2004	1
																																																																															
50304002	5	3	4	2	Gem3_1_8	1	变石(3级)	在阳光下呈绿色，在烛光下呈红色，可变色的宝石，可以镶嵌在攻击性装备(武器、护腕、戒指、护符、项链、暗器)上，使用后不可再镶嵌同类宝石。#r#G幻冥宝石	250000	1000	-1	-1	-1	-1	-1	-1	-1	-1	-1	-1	-1	-1	-1	-1	-1	-1	-1	-1	-1	-1	-1	-1	-1	-1	-1	-1	-1	-1	-1	-1	-1	-1	-1	-1	-1	-1	-1	3	-1	-1	-1	-1	-1	-1	-1	-1	-1	-1	-1	-1	-1	-1	-1	-1	-1	-1	-1	-1	-1	-1	-1	-1	-1	-1	FFFFFF66	幻冥宝石	8	2004	1
50304003	5	3	4	3	LiJinGem3_1_8	75	变石·红利(3级)	在阳光下呈绿色，在烛光下呈红色，可变色的宝石，可以镶嵌在攻击性装备(武器、护腕、戒指、护符、项链、暗器、武魂、龙纹、令牌、豪侠印)上，使用后不可再镶嵌同类宝石。#r#G幻冥宝石	250000	1	-1	-1	-1	-1	-1	-1	-1	-1	-1	-1	-1	-1	-1	-1	-1	-1	-1	-1	-1	-1	-1	-1	-1	-1	-1	-1	-1	-1	-1	-1	-1	-1	-1	-1	-1	-1	-1	3	-1	-1	-1	-1	-1	-1	-1	-1	-1	-1	-1	-1	-1	-1	-1	-1	-1	-1	-1	-1	-1	-1	-1	-1	-1	-1	FFFFFF66	幻冥宝石	8	2004	1
																																																																															
50311001	5	3	11	1	Gem3_1_9	1	石榴石(3级)	因其外形酷似成熟的石榴籽而得名的宝石，可以镶嵌在防御性装备(衣服、手套、帽子、护肩、鞋、腰带、项链、暗器)上，使用后不可再镶嵌同类宝石。#r#G生命宝石	50000	1000	-1	-1	-1	-1	-1	-1	-1	-1	-1	-1	-1	-1	-1	-1	-1	-1	-1	-1	-1	-1	-1	-1	-1	-1	-1	-1	-1	-1	-1	363	-1	-1	-1	-1	-1	-1	-1	-1	-1	-1	-1	-1	-1	-1	-1	-1	-1	-1	-1	-1	-1	-1	-1	-1	-1	-1	-1	-1	-1	-1	-1	-1	-1	-1	FFFFFF4C	生命宝石	7	2004	1
50311002	5	3	11	2	Gem3_1_12	1	尖晶石(3级)	颜色繁多且艳丽的宝石，可以镶嵌在防御性装备(衣服、手套、帽子、护肩、鞋、腰带、项链、暗器)上，使用后不可再镶嵌同类宝石。#r#G生命宝石	50000	1000	-1	-1	-1	-1	-1	-1	-1	-1	-1	-1	-1	-1	-1	-1	-1	-1	-1	-1	-1	-1	-1	-1	363	-1	-1	-1	-1	-1	-1	-1	-1	-1	-1	-1	-1	-1	-1	-1	-1	-1	-1	-1	-1	-1	-1	-1	-1	-1	-1	-1	-1	-1	-1	-1	-1	-1	-1	-1	-1	-1	-1	-1	-1	-1	FFFFFF4C	生命宝石	11	2004	1
50311003	5	3	11	3	LiJinGem3_1_9	75	石榴石·红利(3级)	因其外形酷似成熟的石榴籽而得名的宝石，可以镶嵌在防御性装备(衣服、手套、帽子、护肩、鞋、腰带、项链、暗器、武魂、龙纹、令牌、豪侠印)上，使用后不可再镶嵌同类宝石。#r#G生命宝石	50000	1	-1	-1	-1	-1	-1	-1	-1	-1	-1	-1	-1	-1	-1	-1	-1	-1	-1	-1	-1	-1	-1	-1	-1	-1	-1	-1	-1	-1	-1	363	-1	-1	-1	-1	-1	-1	-1	-1	-1	-1	-1	-1	-1	-1	-1	-1	-1	-1	-1	-1	-1	-1	-1	-1	-1	-1	-1	-1	-1	-1	-1	-1	-1	-1	FFFFFF4C	生命宝石	7	2004	1
50311004	5	3	11	4	LiJinGem3_1_12	75	尖晶石·红利(3级)	颜色繁多且艳丽的宝石，可以镶嵌在防御性装备(衣服、手套、帽子、护肩、鞋、腰带、项链、暗器、武魂、龙纹、令牌、豪侠印)上，使用后不可再镶嵌同类宝石。#r#G生命宝石	50000	1	-1	-1	-1	-1	-1	-1	-1	-1	-1	-1	-1	-1	-1	-1	-1	-1	-1	-1	-1	-1	-1	-1	363	-1	-1	-1	-1	-1	-1	-1	-1	-1	-1	-1	-1	-1	-1	-1	-1	-1	-1	-1	-1	-1	-1	-1	-1	-1	-1	-1	-1	-1	-1	-1	-1	-1	-1	-1	-1	-1	-1	-1	-1	-1	FFFFFF4C	生命宝石	11	2004	1
																																																																															
50312001	5	3	12	1	Gem3_1_11	1	黄玉(3级)	黄色的玉石，可以镶嵌在防御性装备(衣服、手套、帽子、护肩、鞋、腰带、项链、暗器)上，使用后不可再镶嵌同类宝石。#r#G魅力宝石#W#r可在#G洛阳（179，182）#R宝石工匠彭怀玉#W处使用#G3级宝石雕琢符#W提升宝石属性。#r本宝石只能雕琢一次。	150000	1000	-1	-1	-1	-1	-1	-1	-1	-1	-1	-1	-1	-1	-1	8	-1	-1	-1	-1	-1	-1	-1	-1	-1	-1	-1	-1	-1	-1	-1	-1	-1	-1	-1	-1	-1	-1	-1	-1	-1	-1	-1	-1	-1	-1	-1	-1	-1	-1	-1	-1	-1	-1	-1	-1	-1	-1	-1	-1	-1	-1	-1	-1	-1	-1	FFFFFF4C	魅力宝石	12	2004	1
50312002	5	3	12	2	Gem3_1_10	1	皓石(3级)	闪闪发亮的宝石，可以镶嵌在防御性装备(衣服、手套、帽子、护肩、鞋、腰带、项链、暗器)上，使用后不可再镶嵌同类宝石。#r#G魅力宝石#W#r可在#G洛阳（179，182）#R宝石工匠彭怀玉#W处使用#G3级宝石雕琢符#W提升宝石属性。#r本宝石只能雕琢一次。	150000	1000	-1	-1	-1	-1	-1	-1	-1	8	-1	-1	-1	-1	-1	-1	-1	-1	-1	-1	-1	-1	-1	-1	-1	-1	-1	-1	-1	-1	-1	-1	-1	-1	-1	-1	-1	-1	-1	-1	-1	-1	-1	-1	-1	-1	-1	-1	-1	-1	-1	-1	-1	-1	-1	-1	-1	-1	-1	-1	-1	-1	-1	-1	-1	-1	FFFFFF4C	魅力宝石	2	2004	1
50312003	5	3	12	3	Gem3_1_13	1	月光石(3级)	具淡蓝色的晕彩，如同朦胧的月光的宝石，可以镶嵌在防御性装备(衣服、手套、帽子、护肩、鞋、腰带、项链、暗器)上，使用后不可再镶嵌同类宝石。#r#G魅力宝石#W#r可在#G洛阳（179，182）#R宝石工匠彭怀玉#W处使用#G3级宝石雕琢符#W提升宝石属性。#r本宝石只能雕琢一次。	150000	1000	-1	-1	-1	-1	-1	-1	-1	-1	-1	-1	8	-1	-1	-1	-1	-1	-1	-1	-1	-1	-1	-1	-1	-1	-1	-1	-1	-1	-1	-1	-1	-1	-1	-1	-1	-1	-1	-1	-1	-1	-1	-1	-1	-1	-1	-1	-1	-1	-1	-1	-1	-1	-1	-1	-1	-1	-1	-1	-1	-1	-1	-1	-1	-1	FFFFFF4C	魅力宝石	4	2004	1
50312004	5	3	12	4	Gem3_2_1	1	碧玺(3级)	颜色繁多且艳丽的宝石，可以镶嵌在防御性装备(衣服、手套、帽子、护肩、鞋、腰带、项链、暗器)上，使用后不可再镶嵌同类宝石。#r#G魅力宝石#W#r可在#G洛阳（179，182）#R宝石工匠彭怀玉#W处使用#G3级宝石雕琢符#W提升宝石属性。#r本宝石只能雕琢一次。	150000	1000	-1	-1	-1	-1	-1	-1	-1	-1	-1	-1	-1	-1	-1	-1	-1	-1	8	-1	-1	-1	-1	-1	-1	-1	-1	-1	-1	-1	-1	-1	-1	-1	-1	-1	-1	-1	-1	-1	-1	-1	-1	-1	-1	-1	-1	-1	-1	-1	-1	-1	-1	-1	-1	-1	-1	-1	-1	-1	-1	-1	-1	-1	-1	-1	FFFFFF4C	魅力宝石	3	2004	1
50312005	5	3	12	5	Gem3_2_10	1	纯净黄玉(3级)	纯净的黄玉，可以镶嵌在防御性装备(衣服、手套、帽子、护肩、鞋、腰带、项链、暗器)上，使用后不可再镶嵌同类宝石。#r#G魅力宝石#r雕琢过的宝石不能再雕琢。	300000	2000	-1	-1	-1	-1	-1	-1	-1	-1	-1	-1	-1	-1	-1	20	-1	-1	-1	-1	-1	-1	-1	-1	-1	-1	-1	-1	-1	-1	-1	-1	-1	-1	-1	-1	-1	-1	-1	-1	-1	-1	-1	-1	-1	-1	-1	-1	-1	-1	-1	-1	-1	-1	-1	-1	-1	-1	-1	-1	-1	-1	-1	-1	-1	-1	FFFFFF66	魅力宝石	16	2004	1
50312006	5	3	12	6	Gem3_2_14	1	纯净皓石(3级)	纯净的皓石，可以镶嵌在防御性装备(衣服、手套、帽子、护肩、鞋、腰带、项链、暗器)上，使用后不可再镶嵌同类宝石。#r#G魅力宝石#r雕琢过的宝石不能再雕琢。	300000	2000	-1	-1	-1	-1	-1	-1	-1	20	-1	-1	-1	-1	-1	-1	-1	-1	-1	-1	-1	-1	-1	-1	-1	-1	-1	-1	-1	-1	-1	-1	-1	-1	-1	-1	-1	-1	-1	-1	-1	-1	-1	-1	-1	-1	-1	-1	-1	-1	-1	-1	-1	-1	-1	-1	-1	-1	-1	-1	-1	-1	-1	-1	-1	-1	FFFFFF66	魅力宝石	17	2004	1
50312007	5	3	12	7	Gem3_2_11	1	纯净月光石(3级)	纯净的月光石，可以镶嵌在防御性装备(衣服、手套、帽子、护肩、鞋、腰带、项链、暗器)上，使用后不可再镶嵌同类宝石。#r#G魅力宝石#r雕琢过的宝石不能再雕琢。	300000	2000	-1	-1	-1	-1	-1	-1	-1	-1	-1	-1	20	-1	-1	-1	-1	-1	-1	-1	-1	-1	-1	-1	-1	-1	-1	-1	-1	-1	-1	-1	-1	-1	-1	-1	-1	-1	-1	-1	-1	-1	-1	-1	-1	-1	-1	-1	-1	-1	-1	-1	-1	-1	-1	-1	-1	-1	-1	-1	-1	-1	-1	-1	-1	-1	FFFFFF66	魅力宝石	15	2004	1
50312008	5	3	12	8	Gem3_2_15	1	纯净碧玺(3级)	纯净的碧玺，可以镶嵌在防御性装备(衣服、手套、帽子、护肩、鞋、腰带、项链、暗器)上，使用后不可再镶嵌同类宝石。#r#G魅力宝石#r雕琢过的宝石不能再雕琢。	300000	2000	-1	-1	-1	-1	-1	-1	-1	-1	-1	-1	-1	-1	-1	-1	-1	-1	20	-1	-1	-1	-1	-1	-1	-1	-1	-1	-1	-1	-1	-1	-1	-1	-1	-1	-1	-1	-1	-1	-1	-1	-1	-1	-1	-1	-1	-1	-1	-1	-1	-1	-1	-1	-1	-1	-1	-1	-1	-1	-1	-1	-1	-1	-1	-1	FFFFFF66	魅力宝石	14	2004	1
50312009	5	3	12	9	LiJinGem3_1_11	75	黄玉·红利(3级)	黄色的玉石，可以镶嵌在防御性装备(衣服、手套、帽子、护肩、鞋、腰带、项链、暗器、武魂、龙纹、令牌、豪侠印)上，使用后不可再镶嵌同类宝石。#r#G魅力宝石#W#r可在#G洛阳（280，322）#R宝石工匠彭怀玉#W或#G楼兰（279，198）#R宝石工匠克里木#W处使用#G3级宝石雕琢符#W提升宝石属性。#r本宝石只能雕琢一次。	150000	1	-1	-1	-1	-1	-1	-1	-1	-1	-1	-1	-1	-1	-1	8	-1	-1	-1	-1	-1	-1	-1	-1	-1	-1	-1	-1	-1	-1	-1	-1	-1	-1	-1	-1	-1	-1	-1	-1	-1	-1	-1	-1	-1	-1	-1	-1	-1	-1	-1	-1	-1	-1	-1	-1	-1	-1	-1	-1	-1	-1	-1	-1	-1	-1	FFFFFF4C	魅力宝石	12	2004	1
50312010	5	3	12	10	LiJinGem3_1_10	75	皓石·红利(3级)	闪闪发亮的宝石，可以镶嵌在防御性装备(衣服、手套、帽子、护肩、鞋、腰带、项链、暗器、武魂、龙纹、令牌、豪侠印)上，使用后不可再镶嵌同类宝石。#r#G魅力宝石#W#r可在#G洛阳（280，322）#R宝石工匠彭怀玉#W或#G楼兰（279，198）#R宝石工匠克里木#W处使用#G3级宝石雕琢符#W提升宝石属性。#r本宝石只能雕琢一次。	150000	1	-1	-1	-1	-1	-1	-1	-1	8	-1	-1	-1	-1	-1	-1	-1	-1	-1	-1	-1	-1	-1	-1	-1	-1	-1	-1	-1	-1	-1	-1	-1	-1	-1	-1	-1	-1	-1	-1	-1	-1	-1	-1	-1	-1	-1	-1	-1	-1	-1	-1	-1	-1	-1	-1	-1	-1	-1	-1	-1	-1	-1	-1	-1	-1	FFFFFF4C	魅力宝石	2	2004	1
50312011	5	3	12	11	LiJinGem3_1_13	75	月光石·红利(3级)	具淡蓝色的晕彩，如同朦胧的月光的宝石，可以镶嵌在防御性装备(衣服、手套、帽子、护肩、鞋、腰带、项链、暗器、武魂、龙纹、令牌、豪侠印)上，使用后不可再镶嵌同类宝石。#r#G魅力宝石#W#r可在#G洛阳（280，322）#R宝石工匠彭怀玉#W或#G楼兰（279，198）#R宝石工匠克里木#W处使用#G3级宝石雕琢符#W提升宝石属性。#r本宝石只能雕琢一次。	150000	1	-1	-1	-1	-1	-1	-1	-1	-1	-1	-1	8	-1	-1	-1	-1	-1	-1	-1	-1	-1	-1	-1	-1	-1	-1	-1	-1	-1	-1	-1	-1	-1	-1	-1	-1	-1	-1	-1	-1	-1	-1	-1	-1	-1	-1	-1	-1	-1	-1	-1	-1	-1	-1	-1	-1	-1	-1	-1	-1	-1	-1	-1	-1	-1	FFFFFF4C	魅力宝石	4	2004	1
50312012	5	3	12	12	LiJinGem3_2_1	75	碧玺·红利(3级)	颜色繁多且艳丽的宝石，可以镶嵌在防御性装备(衣服、手套、帽子、护肩、鞋、腰带、项链、暗器、武魂、龙纹、令牌、豪侠印)上，使用后不可再镶嵌同类宝石。#r#G魅力宝石#W#r可在#G洛阳（280，322）#R宝石工匠彭怀玉#W或#G楼兰（279，198）#R宝石工匠克里木#W处使用#G3级宝石雕琢符#W提升宝石属性。#r本宝石只能雕琢一次。	150000	1	-1	-1	-1	-1	-1	-1	-1	-1	-1	-1	-1	-1	-1	-1	-1	-1	8	-1	-1	-1	-1	-1	-1	-1	-1	-1	-1	-1	-1	-1	-1	-1	-1	-1	-1	-1	-1	-1	-1	-1	-1	-1	-1	-1	-1	-1	-1	-1	-1	-1	-1	-1	-1	-1	-1	-1	-1	-1	-1	-1	-1	-1	-1	-1	FFFFFF4C	魅力宝石	3	2004	1
50312013	5	3	12	13	LiJinGem3_2_10	75	纯净黄玉·红利(3级)	纯净的黄玉，可以镶嵌在防御性装备(衣服、手套、帽子、护肩、鞋、腰带、项链、暗器、武魂、龙纹、令牌、豪侠印)上，使用后不可再镶嵌同类宝石。#r#G魅力宝石#r雕琢过的宝石不能再雕琢。	300000	1	-1	-1	-1	-1	-1	-1	-1	-1	-1	-1	-1	-1	-1	20	-1	-1	-1	-1	-1	-1	-1	-1	-1	-1	-1	-1	-1	-1	-1	-1	-1	-1	-1	-1	-1	-1	-1	-1	-1	-1	-1	-1	-1	-1	-1	-1	-1	-1	-1	-1	-1	-1	-1	-1	-1	-1	-1	-1	-1	-1	-1	-1	-1	-1	FFFFFF66	魅力宝石	16	2004	1
50312014	5	3	12	14	LiJinGem3_2_14	75	纯净皓石·红利(3级)	纯净的皓石，可以镶嵌在防御性装备(衣服、手套、帽子、护肩、鞋、腰带、项链、暗器、武魂、龙纹、令牌、豪侠印)上，使用后不可再镶嵌同类宝石。#r#G魅力宝石#r雕琢过的宝石不能再雕琢。	300000	1	-1	-1	-1	-1	-1	-1	-1	20	-1	-1	-1	-1	-1	-1	-1	-1	-1	-1	-1	-1	-1	-1	-1	-1	-1	-1	-1	-1	-1	-1	-1	-1	-1	-1	-1	-1	-1	-1	-1	-1	-1	-1	-1	-1	-1	-1	-1	-1	-1	-1	-1	-1	-1	-1	-1	-1	-1	-1	-1	-1	-1	-1	-1	-1	FFFFFF66	魅力宝石	17	2004	1
50312015	5	3	12	15	LiJinGem3_2_11	75	纯净月光石·红利(3级)	纯净的月光石，可以镶嵌在防御性装备(衣服、手套、帽子、护肩、鞋、腰带、项链、暗器、武魂、龙纹、令牌、豪侠印)上，使用后不可再镶嵌同类宝石。#r#G魅力宝石#r雕琢过的宝石不能再雕琢。	300000	1	-1	-1	-1	-1	-1	-1	-1	-1	-1	-1	20	-1	-1	-1	-1	-1	-1	-1	-1	-1	-1	-1	-1	-1	-1	-1	-1	-1	-1	-1	-1	-1	-1	-1	-1	-1	-1	-1	-1	-1	-1	-1	-1	-1	-1	-1	-1	-1	-1	-1	-1	-1	-1	-1	-1	-1	-1	-1	-1	-1	-1	-1	-1	-1	FFFFFF66	魅力宝石	15	2004	1
50312016	5	3	12	16	LiJinGem3_2_15	75	纯净碧玺·红利(3级)	纯净的碧玺，可以镶嵌在防御性装备(衣服、手套、帽子、护肩、鞋、腰带、项链、暗器、武魂、龙纹、令牌、豪侠印)上，使用后不可再镶嵌同类宝石。#r#G魅力宝石#r雕琢过的宝石不能再雕琢。	300000	1	-1	-1	-1	-1	-1	-1	-1	-1	-1	-1	-1	-1	-1	-1	-1	-1	20	-1	-1	-1	-1	-1	-1	-1	-1	-1	-1	-1	-1	-1	-1	-1	-1	-1	-1	-1	-1	-1	-1	-1	-1	-1	-1	-1	-1	-1	-1	-1	-1	-1	-1	-1	-1	-1	-1	-1	-1	-1	-1	-1	-1	-1	-1	-1	FFFFFF66	魅力宝石	14	2004	1
																																																																															
50313001	5	3	13	1	Gem3_1_15	1	黄宝石(3级)	黄色的宝石，可以镶嵌在防御性装备(衣服、手套、帽子、护肩、鞋、腰带、项链、暗器)上，使用后不可再镶嵌同类宝石。#r#G命运宝石	75000	1000	-1	-1	-1	-1	-1	-1	-1	-1	-1	-1	-1	-1	-1	-1	-1	-1	-1	-1	-1	-1	-1	-1	-1	-1	-1	-1	-1	-1	-1	-1	-1	-1	-1	-1	-1	-1	-1	-1	-1	-1	-1	-1	37	-1	-1	-1	-1	-1	-1	-1	-1	-1	-1	-1	-1	-1	-1	-1	-1	-1	-1	-1	-1	-1	FFFFFF4C	命运宝石	5	2004	1
50313002	5	3	13	2	Gem3_1_16	1	蓝宝石(3级)	蓝色的宝石，可以镶嵌在防御性装备(衣服、手套、帽子、护肩、鞋、腰带、项链、暗器)上，使用后不可再镶嵌同类宝石。#r#G命运宝石	75000	1000	-1	-1	-1	-1	-1	-1	-1	-1	-1	-1	-1	-1	-1	-1	-1	-1	-1	-1	-1	-1	-1	-1	-1	-1	-1	-1	-1	-1	-1	-1	-1	-1	-1	-1	-1	-1	-1	-1	-1	-1	-1	-1	-1	37	-1	-1	-1	-1	-1	-1	-1	-1	-1	-1	-1	-1	-1	-1	-1	-1	-1	-1	-1	-1	FFFFFF4C	命运宝石	6	2004	1
50313003	5	3	13	3	Gem3_1_7	1	绿宝石(3级)	绿色的宝石，可以镶嵌在防御性装备(衣服、手套、帽子、护肩、鞋、腰带、项链、暗器)上，使用后不可再镶嵌同类宝石。#r#G命运宝石	75000	1000	-1	-1	-1	-1	-1	-1	-1	-1	-1	-1	-1	-1	-1	-1	-1	-1	-1	-1	-1	-1	-1	-1	-1	-1	-1	-1	-1	-1	-1	-1	-1	-1	-1	-1	-1	-1	-1	-1	-1	-1	-1	-1	-1	-1	-1	-1	20	-1	-1	-1	-1	-1	-1	-1	-1	-1	-1	-1	-1	-1	-1	-1	-1	-1	FFFFFF4C	命运宝石	9	2004	1
50313004	5	3	13	4	Gem3_2_2	1	红宝石(3级)	红色的宝石，可以镶嵌在防御性装备(衣服、手套、帽子、护肩、鞋、腰带、项链、暗器)上，使用后不可再镶嵌同类宝石。#r#G命运宝石	75000	1000	-1	-1	-1	-1	-1	-1	-1	-1	-1	-1	-1	-1	-1	-1	-1	-1	-1	-1	-1	-1	-1	-1	-1	-1	-1	-1	-1	-1	-1	-1	-1	-1	-1	-1	-1	-1	-1	-1	-1	-1	-1	-1	-1	-1	37	-1	-1	-1	-1	-1	-1	-1	-1	-1	-1	-1	-1	-1	-1	-1	-1	-1	-1	-1	FFFFFF4C	命运宝石	10	2004	1
50313005	5	3	13	5	Gem3_2_3	1	黑宝石(3级)	黑色的宝石，可以镶嵌在防御性装备(衣服、手套、帽子、护肩、鞋、腰带、项链、暗器)上，使用后不可再镶嵌同类宝石。#r#G命运宝石	75000	1000	-1	-1	-1	-1	-1	-1	-1	-1	-1	-1	-1	-1	-1	-1	-1	-1	-1	-1	-1	-1	-1	-1	-1	-1	-1	-1	-1	-1	-1	-1	-1	-1	-1	-1	-1	-1	-1	-1	-1	-1	-1	-1	-1	-1	-1	37	-1	-1	-1	-1	-1	-1	-1	-1	-1	-1	-1	-1	-1	-1	-1	-1	-1	-1	FFFFFF4C	命运宝石	1	2004	1
50313006	5	3	13	6	Gem3_2_7	1	血精石(3级)	布满血丝红精的宝石，可以镶嵌在防御性装备(衣服、手套、帽子、护肩、鞋、腰带、项链、暗器)上，使用后不可再镶嵌同类宝石。#r#G命运宝石	75000	1000	2066	-1	-1	-1	-1	-1	-1	-1	-1	-1	-1	-1	-1	-1	-1	-1	-1	-1	-1	-1	-1	-1	-1	-1	-1	-1	-1	-1	-1	-1	-1	-1	-1	-1	-1	-1	-1	-1	-1	-1	-1	-1	-1	-1	-1	-1	-1	-1	-1	-1	-1	-1	-1	-1	-1	-1	-1	-1	-1	-1	-1	-1	-1	-1	FFFFFF4C	命运宝石	13	2004	1
50313007	5	3	13	7	LiJinGem3_1_15	75	黄宝石·红利(3级)	黄色的宝石，可以镶嵌在防御性装备(衣服、手套、帽子、护肩、鞋、腰带、项链、暗器、武魂、龙纹、令牌、豪侠印)上，使用后不可再镶嵌同类宝石。#r#G命运宝石	75000	1	-1	-1	-1	-1	-1	-1	-1	-1	-1	-1	-1	-1	-1	-1	-1	-1	-1	-1	-1	-1	-1	-1	-1	-1	-1	-1	-1	-1	-1	-1	-1	-1	-1	-1	-1	-1	-1	-1	-1	-1	-1	-1	37	-1	-1	-1	-1	-1	-1	-1	-1	-1	-1	-1	-1	-1	-1	-1	-1	-1	-1	-1	-1	-1	FFFFFF4C	命运宝石	5	2004	1
50313008	5	3	13	8	LiJinGem3_1_16	75	蓝宝石·红利(3级)	蓝色的宝石，可以镶嵌在防御性装备(衣服、手套、帽子、护肩、鞋、腰带、项链、暗器、武魂、龙纹、令牌、豪侠印)上，使用后不可再镶嵌同类宝石。#r#G命运宝石	75000	1	-1	-1	-1	-1	-1	-1	-1	-1	-1	-1	-1	-1	-1	-1	-1	-1	-1	-1	-1	-1	-1	-1	-1	-1	-1	-1	-1	-1	-1	-1	-1	-1	-1	-1	-1	-1	-1	-1	-1	-1	-1	-1	-1	37	-1	-1	-1	-1	-1	-1	-1	-1	-1	-1	-1	-1	-1	-1	-1	-1	-1	-1	-1	-1	FFFFFF4C	命运宝石	6	2004	1
50313009	5	3	13	9	LiJinGem3_1_7	75	绿宝石·红利(3级)	绿色的宝石，可以镶嵌在防御性装备(衣服、手套、帽子、护肩、鞋、腰带、项链、暗器、武魂、龙纹、令牌、豪侠印)上，使用后不可再镶嵌同类宝石。#r#G命运宝石	75000	1	-1	-1	-1	-1	-1	-1	-1	-1	-1	-1	-1	-1	-1	-1	-1	-1	-1	-1	-1	-1	-1	-1	-1	-1	-1	-1	-1	-1	-1	-1	-1	-1	-1	-1	-1	-1	-1	-1	-1	-1	-1	-1	-1	-1	-1	-1	20	-1	-1	-1	-1	-1	-1	-1	-1	-1	-1	-1	-1	-1	-1	-1	-1	-1	FFFFFF4C	命运宝石	9	2004	1
50313010	5	3	13	10	LiJinGem3_2_2	75	红宝石·红利(3级)	红色的宝石，可以镶嵌在防御性装备(衣服、手套、帽子、护肩、鞋、腰带、项链、暗器、武魂、龙纹、令牌、豪侠印)上，使用后不可再镶嵌同类宝石。#r#G命运宝石	75000	1	-1	-1	-1	-1	-1	-1	-1	-1	-1	-1	-1	-1	-1	-1	-1	-1	-1	-1	-1	-1	-1	-1	-1	-1	-1	-1	-1	-1	-1	-1	-1	-1	-1	-1	-1	-1	-1	-1	-1	-1	-1	-1	-1	-1	37	-1	-1	-1	-1	-1	-1	-1	-1	-1	-1	-1	-1	-1	-1	-1	-1	-1	-1	-1	FFFFFF4C	命运宝石	10	2004	1
50313011	5	3	13	11	LiJinGem3_2_3	75	黑宝石·红利(3级)	黑色的宝石，可以镶嵌在防御性装备(衣服、手套、帽子、护肩、鞋、腰带、项链、暗器、武魂、龙纹、令牌、豪侠印)上，使用后不可再镶嵌同类宝石。#r#G命运宝石	75000	1	-1	-1	-1	-1	-1	-1	-1	-1	-1	-1	-1	-1	-1	-1	-1	-1	-1	-1	-1	-1	-1	-1	-1	-1	-1	-1	-1	-1	-1	-1	-1	-1	-1	-1	-1	-1	-1	-1	-1	-1	-1	-1	-1	-1	-1	37	-1	-1	-1	-1	-1	-1	-1	-1	-1	-1	-1	-1	-1	-1	-1	-1	-1	-1	FFFFFF4C	命运宝石	1	2004	1
50313012	5	3	13	12	LiJinGem3_2_7	75	血精石·红利(3级)	布满血丝红精的宝石，可以镶嵌在防御性装备(衣服、手套、帽子、护肩、鞋、腰带、项链、暗器、武魂、龙纹、令牌、豪侠印)上，使用后不可再镶嵌同类宝石。#r#G命运宝石	75000	1	2066	-1	-1	-1	-1	-1	-1	-1	-1	-1	-1	-1	-1	-1	-1	-1	-1	-1	-1	-1	-1	-1	-1	-1	-1	-1	-1	-1	-1	-1	-1	-1	-1	-1	-1	-1	-1	-1	-1	-1	-1	-1	-1	-1	-1	-1	-1	-1	-1	-1	-1	-1	-1	-1	-1	-1	-1	-1	-1	-1	-1	-1	-1	-1	FFFFFF4C	命运宝石	13	2004	1
																																																																															
50314001	5	3	14	1	Gem3_1_14	1	祖母绿(3级)	翠绿如滴，顶级翡翠，可以镶嵌在防御性装备(衣服、手套、帽子、护肩、鞋、腰带、项链、暗器)上，使用后不可再镶嵌同类宝石。#r#G天机宝石	100000	1000	-1	-1	-1	-1	-1	-1	-1	-1	-1	-1	-1	-1	-1	-1	-1	-1	-1	-1	-1	-1	-1	-1	-1	-1	-1	-1	-1	-1	-1	-1	-1	-1	-1	-1	-1	-1	135	-1	-1	-1	-1	-1	-1	-1	-1	-1	-1	-1	-1	-1	-1	-1	-1	-1	-1	-1	-1	-1	-1	-1	-1	-1	-1	-1	FFFFFF4C	天机宝石	8	2004	1
50314002	5	3	14	2	LiJinGem3_1_14	75	祖母绿·红利(3级)	翠绿如滴，顶级翡翠，可以镶嵌在防御性装备(衣服、手套、帽子、护肩、鞋、腰带、项链、暗器、武魂、龙纹、令牌、豪侠印)上，使用后不可再镶嵌同类宝石。#r#G天机宝石	100000	1	-1	-1	-1	-1	-1	-1	-1	-1	-1	-1	-1	-1	-1	-1	-1	-1	-1	-1	-1	-1	-1	-1	-1	-1	-1	-1	-1	-1	-1	-1	-1	-1	-1	-1	-1	-1	135	-1	-1	-1	-1	-1	-1	-1	-1	-1	-1	-1	-1	-1	-1	-1	-1	-1	-1	-1	-1	-1	-1	-1	-1	-1	-1	-1	FFFFFF4C	天机宝石	8	2004	1
																																																																															
50321001	5	3	21	1	Gemjiankang_2	1	黄冥石(3级)	黄色的冥石，可以镶嵌在攻击性装备(武器、护腕、戒指、护符、项链、暗器)上，使用后不可再镶嵌同类宝石。#r可在楼兰（219，228）程咬铁处琢刻为黄冥晶石。琢刻后的宝石将可同时拥有忽略目标玄抗和玄攻击两种属性。#r#G无法将目标的抗性降低至负值#r#G胜利宝石	300000	2000	-1	-1	-1	-1	-1	-1	-1	-1	-1	-1	-1	-1	-1	-1	-1	-1	-1	-1	-1	-1	-1	-1	-1	-1	-1	-1	-1	-1	-1	-1	-1	-1	-1	-1	-1	-1	-1	-1	-1	-1	-1	-1	-1	-1	-1	-1	-1	-1	-1	-1	-1	-1	-1	-1	-1	-1	20	-1	-1	-1	-1	-1	-1	-1	FFFFFF66	胜利宝石	31	2004	1
50321002	5	3	21	2	Gemjiankang_14	1	蓝冥石(3级)	蓝色的冥石，可以镶嵌在攻击性装备(武器、护腕、戒指、护符、项链、暗器)上，使用后不可再镶嵌同类宝石。#r可在楼兰（219，228）程咬铁处琢刻为黄冥晶石。琢刻后的宝石将可同时拥有忽略目标玄抗和玄攻击两种属性。#r#G无法将目标的抗性降低至负值#r#G胜利宝石	300000	2000	-1	-1	-1	-1	-1	-1	-1	-1	-1	-1	-1	-1	-1	-1	-1	-1	-1	-1	-1	-1	-1	-1	-1	-1	-1	-1	-1	-1	-1	-1	-1	-1	-1	-1	-1	-1	-1	-1	-1	-1	-1	-1	-1	-1	-1	-1	-1	-1	-1	-1	-1	-1	-1	-1	20	-1	-1	-1	-1	-1	-1	-1	-1	-1	FFFFFF66	胜利宝石	32	2004	1
50321003	5	3	21	3	Gemjiankang_10	1	红冥石(3级)	红色的冥石，可以镶嵌在攻击性装备(武器、护腕、戒指、护符、项链、暗器)上，使用后不可再镶嵌同类宝石。#r可在楼兰（219，228）程咬铁处琢刻为黄冥晶石。琢刻后的宝石将可同时拥有忽略目标玄抗和玄攻击两种属性。#r#G无法将目标的抗性降低至负值#r#G胜利宝石	300000	2000	-1	-1	-1	-1	-1	-1	-1	-1	-1	-1	-1	-1	-1	-1	-1	-1	-1	-1	-1	-1	-1	-1	-1	-1	-1	-1	-1	-1	-1	-1	-1	-1	-1	-1	-1	-1	-1	-1	-1	-1	-1	-1	-1	-1	-1	-1	-1	-1	-1	-1	-1	-1	-1	-1	-1	20	-1	-1	-1	-1	-1	-1	-1	-1	FFFFFF66	胜利宝石	33	2004	1
50321004	5	3	21	4	Gemjiankang_6	1	绿冥石(3级)	绿色的冥石，可以镶嵌在攻击性装备(武器、护腕、戒指、护符、项链、暗器)上，使用后不可再镶嵌同类宝石。#r可在楼兰（219，228）程咬铁处琢刻为黄冥晶石。琢刻后的宝石将可同时拥有忽略目标玄抗和玄攻击两种属性。#r#G无法将目标的抗性降低至负值#r#G胜利宝石	300000	2000	-1	-1	-1	-1	-1	-1	-1	-1	-1	-1	-1	-1	-1	-1	-1	-1	-1	-1	-1	-1	-1	-1	-1	-1	-1	-1	-1	-1	-1	-1	-1	-1	-1	-1	-1	-1	-1	-1	-1	-1	-1	-1	-1	-1	-1	-1	-1	-1	-1	-1	-1	-1	-1	-1	-1	-1	-1	20	-1	-1	-1	-1	-1	-1	FFFFFF66	胜利宝石	34	2004	1
50321005	5	3	21	5	LiJinGemjiankang_2	75	黄冥石·红利(3级)	黄色的冥石，可以镶嵌在攻击性装备(武器、护腕、戒指、护符、项链、暗器、武魂、龙纹、令牌、豪侠印)上，使用后不可再镶嵌同类宝石。#r可在洛阳（280，322）彭怀玉、楼兰（279，198）克里木、束河古镇（134，85）荆嵌实处琢刻为黄冥晶石·红利。琢刻后的宝石将可同时拥有忽略目标玄抗和玄攻击两种属性。#r#G无法将目标的抗性降低至负值#r#G胜利宝石	300000	1	-1	-1	-1	-1	-1	-1	-1	-1	-1	-1	-1	-1	-1	-1	-1	-1	-1	-1	-1	-1	-1	-1	-1	-1	-1	-1	-1	-1	-1	-1	-1	-1	-1	-1	-1	-1	-1	-1	-1	-1	-1	-1	-1	-1	-1	-1	-1	-1	-1	-1	-1	-1	-1	-1	-1	-1	20	-1	-1	-1	-1	-1	-1	-1	FFFFFF66	胜利宝石	31	2004	1
50321006	5	3	21	6	LiJinGemjiankang_14	75	蓝冥石·红利(3级)	蓝色的冥石，可以镶嵌在攻击性装备(武器、护腕、戒指、护符、项链、暗器、武魂、龙纹、令牌、豪侠印)上，使用后不可再镶嵌同类宝石。#r可在洛阳（280，322）彭怀玉、楼兰（279，198）克里木、束河古镇（134，85）荆嵌实处琢刻为蓝冥晶石·红利。琢刻后的宝石将可同时拥有忽略目标冰抗和冰攻击两种属性。#r#G无法将目标的抗性降低至负值#r#G胜利宝石	300000	1	-1	-1	-1	-1	-1	-1	-1	-1	-1	-1	-1	-1	-1	-1	-1	-1	-1	-1	-1	-1	-1	-1	-1	-1	-1	-1	-1	-1	-1	-1	-1	-1	-1	-1	-1	-1	-1	-1	-1	-1	-1	-1	-1	-1	-1	-1	-1	-1	-1	-1	-1	-1	-1	-1	20	-1	-1	-1	-1	-1	-1	-1	-1	-1	FFFFFF66	胜利宝石	32	2004	1
50321007	5	3	21	7	LiJinGemjiankang_10	75	红冥石·红利(3级)	红色的冥石，可以镶嵌在攻击性装备(武器、护腕、戒指、护符、项链、暗器、武魂、龙纹、令牌、豪侠印)上，使用后不可再镶嵌同类宝石。#r可在洛阳（280，322）彭怀玉、楼兰（279，198）克里木、束河古镇（134，85）荆嵌实处琢刻为红冥晶石·红利。琢刻后的宝石将可同时拥有忽略目标火抗和火攻击两种属性。#r#G无法将目标的抗性降低至负值#r#G胜利宝石	300000	1	-1	-1	-1	-1	-1	-1	-1	-1	-1	-1	-1	-1	-1	-1	-1	-1	-1	-1	-1	-1	-1	-1	-1	-1	-1	-1	-1	-1	-1	-1	-1	-1	-1	-1	-1	-1	-1	-1	-1	-1	-1	-1	-1	-1	-1	-1	-1	-1	-1	-1	-1	-1	-1	-1	-1	20	-1	-1	-1	-1	-1	-1	-1	-1	FFFFFF66	胜利宝石	33	2004	1
50321008	5	3	21	8	LiJinGemjiankang_6	75	绿冥石·红利(3级)	绿色的冥石，可以镶嵌在攻击性装备(武器、护腕、戒指、护符、项链、暗器、武魂、龙纹、令牌、豪侠印)上，使用后不可再镶嵌同类宝石。#r可在洛阳（280，322）彭怀玉、楼兰（279，198）克里木、束河古镇（134，85）荆嵌实处琢刻为绿冥晶石·红利。琢刻后的宝石将可同时拥有忽略目标毒抗和毒攻击两种属性。#r#G无法将目标的抗性降低至负值#r#G胜利宝石	300000	1	-1	-1	-1	-1	-1	-1	-1	-1	-1	-1	-1	-1	-1	-1	-1	-1	-1	-1	-1	-1	-1	-1	-1	-1	-1	-1	-1	-1	-1	-1	-1	-1	-1	-1	-1	-1	-1	-1	-1	-1	-1	-1	-1	-1	-1	-1	-1	-1	-1	-1	-1	-1	-1	-1	-1	-1	-1	20	-1	-1	-1	-1	-1	-1	FFFFFF66	胜利宝石	34	2004	1
																																																																															
50321101	5	3	21	101	Gemzhuoke_4	1	黄冥晶石(3级·1级)	琢刻了纯净黄晶石后的黄冥石，可以镶嵌在攻击性装备(武器、护腕、戒指、护符、项链、暗器、武魂、百宝囊、百宝箱、坐骑)上，使用后不可再镶嵌同类宝石。#r#W可在洛阳（280，322）彭怀玉、楼兰（279，198）克里木、束河古镇（134，85）荆嵌实处进行#G琢刻分离#W。#r#G琢刻后的宝石无法进行合成操作#r#G无法将目标的抗性降低至负值#r#G胜利宝石	300000	2000	-1	-1	-1	-1	-1	-1	-1	-1	-1	-1	-1	-1	23	-1	-1	-1	-1	-1	-1	-1	-1	-1	-1	-1	-1	-1	-1	-1	-1	-1	-1	-1	-1	-1	-1	-1	-1	-1	-1	-1	-1	-1	-1	-1	-1	-1	-1	-1	-1	-1	-1	-1	-1	-1	-1	-1	20	-1	-1	-1	-1	-1	-1	-1	FFFFFF66	胜利宝石	31	2004	1
50321102	5	3	21	102	Gemzhuoke_4	1	黄冥晶石(3级·2级)	琢刻了纯净黄晶石后的黄冥石，可以镶嵌在攻击性装备(武器、护腕、戒指、护符、项链、暗器、武魂、百宝囊、百宝箱、坐骑)上，使用后不可再镶嵌同类宝石。#r#W可在洛阳（280，322）彭怀玉、楼兰（279，198）克里木、束河古镇（134，85）荆嵌实处进行#G琢刻分离#W。#r#G琢刻后的宝石无法进行合成操作#r#G无法将目标的抗性降低至负值#r#G胜利宝石	300000	2000	-1	-1	-1	-1	-1	-1	-1	-1	-1	-1	-1	-1	33	-1	-1	-1	-1	-1	-1	-1	-1	-1	-1	-1	-1	-1	-1	-1	-1	-1	-1	-1	-1	-1	-1	-1	-1	-1	-1	-1	-1	-1	-1	-1	-1	-1	-1	-1	-1	-1	-1	-1	-1	-1	-1	-1	20	-1	-1	-1	-1	-1	-1	-1	FFFFFF66	胜利宝石	31	2004	1
50321103	5	3	21	103	Gemzhuoke_4	1	黄冥晶石(3级·3级)	琢刻了纯净黄晶石后的黄冥石，可以镶嵌在攻击性装备(武器、护腕、戒指、护符、项链、暗器、武魂、百宝囊、百宝箱、坐骑)上，使用后不可再镶嵌同类宝石。#r#W可在洛阳（280，322）彭怀玉、楼兰（279，198）克里木、束河古镇（134，85）荆嵌实处进行#G琢刻分离#W。#r#G琢刻后的宝石无法进行合成操作#r#G无法将目标的抗性降低至负值#r#G胜利宝石	300000	2000	-1	-1	-1	-1	-1	-1	-1	-1	-1	-1	-1	-1	60	-1	-1	-1	-1	-1	-1	-1	-1	-1	-1	-1	-1	-1	-1	-1	-1	-1	-1	-1	-1	-1	-1	-1	-1	-1	-1	-1	-1	-1	-1	-1	-1	-1	-1	-1	-1	-1	-1	-1	-1	-1	-1	-1	20	-1	-1	-1	-1	-1	-1	-1	FFFFFF66	胜利宝石	31	2004	1
50321104	5	3	21	104	LiJinGemzhuoke_4	75	黄冥晶石·红利(3级·1级)	琢刻了纯净黄晶石·红利后的黄冥石·红利，可以镶嵌在攻击性装备(武器、护腕、戒指、护符、项链、暗器、武魂、龙纹、令牌、豪侠印)上，使用后不可再镶嵌同类宝石。#r#W可在洛阳（280，322）彭怀玉、楼兰（279，198）克里木、束河古镇（134，85）荆嵌实处进行#G琢刻分离#W。#r#G琢刻后的宝石无法进行合成操作#r#G无法将目标的抗性降低至负值#r#G胜利宝石	300000	2000	-1	-1	-1	-1	-1	-1	-1	-1	-1	-1	-1	-1	23	-1	-1	-1	-1	-1	-1	-1	-1	-1	-1	-1	-1	-1	-1	-1	-1	-1	-1	-1	-1	-1	-1	-1	-1	-1	-1	-1	-1	-1	-1	-1	-1	-1	-1	-1	-1	-1	-1	-1	-1	-1	-1	-1	20	-1	-1	-1	-1	-1	-1	-1	FFFFFF66	胜利宝石	31	2004	1
50321105	5	3	21	105	LiJinGemzhuoke_4	75	黄冥晶石·红利(3级·2级)	琢刻了纯净黄晶石·红利后的黄冥石·红利，可以镶嵌在攻击性装备(武器、护腕、戒指、护符、项链、暗器、武魂、龙纹、令牌、豪侠印)上，使用后不可再镶嵌同类宝石。#r#W可在洛阳（280，322）彭怀玉、楼兰（279，198）克里木、束河古镇（134，85）荆嵌实处进行#G琢刻分离#W。#r#G琢刻后的宝石无法进行合成操作#r#G无法将目标的抗性降低至负值#r#G胜利宝石	300000	2000	-1	-1	-1	-1	-1	-1	-1	-1	-1	-1	-1	-1	33	-1	-1	-1	-1	-1	-1	-1	-1	-1	-1	-1	-1	-1	-1	-1	-1	-1	-1	-1	-1	-1	-1	-1	-1	-1	-1	-1	-1	-1	-1	-1	-1	-1	-1	-1	-1	-1	-1	-1	-1	-1	-1	-1	20	-1	-1	-1	-1	-1	-1	-1	FFFFFF66	胜利宝石	31	2004	1
50321106	5	3	21	106	LiJinGemzhuoke_4	75	黄冥晶石·红利(3级·3级)	琢刻了纯净黄晶石·红利后的黄冥石·红利，可以镶嵌在攻击性装备(武器、护腕、戒指、护符、项链、暗器、武魂、龙纹、令牌、豪侠印)上，使用后不可再镶嵌同类宝石。#r#W可在洛阳（280，322）彭怀玉、楼兰（279，198）克里木、束河古镇（134，85）荆嵌实处进行#G琢刻分离#W。#r#G琢刻后的宝石无法进行合成操作#r#G无法将目标的抗性降低至负值#r#G胜利宝石	300000	2000	-1	-1	-1	-1	-1	-1	-1	-1	-1	-1	-1	-1	60	-1	-1	-1	-1	-1	-1	-1	-1	-1	-1	-1	-1	-1	-1	-1	-1	-1	-1	-1	-1	-1	-1	-1	-1	-1	-1	-1	-1	-1	-1	-1	-1	-1	-1	-1	-1	-1	-1	-1	-1	-1	-1	-1	20	-1	-1	-1	-1	-1	-1	-1	FFFFFF66	胜利宝石	31	2004	1
																																																																															
50321201	5	3	21	201	Gemzhuoke_7	1	蓝冥晶石(3级·1级)	琢刻了纯净蓝晶石后的蓝冥石，可以镶嵌在攻击性装备(武器、护腕、戒指、护符、项链、暗器、武魂、百宝囊、百宝箱、坐骑)上，使用后不可再镶嵌同类宝石。#r#W可在洛阳（280，322）彭怀玉、楼兰（279，198）克里木、束河古镇（134，85）荆嵌实处进行#G琢刻分离#W。#r#G琢刻后的宝石无法进行合成操作#r#G无法将目标的抗性降低至负值#r#G胜利宝石	300000	2000	-1	-1	-1	-1	-1	-1	23	-1	-1	-1	-1	-1	-1	-1	-1	-1	-1	-1	-1	-1	-1	-1	-1	-1	-1	-1	-1	-1	-1	-1	-1	-1	-1	-1	-1	-1	-1	-1	-1	-1	-1	-1	-1	-1	-1	-1	-1	-1	-1	-1	-1	-1	-1	-1	20	-1	-1	-1	-1	-1	-1	-1	-1	-1	FFFFFF66	胜利宝石	32	2004	1
50321202	5	3	21	202	Gemzhuoke_7	1	蓝冥晶石(3级·2级)	琢刻了纯净蓝晶石后的蓝冥石，可以镶嵌在攻击性装备(武器、护腕、戒指、护符、项链、暗器、武魂、百宝囊、百宝箱、坐骑)上，使用后不可再镶嵌同类宝石。#r#W可在洛阳（280，322）彭怀玉、楼兰（279，198）克里木、束河古镇（134，85）荆嵌实处进行#G琢刻分离#W。#r#G琢刻后的宝石无法进行合成操作#r#G无法将目标的抗性降低至负值#r#G胜利宝石	300000	2000	-1	-1	-1	-1	-1	-1	33	-1	-1	-1	-1	-1	-1	-1	-1	-1	-1	-1	-1	-1	-1	-1	-1	-1	-1	-1	-1	-1	-1	-1	-1	-1	-1	-1	-1	-1	-1	-1	-1	-1	-1	-1	-1	-1	-1	-1	-1	-1	-1	-1	-1	-1	-1	-1	20	-1	-1	-1	-1	-1	-1	-1	-1	-1	FFFFFF66	胜利宝石	32	2004	1
50321203	5	3	21	203	Gemzhuoke_7	1	蓝冥晶石(3级·3级)	琢刻了纯净蓝晶石后的蓝冥石，可以镶嵌在攻击性装备(武器、护腕、戒指、护符、项链、暗器、武魂、百宝囊、百宝箱、坐骑)上，使用后不可再镶嵌同类宝石。#r#W可在洛阳（280，322）彭怀玉、楼兰（279，198）克里木、束河古镇（134，85）荆嵌实处进行#G琢刻分离#W。#r#G琢刻后的宝石无法进行合成操作#r#G无法将目标的抗性降低至负值#r#G胜利宝石	300000	2000	-1	-1	-1	-1	-1	-1	60	-1	-1	-1	-1	-1	-1	-1	-1	-1	-1	-1	-1	-1	-1	-1	-1	-1	-1	-1	-1	-1	-1	-1	-1	-1	-1	-1	-1	-1	-1	-1	-1	-1	-1	-1	-1	-1	-1	-1	-1	-1	-1	-1	-1	-1	-1	-1	20	-1	-1	-1	-1	-1	-1	-1	-1	-1	FFFFFF66	胜利宝石	32	2004	1
50321204	5	3	21	204	LiJinGemzhuoke_7	75	蓝冥晶石·红利(3级·1级)	琢刻了纯净蓝晶石·红利后的蓝冥石·红利，可以镶嵌在攻击性装备(武器、护腕、戒指、护符、项链、暗器、武魂、龙纹、令牌、豪侠印)上，使用后不可再镶嵌同类宝石。#r#W可在洛阳（280，322）彭怀玉、楼兰（279，198）克里木、束河古镇（134，85）荆嵌实处进行#G琢刻分离#W。#r#G琢刻后的宝石无法进行合成操作#r#G无法将目标的抗性降低至负值#r#G胜利宝石	300000	2000	-1	-1	-1	-1	-1	-1	23	-1	-1	-1	-1	-1	-1	-1	-1	-1	-1	-1	-1	-1	-1	-1	-1	-1	-1	-1	-1	-1	-1	-1	-1	-1	-1	-1	-1	-1	-1	-1	-1	-1	-1	-1	-1	-1	-1	-1	-1	-1	-1	-1	-1	-1	-1	-1	20	-1	-1	-1	-1	-1	-1	-1	-1	-1	FFFFFF66	胜利宝石	32	2004	1
50321205	5	3	21	205	LiJinGemzhuoke_7	75	蓝冥晶石·红利(3级·2级)	琢刻了纯净蓝晶石·红利后的蓝冥石·红利，可以镶嵌在攻击性装备(武器、护腕、戒指、护符、项链、暗器、武魂、龙纹、令牌、豪侠印)上，使用后不可再镶嵌同类宝石。#r#W可在洛阳（280，322）彭怀玉、楼兰（279，198）克里木、束河古镇（134，85）荆嵌实处进行#G琢刻分离#W。#r#G琢刻后的宝石无法进行合成操作#r#G无法将目标的抗性降低至负值#r#G胜利宝石	300000	2000	-1	-1	-1	-1	-1	-1	33	-1	-1	-1	-1	-1	-1	-1	-1	-1	-1	-1	-1	-1	-1	-1	-1	-1	-1	-1	-1	-1	-1	-1	-1	-1	-1	-1	-1	-1	-1	-1	-1	-1	-1	-1	-1	-1	-1	-1	-1	-1	-1	-1	-1	-1	-1	-1	20	-1	-1	-1	-1	-1	-1	-1	-1	-1	FFFFFF66	胜利宝石	32	2004	1
50321206	5	3	21	206	LiJinGemzhuoke_7	75	蓝冥晶石·红利(3级·3级)	琢刻了纯净蓝晶石·红利后的蓝冥石·红利，可以镶嵌在攻击性装备(武器、护腕、戒指、护符、项链、暗器、武魂、龙纹、令牌、豪侠印)上，使用后不可再镶嵌同类宝石。#r#W可在洛阳（280，322）彭怀玉、楼兰（279，198）克里木、束河古镇（134，85）荆嵌实处进行#G琢刻分离#W。#r#G琢刻后的宝石无法进行合成操作#r#G无法将目标的抗性降低至负值#r#G胜利宝石	300000	2000	-1	-1	-1	-1	-1	-1	60	-1	-1	-1	-1	-1	-1	-1	-1	-1	-1	-1	-1	-1	-1	-1	-1	-1	-1	-1	-1	-1	-1	-1	-1	-1	-1	-1	-1	-1	-1	-1	-1	-1	-1	-1	-1	-1	-1	-1	-1	-1	-1	-1	-1	-1	-1	-1	20	-1	-1	-1	-1	-1	-1	-1	-1	-1	FFFFFF66	胜利宝石	32	2004	1
																																																																															
50321301	5	3	21	301	Gemzhuoke_1	1	红冥晶石(3级·1级)	琢刻了纯净红晶石后的红冥石，可以镶嵌在攻击性装备(武器、护腕、戒指、护符、项链、暗器、武魂、百宝囊、百宝箱、坐骑)上，使用后不可再镶嵌同类宝石。#r#W可在洛阳（280，322）彭怀玉、楼兰（279，198）克里木、束河古镇（134，85）荆嵌实处进行#G琢刻分离#W。#r#G琢刻后的宝石无法进行合成操作#r#G无法将目标的抗性降低至负值#r#G胜利宝石	300000	2000	-1	-1	-1	-1	-1	-1	-1	-1	-1	23	-1	-1	-1	-1	-1	-1	-1	-1	-1	-1	-1	-1	-1	-1	-1	-1	-1	-1	-1	-1	-1	-1	-1	-1	-1	-1	-1	-1	-1	-1	-1	-1	-1	-1	-1	-1	-1	-1	-1	-1	-1	-1	-1	-1	-1	20	-1	-1	-1	-1	-1	-1	-1	-1	FFFFFF66	胜利宝石	33	2004	1
50321302	5	3	21	302	Gemzhuoke_1	1	红冥晶石(3级·2级)	琢刻了纯净红晶石后的红冥石，可以镶嵌在攻击性装备(武器、护腕、戒指、护符、项链、暗器、武魂、百宝囊、百宝箱、坐骑)上，使用后不可再镶嵌同类宝石。#r#W可在洛阳（280，322）彭怀玉、楼兰（279，198）克里木、束河古镇（134，85）荆嵌实处进行#G琢刻分离#W。#r#G琢刻后的宝石无法进行合成操作#r#G无法将目标的抗性降低至负值#r#G胜利宝石	300000	2000	-1	-1	-1	-1	-1	-1	-1	-1	-1	33	-1	-1	-1	-1	-1	-1	-1	-1	-1	-1	-1	-1	-1	-1	-1	-1	-1	-1	-1	-1	-1	-1	-1	-1	-1	-1	-1	-1	-1	-1	-1	-1	-1	-1	-1	-1	-1	-1	-1	-1	-1	-1	-1	-1	-1	20	-1	-1	-1	-1	-1	-1	-1	-1	FFFFFF66	胜利宝石	33	2004	1
50321303	5	3	21	303	Gemzhuoke_1	1	红冥晶石(3级·3级)	琢刻了纯净红晶石后的红冥石，可以镶嵌在攻击性装备(武器、护腕、戒指、护符、项链、暗器、武魂、百宝囊、百宝箱、坐骑)上，使用后不可再镶嵌同类宝石。#r#W可在洛阳（280，322）彭怀玉、楼兰（279，198）克里木、束河古镇（134，85）荆嵌实处进行#G琢刻分离#W。#r#G琢刻后的宝石无法进行合成操作#r#G无法将目标的抗性降低至负值#r#G胜利宝石	300000	2000	-1	-1	-1	-1	-1	-1	-1	-1	-1	60	-1	-1	-1	-1	-1	-1	-1	-1	-1	-1	-1	-1	-1	-1	-1	-1	-1	-1	-1	-1	-1	-1	-1	-1	-1	-1	-1	-1	-1	-1	-1	-1	-1	-1	-1	-1	-1	-1	-1	-1	-1	-1	-1	-1	-1	20	-1	-1	-1	-1	-1	-1	-1	-1	FFFFFF66	胜利宝石	33	2004	1
50321304	5	3	21	304	LiJinGemzhuoke_1	75	红冥晶石·红利(3级·1级)	琢刻了纯净红晶石·红利后的红冥石·红利，可以镶嵌在攻击性装备(武器、护腕、戒指、护符、项链、暗器、武魂、龙纹、令牌、豪侠印)上，使用后不可再镶嵌同类宝石。#r#W可在洛阳（280，322）彭怀玉、楼兰（279，198）克里木、束河古镇（134，85）荆嵌实处进行#G琢刻分离#W。#r#G琢刻后的宝石无法进行合成操作#r#G无法将目标的抗性降低至负值#r#G胜利宝石	300000	2000	-1	-1	-1	-1	-1	-1	-1	-1	-1	23	-1	-1	-1	-1	-1	-1	-1	-1	-1	-1	-1	-1	-1	-1	-1	-1	-1	-1	-1	-1	-1	-1	-1	-1	-1	-1	-1	-1	-1	-1	-1	-1	-1	-1	-1	-1	-1	-1	-1	-1	-1	-1	-1	-1	-1	20	-1	-1	-1	-1	-1	-1	-1	-1	FFFFFF66	胜利宝石	33	2004	1
50321305	5	3	21	305	LiJinGemzhuoke_1	75	红冥晶石·红利(3级·2级)	琢刻了纯净红晶石·红利后的红冥石·红利，可以镶嵌在攻击性装备(武器、护腕、戒指、护符、项链、暗器、武魂、龙纹、令牌、豪侠印)上，使用后不可再镶嵌同类宝石。#r#W可在洛阳（280，322）彭怀玉、楼兰（279，198）克里木、束河古镇（134，85）荆嵌实处进行#G琢刻分离#W。#r#G琢刻后的宝石无法进行合成操作#r#G无法将目标的抗性降低至负值#r#G胜利宝石	300000	2000	-1	-1	-1	-1	-1	-1	-1	-1	-1	33	-1	-1	-1	-1	-1	-1	-1	-1	-1	-1	-1	-1	-1	-1	-1	-1	-1	-1	-1	-1	-1	-1	-1	-1	-1	-1	-1	-1	-1	-1	-1	-1	-1	-1	-1	-1	-1	-1	-1	-1	-1	-1	-1	-1	-1	20	-1	-1	-1	-1	-1	-1	-1	-1	FFFFFF66	胜利宝石	33	2004	1
50321306	5	3	21	306	LiJinGemzhuoke_1	75	红冥晶石·红利(3级·3级)	琢刻了纯净红晶石·红利后的红冥石·红利，可以镶嵌在攻击性装备(武器、护腕、戒指、护符、项链、暗器、武魂、龙纹、令牌、豪侠印)上，使用后不可再镶嵌同类宝石。#r#W可在洛阳（280，322）彭怀玉、楼兰（279，198）克里木、束河古镇（134，85）荆嵌实处进行#G琢刻分离#W。#r#G琢刻后的宝石无法进行合成操作#r#G无法将目标的抗性降低至负值#r#G胜利宝石	300000	2000	-1	-1	-1	-1	-1	-1	-1	-1	-1	60	-1	-1	-1	-1	-1	-1	-1	-1	-1	-1	-1	-1	-1	-1	-1	-1	-1	-1	-1	-1	-1	-1	-1	-1	-1	-1	-1	-1	-1	-1	-1	-1	-1	-1	-1	-1	-1	-1	-1	-1	-1	-1	-1	-1	-1	20	-1	-1	-1	-1	-1	-1	-1	-1	FFFFFF66	胜利宝石	33	2004	1
																																																																															
50321401	5	3	21	401	Gemzhuoke_10	1	绿冥晶石(3级·1级)	琢刻了纯净绿晶石后的绿冥石，可以镶嵌在攻击性装备(武器、护腕、戒指、护符、项链、暗器、武魂、百宝囊、百宝箱、坐骑)上，使用后不可再镶嵌同类宝石。#r#W可在洛阳（280，322）彭怀玉、楼兰（279，198）克里木、束河古镇（134，85）荆嵌实处进行#G琢刻分离#W。#r#G琢刻后的宝石无法进行合成操作#r#G无法将目标的抗性降低至负值#r#G胜利宝石	300000	2000	-1	-1	-1	-1	-1	-1	-1	-1	-1	-1	-1	-1	-1	-1	-1	23	-1	-1	-1	-1	-1	-1	-1	-1	-1	-1	-1	-1	-1	-1	-1	-1	-1	-1	-1	-1	-1	-1	-1	-1	-1	-1	-1	-1	-1	-1	-1	-1	-1	-1	-1	-1	-1	-1	-1	-1	-1	20	-1	-1	-1	-1	-1	-1	FFFFFF66	胜利宝石	34	2004	1
50321402	5	3	21	402	Gemzhuoke_10	1	绿冥晶石(3级·2级)	琢刻了纯净绿晶石后的绿冥石，可以镶嵌在攻击性装备(武器、护腕、戒指、护符、项链、暗器、武魂、百宝囊、百宝箱、坐骑)上，使用后不可再镶嵌同类宝石。#r#W可在洛阳（280，322）彭怀玉、楼兰（279，198）克里木、束河古镇（134，85）荆嵌实处进行#G琢刻分离#W。#r#G琢刻后的宝石无法进行合成操作#r#G无法将目标的抗性降低至负值#r#G胜利宝石	300000	2000	-1	-1	-1	-1	-1	-1	-1	-1	-1	-1	-1	-1	-1	-1	-1	33	-1	-1	-1	-1	-1	-1	-1	-1	-1	-1	-1	-1	-1	-1	-1	-1	-1	-1	-1	-1	-1	-1	-1	-1	-1	-1	-1	-1	-1	-1	-1	-1	-1	-1	-1	-1	-1	-1	-1	-1	-1	20	-1	-1	-1	-1	-1	-1	FFFFFF66	胜利宝石	34	2004	1
50321403	5	3	21	403	Gemzhuoke_10	1	绿冥晶石(3级·3级)	琢刻了纯净绿晶石后的绿冥石，可以镶嵌在攻击性装备(武器、护腕、戒指、护符、项链、暗器、武魂、百宝囊、百宝箱、坐骑)上，使用后不可再镶嵌同类宝石。#r#W可在洛阳（280，322）彭怀玉、楼兰（279，198）克里木、束河古镇（134，85）荆嵌实处进行#G琢刻分离#W。#r#G琢刻后的宝石无法进行合成操作#r#G无法将目标的抗性降低至负值#r#G胜利宝石	300000	2000	-1	-1	-1	-1	-1	-1	-1	-1	-1	-1	-1	-1	-1	-1	-1	60	-1	-1	-1	-1	-1	-1	-1	-1	-1	-1	-1	-1	-1	-1	-1	-1	-1	-1	-1	-1	-1	-1	-1	-1	-1	-1	-1	-1	-1	-1	-1	-1	-1	-1	-1	-1	-1	-1	-1	-1	-1	20	-1	-1	-1	-1	-1	-1	FFFFFF66	胜利宝石	34	2004	1
50321404	5	3	21	404	LiJinGemzhuoke_10	75	绿冥晶石·红利(3级·1级)	琢刻了纯净绿晶石·红利后的绿冥石·红利，可以镶嵌在攻击性装备(武器、护腕、戒指、护符、项链、暗器、武魂、龙纹、令牌、豪侠印)上，使用后不可再镶嵌同类宝石。#r#W可在洛阳（280，322）彭怀玉、楼兰（279，198）克里木、束河古镇（134，85）荆嵌实处进行#G琢刻分离#W。#r#G琢刻后的宝石无法进行合成操作#r#G无法将目标的抗性降低至负值#r#G胜利宝石	300000	2000	-1	-1	-1	-1	-1	-1	-1	-1	-1	-1	-1	-1	-1	-1	-1	23	-1	-1	-1	-1	-1	-1	-1	-1	-1	-1	-1	-1	-1	-1	-1	-1	-1	-1	-1	-1	-1	-1	-1	-1	-1	-1	-1	-1	-1	-1	-1	-1	-1	-1	-1	-1	-1	-1	-1	-1	-1	20	-1	-1	-1	-1	-1	-1	FFFFFF66	胜利宝石	34	2004	1
50321405	5	3	21	405	LiJinGemzhuoke_10	75	绿冥晶石·红利(3级·2级)	琢刻了纯净绿晶石·红利后的绿冥石·红利，可以镶嵌在攻击性装备(武器、护腕、戒指、护符、项链、暗器、武魂、龙纹、令牌、豪侠印)上，使用后不可再镶嵌同类宝石。#r#W可在洛阳（280，322）彭怀玉、楼兰（279，198）克里木、束河古镇（134，85）荆嵌实处进行#G琢刻分离#W。#r#G琢刻后的宝石无法进行合成操作#r#G无法将目标的抗性降低至负值#r#G胜利宝石	300000	2000	-1	-1	-1	-1	-1	-1	-1	-1	-1	-1	-1	-1	-1	-1	-1	33	-1	-1	-1	-1	-1	-1	-1	-1	-1	-1	-1	-1	-1	-1	-1	-1	-1	-1	-1	-1	-1	-1	-1	-1	-1	-1	-1	-1	-1	-1	-1	-1	-1	-1	-1	-1	-1	-1	-1	-1	-1	20	-1	-1	-1	-1	-1	-1	FFFFFF66	胜利宝石	34	2004	1
50321406	5	3	21	406	LiJinGemzhuoke_10	75	绿冥晶石·红利(3级·3级)	琢刻了纯净绿晶石·红利后的绿冥石·红利，可以镶嵌在攻击性装备(武器、护腕、戒指、护符、项链、暗器、武魂、龙纹、令牌、豪侠印)上，使用后不可再镶嵌同类宝石。#r#W可在洛阳（280，322）彭怀玉、楼兰（279，198）克里木、束河古镇（134，85）荆嵌实处进行#G琢刻分离#W。#r#G琢刻后的宝石无法进行合成操作#r#G无法将目标的抗性降低至负值#r#G胜利宝石	300000	2000	-1	-1	-1	-1	-1	-1	-1	-1	-1	-1	-1	-1	-1	-1	-1	60	-1	-1	-1	-1	-1	-1	-1	-1	-1	-1	-1	-1	-1	-1	-1	-1	-1	-1	-1	-1	-1	-1	-1	-1	-1	-1	-1	-1	-1	-1	-1	-1	-1	-1	-1	-1	-1	-1	-1	-1	-1	20	-1	-1	-1	-1	-1	-1	FFFFFF66	胜利宝石	34	2004	1
																																																																															
50401001	5	4	1	1	Gem3_2_4	1	猫眼石(4级)	像猫眼一样的宝石，可以镶嵌在攻击性装备(武器、护腕、戒指、护符、项链、暗器、武魂、龙纹、令牌、豪侠印)上，使用后不可再镶嵌同类宝石。#r#G希望宝石	50000	1000	-1	-1	-1	-1	-1	-1	-1	-1	-1	-1	-1	-1	-1	-1	-1	-1	-1	-1	-1	-1	-1	-1	-1	-1	-1	-1	738	-1	-1	-1	-1	-1	-1	-1	-1	-1	-1	-1	-1	-1	-1	-1	-1	-1	-1	-1	-1	-1	-1	-1	-1	-1	-1	-1	-1	-1	-1	-1	-1	-1	-1	-1	-1	-1	FFFFFF7F	希望宝石	1	2004	1
50401002	5	4	1	2	Gem3_1_1	1	虎眼石(4级)	像虎眼一样的宝石，可以镶嵌在攻击性装备(武器、护腕、戒指、护符、项链、暗器、武魂、龙纹、令牌、豪侠印)上，使用后不可再镶嵌同类宝石。#r#G希望宝石	50000	1000	-1	-1	-1	-1	-1	-1	-1	-1	-1	-1	-1	-1	-1	-1	-1	-1	-1	-1	-1	738	-1	-1	-1	-1	-1	-1	-1	-1	-1	-1	-1	-1	-1	-1	-1	-1	-1	-1	-1	-1	-1	-1	-1	-1	-1	-1	-1	-1	-1	-1	-1	-1	-1	-1	-1	-1	-1	-1	-1	-1	-1	-1	-1	-1	FFFFFF7F	希望宝石	2	2004	1
50401003	5	4	1	3	LiJinGem3_2_4	75	猫眼石·红利(4级)	像猫眼一样的宝石，可以镶嵌在攻击性装备(武器、护腕、戒指、护符、项链、暗器、武魂、龙纹、令牌、豪侠印)上，使用后不可再镶嵌同类宝石。#r#G希望宝石	50000	1	-1	-1	-1	-1	-1	-1	-1	-1	-1	-1	-1	-1	-1	-1	-1	-1	-1	-1	-1	-1	-1	-1	-1	-1	-1	-1	738	-1	-1	-1	-1	-1	-1	-1	-1	-1	-1	-1	-1	-1	-1	-1	-1	-1	-1	-1	-1	-1	-1	-1	-1	-1	-1	-1	-1	-1	-1	-1	-1	-1	-1	-1	-1	-1	FFFFFF7F	希望宝石	1	2004	1
50401004	5	4	1	4	LiJinGem3_1_1	75	虎眼石·红利(4级)	像虎眼一样的宝石，可以镶嵌在攻击性装备(武器、护腕、戒指、护符、项链、暗器、武魂、龙纹、令牌、豪侠印)上，使用后不可再镶嵌同类宝石。#r#G希望宝石	50000	1	-1	-1	-1	-1	-1	-1	-1	-1	-1	-1	-1	-1	-1	-1	-1	-1	-1	-1	-1	738	-1	-1	-1	-1	-1	-1	-1	-1	-1	-1	-1	-1	-1	-1	-1	-1	-1	-1	-1	-1	-1	-1	-1	-1	-1	-1	-1	-1	-1	-1	-1	-1	-1	-1	-1	-1	-1	-1	-1	-1	-1	-1	-1	-1	FFFFFF7F	希望宝石	2	2004	1
50402001	5	4	2	1	Gem3_1_3	1	黄晶石(4级)	黄色的晶石，可以镶嵌在攻击性装备(武器、护腕、戒指、护符、项链、暗器、武魂、龙纹、令牌、豪侠印)上，使用后不可再镶嵌同类宝石。#r#G智慧宝石#W#r可在#G洛阳（280，322）#R宝石工匠彭怀玉#W或#G楼兰（279，198）#R宝石工匠克里木#W处使用#G4级宝石雕琢符#W提升宝石属性。#r#cff9900本宝石只能雕琢一次。#r#W使用三颗雕琢后的宝石，和一个#G宝石熔炼符#W，能够熔炼成一颗对应的同等级胜利宝石。	150000	1000	-1	-1	-1	-1	-1	-1	-1	-1	-1	-1	-1	-1	25	-1	-1	-1	-1	-1	-1	-1	-1	-1	-1	-1	-1	-1	-1	-1	-1	-1	-1	-1	-1	-1	-1	-1	-1	-1	-1	-1	-1	-1	-1	-1	-1	-1	-1	-1	-1	-1	-1	-1	-1	-1	-1	-1	-1	-1	-1	-1	-1	-1	-1	-1	FFFFFF7F	智慧宝石	3	2004	1
50402002	5	4	2	2	Gem3_1_4	1	蓝晶石(4级)	蓝色的晶石，可以镶嵌在攻击性装备(武器、护腕、戒指、护符、项链、暗器、武魂、龙纹、令牌、豪侠印)上，使用后不可再镶嵌同类宝石。#r#G智慧宝石#W#r可在#G洛阳（280，322）#R宝石工匠彭怀玉#W或#G楼兰（279，198）#R宝石工匠克里木#W处使用#G4级宝石雕琢符#W提升宝石属性。#r#cff9900本宝石只能雕琢一次。#r#W使用三颗雕琢后的宝石，和一个#G宝石熔炼符#W，能够熔炼成一颗对应的同等级胜利宝石。	150000	1000	-1	-1	-1	-1	-1	-1	25	-1	-1	-1	-1	-1	-1	-1	-1	-1	-1	-1	-1	-1	-1	-1	-1	-1	-1	-1	-1	-1	-1	-1	-1	-1	-1	-1	-1	-1	-1	-1	-1	-1	-1	-1	-1	-1	-1	-1	-1	-1	-1	-1	-1	-1	-1	-1	-1	-1	-1	-1	-1	-1	-1	-1	-1	-1	FFFFFF7F	智慧宝石	4	2004	1
50402003	5	4	2	3	Gem3_1_5	1	红晶石(4级)	红色的晶石，可以镶嵌在攻击性装备(武器、护腕、戒指、护符、项链、暗器、武魂、龙纹、令牌、豪侠印)上，使用后不可再镶嵌同类宝石。#r#G智慧宝石#W#r可在#G洛阳（280，322）#R宝石工匠彭怀玉#W或#G楼兰（279，198）#R宝石工匠克里木#W处使用#G4级宝石雕琢符#W提升宝石属性。#r#cff9900本宝石只能雕琢一次。#r#W使用三颗雕琢后的宝石，和一个#G宝石熔炼符#W，能够熔炼成一颗对应的同等级胜利宝石。	150000	1000	-1	-1	-1	-1	-1	-1	-1	-1	-1	25	-1	-1	-1	-1	-1	-1	-1	-1	-1	-1	-1	-1	-1	-1	-1	-1	-1	-1	-1	-1	-1	-1	-1	-1	-1	-1	-1	-1	-1	-1	-1	-1	-1	-1	-1	-1	-1	-1	-1	-1	-1	-1	-1	-1	-1	-1	-1	-1	-1	-1	-1	-1	-1	-1	FFFFFF7F	智慧宝石	5	2004	1
50402004	5	4	2	4	Gem3_1_6	1	绿晶石(4级)	绿色的晶石，可以镶嵌在攻击性装备(武器、护腕、戒指、护符、项链、暗器、武魂、龙纹、令牌、豪侠印)上，使用后不可再镶嵌同类宝石。#r#G智慧宝石#W#r可在#G洛阳（280，322）#R宝石工匠彭怀玉#W或#G楼兰（279，198）#R宝石工匠克里木#W处使用#G4级宝石雕琢符#W提升宝石属性。#r#cff9900本宝石只能雕琢一次。#r#W使用三颗雕琢后的宝石，和一个#G宝石熔炼符#W，能够熔炼成一颗对应的同等级胜利宝石。	150000	1000	-1	-1	-1	-1	-1	-1	-1	-1	-1	-1	-1	-1	-1	-1	-1	25	-1	-1	-1	-1	-1	-1	-1	-1	-1	-1	-1	-1	-1	-1	-1	-1	-1	-1	-1	-1	-1	-1	-1	-1	-1	-1	-1	-1	-1	-1	-1	-1	-1	-1	-1	-1	-1	-1	-1	-1	-1	-1	-1	-1	-1	-1	-1	-1	FFFFFF7F	智慧宝石	6	2004	1
50402005	5	4	2	5	Gem3_2_5	1	纯净黄晶石(4级)	纯净的黄晶石，可以镶嵌在攻击性装备(武器、护腕、戒指、护符、项链、暗器、武魂、龙纹、令牌、豪侠印)上，使用后不可再镶嵌同类宝石。#r可在洛阳（280，322）彭怀玉、楼兰（279，198）克里木、束河古镇（134，85）荆嵌实处，将四颗此种宝石琢刻至4级及以上等级的黄冥石之上。琢刻后的黄冥晶石将可同时拥有忽略目标玄抗及玄攻击效果。#r#G智慧宝石#r#cff9900雕琢过的宝石不能再雕琢。#r#W使用三颗此种宝石，和一个#G宝石熔炼符#W，能够熔炼成一颗对应的同等级胜利宝石。#r在#G帮会城市#W做#G炼金任务#W时，会有一定几率获得#G宝石熔炼符#W。	300000	2000	-1	-1	-1	-1	-1	-1	-1	-1	-1	-1	-1	-1	60	-1	-1	-1	-1	-1	-1	-1	-1	-1	-1	-1	-1	-1	-1	-1	-1	-1	-1	-1	-1	-1	-1	-1	-1	-1	-1	-1	-1	-1	-1	-1	-1	-1	-1	-1	-1	-1	-1	-1	-1	-1	-1	-1	-1	-1	-1	-1	-1	-1	-1	-1	FFFFFF7F	智慧宝石	14	2004	1
50402006	5	4	2	6	Gem3_2_9	1	纯净蓝晶石(4级)	纯净的蓝晶石，可以镶嵌在攻击性装备(武器、护腕、戒指、护符、项链、暗器、武魂、龙纹、令牌、豪侠印)上，使用后不可再镶嵌同类宝石。#r可在洛阳（280，322）彭怀玉、楼兰（279，198）克里木、束河古镇（134，85）荆嵌实处，将四颗此种宝石琢刻至4级及以上等级的蓝冥石之上。琢刻后的蓝冥晶石将可同时拥有忽略目标冰抗及冰攻击效果。#r#G智慧宝石#r#cff9900雕琢过的宝石不能再雕琢。#r#W使用三颗此种宝石，和一个#G宝石熔炼符#W，能够熔炼成一颗对应的同等级胜利宝石。#r在#G帮会城市#W做#G炼金任务#W时，会有一定几率获得#G宝石熔炼符#W。	300000	2000	-1	-1	-1	-1	-1	-1	60	-1	-1	-1	-1	-1	-1	-1	-1	-1	-1	-1	-1	-1	-1	-1	-1	-1	-1	-1	-1	-1	-1	-1	-1	-1	-1	-1	-1	-1	-1	-1	-1	-1	-1	-1	-1	-1	-1	-1	-1	-1	-1	-1	-1	-1	-1	-1	-1	-1	-1	-1	-1	-1	-1	-1	-1	-1	FFFFFF7F	智慧宝石	15	2004	1
50402007	5	4	2	7	Gem3_2_13	1	纯净红晶石(4级)	纯净的红晶石，可以镶嵌在攻击性装备(武器、护腕、戒指、护符、项链、暗器、武魂、龙纹、令牌、豪侠印)上，使用后不可再镶嵌同类宝石。#r可在洛阳（280，322）彭怀玉、楼兰（279，198）克里木、束河古镇（134，85）荆嵌实处，将四颗此种宝石琢刻至4级及以上等级的红冥石之上。琢刻后的红冥晶石将可同时拥有忽略目标火抗及火攻击效果。#r#G智慧宝石#r#cff9900雕琢过的宝石不能再雕琢。#r#W使用三颗此种宝石，和一个#G宝石熔炼符#W，能够熔炼成一颗对应的同等级胜利宝石。#r在#G帮会城市#W做#G炼金任务#W时，会有一定几率获得#G宝石熔炼符#W。	300000	2000	-1	-1	-1	-1	-1	-1	-1	-1	-1	60	-1	-1	-1	-1	-1	-1	-1	-1	-1	-1	-1	-1	-1	-1	-1	-1	-1	-1	-1	-1	-1	-1	-1	-1	-1	-1	-1	-1	-1	-1	-1	-1	-1	-1	-1	-1	-1	-1	-1	-1	-1	-1	-1	-1	-1	-1	-1	-1	-1	-1	-1	-1	-1	-1	FFFFFF7F	智慧宝石	16	2004	1
50402008	5	4	2	8	Gem3_2_6	1	纯净绿晶石(4级)	纯净的绿晶石，可以镶嵌在攻击性装备(武器、护腕、戒指、护符、项链、暗器、武魂、龙纹、令牌、豪侠印)上，使用后不可再镶嵌同类宝石。#r可在洛阳（280，322）彭怀玉、楼兰（279，198）克里木、束河古镇（134，85）荆嵌实处，将四颗此种宝石琢刻至4级及以上等级的绿冥石之上。琢刻后的绿冥晶石将可同时拥有忽略目标毒抗及毒攻击效果。#r#G智慧宝石#r#cff9900雕琢过的宝石不能再雕琢。#r#W使用三颗此种宝石，和一个#G宝石熔炼符#W，能够熔炼成一颗对应的同等级胜利宝石。#r在#G帮会城市#W做#G炼金任务#W时，会有一定几率获得#G宝石熔炼符#W。	300000	2000	-1	-1	-1	-1	-1	-1	-1	-1	-1	-1	-1	-1	-1	-1	-1	60	-1	-1	-1	-1	-1	-1	-1	-1	-1	-1	-1	-1	-1	-1	-1	-1	-1	-1	-1	-1	-1	-1	-1	-1	-1	-1	-1	-1	-1	-1	-1	-1	-1	-1	-1	-1	-1	-1	-1	-1	-1	-1	-1	-1	-1	-1	-1	-1	FFFFFF7F	智慧宝石	17	2004	1
50402009	5	4	2	9	LiJinGem3_1_3	75	黄晶石·红利(4级)	黄色的晶石，可以镶嵌在攻击性装备(武器、护腕、戒指、护符、项链、暗器、武魂、龙纹、令牌、豪侠印)上，使用后不可再镶嵌同类宝石。#r#G智慧宝石#W#r可在#G洛阳（280，322）#R宝石工匠彭怀玉#W或#G楼兰（279，198）#R宝石工匠克里木#W处使用#G4级宝石雕琢符#W提升宝石属性。#r#cff9900本宝石只能雕琢一次。#r#W使用三颗雕琢后的宝石，和一个#G宝石熔炼符#W，能够熔炼成一颗对应的同等级胜利宝石。	150000	1	-1	-1	-1	-1	-1	-1	-1	-1	-1	-1	-1	-1	25	-1	-1	-1	-1	-1	-1	-1	-1	-1	-1	-1	-1	-1	-1	-1	-1	-1	-1	-1	-1	-1	-1	-1	-1	-1	-1	-1	-1	-1	-1	-1	-1	-1	-1	-1	-1	-1	-1	-1	-1	-1	-1	-1	-1	-1	-1	-1	-1	-1	-1	-1	FFFFFF7F	智慧宝石	3	2004	1
50402010	5	4	2	10	LiJinGem3_1_4	75	蓝晶石·红利(4级)	蓝色的晶石，可以镶嵌在攻击性装备(武器、护腕、戒指、护符、项链、暗器、武魂、龙纹、令牌、豪侠印)上，使用后不可再镶嵌同类宝石。#r#G智慧宝石#W#r可在#G洛阳（280，322）#R宝石工匠彭怀玉#W或#G楼兰（279，198）#R宝石工匠克里木#W处使用#G4级宝石雕琢符#W提升宝石属性。#r#cff9900本宝石只能雕琢一次。#r#W使用三颗雕琢后的宝石，和一个#G宝石熔炼符#W，能够熔炼成一颗对应的同等级胜利宝石。	150000	1	-1	-1	-1	-1	-1	-1	25	-1	-1	-1	-1	-1	-1	-1	-1	-1	-1	-1	-1	-1	-1	-1	-1	-1	-1	-1	-1	-1	-1	-1	-1	-1	-1	-1	-1	-1	-1	-1	-1	-1	-1	-1	-1	-1	-1	-1	-1	-1	-1	-1	-1	-1	-1	-1	-1	-1	-1	-1	-1	-1	-1	-1	-1	-1	FFFFFF7F	智慧宝石	4	2004	1
50402011	5	4	2	11	LiJinGem3_1_5	75	红晶石·红利(4级)	红色的晶石，可以镶嵌在攻击性装备(武器、护腕、戒指、护符、项链、暗器、武魂、龙纹、令牌、豪侠印)上，使用后不可再镶嵌同类宝石。#r#G智慧宝石#W#r可在#G洛阳（280，322）#R宝石工匠彭怀玉#W或#G楼兰（279，198）#R宝石工匠克里木#W处使用#G4级宝石雕琢符#W提升宝石属性。#r#cff9900本宝石只能雕琢一次。#r#W使用三颗雕琢后的宝石，和一个#G宝石熔炼符#W，能够熔炼成一颗对应的同等级胜利宝石。	150000	1	-1	-1	-1	-1	-1	-1	-1	-1	-1	25	-1	-1	-1	-1	-1	-1	-1	-1	-1	-1	-1	-1	-1	-1	-1	-1	-1	-1	-1	-1	-1	-1	-1	-1	-1	-1	-1	-1	-1	-1	-1	-1	-1	-1	-1	-1	-1	-1	-1	-1	-1	-1	-1	-1	-1	-1	-1	-1	-1	-1	-1	-1	-1	-1	FFFFFF7F	智慧宝石	5	2004	1
50402012	5	4	2	12	LiJinGem3_1_6	75	绿晶石·红利(4级)	绿色的晶石，可以镶嵌在攻击性装备(武器、护腕、戒指、护符、项链、暗器、武魂、龙纹、令牌、豪侠印)上，使用后不可再镶嵌同类宝石。#r#G智慧宝石#W#r可在#G洛阳（280，322）#R宝石工匠彭怀玉#W或#G楼兰（279，198）#R宝石工匠克里木#W处使用#G4级宝石雕琢符#W提升宝石属性。#r#cff9900本宝石只能雕琢一次。#r#W使用三颗雕琢后的宝石，和一个#G宝石熔炼符#W，能够熔炼成一颗对应的同等级胜利宝石。	150000	1	-1	-1	-1	-1	-1	-1	-1	-1	-1	-1	-1	-1	-1	-1	-1	25	-1	-1	-1	-1	-1	-1	-1	-1	-1	-1	-1	-1	-1	-1	-1	-1	-1	-1	-1	-1	-1	-1	-1	-1	-1	-1	-1	-1	-1	-1	-1	-1	-1	-1	-1	-1	-1	-1	-1	-1	-1	-1	-1	-1	-1	-1	-1	-1	FFFFFF7F	智慧宝石	6	2004	1
50402013	5	4	2	13	LiJinGem3_2_5	75	纯净黄晶石·红利(4级)	纯净的黄晶石，可以镶嵌在攻击性装备(武器、护腕、戒指、护符、项链、暗器、武魂、龙纹、令牌、豪侠印)上，使用后不可再镶嵌同类宝石。#r可在洛阳（280，322）彭怀玉、楼兰（279，198）克里木、束河古镇（134，85）荆嵌实处，将四颗此种宝石琢刻至4级及以上等级的黄冥石·红利之上。琢刻后的黄冥晶石·红利将可同时拥有忽略目标玄抗及玄攻击效果。#r#G智慧宝石#r#cff9900雕琢过的宝石不能再雕琢。#r#W使用三颗此种宝石，和一个#G宝石熔炼符#W，能够熔炼成一颗对应的同等级胜利宝石。#r在#G帮会城市#W做#G炼金任务#W时，会有一定几率获得#G宝石熔炼符#W。	300000	1	-1	-1	-1	-1	-1	-1	-1	-1	-1	-1	-1	-1	60	-1	-1	-1	-1	-1	-1	-1	-1	-1	-1	-1	-1	-1	-1	-1	-1	-1	-1	-1	-1	-1	-1	-1	-1	-1	-1	-1	-1	-1	-1	-1	-1	-1	-1	-1	-1	-1	-1	-1	-1	-1	-1	-1	-1	-1	-1	-1	-1	-1	-1	-1	FFFFFF7F	智慧宝石	14	2004	1
50402014	5	4	2	14	LiJinGem3_2_9	75	纯净蓝晶石·红利(4级)	纯净的蓝晶石，可以镶嵌在攻击性装备(武器、护腕、戒指、护符、项链、暗器、武魂、龙纹、令牌、豪侠印)上，使用后不可再镶嵌同类宝石。#r可在洛阳（280，322）彭怀玉、楼兰（279，198）克里木、束河古镇（134，85）荆嵌实处，将四颗此种宝石琢刻至4级及以上等级的蓝冥石·红利之上。琢刻后的蓝冥晶石·红利将可同时拥有忽略目标冰抗及冰攻击效果。#r#G智慧宝石#r#cff9900雕琢过的宝石不能再雕琢。#r#W使用三颗此种宝石，和一个#G宝石熔炼符#W，能够熔炼成一颗对应的同等级胜利宝石。#r在#G帮会城市#W做#G炼金任务#W时，会有一定几率获得#G宝石熔炼符#W。	300000	1	-1	-1	-1	-1	-1	-1	60	-1	-1	-1	-1	-1	-1	-1	-1	-1	-1	-1	-1	-1	-1	-1	-1	-1	-1	-1	-1	-1	-1	-1	-1	-1	-1	-1	-1	-1	-1	-1	-1	-1	-1	-1	-1	-1	-1	-1	-1	-1	-1	-1	-1	-1	-1	-1	-1	-1	-1	-1	-1	-1	-1	-1	-1	-1	FFFFFF7F	智慧宝石	15	2004	1
50402015	5	4	2	15	LiJinGem3_2_13	75	纯净红晶石·红利(4级)	纯净的红晶石，可以镶嵌在攻击性装备(武器、护腕、戒指、护符、项链、暗器、武魂、龙纹、令牌、豪侠印)上，使用后不可再镶嵌同类宝石。#r可在洛阳（280，322）彭怀玉、楼兰（279，198）克里木、束河古镇（134，85）荆嵌实处，将四颗此种宝石琢刻至4级及以上等级的红冥石·红利之上。琢刻后的红冥晶石·红利将可同时拥有忽略目标火抗及火攻击效果。#r#G智慧宝石#r#cff9900雕琢过的宝石不能再雕琢。#r#W使用三颗此种宝石，和一个#G宝石熔炼符#W，能够熔炼成一颗对应的同等级胜利宝石。#r在#G帮会城市#W做#G炼金任务#W时，会有一定几率获得#G宝石熔炼符#W。	300000	1	-1	-1	-1	-1	-1	-1	-1	-1	-1	60	-1	-1	-1	-1	-1	-1	-1	-1	-1	-1	-1	-1	-1	-1	-1	-1	-1	-1	-1	-1	-1	-1	-1	-1	-1	-1	-1	-1	-1	-1	-1	-1	-1	-1	-1	-1	-1	-1	-1	-1	-1	-1	-1	-1	-1	-1	-1	-1	-1	-1	-1	-1	-1	-1	FFFFFF7F	智慧宝石	16	2004	1
50402016	5	4	2	16	LiJinGem3_2_6	75	纯净绿晶石·红利(4级)	纯净的绿晶石，可以镶嵌在攻击性装备(武器、护腕、戒指、护符、项链、暗器、武魂、龙纹、令牌、豪侠印)上，使用后不可再镶嵌同类宝石。#r可在洛阳（280，322）彭怀玉、楼兰（279，198）克里木、束河古镇（134，85）荆嵌实处，将四颗此种宝石琢刻至4级及以上等级的绿冥石·红利之上。琢刻后的绿冥晶石·红利将可同时拥有忽略目标毒抗及毒攻击效果。#r#G智慧宝石#r#cff9900雕琢过的宝石不能再雕琢。#r#W使用三颗此种宝石，和一个#G宝石熔炼符#W，能够熔炼成一颗对应的同等级胜利宝石。#r在#G帮会城市#W做#G炼金任务#W时，会有一定几率获得#G宝石熔炼符#W。	300000	1	-1	-1	-1	-1	-1	-1	-1	-1	-1	-1	-1	-1	-1	-1	-1	60	-1	-1	-1	-1	-1	-1	-1	-1	-1	-1	-1	-1	-1	-1	-1	-1	-1	-1	-1	-1	-1	-1	-1	-1	-1	-1	-1	-1	-1	-1	-1	-1	-1	-1	-1	-1	-1	-1	-1	-1	-1	-1	-1	-1	-1	-1	-1	-1	FFFFFF7F	智慧宝石	17	2004	1
50403001	5	4	3	1	Gem3_1_2	1	紫玉(4级)	紫色玉石，可以镶嵌在攻击性装备(武器、护腕、戒指、护符、项链、暗器、武魂、龙纹、令牌、豪侠印)上，使用后不可再镶嵌同类宝石。#r#G玄微宝石	100000	1000	-1	-1	-1	-1	-1	-1	-1	-1	-1	-1	-1	-1	-1	-1	-1	-1	-1	-1	-1	-1	-1	-1	-1	-1	-1	-1	-1	-1	-1	-1	-1	-1	-1	-1	-1	821	-1	-1	-1	-1	-1	-1	-1	-1	-1	-1	-1	-1	-1	-1	-1	-1	-1	-1	-1	-1	-1	-1	-1	-1	-1	-1	-1	-1	FFFFFF7F	玄微宝石	7	2004	1
50403002	5	4	3	2	LiJinGem3_1_2	75	紫玉·红利(4级)	紫色玉石，可以镶嵌在攻击性装备(武器、护腕、戒指、护符、项链、暗器、武魂、龙纹、令牌、豪侠印)上，使用后不可再镶嵌同类宝石。#r#G玄微宝石	100000	1	-1	-1	-1	-1	-1	-1	-1	-1	-1	-1	-1	-1	-1	-1	-1	-1	-1	-1	-1	-1	-1	-1	-1	-1	-1	-1	-1	-1	-1	-1	-1	-1	-1	-1	-1	821	-1	-1	-1	-1	-1	-1	-1	-1	-1	-1	-1	-1	-1	-1	-1	-1	-1	-1	-1	-1	-1	-1	-1	-1	-1	-1	-1	-1	FFFFFF7F	玄微宝石	7	2004	1
50404002	5	4	4	2	Gem3_1_8	1	变石(4级)	在阳光下呈绿色，在烛光下呈红色，可变色的宝石，可以镶嵌在攻击性装备(武器、护腕、戒指、护符、项链、暗器、武魂、龙纹、令牌、豪侠印)上，使用后不可再镶嵌同类宝石。#r#G幻冥宝石	250000	1000	-1	-1	-1	-1	-1	-1	-1	-1	-1	-1	-1	-1	-1	-1	-1	-1	-1	-1	-1	-1	-1	-1	-1	-1	-1	-1	-1	-1	-1	-1	-1	-1	-1	-1	-1	-1	-1	5	-1	-1	-1	-1	-1	-1	-1	-1	-1	-1	-1	-1	-1	-1	-1	-1	-1	-1	-1	-1	-1	-1	-1	-1	-1	-1	FFFFFF7F	幻冥宝石	8	2004	1
50404003	5	4	4	3	LiJinGem3_1_8	75	变石·红利(4级)	在阳光下呈绿色，在烛光下呈红色，可变色的宝石，可以镶嵌在攻击性装备(武器、护腕、戒指、护符、项链、暗器、武魂、龙纹、令牌、豪侠印)上，使用后不可再镶嵌同类宝石。#r#G幻冥宝石	250000	1	-1	-1	-1	-1	-1	-1	-1	-1	-1	-1	-1	-1	-1	-1	-1	-1	-1	-1	-1	-1	-1	-1	-1	-1	-1	-1	-1	-1	-1	-1	-1	-1	-1	-1	-1	-1	-1	5	-1	-1	-1	-1	-1	-1	-1	-1	-1	-1	-1	-1	-1	-1	-1	-1	-1	-1	-1	-1	-1	-1	-1	-1	-1	-1	FFFFFF7F	幻冥宝石	8	2004	1
50406001	5	4	6	1	Gem3_2_4	1	猫眼石(4级)	像猫眼一样的宝石，可以镶嵌在攻击性装备(武器、护腕、戒指、护符、项链、暗器、武魂、龙纹、令牌、豪侠印)上，使用后不可再镶嵌同类宝石。#r#G希望宝石	50000	1000	-1	-1	-1	-1	-1	-1	-1	-1	-1	-1	-1	-1	-1	-1	-1	-1	-1	-1	-1	-1	-1	-1	-1	-1	-1	-1	738	-1	-1	-1	-1	-1	-1	-1	-1	-1	-1	-1	-1	-1	-1	-1	-1	-1	-1	-1	-1	-1	-1	-1	-1	-1	-1	-1	-1	-1	-1	-1	-1	-1	-1	-1	-1	-1	FFFFFF7F	希望宝石	1	2004	1
50406002	5	4	6	2	Gem3_1_1	1	虎眼石(4级)	像虎眼一样的宝石，可以镶嵌在攻击性装备(武器、护腕、戒指、护符、项链、暗器、武魂、龙纹、令牌、豪侠印)上，使用后不可再镶嵌同类宝石。#r#G希望宝石	50000	1000	-1	-1	-1	-1	-1	-1	-1	-1	-1	-1	-1	-1	-1	-1	-1	-1	-1	-1	-1	738	-1	-1	-1	-1	-1	-1	-1	-1	-1	-1	-1	-1	-1	-1	-1	-1	-1	-1	-1	-1	-1	-1	-1	-1	-1	-1	-1	-1	-1	-1	-1	-1	-1	-1	-1	-1	-1	-1	-1	-1	-1	-1	-1	-1	FFFFFF7F	希望宝石	2	2004	1
50407005	5	4	7	5	Gem3_2_5	1	纯净黄晶石(4级)	纯净的黄晶石，可以镶嵌在攻击性装备(武器、护腕、戒指、护符、项链、暗器、武魂、龙纹、令牌、豪侠印)上，使用后不可再镶嵌同类宝石。#r分期购买的宝石，在余款全部还清前，暂时无法进行琢刻和熔炼。#r#G智慧宝石#W	300000	2000	-1	-1	-1	-1	-1	-1	-1	-1	-1	-1	-1	-1	60	-1	-1	-1	-1	-1	-1	-1	-1	-1	-1	-1	-1	-1	-1	-1	-1	-1	-1	-1	-1	-1	-1	-1	-1	-1	-1	-1	-1	-1	-1	-1	-1	-1	-1	-1	-1	-1	-1	-1	-1	-1	-1	-1	-1	-1	-1	-1	-1	-1	-1	-1	FFFFFF7F	智慧宝石	14	2004	1
50407006	5	4	7	6	Gem3_2_9	1	纯净蓝晶石(4级)	纯净的蓝晶石，可以镶嵌在攻击性装备(武器、护腕、戒指、护符、项链、暗器、武魂、龙纹、令牌、豪侠印)上，使用后不可再镶嵌同类宝石。#r分期购买的宝石，在余款全部还清前，暂时无法进行琢刻和熔炼。#r#G智慧宝石#W	300000	2000	-1	-1	-1	-1	-1	-1	60	-1	-1	-1	-1	-1	-1	-1	-1	-1	-1	-1	-1	-1	-1	-1	-1	-1	-1	-1	-1	-1	-1	-1	-1	-1	-1	-1	-1	-1	-1	-1	-1	-1	-1	-1	-1	-1	-1	-1	-1	-1	-1	-1	-1	-1	-1	-1	-1	-1	-1	-1	-1	-1	-1	-1	-1	-1	FFFFFF7F	智慧宝石	15	2004	1
50407007	5	4	7	7	Gem3_2_13	1	纯净红晶石(4级)	纯净的红晶石，可以镶嵌在攻击性装备(武器、护腕、戒指、护符、项链、暗器、武魂、龙纹、令牌、豪侠印)上，使用后不可再镶嵌同类宝石。#r分期购买的宝石，在余款全部还清前，暂时无法进行琢刻和熔炼。#r#G智慧宝石#W	300000	2000	-1	-1	-1	-1	-1	-1	-1	-1	-1	60	-1	-1	-1	-1	-1	-1	-1	-1	-1	-1	-1	-1	-1	-1	-1	-1	-1	-1	-1	-1	-1	-1	-1	-1	-1	-1	-1	-1	-1	-1	-1	-1	-1	-1	-1	-1	-1	-1	-1	-1	-1	-1	-1	-1	-1	-1	-1	-1	-1	-1	-1	-1	-1	-1	FFFFFF7F	智慧宝石	16	2004	1
50407008	5	4	7	8	Gem3_2_6	1	纯净绿晶石(4级)	纯净的绿晶石，可以镶嵌在攻击性装备(武器、护腕、戒指、护符、项链、暗器、武魂、龙纹、令牌、豪侠印)上，使用后不可再镶嵌同类宝石。#r分期购买的宝石，在余款全部还清前，暂时无法进行琢刻和熔炼。#r#G智慧宝石#W	300000	2000	-1	-1	-1	-1	-1	-1	-1	-1	-1	-1	-1	-1	-1	-1	-1	60	-1	-1	-1	-1	-1	-1	-1	-1	-1	-1	-1	-1	-1	-1	-1	-1	-1	-1	-1	-1	-1	-1	-1	-1	-1	-1	-1	-1	-1	-1	-1	-1	-1	-1	-1	-1	-1	-1	-1	-1	-1	-1	-1	-1	-1	-1	-1	-1	FFFFFF7F	智慧宝石	17	2004	1
50408001	5	4	8	1	Gem3_1_2	1	紫玉(4级)	紫色玉石，可以镶嵌在攻击性装备(武器、护腕、戒指、护符、项链、暗器、武魂、龙纹、令牌、豪侠印)上，使用后不可再镶嵌同类宝石。#r#G玄微宝石	100000	1000	-1	-1	-1	-1	-1	-1	-1	-1	-1	-1	-1	-1	-1	-1	-1	-1	-1	-1	-1	-1	-1	-1	-1	-1	-1	-1	-1	-1	-1	-1	-1	-1	-1	-1	-1	821	-1	-1	-1	-1	-1	-1	-1	-1	-1	-1	-1	-1	-1	-1	-1	-1	-1	-1	-1	-1	-1	-1	-1	-1	-1	-1	-1	-1	FFFFFF7F	玄微宝石	7	2004	1
50409002	5	4	9	2	Gem3_1_8	1	变石(4级)	在阳光下呈绿色，在烛光下呈红色，可变色的宝石，可以镶嵌在攻击性装备(武器、护腕、戒指、护符、项链、暗器、武魂、龙纹、令牌、豪侠印)上，使用后不可再镶嵌同类宝石。#r#G幻冥宝石	250000	1000	-1	-1	-1	-1	-1	-1	-1	-1	-1	-1	-1	-1	-1	-1	-1	-1	-1	-1	-1	-1	-1	-1	-1	-1	-1	-1	-1	-1	-1	-1	-1	-1	-1	-1	-1	-1	-1	5	-1	-1	-1	-1	-1	-1	-1	-1	-1	-1	-1	-1	-1	-1	-1	-1	-1	-1	-1	-1	-1	-1	-1	-1	-1	-1	FFFFFF7F	幻冥宝石	8	2004	1
50411001	5	4	11	1	Gem3_1_9	1	石榴石(4级)	因其外形酷似成熟的石榴籽而得名的宝石，可以镶嵌在防御性装备(衣服、手套、帽子、护肩、鞋、腰带、项链、暗器、武魂、龙纹、令牌、豪侠印)上，使用后不可再镶嵌同类宝石。#r#G生命宝石	50000	1000	-1	-1	-1	-1	-1	-1	-1	-1	-1	-1	-1	-1	-1	-1	-1	-1	-1	-1	-1	-1	-1	-1	-1	-1	-1	-1	-1	-1	-1	734	-1	-1	-1	-1	-1	-1	-1	-1	-1	-1	-1	-1	-1	-1	-1	-1	-1	-1	-1	-1	-1	-1	-1	-1	-1	-1	-1	-1	-1	-1	-1	-1	-1	-1	FFFFFF4C	生命宝石	7	2004	1
50411002	5	4	11	2	Gem3_1_12	1	尖晶石(4级)	颜色繁多且艳丽的宝石，可以镶嵌在防御性装备(衣服、手套、帽子、护肩、鞋、腰带、项链、暗器、武魂、龙纹、令牌、豪侠印)上，使用后不可再镶嵌同类宝石。#r#G生命宝石	50000	1000	-1	-1	-1	-1	-1	-1	-1	-1	-1	-1	-1	-1	-1	-1	-1	-1	-1	-1	-1	-1	-1	-1	734	-1	-1	-1	-1	-1	-1	-1	-1	-1	-1	-1	-1	-1	-1	-1	-1	-1	-1	-1	-1	-1	-1	-1	-1	-1	-1	-1	-1	-1	-1	-1	-1	-1	-1	-1	-1	-1	-1	-1	-1	-1	FFFFFF4C	生命宝石	11	2004	1
50411003	5	4	11	3	LiJinGem3_1_9	75	石榴石·红利(4级)	因其外形酷似成熟的石榴籽而得名的宝石，可以镶嵌在防御性装备(衣服、手套、帽子、护肩、鞋、腰带、项链、暗器、武魂、龙纹、令牌、豪侠印)上，使用后不可再镶嵌同类宝石。#r#G生命宝石	50000	1	-1	-1	-1	-1	-1	-1	-1	-1	-1	-1	-1	-1	-1	-1	-1	-1	-1	-1	-1	-1	-1	-1	-1	-1	-1	-1	-1	-1	-1	734	-1	-1	-1	-1	-1	-1	-1	-1	-1	-1	-1	-1	-1	-1	-1	-1	-1	-1	-1	-1	-1	-1	-1	-1	-1	-1	-1	-1	-1	-1	-1	-1	-1	-1	FFFFFF4C	生命宝石	7	2004	1
50411004	5	4	11	4	LiJinGem3_1_12	75	尖晶石·红利(4级)	颜色繁多且艳丽的宝石，可以镶嵌在防御性装备(衣服、手套、帽子、护肩、鞋、腰带、项链、暗器、武魂、龙纹、令牌、豪侠印)上，使用后不可再镶嵌同类宝石。#r#G生命宝石	50000	1	-1	-1	-1	-1	-1	-1	-1	-1	-1	-1	-1	-1	-1	-1	-1	-1	-1	-1	-1	-1	-1	-1	734	-1	-1	-1	-1	-1	-1	-1	-1	-1	-1	-1	-1	-1	-1	-1	-1	-1	-1	-1	-1	-1	-1	-1	-1	-1	-1	-1	-1	-1	-1	-1	-1	-1	-1	-1	-1	-1	-1	-1	-1	-1	FFFFFF4C	生命宝石	11	2004	1
50412001	5	4	12	1	Gem3_1_11	1	黄玉(4级)	黄色的玉石，可以镶嵌在防御性装备(衣服、手套、帽子、护肩、鞋、腰带、项链、暗器、武魂、龙纹、令牌、豪侠印)上，使用后不可再镶嵌同类宝石。#r#G魅力宝石#W#r可在#G洛阳（280，322）#R宝石工匠彭怀玉#W或#G楼兰（279，198）#R宝石工匠克里木#W处使用#G4级宝石雕琢符#W提升宝石属性。#r#cff9900本宝石只能雕琢一次。	150000	1000	-1	-1	-1	-1	-1	-1	-1	-1	-1	-1	-1	-1	-1	10	-1	-1	-1	-1	-1	-1	-1	-1	-1	-1	-1	-1	-1	-1	-1	-1	-1	-1	-1	-1	-1	-1	-1	-1	-1	-1	-1	-1	-1	-1	-1	-1	-1	-1	-1	-1	-1	-1	-1	-1	-1	-1	-1	-1	-1	-1	-1	-1	-1	-1	FFFFFF4C	魅力宝石	12	2004	1
50412002	5	4	12	2	Gem3_1_10	1	皓石(4级)	闪闪发亮的宝石，可以镶嵌在防御性装备(衣服、手套、帽子、护肩、鞋、腰带、项链、暗器、武魂、龙纹、令牌、豪侠印)上，使用后不可再镶嵌同类宝石。#r#G魅力宝石#W#r可在#G洛阳（280，322）#R宝石工匠彭怀玉#W或#G楼兰（279，198）#R宝石工匠克里木#W处使用#G4级宝石雕琢符#W提升宝石属性。#r#cff9900本宝石只能雕琢一次。	150000	1000	-1	-1	-1	-1	-1	-1	-1	10	-1	-1	-1	-1	-1	-1	-1	-1	-1	-1	-1	-1	-1	-1	-1	-1	-1	-1	-1	-1	-1	-1	-1	-1	-1	-1	-1	-1	-1	-1	-1	-1	-1	-1	-1	-1	-1	-1	-1	-1	-1	-1	-1	-1	-1	-1	-1	-1	-1	-1	-1	-1	-1	-1	-1	-1	FFFFFF4C	魅力宝石	2	2004	1
50412003	5	4	12	3	Gem3_1_13	1	月光石(4级)	具淡蓝色的晕彩，如同朦胧的月光的宝石，可以镶嵌在防御性装备(衣服、手套、帽子、护肩、鞋、腰带、项链、暗器、武魂、龙纹、令牌、豪侠印)上，使用后不可再镶嵌同类宝石。#r#G魅力宝石#W#r可在#G洛阳（280，322）#R宝石工匠彭怀玉#W或#G楼兰（279，198）#R宝石工匠克里木#W处使用#G4级宝石雕琢符#W提升宝石属性。#r#cff9900本宝石只能雕琢一次。	150000	1000	-1	-1	-1	-1	-1	-1	-1	-1	-1	-1	10	-1	-1	-1	-1	-1	-1	-1	-1	-1	-1	-1	-1	-1	-1	-1	-1	-1	-1	-1	-1	-1	-1	-1	-1	-1	-1	-1	-1	-1	-1	-1	-1	-1	-1	-1	-1	-1	-1	-1	-1	-1	-1	-1	-1	-1	-1	-1	-1	-1	-1	-1	-1	-1	FFFFFF4C	魅力宝石	4	2004	1
50412004	5	4	12	4	Gem3_2_1	1	碧玺(4级)	颜色繁多且艳丽的宝石，可以镶嵌在防御性装备(衣服、手套、帽子、护肩、鞋、腰带、项链、暗器、武魂、龙纹、令牌、豪侠印)上，使用后不可再镶嵌同类宝石。#r#G魅力宝石#W#r可在#G洛阳（280，322）#R宝石工匠彭怀玉#W或#G楼兰（279，198）#R宝石工匠克里木#W处使用#G4级宝石雕琢符#W提升宝石属性。#r#cff9900本宝石只能雕琢一次。	150000	1000	-1	-1	-1	-1	-1	-1	-1	-1	-1	-1	-1	-1	-1	-1	-1	-1	10	-1	-1	-1	-1	-1	-1	-1	-1	-1	-1	-1	-1	-1	-1	-1	-1	-1	-1	-1	-1	-1	-1	-1	-1	-1	-1	-1	-1	-1	-1	-1	-1	-1	-1	-1	-1	-1	-1	-1	-1	-1	-1	-1	-1	-1	-1	-1	FFFFFF4C	魅力宝石	3	2004	1
50412005	5	4	12	5	Gem3_2_10	1	纯净黄玉(4级)	纯净的黄玉，可以镶嵌在防御性装备(衣服、手套、帽子、护肩、鞋、腰带、项链、暗器、武魂、龙纹、令牌、豪侠印)上，使用后不可再镶嵌同类宝石。#r#G魅力宝石#r#cff9900雕琢过的宝石不能再雕琢。	300000	2000	-1	-1	-1	-1	-1	-1	-1	-1	-1	-1	-1	-1	-1	35	-1	-1	-1	-1	-1	-1	-1	-1	-1	-1	-1	-1	-1	-1	-1	-1	-1	-1	-1	-1	-1	-1	-1	-1	-1	-1	-1	-1	-1	-1	-1	-1	-1	-1	-1	-1	-1	-1	-1	-1	-1	-1	-1	-1	-1	-1	-1	-1	-1	-1	FFFFFF7F	魅力宝石	16	2004	1
50412006	5	4	12	6	Gem3_2_14	1	纯净皓石(4级)	纯净的皓石，可以镶嵌在防御性装备(衣服、手套、帽子、护肩、鞋、腰带、项链、暗器、武魂、龙纹、令牌、豪侠印)上，使用后不可再镶嵌同类宝石。#r#G魅力宝石#r#cff9900雕琢过的宝石不能再雕琢。	300000	2000	-1	-1	-1	-1	-1	-1	-1	35	-1	-1	-1	-1	-1	-1	-1	-1	-1	-1	-1	-1	-1	-1	-1	-1	-1	-1	-1	-1	-1	-1	-1	-1	-1	-1	-1	-1	-1	-1	-1	-1	-1	-1	-1	-1	-1	-1	-1	-1	-1	-1	-1	-1	-1	-1	-1	-1	-1	-1	-1	-1	-1	-1	-1	-1	FFFFFF7F	魅力宝石	17	2004	1
50412007	5	4	12	7	Gem3_2_11	1	纯净月光石(4级)	纯净的月光石，可以镶嵌在防御性装备(衣服、手套、帽子、护肩、鞋、腰带、项链、暗器、武魂、龙纹、令牌、豪侠印)上，使用后不可再镶嵌同类宝石。#r#G魅力宝石#r#cff9900雕琢过的宝石不能再雕琢。	300000	2000	-1	-1	-1	-1	-1	-1	-1	-1	-1	-1	35	-1	-1	-1	-1	-1	-1	-1	-1	-1	-1	-1	-1	-1	-1	-1	-1	-1	-1	-1	-1	-1	-1	-1	-1	-1	-1	-1	-1	-1	-1	-1	-1	-1	-1	-1	-1	-1	-1	-1	-1	-1	-1	-1	-1	-1	-1	-1	-1	-1	-1	-1	-1	-1	FFFFFF7F	魅力宝石	15	2004	1
50412008	5	4	12	8	Gem3_2_15	1	纯净碧玺(4级)	纯净的碧玺，可以镶嵌在防御性装备(衣服、手套、帽子、护肩、鞋、腰带、项链、暗器、武魂、龙纹、令牌、豪侠印)上，使用后不可再镶嵌同类宝石。#r#G魅力宝石#r#cff9900雕琢过的宝石不能再雕琢。	300000	2000	-1	-1	-1	-1	-1	-1	-1	-1	-1	-1	-1	-1	-1	-1	-1	-1	35	-1	-1	-1	-1	-1	-1	-1	-1	-1	-1	-1	-1	-1	-1	-1	-1	-1	-1	-1	-1	-1	-1	-1	-1	-1	-1	-1	-1	-1	-1	-1	-1	-1	-1	-1	-1	-1	-1	-1	-1	-1	-1	-1	-1	-1	-1	-1	FFFFFF7F	魅力宝石	14	2004	1
50412009	5	4	12	9	LiJinGem3_1_11	75	黄玉·红利(4级)	黄色的玉石，可以镶嵌在防御性装备(衣服、手套、帽子、护肩、鞋、腰带、项链、暗器、武魂、龙纹、令牌、豪侠印)上，使用后不可再镶嵌同类宝石。#r#G魅力宝石#W#r可在#G洛阳（280，322）#R宝石工匠彭怀玉#W或#G楼兰（279，198）#R宝石工匠克里木#W处使用#G4级宝石雕琢符#W提升宝石属性。#r#cff9900本宝石只能雕琢一次。	150000	1	-1	-1	-1	-1	-1	-1	-1	-1	-1	-1	-1	-1	-1	10	-1	-1	-1	-1	-1	-1	-1	-1	-1	-1	-1	-1	-1	-1	-1	-1	-1	-1	-1	-1	-1	-1	-1	-1	-1	-1	-1	-1	-1	-1	-1	-1	-1	-1	-1	-1	-1	-1	-1	-1	-1	-1	-1	-1	-1	-1	-1	-1	-1	-1	FFFFFF4C	魅力宝石	12	2004	1
50412010	5	4	12	10	LiJinGem3_1_10	75	皓石·红利(4级)	闪闪发亮的宝石，可以镶嵌在防御性装备(衣服、手套、帽子、护肩、鞋、腰带、项链、暗器、武魂、龙纹、令牌、豪侠印)上，使用后不可再镶嵌同类宝石。#r#G魅力宝石#W#r可在#G洛阳（280，322）#R宝石工匠彭怀玉#W或#G楼兰（279，198）#R宝石工匠克里木#W处使用#G4级宝石雕琢符#W提升宝石属性。#r#cff9900本宝石只能雕琢一次。	150000	1	-1	-1	-1	-1	-1	-1	-1	10	-1	-1	-1	-1	-1	-1	-1	-1	-1	-1	-1	-1	-1	-1	-1	-1	-1	-1	-1	-1	-1	-1	-1	-1	-1	-1	-1	-1	-1	-1	-1	-1	-1	-1	-1	-1	-1	-1	-1	-1	-1	-1	-1	-1	-1	-1	-1	-1	-1	-1	-1	-1	-1	-1	-1	-1	FFFFFF4C	魅力宝石	2	2004	1
50412011	5	4	12	11	LiJinGem3_1_13	75	月光石·红利(4级)	具淡蓝色的晕彩，如同朦胧的月光的宝石，可以镶嵌在防御性装备(衣服、手套、帽子、护肩、鞋、腰带、项链、暗器、武魂、龙纹、令牌、豪侠印)上，使用后不可再镶嵌同类宝石。#r#G魅力宝石#W#r可在#G洛阳（280，322）#R宝石工匠彭怀玉#W或#G楼兰（279，198）#R宝石工匠克里木#W处使用#G4级宝石雕琢符#W提升宝石属性。#r#cff9900本宝石只能雕琢一次。	150000	1	-1	-1	-1	-1	-1	-1	-1	-1	-1	-1	10	-1	-1	-1	-1	-1	-1	-1	-1	-1	-1	-1	-1	-1	-1	-1	-1	-1	-1	-1	-1	-1	-1	-1	-1	-1	-1	-1	-1	-1	-1	-1	-1	-1	-1	-1	-1	-1	-1	-1	-1	-1	-1	-1	-1	-1	-1	-1	-1	-1	-1	-1	-1	-1	FFFFFF4C	魅力宝石	4	2004	1
50412012	5	4	12	12	LiJinGem3_2_1	75	碧玺·红利(4级)	颜色繁多且艳丽的宝石，可以镶嵌在防御性装备(衣服、手套、帽子、护肩、鞋、腰带、项链、暗器、武魂、龙纹、令牌、豪侠印)上，使用后不可再镶嵌同类宝石。#r#G魅力宝石#W#r可在#G洛阳（280，322）#R宝石工匠彭怀玉#W或#G楼兰（279，198）#R宝石工匠克里木#W处使用#G4级宝石雕琢符#W提升宝石属性。#r#cff9900本宝石只能雕琢一次。	150000	1	-1	-1	-1	-1	-1	-1	-1	-1	-1	-1	-1	-1	-1	-1	-1	-1	10	-1	-1	-1	-1	-1	-1	-1	-1	-1	-1	-1	-1	-1	-1	-1	-1	-1	-1	-1	-1	-1	-1	-1	-1	-1	-1	-1	-1	-1	-1	-1	-1	-1	-1	-1	-1	-1	-1	-1	-1	-1	-1	-1	-1	-1	-1	-1	FFFFFF4C	魅力宝石	3	2004	1
50412013	5	4	12	13	LiJinGem3_2_10	75	纯净黄玉·红利(4级)	纯净的黄玉，可以镶嵌在防御性装备(衣服、手套、帽子、护肩、鞋、腰带、项链、暗器、武魂、龙纹、令牌、豪侠印)上，使用后不可再镶嵌同类宝石。#r#G魅力宝石#r#cff9900雕琢过的宝石不能再雕琢。	300000	1	-1	-1	-1	-1	-1	-1	-1	-1	-1	-1	-1	-1	-1	35	-1	-1	-1	-1	-1	-1	-1	-1	-1	-1	-1	-1	-1	-1	-1	-1	-1	-1	-1	-1	-1	-1	-1	-1	-1	-1	-1	-1	-1	-1	-1	-1	-1	-1	-1	-1	-1	-1	-1	-1	-1	-1	-1	-1	-1	-1	-1	-1	-1	-1	FFFFFF7F	魅力宝石	16	2004	1
50412014	5	4	12	14	LiJinGem3_2_14	75	纯净皓石·红利(4级)	纯净的皓石，可以镶嵌在防御性装备(衣服、手套、帽子、护肩、鞋、腰带、项链、暗器、武魂、龙纹、令牌、豪侠印)上，使用后不可再镶嵌同类宝石。#r#G魅力宝石#r#cff9900雕琢过的宝石不能再雕琢。	300000	1	-1	-1	-1	-1	-1	-1	-1	35	-1	-1	-1	-1	-1	-1	-1	-1	-1	-1	-1	-1	-1	-1	-1	-1	-1	-1	-1	-1	-1	-1	-1	-1	-1	-1	-1	-1	-1	-1	-1	-1	-1	-1	-1	-1	-1	-1	-1	-1	-1	-1	-1	-1	-1	-1	-1	-1	-1	-1	-1	-1	-1	-1	-1	-1	FFFFFF7F	魅力宝石	17	2004	1
50412015	5	4	12	15	LiJinGem3_2_11	75	纯净月光石·红利(4级)	纯净的月光石，可以镶嵌在防御性装备(衣服、手套、帽子、护肩、鞋、腰带、项链、暗器、武魂、龙纹、令牌、豪侠印)上，使用后不可再镶嵌同类宝石。#r#G魅力宝石#r#cff9900雕琢过的宝石不能再雕琢。	300000	1	-1	-1	-1	-1	-1	-1	-1	-1	-1	-1	35	-1	-1	-1	-1	-1	-1	-1	-1	-1	-1	-1	-1	-1	-1	-1	-1	-1	-1	-1	-1	-1	-1	-1	-1	-1	-1	-1	-1	-1	-1	-1	-1	-1	-1	-1	-1	-1	-1	-1	-1	-1	-1	-1	-1	-1	-1	-1	-1	-1	-1	-1	-1	-1	FFFFFF7F	魅力宝石	15	2004	1
50412016	5	4	12	16	LiJinGem3_2_15	75	纯净碧玺·红利(4级)	纯净的碧玺，可以镶嵌在防御性装备(衣服、手套、帽子、护肩、鞋、腰带、项链、暗器、武魂、龙纹、令牌、豪侠印)上，使用后不可再镶嵌同类宝石。#r#G魅力宝石#r#cff9900雕琢过的宝石不能再雕琢。	300000	1	-1	-1	-1	-1	-1	-1	-1	-1	-1	-1	-1	-1	-1	-1	-1	-1	35	-1	-1	-1	-1	-1	-1	-1	-1	-1	-1	-1	-1	-1	-1	-1	-1	-1	-1	-1	-1	-1	-1	-1	-1	-1	-1	-1	-1	-1	-1	-1	-1	-1	-1	-1	-1	-1	-1	-1	-1	-1	-1	-1	-1	-1	-1	-1	FFFFFF7F	魅力宝石	14	2004	1
50413001	5	4	13	1	Gem3_1_15	1	黄宝石(4级)	黄色的宝石，可以镶嵌在防御性装备(衣服、手套、帽子、护肩、鞋、腰带、项链、暗器、武魂、龙纹、令牌、豪侠印)上，使用后不可再镶嵌同类宝石。#r#G命运宝石	75000	1000	-1	-1	-1	-1	-1	-1	-1	-1	-1	-1	-1	-1	-1	-1	-1	-1	-1	-1	-1	-1	-1	-1	-1	-1	-1	-1	-1	-1	-1	-1	-1	-1	-1	-1	-1	-1	-1	-1	-1	-1	-1	-1	76	-1	-1	-1	-1	-1	-1	-1	-1	-1	-1	-1	-1	-1	-1	-1	-1	-1	-1	-1	-1	-1	FFFFFF4C	命运宝石	5	2004	1
50413002	5	4	13	2	Gem3_1_16	1	蓝宝石(4级)	蓝色的宝石，可以镶嵌在防御性装备(衣服、手套、帽子、护肩、鞋、腰带、项链、暗器、武魂、龙纹、令牌、豪侠印)上，使用后不可再镶嵌同类宝石。#r#G命运宝石	75000	1000	-1	-1	-1	-1	-1	-1	-1	-1	-1	-1	-1	-1	-1	-1	-1	-1	-1	-1	-1	-1	-1	-1	-1	-1	-1	-1	-1	-1	-1	-1	-1	-1	-1	-1	-1	-1	-1	-1	-1	-1	-1	-1	-1	76	-1	-1	-1	-1	-1	-1	-1	-1	-1	-1	-1	-1	-1	-1	-1	-1	-1	-1	-1	-1	FFFFFF4C	命运宝石	6	2004	1
50413003	5	4	13	3	Gem3_1_7	1	绿宝石(4级)	绿色的宝石，可以镶嵌在防御性装备(衣服、手套、帽子、护肩、鞋、腰带、项链、暗器、武魂、龙纹、令牌、豪侠印)上，使用后不可再镶嵌同类宝石。#r#G命运宝石	75000	1000	-1	-1	-1	-1	-1	-1	-1	-1	-1	-1	-1	-1	-1	-1	-1	-1	-1	-1	-1	-1	-1	-1	-1	-1	-1	-1	-1	-1	-1	-1	-1	-1	-1	-1	-1	-1	-1	-1	-1	-1	-1	-1	-1	-1	-1	-1	41	-1	-1	-1	-1	-1	-1	-1	-1	-1	-1	-1	-1	-1	-1	-1	-1	-1	FFFFFF4C	命运宝石	9	2004	1
50413004	5	4	13	4	Gem3_2_2	1	红宝石(4级)	红色的宝石，可以镶嵌在防御性装备(衣服、手套、帽子、护肩、鞋、腰带、项链、暗器、武魂、龙纹、令牌、豪侠印)上，使用后不可再镶嵌同类宝石。#r#G命运宝石	75000	1000	-1	-1	-1	-1	-1	-1	-1	-1	-1	-1	-1	-1	-1	-1	-1	-1	-1	-1	-1	-1	-1	-1	-1	-1	-1	-1	-1	-1	-1	-1	-1	-1	-1	-1	-1	-1	-1	-1	-1	-1	-1	-1	-1	-1	76	-1	-1	-1	-1	-1	-1	-1	-1	-1	-1	-1	-1	-1	-1	-1	-1	-1	-1	-1	FFFFFF4C	命运宝石	10	2004	1
50413005	5	4	13	5	Gem3_2_3	1	黑宝石(4级)	黑色的宝石，可以镶嵌在防御性装备(衣服、手套、帽子、护肩、鞋、腰带、项链、暗器、武魂、龙纹、令牌、豪侠印)上，使用后不可再镶嵌同类宝石。#r#G命运宝石	75000	1000	-1	-1	-1	-1	-1	-1	-1	-1	-1	-1	-1	-1	-1	-1	-1	-1	-1	-1	-1	-1	-1	-1	-1	-1	-1	-1	-1	-1	-1	-1	-1	-1	-1	-1	-1	-1	-1	-1	-1	-1	-1	-1	-1	-1	-1	76	-1	-1	-1	-1	-1	-1	-1	-1	-1	-1	-1	-1	-1	-1	-1	-1	-1	-1	FFFFFF4C	命运宝石	1	2004	1
50413006	5	4	13	6	Gem3_2_7	1	血精石(4级)	布满血丝红精的宝石，可以镶嵌在防御性装备(衣服、手套、帽子、护肩、鞋、腰带、项链、暗器、武魂、龙纹、令牌、豪侠印)上，使用后不可再镶嵌同类宝石。#r#G命运宝石	75000	1000	4180	-1	-1	-1	-1	-1	-1	-1	-1	-1	-1	-1	-1	-1	-1	-1	-1	-1	-1	-1	-1	-1	-1	-1	-1	-1	-1	-1	-1	-1	-1	-1	-1	-1	-1	-1	-1	-1	-1	-1	-1	-1	-1	-1	-1	-1	-1	-1	-1	-1	-1	-1	-1	-1	-1	-1	-1	-1	-1	-1	-1	-1	-1	-1	FFFFFF4C	命运宝石	13	2004	1
50413007	5	4	13	7	LiJinGem3_1_15	75	黄宝石·红利(4级)	黄色的宝石，可以镶嵌在防御性装备(衣服、手套、帽子、护肩、鞋、腰带、项链、暗器、武魂、龙纹、令牌、豪侠印)上，使用后不可再镶嵌同类宝石。#r#G命运宝石	75000	1	-1	-1	-1	-1	-1	-1	-1	-1	-1	-1	-1	-1	-1	-1	-1	-1	-1	-1	-1	-1	-1	-1	-1	-1	-1	-1	-1	-1	-1	-1	-1	-1	-1	-1	-1	-1	-1	-1	-1	-1	-1	-1	76	-1	-1	-1	-1	-1	-1	-1	-1	-1	-1	-1	-1	-1	-1	-1	-1	-1	-1	-1	-1	-1	FFFFFF4C	命运宝石	5	2004	1
50413008	5	4	13	8	LiJinGem3_1_16	75	蓝宝石·红利(4级)	蓝色的宝石，可以镶嵌在防御性装备(衣服、手套、帽子、护肩、鞋、腰带、项链、暗器、武魂、龙纹、令牌、豪侠印)上，使用后不可再镶嵌同类宝石。#r#G命运宝石	75000	1	-1	-1	-1	-1	-1	-1	-1	-1	-1	-1	-1	-1	-1	-1	-1	-1	-1	-1	-1	-1	-1	-1	-1	-1	-1	-1	-1	-1	-1	-1	-1	-1	-1	-1	-1	-1	-1	-1	-1	-1	-1	-1	-1	76	-1	-1	-1	-1	-1	-1	-1	-1	-1	-1	-1	-1	-1	-1	-1	-1	-1	-1	-1	-1	FFFFFF4C	命运宝石	6	2004	1
50413009	5	4	13	9	LiJinGem3_1_7	75	绿宝石·红利(4级)	绿色的宝石，可以镶嵌在防御性装备(衣服、手套、帽子、护肩、鞋、腰带、项链、暗器、武魂、龙纹、令牌、豪侠印)上，使用后不可再镶嵌同类宝石。#r#G命运宝石	75000	1	-1	-1	-1	-1	-1	-1	-1	-1	-1	-1	-1	-1	-1	-1	-1	-1	-1	-1	-1	-1	-1	-1	-1	-1	-1	-1	-1	-1	-1	-1	-1	-1	-1	-1	-1	-1	-1	-1	-1	-1	-1	-1	-1	-1	-1	-1	41	-1	-1	-1	-1	-1	-1	-1	-1	-1	-1	-1	-1	-1	-1	-1	-1	-1	FFFFFF4C	命运宝石	9	2004	1
50413010	5	4	13	10	LiJinGem3_2_2	75	红宝石·红利(4级)	红色的宝石，可以镶嵌在防御性装备(衣服、手套、帽子、护肩、鞋、腰带、项链、暗器、武魂、龙纹、令牌、豪侠印)上，使用后不可再镶嵌同类宝石。#r#G命运宝石	75000	1	-1	-1	-1	-1	-1	-1	-1	-1	-1	-1	-1	-1	-1	-1	-1	-1	-1	-1	-1	-1	-1	-1	-1	-1	-1	-1	-1	-1	-1	-1	-1	-1	-1	-1	-1	-1	-1	-1	-1	-1	-1	-1	-1	-1	76	-1	-1	-1	-1	-1	-1	-1	-1	-1	-1	-1	-1	-1	-1	-1	-1	-1	-1	-1	FFFFFF4C	命运宝石	10	2004	1
50413011	5	4	13	11	LiJinGem3_2_3	75	黑宝石·红利(4级)	黑色的宝石，可以镶嵌在防御性装备(衣服、手套、帽子、护肩、鞋、腰带、项链、暗器、武魂、龙纹、令牌、豪侠印)上，使用后不可再镶嵌同类宝石。#r#G命运宝石	75000	1	-1	-1	-1	-1	-1	-1	-1	-1	-1	-1	-1	-1	-1	-1	-1	-1	-1	-1	-1	-1	-1	-1	-1	-1	-1	-1	-1	-1	-1	-1	-1	-1	-1	-1	-1	-1	-1	-1	-1	-1	-1	-1	-1	-1	-1	76	-1	-1	-1	-1	-1	-1	-1	-1	-1	-1	-1	-1	-1	-1	-1	-1	-1	-1	FFFFFF4C	命运宝石	1	2004	1
50413012	5	4	13	12	LiJinGem3_2_7	75	血精石·红利(4级)	布满血丝红精的宝石，可以镶嵌在防御性装备(衣服、手套、帽子、护肩、鞋、腰带、项链、暗器、武魂、龙纹、令牌、豪侠印)上，使用后不可再镶嵌同类宝石。#r#G命运宝石	75000	1	4180	-1	-1	-1	-1	-1	-1	-1	-1	-1	-1	-1	-1	-1	-1	-1	-1	-1	-1	-1	-1	-1	-1	-1	-1	-1	-1	-1	-1	-1	-1	-1	-1	-1	-1	-1	-1	-1	-1	-1	-1	-1	-1	-1	-1	-1	-1	-1	-1	-1	-1	-1	-1	-1	-1	-1	-1	-1	-1	-1	-1	-1	-1	-1	FFFFFF4C	命运宝石	13	2004	1
50414001	5	4	14	1	Gem3_1_14	1	祖母绿(4级)	翠绿如滴，顶级翡翠，可以镶嵌在防御性装备(衣服、手套、帽子、护肩、鞋、腰带、项链、暗器、武魂、龙纹、令牌、豪侠印)上，使用后不可再镶嵌同类宝石。#r#G天机宝石	100000	1000	-1	-1	-1	-1	-1	-1	-1	-1	-1	-1	-1	-1	-1	-1	-1	-1	-1	-1	-1	-1	-1	-1	-1	-1	-1	-1	-1	-1	-1	-1	-1	-1	-1	-1	-1	-1	273	-1	-1	-1	-1	-1	-1	-1	-1	-1	-1	-1	-1	-1	-1	-1	-1	-1	-1	-1	-1	-1	-1	-1	-1	-1	-1	-1	FFFFFF4C	天机宝石	8	2004	1
50414002	5	4	14	2	LiJinGem3_1_14	75	祖母绿·红利(4级)	翠绿如滴，顶级翡翠，可以镶嵌在防御性装备(衣服、手套、帽子、护肩、鞋、腰带、项链、暗器、武魂、龙纹、令牌、豪侠印)上，使用后不可再镶嵌同类宝石。#r#G天机宝石	100000	1	-1	-1	-1	-1	-1	-1	-1	-1	-1	-1	-1	-1	-1	-1	-1	-1	-1	-1	-1	-1	-1	-1	-1	-1	-1	-1	-1	-1	-1	-1	-1	-1	-1	-1	-1	-1	273	-1	-1	-1	-1	-1	-1	-1	-1	-1	-1	-1	-1	-1	-1	-1	-1	-1	-1	-1	-1	-1	-1	-1	-1	-1	-1	-1	FFFFFF4C	天机宝石	8	2004	1
50416001	5	4	16	1	Gem3_1_9	1	石榴石(4级)	因其外形酷似成熟的石榴籽而得名的宝石，可以镶嵌在防御性装备(衣服、手套、帽子、护肩、鞋、腰带、项链、暗器、武魂、龙纹、令牌、豪侠印)上，使用后不可再镶嵌同类宝石。#r#G生命宝石	50000	1000	-1	-1	-1	-1	-1	-1	-1	-1	-1	-1	-1	-1	-1	-1	-1	-1	-1	-1	-1	-1	-1	-1	-1	-1	-1	-1	-1	-1	-1	734	-1	-1	-1	-1	-1	-1	-1	-1	-1	-1	-1	-1	-1	-1	-1	-1	-1	-1	-1	-1	-1	-1	-1	-1	-1	-1	-1	-1	-1	-1	-1	-1	-1	-1	FFFFFF4C	生命宝石	7	2004	1
50416002	5	4	16	2	Gem3_1_12	1	尖晶石(4级)	颜色繁多且艳丽的宝石，可以镶嵌在防御性装备(衣服、手套、帽子、护肩、鞋、腰带、项链、暗器、武魂、龙纹、令牌、豪侠印)上，使用后不可再镶嵌同类宝石。#r#G生命宝石	50000	1000	-1	-1	-1	-1	-1	-1	-1	-1	-1	-1	-1	-1	-1	-1	-1	-1	-1	-1	-1	-1	-1	-1	734	-1	-1	-1	-1	-1	-1	-1	-1	-1	-1	-1	-1	-1	-1	-1	-1	-1	-1	-1	-1	-1	-1	-1	-1	-1	-1	-1	-1	-1	-1	-1	-1	-1	-1	-1	-1	-1	-1	-1	-1	-1	FFFFFF4C	生命宝石	11	2004	1
50417005	5	4	17	5	Gem3_2_10	1	纯净黄玉(4级)	纯净的黄玉，可以镶嵌在防御性装备(衣服、手套、帽子、护肩、鞋、腰带、项链、暗器、武魂、龙纹、令牌、豪侠印)上，使用后不可再镶嵌同类宝石。#r#G魅力宝石#r#cff9900雕琢过的宝石不能再雕琢。	300000	2000	-1	-1	-1	-1	-1	-1	-1	-1	-1	-1	-1	-1	-1	35	-1	-1	-1	-1	-1	-1	-1	-1	-1	-1	-1	-1	-1	-1	-1	-1	-1	-1	-1	-1	-1	-1	-1	-1	-1	-1	-1	-1	-1	-1	-1	-1	-1	-1	-1	-1	-1	-1	-1	-1	-1	-1	-1	-1	-1	-1	-1	-1	-1	-1	FFFFFF7F	魅力宝石	16	2004	1
50417006	5	4	17	6	Gem3_2_14	1	纯净皓石(4级)	纯净的皓石，可以镶嵌在防御性装备(衣服、手套、帽子、护肩、鞋、腰带、项链、暗器、武魂、龙纹、令牌、豪侠印)上，使用后不可再镶嵌同类宝石。#r#G魅力宝石#r#cff9900雕琢过的宝石不能再雕琢。	300000	2000	-1	-1	-1	-1	-1	-1	-1	35	-1	-1	-1	-1	-1	-1	-1	-1	-1	-1	-1	-1	-1	-1	-1	-1	-1	-1	-1	-1	-1	-1	-1	-1	-1	-1	-1	-1	-1	-1	-1	-1	-1	-1	-1	-1	-1	-1	-1	-1	-1	-1	-1	-1	-1	-1	-1	-1	-1	-1	-1	-1	-1	-1	-1	-1	FFFFFF7F	魅力宝石	17	2004	1
50417007	5	4	17	7	Gem3_2_11	1	纯净月光石(4级)	纯净的月光石，可以镶嵌在防御性装备(衣服、手套、帽子、护肩、鞋、腰带、项链、暗器、武魂、龙纹、令牌、豪侠印)上，使用后不可再镶嵌同类宝石。#r#G魅力宝石#r#cff9900雕琢过的宝石不能再雕琢。	300000	2000	-1	-1	-1	-1	-1	-1	-1	-1	-1	-1	35	-1	-1	-1	-1	-1	-1	-1	-1	-1	-1	-1	-1	-1	-1	-1	-1	-1	-1	-1	-1	-1	-1	-1	-1	-1	-1	-1	-1	-1	-1	-1	-1	-1	-1	-1	-1	-1	-1	-1	-1	-1	-1	-1	-1	-1	-1	-1	-1	-1	-1	-1	-1	-1	FFFFFF7F	魅力宝石	15	2004	1
50417008	5	4	17	8	Gem3_2_15	1	纯净碧玺(4级)	纯净的碧玺，可以镶嵌在防御性装备(衣服、手套、帽子、护肩、鞋、腰带、项链、暗器、武魂、龙纹、令牌、豪侠印)上，使用后不可再镶嵌同类宝石。#r#G魅力宝石#r#cff9900雕琢过的宝石不能再雕琢。	300000	2000	-1	-1	-1	-1	-1	-1	-1	-1	-1	-1	-1	-1	-1	-1	-1	-1	35	-1	-1	-1	-1	-1	-1	-1	-1	-1	-1	-1	-1	-1	-1	-1	-1	-1	-1	-1	-1	-1	-1	-1	-1	-1	-1	-1	-1	-1	-1	-1	-1	-1	-1	-1	-1	-1	-1	-1	-1	-1	-1	-1	-1	-1	-1	-1	FFFFFF7F	魅力宝石	14	2004	1
50418001	5	4	18	1	Gem3_1_15	1	黄宝石(4级)	黄色的宝石，可以镶嵌在防御性装备(衣服、手套、帽子、护肩、鞋、腰带、项链、暗器、武魂、龙纹、令牌、豪侠印)上，使用后不可再镶嵌同类宝石。#r#G命运宝石	75000	1000	-1	-1	-1	-1	-1	-1	-1	-1	-1	-1	-1	-1	-1	-1	-1	-1	-1	-1	-1	-1	-1	-1	-1	-1	-1	-1	-1	-1	-1	-1	-1	-1	-1	-1	-1	-1	-1	-1	-1	-1	-1	-1	76	-1	-1	-1	-1	-1	-1	-1	-1	-1	-1	-1	-1	-1	-1	-1	-1	-1	-1	-1	-1	-1	FFFFFF4C	命运宝石	5	2004	1
50418002	5	4	18	2	Gem3_1_16	1	蓝宝石(4级)	蓝色的宝石，可以镶嵌在防御性装备(衣服、手套、帽子、护肩、鞋、腰带、项链、暗器、武魂、龙纹、令牌、豪侠印)上，使用后不可再镶嵌同类宝石。#r#G命运宝石	75000	1000	-1	-1	-1	-1	-1	-1	-1	-1	-1	-1	-1	-1	-1	-1	-1	-1	-1	-1	-1	-1	-1	-1	-1	-1	-1	-1	-1	-1	-1	-1	-1	-1	-1	-1	-1	-1	-1	-1	-1	-1	-1	-1	-1	76	-1	-1	-1	-1	-1	-1	-1	-1	-1	-1	-1	-1	-1	-1	-1	-1	-1	-1	-1	-1	FFFFFF4C	命运宝石	6	2004	1
50418003	5	4	18	3	Gem3_1_7	1	绿宝石(4级)	绿色的宝石，可以镶嵌在防御性装备(衣服、手套、帽子、护肩、鞋、腰带、项链、暗器、武魂、龙纹、令牌、豪侠印)上，使用后不可再镶嵌同类宝石。#r#G命运宝石	75000	1000	-1	-1	-1	-1	-1	-1	-1	-1	-1	-1	-1	-1	-1	-1	-1	-1	-1	-1	-1	-1	-1	-1	-1	-1	-1	-1	-1	-1	-1	-1	-1	-1	-1	-1	-1	-1	-1	-1	-1	-1	-1	-1	-1	-1	-1	-1	41	-1	-1	-1	-1	-1	-1	-1	-1	-1	-1	-1	-1	-1	-1	-1	-1	-1	FFFFFF4C	命运宝石	9	2004	1
50418004	5	4	18	4	Gem3_2_2	1	红宝石(4级)	红色的宝石，可以镶嵌在防御性装备(衣服、手套、帽子、护肩、鞋、腰带、项链、暗器、武魂、龙纹、令牌、豪侠印)上，使用后不可再镶嵌同类宝石。#r#G命运宝石	75000	1000	-1	-1	-1	-1	-1	-1	-1	-1	-1	-1	-1	-1	-1	-1	-1	-1	-1	-1	-1	-1	-1	-1	-1	-1	-1	-1	-1	-1	-1	-1	-1	-1	-1	-1	-1	-1	-1	-1	-1	-1	-1	-1	-1	-1	76	-1	-1	-1	-1	-1	-1	-1	-1	-1	-1	-1	-1	-1	-1	-1	-1	-1	-1	-1	FFFFFF4C	命运宝石	10	2004	1
50418005	5	4	18	5	Gem3_2_3	1	黑宝石(4级)	黑色的宝石，可以镶嵌在防御性装备(衣服、手套、帽子、护肩、鞋、腰带、项链、暗器、武魂、龙纹、令牌、豪侠印)上，使用后不可再镶嵌同类宝石。#r#G命运宝石	75000	1000	-1	-1	-1	-1	-1	-1	-1	-1	-1	-1	-1	-1	-1	-1	-1	-1	-1	-1	-1	-1	-1	-1	-1	-1	-1	-1	-1	-1	-1	-1	-1	-1	-1	-1	-1	-1	-1	-1	-1	-1	-1	-1	-1	-1	-1	76	-1	-1	-1	-1	-1	-1	-1	-1	-1	-1	-1	-1	-1	-1	-1	-1	-1	-1	FFFFFF4C	命运宝石	1	2004	1
50418006	5	4	18	6	Gem3_2_7	1	血精石(4级)	布满血丝红精的宝石，可以镶嵌在防御性装备(衣服、手套、帽子、护肩、鞋、腰带、项链、暗器、武魂、龙纹、令牌、豪侠印)上，使用后不可再镶嵌同类宝石。#r#G命运宝石	75000	1000	4180	-1	-1	-1	-1	-1	-1	-1	-1	-1	-1	-1	-1	-1	-1	-1	-1	-1	-1	-1	-1	-1	-1	-1	-1	-1	-1	-1	-1	-1	-1	-1	-1	-1	-1	-1	-1	-1	-1	-1	-1	-1	-1	-1	-1	-1	-1	-1	-1	-1	-1	-1	-1	-1	-1	-1	-1	-1	-1	-1	-1	-1	-1	-1	FFFFFF4C	命运宝石	13	2004	1
50419001	5	4	19	1	Gem3_1_14	1	祖母绿(4级)	翠绿如滴，顶级翡翠，可以镶嵌在防御性装备(衣服、手套、帽子、护肩、鞋、腰带、项链、暗器、武魂、龙纹、令牌、豪侠印)上，使用后不可再镶嵌同类宝石。#r#G天机宝石	100000	1000	-1	-1	-1	-1	-1	-1	-1	-1	-1	-1	-1	-1	-1	-1	-1	-1	-1	-1	-1	-1	-1	-1	-1	-1	-1	-1	-1	-1	-1	-1	-1	-1	-1	-1	-1	-1	273	-1	-1	-1	-1	-1	-1	-1	-1	-1	-1	-1	-1	-1	-1	-1	-1	-1	-1	-1	-1	-1	-1	-1	-1	-1	-1	-1	FFFFFF4C	天机宝石	8	2004	1
50421001	5	4	21	1	Gemjiankang_2	1	黄冥石(4级)	黄色的冥石，可以镶嵌在攻击性装备(武器、护腕、戒指、护符、项链、暗器、武魂、龙纹、令牌、豪侠印)上，使用后不可再镶嵌同类宝石。#r可在洛阳（280，322）彭怀玉、楼兰（279，198）克里木、束河古镇（134，85）荆嵌实处琢刻为黄冥晶石。琢刻后的宝石将可同时拥有忽略目标玄抗和玄攻击两种属性。#r#G无法将目标的抗性降低至负值#r#G胜利宝石	300000	2000	-1	-1	-1	-1	-1	-1	-1	-1	-1	-1	-1	-1	-1	-1	-1	-1	-1	-1	-1	-1	-1	-1	-1	-1	-1	-1	-1	-1	-1	-1	-1	-1	-1	-1	-1	-1	-1	-1	-1	-1	-1	-1	-1	-1	-1	-1	-1	-1	-1	-1	-1	-1	-1	-1	-1	-1	35	-1	-1	-1	-1	-1	-1	-1	FFFFFF7F	胜利宝石	31	2004	1
50421002	5	4	21	2	Gemjiankang_14	1	蓝冥石(4级)	蓝色的冥石，可以镶嵌在攻击性装备(武器、护腕、戒指、护符、项链、暗器、武魂、龙纹、令牌、豪侠印)上，使用后不可再镶嵌同类宝石。#r可在洛阳（280，322）彭怀玉、楼兰（279，198）克里木、束河古镇（134，85）荆嵌实处琢刻为蓝冥晶石。琢刻后的宝石将可同时拥有忽略目标冰抗和冰攻击两种属性。#r#G无法将目标的抗性降低至负值#r#G胜利宝石	300000	2000	-1	-1	-1	-1	-1	-1	-1	-1	-1	-1	-1	-1	-1	-1	-1	-1	-1	-1	-1	-1	-1	-1	-1	-1	-1	-1	-1	-1	-1	-1	-1	-1	-1	-1	-1	-1	-1	-1	-1	-1	-1	-1	-1	-1	-1	-1	-1	-1	-1	-1	-1	-1	-1	-1	35	-1	-1	-1	-1	-1	-1	-1	-1	-1	FFFFFF7F	胜利宝石	32	2004	1
50421003	5	4	21	3	Gemjiankang_10	1	红冥石(4级)	红色的冥石，可以镶嵌在攻击性装备(武器、护腕、戒指、护符、项链、暗器、武魂、龙纹、令牌、豪侠印)上，使用后不可再镶嵌同类宝石。#r可在洛阳（280，322）彭怀玉、楼兰（279，198）克里木、束河古镇（134，85）荆嵌实处琢刻为红冥晶石。琢刻后的宝石将可同时拥有忽略目标火抗和火攻击两种属性。#r#G无法将目标的抗性降低至负值#r#G胜利宝石	300000	2000	-1	-1	-1	-1	-1	-1	-1	-1	-1	-1	-1	-1	-1	-1	-1	-1	-1	-1	-1	-1	-1	-1	-1	-1	-1	-1	-1	-1	-1	-1	-1	-1	-1	-1	-1	-1	-1	-1	-1	-1	-1	-1	-1	-1	-1	-1	-1	-1	-1	-1	-1	-1	-1	-1	-1	35	-1	-1	-1	-1	-1	-1	-1	-1	FFFFFF7F	胜利宝石	33	2004	1
50421004	5	4	21	4	Gemjiankang_6	1	绿冥石(4级)	绿色的冥石，可以镶嵌在攻击性装备(武器、护腕、戒指、护符、项链、暗器、武魂、龙纹、令牌、豪侠印)上，使用后不可再镶嵌同类宝石。#r可在洛阳（280，322）彭怀玉、楼兰（279，198）克里木、束河古镇（134，85）荆嵌实处琢刻为绿冥晶石。琢刻后的宝石将可同时拥有忽略目标毒抗和毒攻击两种属性。#r#G无法将目标的抗性降低至负值#r#G胜利宝石	300000	2000	-1	-1	-1	-1	-1	-1	-1	-1	-1	-1	-1	-1	-1	-1	-1	-1	-1	-1	-1	-1	-1	-1	-1	-1	-1	-1	-1	-1	-1	-1	-1	-1	-1	-1	-1	-1	-1	-1	-1	-1	-1	-1	-1	-1	-1	-1	-1	-1	-1	-1	-1	-1	-1	-1	-1	-1	-1	35	-1	-1	-1	-1	-1	-1	FFFFFF7F	胜利宝石	34	2004	1
50421005	5	4	21	5	LiJinGemjiankang_2	75	黄冥石·红利(4级)	黄色的冥石，可以镶嵌在攻击性装备(武器、护腕、戒指、护符、项链、暗器、武魂、龙纹、令牌、豪侠印)上，使用后不可再镶嵌同类宝石。#r可在洛阳（280，322）彭怀玉、楼兰（279，198）克里木、束河古镇（134，85）荆嵌实处琢刻为黄冥晶石·红利。琢刻后的宝石将可同时拥有忽略目标玄抗和玄攻击两种属性。#r#G无法将目标的抗性降低至负值#r#G胜利宝石	300000	1	-1	-1	-1	-1	-1	-1	-1	-1	-1	-1	-1	-1	-1	-1	-1	-1	-1	-1	-1	-1	-1	-1	-1	-1	-1	-1	-1	-1	-1	-1	-1	-1	-1	-1	-1	-1	-1	-1	-1	-1	-1	-1	-1	-1	-1	-1	-1	-1	-1	-1	-1	-1	-1	-1	-1	-1	35	-1	-1	-1	-1	-1	-1	-1	FFFFFF7F	胜利宝石	31	2004	1
50421006	5	4	21	6	LiJinGemjiankang_14	75	蓝冥石·红利(4级)	蓝色的冥石，可以镶嵌在攻击性装备(武器、护腕、戒指、护符、项链、暗器、武魂、龙纹、令牌、豪侠印)上，使用后不可再镶嵌同类宝石。#r可在洛阳（280，322）彭怀玉、楼兰（279，198）克里木、束河古镇（134，85）荆嵌实处琢刻为蓝冥晶石·红利。琢刻后的宝石将可同时拥有忽略目标冰抗和冰攻击两种属性。#r#G无法将目标的抗性降低至负值#r#G胜利宝石	300000	1	-1	-1	-1	-1	-1	-1	-1	-1	-1	-1	-1	-1	-1	-1	-1	-1	-1	-1	-1	-1	-1	-1	-1	-1	-1	-1	-1	-1	-1	-1	-1	-1	-1	-1	-1	-1	-1	-1	-1	-1	-1	-1	-1	-1	-1	-1	-1	-1	-1	-1	-1	-1	-1	-1	35	-1	-1	-1	-1	-1	-1	-1	-1	-1	FFFFFF7F	胜利宝石	32	2004	1
50421007	5	4	21	7	LiJinGemjiankang_10	75	红冥石·红利(4级)	红色的冥石，可以镶嵌在攻击性装备(武器、护腕、戒指、护符、项链、暗器、武魂、龙纹、令牌、豪侠印)上，使用后不可再镶嵌同类宝石。#r可在洛阳（280，322）彭怀玉、楼兰（279，198）克里木、束河古镇（134，85）荆嵌实处琢刻为红冥晶石·红利。琢刻后的宝石将可同时拥有忽略目标火抗和火攻击两种属性。#r#G无法将目标的抗性降低至负值#r#G胜利宝石	300000	1	-1	-1	-1	-1	-1	-1	-1	-1	-1	-1	-1	-1	-1	-1	-1	-1	-1	-1	-1	-1	-1	-1	-1	-1	-1	-1	-1	-1	-1	-1	-1	-1	-1	-1	-1	-1	-1	-1	-1	-1	-1	-1	-1	-1	-1	-1	-1	-1	-1	-1	-1	-1	-1	-1	-1	35	-1	-1	-1	-1	-1	-1	-1	-1	FFFFFF7F	胜利宝石	33	2004	1
50421008	5	4	21	8	LiJinGemjiankang_6	75	绿冥石·红利(4级)	绿色的冥石，可以镶嵌在攻击性装备(武器、护腕、戒指、护符、项链、暗器、武魂、龙纹、令牌、豪侠印)上，使用后不可再镶嵌同类宝石。#r可在洛阳（280，322）彭怀玉、楼兰（279，198）克里木、束河古镇（134，85）荆嵌实处琢刻为绿冥晶石·红利。琢刻后的宝石将可同时拥有忽略目标毒抗和毒攻击两种属性。#r#G无法将目标的抗性降低至负值#r#G胜利宝石	300000	1	-1	-1	-1	-1	-1	-1	-1	-1	-1	-1	-1	-1	-1	-1	-1	-1	-1	-1	-1	-1	-1	-1	-1	-1	-1	-1	-1	-1	-1	-1	-1	-1	-1	-1	-1	-1	-1	-1	-1	-1	-1	-1	-1	-1	-1	-1	-1	-1	-1	-1	-1	-1	-1	-1	-1	-1	-1	35	-1	-1	-1	-1	-1	-1	FFFFFF7F	胜利宝石	34	2004	1
50421101	5	4	21	101	Gemzhuoke_4	75	黄冥晶石(4级·1级)	琢刻了纯净黄晶石后的黄冥石，可以镶嵌在攻击性装备(武器、护腕、戒指、护符、项链、暗器、武魂、龙纹、令牌、豪侠印)上，使用后不可再镶嵌同类宝石。#r#W可在洛阳（280，322）彭怀玉、楼兰（279，198）克里木、束河古镇（134，85）荆嵌实处进行#G琢刻分离#W。#r#G琢刻后的宝石无法进行合成操作#r#G无法将目标的抗性降低至负值#r#G胜利宝石	300000	2000	-1	-1	-1	-1	-1	-1	-1	-1	-1	-1	-1	-1	23	-1	-1	-1	-1	-1	-1	-1	-1	-1	-1	-1	-1	-1	-1	-1	-1	-1	-1	-1	-1	-1	-1	-1	-1	-1	-1	-1	-1	-1	-1	-1	-1	-1	-1	-1	-1	-1	-1	-1	-1	-1	-1	-1	35	-1	-1	-1	-1	-1	-1	-1	FFFFFF7F	胜利宝石	31	2004	1
50421102	5	4	21	102	Gemzhuoke_4	75	黄冥晶石(4级·2级)	琢刻了纯净黄晶石后的黄冥石，可以镶嵌在攻击性装备(武器、护腕、戒指、护符、项链、暗器、武魂、龙纹、令牌、豪侠印)上，使用后不可再镶嵌同类宝石。#r#W可在洛阳（280，322）彭怀玉、楼兰（279，198）克里木、束河古镇（134，85）荆嵌实处进行#G琢刻分离#W。#r#G琢刻后的宝石无法进行合成操作#r#G无法将目标的抗性降低至负值#r#G胜利宝石	300000	2000	-1	-1	-1	-1	-1	-1	-1	-1	-1	-1	-1	-1	33	-1	-1	-1	-1	-1	-1	-1	-1	-1	-1	-1	-1	-1	-1	-1	-1	-1	-1	-1	-1	-1	-1	-1	-1	-1	-1	-1	-1	-1	-1	-1	-1	-1	-1	-1	-1	-1	-1	-1	-1	-1	-1	-1	35	-1	-1	-1	-1	-1	-1	-1	FFFFFF7F	胜利宝石	31	2004	1
50421103	5	4	21	103	Gemzhuoke_4	75	黄冥晶石(4级·3级)	琢刻了纯净黄晶石后的黄冥石，可以镶嵌在攻击性装备(武器、护腕、戒指、护符、项链、暗器、武魂、龙纹、令牌、豪侠印)上，使用后不可再镶嵌同类宝石。#r#W可在洛阳（280，322）彭怀玉、楼兰（279，198）克里木、束河古镇（134，85）荆嵌实处进行#G琢刻分离#W。#r#G琢刻后的宝石无法进行合成操作#r#G无法将目标的抗性降低至负值#r#G胜利宝石	300000	2000	-1	-1	-1	-1	-1	-1	-1	-1	-1	-1	-1	-1	60	-1	-1	-1	-1	-1	-1	-1	-1	-1	-1	-1	-1	-1	-1	-1	-1	-1	-1	-1	-1	-1	-1	-1	-1	-1	-1	-1	-1	-1	-1	-1	-1	-1	-1	-1	-1	-1	-1	-1	-1	-1	-1	-1	35	-1	-1	-1	-1	-1	-1	-1	FFFFFF7F	胜利宝石	31	2004	1
50421104	5	4	21	104	Gemzhuoke_4	75	黄冥晶石(4级·4级)	琢刻了纯净黄晶石后的黄冥石，可以镶嵌在攻击性装备(武器、护腕、戒指、护符、项链、暗器、武魂、龙纹、令牌、豪侠印)上，使用后不可再镶嵌同类宝石。#r#W可在洛阳（280，322）彭怀玉、楼兰（279，198）克里木、束河古镇（134，85）荆嵌实处进行#G琢刻分离#W。#r#G琢刻后的宝石无法进行合成操作#r#G无法将目标的抗性降低至负值#r#G胜利宝石	300000	2000	-1	-1	-1	-1	-1	-1	-1	-1	-1	-1	-1	-1	120	-1	-1	-1	-1	-1	-1	-1	-1	-1	-1	-1	-1	-1	-1	-1	-1	-1	-1	-1	-1	-1	-1	-1	-1	-1	-1	-1	-1	-1	-1	-1	-1	-1	-1	-1	-1	-1	-1	-1	-1	-1	-1	-1	35	-1	-1	-1	-1	-1	-1	-1	FFFFFF7F	胜利宝石	31	2004	1
50421105	5	4	21	105	LiJinGemzhuoke_4	75	黄冥晶石·红利(4级·1级)	琢刻了纯净黄晶石·红利后的黄冥石·红利，可以镶嵌在攻击性装备(武器、护腕、戒指、护符、项链、暗器、武魂、龙纹、令牌、豪侠印)上，使用后不可再镶嵌同类宝石。#r#W可在洛阳（280，322）彭怀玉、楼兰（279，198）克里木、束河古镇（134，85）荆嵌实处进行#G琢刻分离#W。#r#G琢刻后的宝石无法进行合成操作#r#G无法将目标的抗性降低至负值#r#G胜利宝石	300000	2000	-1	-1	-1	-1	-1	-1	-1	-1	-1	-1	-1	-1	23	-1	-1	-1	-1	-1	-1	-1	-1	-1	-1	-1	-1	-1	-1	-1	-1	-1	-1	-1	-1	-1	-1	-1	-1	-1	-1	-1	-1	-1	-1	-1	-1	-1	-1	-1	-1	-1	-1	-1	-1	-1	-1	-1	35	-1	-1	-1	-1	-1	-1	-1	FFFFFF7F	胜利宝石	31	2004	1
50421106	5	4	21	106	LiJinGemzhuoke_4	75	黄冥晶石·红利(4级·2级)	琢刻了纯净黄晶石·红利后的黄冥石·红利，可以镶嵌在攻击性装备(武器、护腕、戒指、护符、项链、暗器、武魂、龙纹、令牌、豪侠印)上，使用后不可再镶嵌同类宝石。#r#W可在洛阳（280，322）彭怀玉、楼兰（279，198）克里木、束河古镇（134，85）荆嵌实处进行#G琢刻分离#W。#r#G琢刻后的宝石无法进行合成操作#r#G无法将目标的抗性降低至负值#r#G胜利宝石	300000	2000	-1	-1	-1	-1	-1	-1	-1	-1	-1	-1	-1	-1	33	-1	-1	-1	-1	-1	-1	-1	-1	-1	-1	-1	-1	-1	-1	-1	-1	-1	-1	-1	-1	-1	-1	-1	-1	-1	-1	-1	-1	-1	-1	-1	-1	-1	-1	-1	-1	-1	-1	-1	-1	-1	-1	-1	35	-1	-1	-1	-1	-1	-1	-1	FFFFFF7F	胜利宝石	31	2004	1
50421107	5	4	21	107	LiJinGemzhuoke_4	75	黄冥晶石·红利(4级·3级)	琢刻了纯净黄晶石·红利后的黄冥石·红利，可以镶嵌在攻击性装备(武器、护腕、戒指、护符、项链、暗器、武魂、龙纹、令牌、豪侠印)上，使用后不可再镶嵌同类宝石。#r#W可在洛阳（280，322）彭怀玉、楼兰（279，198）克里木、束河古镇（134，85）荆嵌实处进行#G琢刻分离#W。#r#G琢刻后的宝石无法进行合成操作#r#G无法将目标的抗性降低至负值#r#G胜利宝石	300000	2000	-1	-1	-1	-1	-1	-1	-1	-1	-1	-1	-1	-1	60	-1	-1	-1	-1	-1	-1	-1	-1	-1	-1	-1	-1	-1	-1	-1	-1	-1	-1	-1	-1	-1	-1	-1	-1	-1	-1	-1	-1	-1	-1	-1	-1	-1	-1	-1	-1	-1	-1	-1	-1	-1	-1	-1	35	-1	-1	-1	-1	-1	-1	-1	FFFFFF7F	胜利宝石	31	2004	1
50421108	5	4	21	108	LiJinGemzhuoke_4	75	黄冥晶石·红利(4级·4级)	琢刻了纯净黄晶石·红利后的黄冥石·红利，可以镶嵌在攻击性装备(武器、护腕、戒指、护符、项链、暗器、武魂、龙纹、令牌、豪侠印)上，使用后不可再镶嵌同类宝石。#r#W可在洛阳（280，322）彭怀玉、楼兰（279，198）克里木、束河古镇（134，85）荆嵌实处进行#G琢刻分离#W。#r#G琢刻后的宝石无法进行合成操作#r#G无法将目标的抗性降低至负值#r#G胜利宝石	300000	2000	-1	-1	-1	-1	-1	-1	-1	-1	-1	-1	-1	-1	120	-1	-1	-1	-1	-1	-1	-1	-1	-1	-1	-1	-1	-1	-1	-1	-1	-1	-1	-1	-1	-1	-1	-1	-1	-1	-1	-1	-1	-1	-1	-1	-1	-1	-1	-1	-1	-1	-1	-1	-1	-1	-1	-1	35	-1	-1	-1	-1	-1	-1	-1	FFFFFF7F	胜利宝石	31	2004	1
50421201	5	4	21	201	Gemzhuoke_7	75	蓝冥晶石(4级·1级)	琢刻了纯净蓝晶石后的蓝冥石，可以镶嵌在攻击性装备(武器、护腕、戒指、护符、项链、暗器、武魂、龙纹、令牌、豪侠印)上，使用后不可再镶嵌同类宝石。#r#W可在洛阳（280，322）彭怀玉、楼兰（279，198）克里木、束河古镇（134，85）荆嵌实处进行#G琢刻分离#W。#r#G琢刻后的宝石无法进行合成操作#r#G无法将目标的抗性降低至负值#r#G胜利宝石	300000	2000	-1	-1	-1	-1	-1	-1	23	-1	-1	-1	-1	-1	-1	-1	-1	-1	-1	-1	-1	-1	-1	-1	-1	-1	-1	-1	-1	-1	-1	-1	-1	-1	-1	-1	-1	-1	-1	-1	-1	-1	-1	-1	-1	-1	-1	-1	-1	-1	-1	-1	-1	-1	-1	-1	35	-1	-1	-1	-1	-1	-1	-1	-1	-1	FFFFFF7F	胜利宝石	32	2004	1
50421202	5	4	21	202	Gemzhuoke_7	75	蓝冥晶石(4级·2级)	琢刻了纯净蓝晶石后的蓝冥石，可以镶嵌在攻击性装备(武器、护腕、戒指、护符、项链、暗器、武魂、龙纹、令牌、豪侠印)上，使用后不可再镶嵌同类宝石。#r#W可在洛阳（280，322）彭怀玉、楼兰（279，198）克里木、束河古镇（134，85）荆嵌实处进行#G琢刻分离#W。#r#G琢刻后的宝石无法进行合成操作#r#G无法将目标的抗性降低至负值#r#G胜利宝石	300000	2000	-1	-1	-1	-1	-1	-1	33	-1	-1	-1	-1	-1	-1	-1	-1	-1	-1	-1	-1	-1	-1	-1	-1	-1	-1	-1	-1	-1	-1	-1	-1	-1	-1	-1	-1	-1	-1	-1	-1	-1	-1	-1	-1	-1	-1	-1	-1	-1	-1	-1	-1	-1	-1	-1	35	-1	-1	-1	-1	-1	-1	-1	-1	-1	FFFFFF7F	胜利宝石	32	2004	1
50421203	5	4	21	203	Gemzhuoke_7	75	蓝冥晶石(4级·3级)	琢刻了纯净蓝晶石后的蓝冥石，可以镶嵌在攻击性装备(武器、护腕、戒指、护符、项链、暗器、武魂、龙纹、令牌、豪侠印)上，使用后不可再镶嵌同类宝石。#r#W可在洛阳（280，322）彭怀玉、楼兰（279，198）克里木、束河古镇（134，85）荆嵌实处进行#G琢刻分离#W。#r#G琢刻后的宝石无法进行合成操作#r#G无法将目标的抗性降低至负值#r#G胜利宝石	300000	2000	-1	-1	-1	-1	-1	-1	60	-1	-1	-1	-1	-1	-1	-1	-1	-1	-1	-1	-1	-1	-1	-1	-1	-1	-1	-1	-1	-1	-1	-1	-1	-1	-1	-1	-1	-1	-1	-1	-1	-1	-1	-1	-1	-1	-1	-1	-1	-1	-1	-1	-1	-1	-1	-1	35	-1	-1	-1	-1	-1	-1	-1	-1	-1	FFFFFF7F	胜利宝石	32	2004	1
50421204	5	4	21	204	Gemzhuoke_7	75	蓝冥晶石(4级·4级)	琢刻了纯净蓝晶石后的蓝冥石，可以镶嵌在攻击性装备(武器、护腕、戒指、护符、项链、暗器、武魂、龙纹、令牌、豪侠印)上，使用后不可再镶嵌同类宝石。#r#W可在洛阳（280，322）彭怀玉、楼兰（279，198）克里木、束河古镇（134，85）荆嵌实处进行#G琢刻分离#W。#r#G琢刻后的宝石无法进行合成操作#r#G无法将目标的抗性降低至负值#r#G胜利宝石	300000	2000	-1	-1	-1	-1	-1	-1	120	-1	-1	-1	-1	-1	-1	-1	-1	-1	-1	-1	-1	-1	-1	-1	-1	-1	-1	-1	-1	-1	-1	-1	-1	-1	-1	-1	-1	-1	-1	-1	-1	-1	-1	-1	-1	-1	-1	-1	-1	-1	-1	-1	-1	-1	-1	-1	35	-1	-1	-1	-1	-1	-1	-1	-1	-1	FFFFFF7F	胜利宝石	32	2004	1
50421205	5	4	21	205	LiJinGemzhuoke_7	75	蓝冥晶石·红利(4级·1级)	琢刻了纯净蓝晶石·红利后的蓝冥石·红利，可以镶嵌在攻击性装备(武器、护腕、戒指、护符、项链、暗器、武魂、龙纹、令牌、豪侠印)上，使用后不可再镶嵌同类宝石。#r#W可在洛阳（280，322）彭怀玉、楼兰（279，198）克里木、束河古镇（134，85）荆嵌实处进行#G琢刻分离#W。#r#G琢刻后的宝石无法进行合成操作#r#G无法将目标的抗性降低至负值#r#G胜利宝石	300000	2000	-1	-1	-1	-1	-1	-1	23	-1	-1	-1	-1	-1	-1	-1	-1	-1	-1	-1	-1	-1	-1	-1	-1	-1	-1	-1	-1	-1	-1	-1	-1	-1	-1	-1	-1	-1	-1	-1	-1	-1	-1	-1	-1	-1	-1	-1	-1	-1	-1	-1	-1	-1	-1	-1	35	-1	-1	-1	-1	-1	-1	-1	-1	-1	FFFFFF7F	胜利宝石	32	2004	1
50421206	5	4	21	206	LiJinGemzhuoke_7	75	蓝冥晶石·红利(4级·2级)	琢刻了纯净蓝晶石·红利后的蓝冥石·红利，可以镶嵌在攻击性装备(武器、护腕、戒指、护符、项链、暗器、武魂、龙纹、令牌、豪侠印)上，使用后不可再镶嵌同类宝石。#r#W可在洛阳（280，322）彭怀玉、楼兰（279，198）克里木、束河古镇（134，85）荆嵌实处进行#G琢刻分离#W。#r#G琢刻后的宝石无法进行合成操作#r#G无法将目标的抗性降低至负值#r#G胜利宝石	300000	2000	-1	-1	-1	-1	-1	-1	33	-1	-1	-1	-1	-1	-1	-1	-1	-1	-1	-1	-1	-1	-1	-1	-1	-1	-1	-1	-1	-1	-1	-1	-1	-1	-1	-1	-1	-1	-1	-1	-1	-1	-1	-1	-1	-1	-1	-1	-1	-1	-1	-1	-1	-1	-1	-1	35	-1	-1	-1	-1	-1	-1	-1	-1	-1	FFFFFF7F	胜利宝石	32	2004	1
50421207	5	4	21	207	LiJinGemzhuoke_7	75	蓝冥晶石·红利(4级·3级)	琢刻了纯净蓝晶石·红利后的蓝冥石·红利，可以镶嵌在攻击性装备(武器、护腕、戒指、护符、项链、暗器、武魂、龙纹、令牌、豪侠印)上，使用后不可再镶嵌同类宝石。#r#W可在洛阳（280，322）彭怀玉、楼兰（279，198）克里木、束河古镇（134，85）荆嵌实处进行#G琢刻分离#W。#r#G琢刻后的宝石无法进行合成操作#r#G无法将目标的抗性降低至负值#r#G胜利宝石	300000	2000	-1	-1	-1	-1	-1	-1	60	-1	-1	-1	-1	-1	-1	-1	-1	-1	-1	-1	-1	-1	-1	-1	-1	-1	-1	-1	-1	-1	-1	-1	-1	-1	-1	-1	-1	-1	-1	-1	-1	-1	-1	-1	-1	-1	-1	-1	-1	-1	-1	-1	-1	-1	-1	-1	35	-1	-1	-1	-1	-1	-1	-1	-1	-1	FFFFFF7F	胜利宝石	32	2004	1
50421208	5	4	21	208	LiJinGemzhuoke_7	75	蓝冥晶石·红利(4级·4级)	琢刻了纯净蓝晶石·红利后的蓝冥石·红利，可以镶嵌在攻击性装备(武器、护腕、戒指、护符、项链、暗器、武魂、龙纹、令牌、豪侠印)上，使用后不可再镶嵌同类宝石。#r#W可在洛阳（280，322）彭怀玉、楼兰（279，198）克里木、束河古镇（134，85）荆嵌实处进行#G琢刻分离#W。#r#G琢刻后的宝石无法进行合成操作#r#G无法将目标的抗性降低至负值#r#G胜利宝石	300000	2000	-1	-1	-1	-1	-1	-1	120	-1	-1	-1	-1	-1	-1	-1	-1	-1	-1	-1	-1	-1	-1	-1	-1	-1	-1	-1	-1	-1	-1	-1	-1	-1	-1	-1	-1	-1	-1	-1	-1	-1	-1	-1	-1	-1	-1	-1	-1	-1	-1	-1	-1	-1	-1	-1	35	-1	-1	-1	-1	-1	-1	-1	-1	-1	FFFFFF7F	胜利宝石	32	2004	1
50421301	5	4	21	301	Gemzhuoke_1	75	红冥晶石(4级·1级)	琢刻了纯净红晶石后的红冥石，可以镶嵌在攻击性装备(武器、护腕、戒指、护符、项链、暗器、武魂、龙纹、令牌、豪侠印)上，使用后不可再镶嵌同类宝石。#r#W可在洛阳（280，322）彭怀玉、楼兰（279，198）克里木、束河古镇（134，85）荆嵌实处进行#G琢刻分离#W。#r#G琢刻后的宝石无法进行合成操作#r#G无法将目标的抗性降低至负值#r#G胜利宝石	300000	2000	-1	-1	-1	-1	-1	-1	-1	-1	-1	23	-1	-1	-1	-1	-1	-1	-1	-1	-1	-1	-1	-1	-1	-1	-1	-1	-1	-1	-1	-1	-1	-1	-1	-1	-1	-1	-1	-1	-1	-1	-1	-1	-1	-1	-1	-1	-1	-1	-1	-1	-1	-1	-1	-1	-1	35	-1	-1	-1	-1	-1	-1	-1	-1	FFFFFF7F	胜利宝石	33	2004	1
50421302	5	4	21	302	Gemzhuoke_1	75	红冥晶石(4级·2级)	琢刻了纯净红晶石后的红冥石，可以镶嵌在攻击性装备(武器、护腕、戒指、护符、项链、暗器、武魂、龙纹、令牌、豪侠印)上，使用后不可再镶嵌同类宝石。#r#W可在洛阳（280，322）彭怀玉、楼兰（279，198）克里木、束河古镇（134，85）荆嵌实处进行#G琢刻分离#W。#r#G琢刻后的宝石无法进行合成操作#r#G无法将目标的抗性降低至负值#r#G胜利宝石	300000	2000	-1	-1	-1	-1	-1	-1	-1	-1	-1	33	-1	-1	-1	-1	-1	-1	-1	-1	-1	-1	-1	-1	-1	-1	-1	-1	-1	-1	-1	-1	-1	-1	-1	-1	-1	-1	-1	-1	-1	-1	-1	-1	-1	-1	-1	-1	-1	-1	-1	-1	-1	-1	-1	-1	-1	35	-1	-1	-1	-1	-1	-1	-1	-1	FFFFFF7F	胜利宝石	33	2004	1
50421303	5	4	21	303	Gemzhuoke_1	75	红冥晶石(4级·3级)	琢刻了纯净红晶石后的红冥石，可以镶嵌在攻击性装备(武器、护腕、戒指、护符、项链、暗器、武魂、龙纹、令牌、豪侠印)上，使用后不可再镶嵌同类宝石。#r#W可在洛阳（280，322）彭怀玉、楼兰（279，198）克里木、束河古镇（134，85）荆嵌实处进行#G琢刻分离#W。#r#G琢刻后的宝石无法进行合成操作#r#G无法将目标的抗性降低至负值#r#G胜利宝石	300000	2000	-1	-1	-1	-1	-1	-1	-1	-1	-1	60	-1	-1	-1	-1	-1	-1	-1	-1	-1	-1	-1	-1	-1	-1	-1	-1	-1	-1	-1	-1	-1	-1	-1	-1	-1	-1	-1	-1	-1	-1	-1	-1	-1	-1	-1	-1	-1	-1	-1	-1	-1	-1	-1	-1	-1	35	-1	-1	-1	-1	-1	-1	-1	-1	FFFFFF7F	胜利宝石	33	2004	1
50421304	5	4	21	304	Gemzhuoke_1	75	红冥晶石(4级·4级)	琢刻了纯净红晶石后的红冥石，可以镶嵌在攻击性装备(武器、护腕、戒指、护符、项链、暗器、武魂、龙纹、令牌、豪侠印)上，使用后不可再镶嵌同类宝石。#r#W可在洛阳（280，322）彭怀玉、楼兰（279，198）克里木、束河古镇（134，85）荆嵌实处进行#G琢刻分离#W。#r#G琢刻后的宝石无法进行合成操作#r#G无法将目标的抗性降低至负值#r#G胜利宝石	300000	2000	-1	-1	-1	-1	-1	-1	-1	-1	-1	120	-1	-1	-1	-1	-1	-1	-1	-1	-1	-1	-1	-1	-1	-1	-1	-1	-1	-1	-1	-1	-1	-1	-1	-1	-1	-1	-1	-1	-1	-1	-1	-1	-1	-1	-1	-1	-1	-1	-1	-1	-1	-1	-1	-1	-1	35	-1	-1	-1	-1	-1	-1	-1	-1	FFFFFF7F	胜利宝石	33	2004	1
50421305	5	4	21	305	LiJinGemzhuoke_1	75	红冥晶石·红利(4级·1级)	琢刻了纯净红晶石·红利后的红冥石·红利，可以镶嵌在攻击性装备(武器、护腕、戒指、护符、项链、暗器、武魂、龙纹、令牌、豪侠印)上，使用后不可再镶嵌同类宝石。#r#W可在洛阳（280，322）彭怀玉、楼兰（279，198）克里木、束河古镇（134，85）荆嵌实处进行#G琢刻分离#W。#r#G琢刻后的宝石无法进行合成操作#r#G无法将目标的抗性降低至负值#r#G胜利宝石	300000	2000	-1	-1	-1	-1	-1	-1	-1	-1	-1	23	-1	-1	-1	-1	-1	-1	-1	-1	-1	-1	-1	-1	-1	-1	-1	-1	-1	-1	-1	-1	-1	-1	-1	-1	-1	-1	-1	-1	-1	-1	-1	-1	-1	-1	-1	-1	-1	-1	-1	-1	-1	-1	-1	-1	-1	35	-1	-1	-1	-1	-1	-1	-1	-1	FFFFFF7F	胜利宝石	33	2004	1
50421306	5	4	21	306	LiJinGemzhuoke_1	75	红冥晶石·红利(4级·2级)	琢刻了纯净红晶石·红利后的红冥石·红利，可以镶嵌在攻击性装备(武器、护腕、戒指、护符、项链、暗器、武魂、龙纹、令牌、豪侠印)上，使用后不可再镶嵌同类宝石。#r#W可在洛阳（280，322）彭怀玉、楼兰（279，198）克里木、束河古镇（134，85）荆嵌实处进行#G琢刻分离#W。#r#G琢刻后的宝石无法进行合成操作#r#G无法将目标的抗性降低至负值#r#G胜利宝石	300000	2000	-1	-1	-1	-1	-1	-1	-1	-1	-1	33	-1	-1	-1	-1	-1	-1	-1	-1	-1	-1	-1	-1	-1	-1	-1	-1	-1	-1	-1	-1	-1	-1	-1	-1	-1	-1	-1	-1	-1	-1	-1	-1	-1	-1	-1	-1	-1	-1	-1	-1	-1	-1	-1	-1	-1	35	-1	-1	-1	-1	-1	-1	-1	-1	FFFFFF7F	胜利宝石	33	2004	1
50421307	5	4	21	307	LiJinGemzhuoke_1	75	红冥晶石·红利(4级·3级)	琢刻了纯净红晶石·红利后的红冥石·红利，可以镶嵌在攻击性装备(武器、护腕、戒指、护符、项链、暗器、武魂、龙纹、令牌、豪侠印)上，使用后不可再镶嵌同类宝石。#r#W可在洛阳（280，322）彭怀玉、楼兰（279，198）克里木、束河古镇（134，85）荆嵌实处进行#G琢刻分离#W。#r#G琢刻后的宝石无法进行合成操作#r#G无法将目标的抗性降低至负值#r#G胜利宝石	300000	2000	-1	-1	-1	-1	-1	-1	-1	-1	-1	60	-1	-1	-1	-1	-1	-1	-1	-1	-1	-1	-1	-1	-1	-1	-1	-1	-1	-1	-1	-1	-1	-1	-1	-1	-1	-1	-1	-1	-1	-1	-1	-1	-1	-1	-1	-1	-1	-1	-1	-1	-1	-1	-1	-1	-1	35	-1	-1	-1	-1	-1	-1	-1	-1	FFFFFF7F	胜利宝石	33	2004	1
50421308	5	4	21	308	LiJinGemzhuoke_1	75	红冥晶石·红利(4级·4级)	琢刻了纯净红晶石·红利后的红冥石·红利，可以镶嵌在攻击性装备(武器、护腕、戒指、护符、项链、暗器、武魂、龙纹、令牌、豪侠印)上，使用后不可再镶嵌同类宝石。#r#W可在洛阳（280，322）彭怀玉、楼兰（279，198）克里木、束河古镇（134，85）荆嵌实处进行#G琢刻分离#W。#r#G琢刻后的宝石无法进行合成操作#r#G无法将目标的抗性降低至负值#r#G胜利宝石	300000	2000	-1	-1	-1	-1	-1	-1	-1	-1	-1	120	-1	-1	-1	-1	-1	-1	-1	-1	-1	-1	-1	-1	-1	-1	-1	-1	-1	-1	-1	-1	-1	-1	-1	-1	-1	-1	-1	-1	-1	-1	-1	-1	-1	-1	-1	-1	-1	-1	-1	-1	-1	-1	-1	-1	-1	35	-1	-1	-1	-1	-1	-1	-1	-1	FFFFFF7F	胜利宝石	33	2004	1
50421401	5	4	21	401	Gemzhuoke_10	75	绿冥晶石(4级·1级)	琢刻了纯净绿晶石后的绿冥石，可以镶嵌在攻击性装备(武器、护腕、戒指、护符、项链、暗器、武魂、龙纹、令牌、豪侠印)上，使用后不可再镶嵌同类宝石。#r#W可在洛阳（280，322）彭怀玉、楼兰（279，198）克里木、束河古镇（134，85）荆嵌实处进行#G琢刻分离#W。#r#G琢刻后的宝石无法进行合成操作#r#G无法将目标的抗性降低至负值#r#G胜利宝石	300000	2000	-1	-1	-1	-1	-1	-1	-1	-1	-1	-1	-1	-1	-1	-1	-1	23	-1	-1	-1	-1	-1	-1	-1	-1	-1	-1	-1	-1	-1	-1	-1	-1	-1	-1	-1	-1	-1	-1	-1	-1	-1	-1	-1	-1	-1	-1	-1	-1	-1	-1	-1	-1	-1	-1	-1	-1	-1	35	-1	-1	-1	-1	-1	-1	FFFFFF7F	胜利宝石	34	2004	1
50421402	5	4	21	402	Gemzhuoke_10	75	绿冥晶石(4级·2级)	琢刻了纯净绿晶石后的绿冥石，可以镶嵌在攻击性装备(武器、护腕、戒指、护符、项链、暗器、武魂、龙纹、令牌、豪侠印)上，使用后不可再镶嵌同类宝石。#r#W可在洛阳（280，322）彭怀玉、楼兰（279，198）克里木、束河古镇（134，85）荆嵌实处进行#G琢刻分离#W。#r#G琢刻后的宝石无法进行合成操作#r#G无法将目标的抗性降低至负值#r#G胜利宝石	300000	2000	-1	-1	-1	-1	-1	-1	-1	-1	-1	-1	-1	-1	-1	-1	-1	33	-1	-1	-1	-1	-1	-1	-1	-1	-1	-1	-1	-1	-1	-1	-1	-1	-1	-1	-1	-1	-1	-1	-1	-1	-1	-1	-1	-1	-1	-1	-1	-1	-1	-1	-1	-1	-1	-1	-1	-1	-1	35	-1	-1	-1	-1	-1	-1	FFFFFF7F	胜利宝石	34	2004	1
50421403	5	4	21	403	Gemzhuoke_10	75	绿冥晶石(4级·3级)	琢刻了纯净绿晶石后的绿冥石，可以镶嵌在攻击性装备(武器、护腕、戒指、护符、项链、暗器、武魂、龙纹、令牌、豪侠印)上，使用后不可再镶嵌同类宝石。#r#W可在洛阳（280，322）彭怀玉、楼兰（279，198）克里木、束河古镇（134，85）荆嵌实处进行#G琢刻分离#W。#r#G琢刻后的宝石无法进行合成操作#r#G无法将目标的抗性降低至负值#r#G胜利宝石	300000	2000	-1	-1	-1	-1	-1	-1	-1	-1	-1	-1	-1	-1	-1	-1	-1	60	-1	-1	-1	-1	-1	-1	-1	-1	-1	-1	-1	-1	-1	-1	-1	-1	-1	-1	-1	-1	-1	-1	-1	-1	-1	-1	-1	-1	-1	-1	-1	-1	-1	-1	-1	-1	-1	-1	-1	-1	-1	35	-1	-1	-1	-1	-1	-1	FFFFFF7F	胜利宝石	34	2004	1
50421404	5	4	21	404	Gemzhuoke_10	75	绿冥晶石(4级·4级)	琢刻了纯净绿晶石后的绿冥石，可以镶嵌在攻击性装备(武器、护腕、戒指、护符、项链、暗器、武魂、龙纹、令牌、豪侠印)上，使用后不可再镶嵌同类宝石。#r#W可在洛阳（280，322）彭怀玉、楼兰（279，198）克里木、束河古镇（134，85）荆嵌实处进行#G琢刻分离#W。#r#G琢刻后的宝石无法进行合成操作#r#G无法将目标的抗性降低至负值#r#G胜利宝石	300000	2000	-1	-1	-1	-1	-1	-1	-1	-1	-1	-1	-1	-1	-1	-1	-1	120	-1	-1	-1	-1	-1	-1	-1	-1	-1	-1	-1	-1	-1	-1	-1	-1	-1	-1	-1	-1	-1	-1	-1	-1	-1	-1	-1	-1	-1	-1	-1	-1	-1	-1	-1	-1	-1	-1	-1	-1	-1	35	-1	-1	-1	-1	-1	-1	FFFFFF7F	胜利宝石	34	2004	1
50421405	5	4	21	405	LiJinGemzhuoke_10	75	绿冥晶石·红利(4级·1级)	琢刻了纯净绿晶石·红利后的绿冥石·红利，可以镶嵌在攻击性装备(武器、护腕、戒指、护符、项链、暗器、武魂、龙纹、令牌、豪侠印)上，使用后不可再镶嵌同类宝石。#r#W可在洛阳（280，322）彭怀玉、楼兰（279，198）克里木、束河古镇（134，85）荆嵌实处进行#G琢刻分离#W。#r#G琢刻后的宝石无法进行合成操作#r#G无法将目标的抗性降低至负值#r#G胜利宝石	300000	2000	-1	-1	-1	-1	-1	-1	-1	-1	-1	-1	-1	-1	-1	-1	-1	23	-1	-1	-1	-1	-1	-1	-1	-1	-1	-1	-1	-1	-1	-1	-1	-1	-1	-1	-1	-1	-1	-1	-1	-1	-1	-1	-1	-1	-1	-1	-1	-1	-1	-1	-1	-1	-1	-1	-1	-1	-1	35	-1	-1	-1	-1	-1	-1	FFFFFF7F	胜利宝石	34	2004	1
50421406	5	4	21	406	LiJinGemzhuoke_10	75	绿冥晶石·红利(4级·2级)	琢刻了纯净绿晶石·红利后的绿冥石·红利，可以镶嵌在攻击性装备(武器、护腕、戒指、护符、项链、暗器、武魂、龙纹、令牌、豪侠印)上，使用后不可再镶嵌同类宝石。#r#W可在洛阳（280，322）彭怀玉、楼兰（279，198）克里木、束河古镇（134，85）荆嵌实处进行#G琢刻分离#W。#r#G琢刻后的宝石无法进行合成操作#r#G无法将目标的抗性降低至负值#r#G胜利宝石	300000	2000	-1	-1	-1	-1	-1	-1	-1	-1	-1	-1	-1	-1	-1	-1	-1	33	-1	-1	-1	-1	-1	-1	-1	-1	-1	-1	-1	-1	-1	-1	-1	-1	-1	-1	-1	-1	-1	-1	-1	-1	-1	-1	-1	-1	-1	-1	-1	-1	-1	-1	-1	-1	-1	-1	-1	-1	-1	35	-1	-1	-1	-1	-1	-1	FFFFFF7F	胜利宝石	34	2004	1
50421407	5	4	21	407	LiJinGemzhuoke_10	75	绿冥晶石·红利(4级·3级)	琢刻了纯净绿晶石·红利后的绿冥石·红利，可以镶嵌在攻击性装备(武器、护腕、戒指、护符、项链、暗器、武魂、龙纹、令牌、豪侠印)上，使用后不可再镶嵌同类宝石。#r#W可在洛阳（280，322）彭怀玉、楼兰（279，198）克里木、束河古镇（134，85）荆嵌实处进行#G琢刻分离#W。#r#G琢刻后的宝石无法进行合成操作#r#G无法将目标的抗性降低至负值#r#G胜利宝石	300000	2000	-1	-1	-1	-1	-1	-1	-1	-1	-1	-1	-1	-1	-1	-1	-1	60	-1	-1	-1	-1	-1	-1	-1	-1	-1	-1	-1	-1	-1	-1	-1	-1	-1	-1	-1	-1	-1	-1	-1	-1	-1	-1	-1	-1	-1	-1	-1	-1	-1	-1	-1	-1	-1	-1	-1	-1	-1	35	-1	-1	-1	-1	-1	-1	FFFFFF7F	胜利宝石	34	2004	1
50421408	5	4	21	408	LiJinGemzhuoke_10	75	绿冥晶石·红利(4级·4级)	琢刻了纯净绿晶石·红利后的绿冥石·红利，可以镶嵌在攻击性装备(武器、护腕、戒指、护符、项链、暗器、武魂、龙纹、令牌、豪侠印)上，使用后不可再镶嵌同类宝石。#r#W可在洛阳（280，322）彭怀玉、楼兰（279，198）克里木、束河古镇（134，85）荆嵌实处进行#G琢刻分离#W。#r#G琢刻后的宝石无法进行合成操作#r#G无法将目标的抗性降低至负值#r#G胜利宝石	300000	2000	-1	-1	-1	-1	-1	-1	-1	-1	-1	-1	-1	-1	-1	-1	-1	120	-1	-1	-1	-1	-1	-1	-1	-1	-1	-1	-1	-1	-1	-1	-1	-1	-1	-1	-1	-1	-1	-1	-1	-1	-1	-1	-1	-1	-1	-1	-1	-1	-1	-1	-1	-1	-1	-1	-1	-1	-1	35	-1	-1	-1	-1	-1	-1	FFFFFF7F	胜利宝石	34	2004	1
50426001	5	4	26	1	Gemjiankang_2	1	黄冥石(4级)	黄色的冥石，可以镶嵌在攻击性装备(武器、护腕、戒指、护符、项链、暗器、武魂、龙纹、令牌、豪侠印)上，使用后不可再镶嵌同类宝石。#r分期购买的宝石，在余款全部还清前，暂时无法进行琢刻。#r#G无法将目标的抗性降低至负值#r#G胜利宝石	300000	2000	-1	-1	-1	-1	-1	-1	-1	-1	-1	-1	-1	-1	-1	-1	-1	-1	-1	-1	-1	-1	-1	-1	-1	-1	-1	-1	-1	-1	-1	-1	-1	-1	-1	-1	-1	-1	-1	-1	-1	-1	-1	-1	-1	-1	-1	-1	-1	-1	-1	-1	-1	-1	-1	-1	-1	-1	35	-1	-1	-1	-1	-1	-1	-1	FFFFFF7F	胜利宝石	31	2004	1
50426002	5	4	26	2	Gemjiankang_14	1	蓝冥石(4级)	蓝色的冥石，可以镶嵌在攻击性装备(武器、护腕、戒指、护符、项链、暗器、武魂、龙纹、令牌、豪侠印)上，使用后不可再镶嵌同类宝石。#r分期购买的宝石，在余款全部还清前，暂时无法进行琢刻。#r#G无法将目标的抗性降低至负值#r#G胜利宝石	300000	2000	-1	-1	-1	-1	-1	-1	-1	-1	-1	-1	-1	-1	-1	-1	-1	-1	-1	-1	-1	-1	-1	-1	-1	-1	-1	-1	-1	-1	-1	-1	-1	-1	-1	-1	-1	-1	-1	-1	-1	-1	-1	-1	-1	-1	-1	-1	-1	-1	-1	-1	-1	-1	-1	-1	35	-1	-1	-1	-1	-1	-1	-1	-1	-1	FFFFFF7F	胜利宝石	32	2004	1
50426003	5	4	26	3	Gemjiankang_10	1	红冥石(4级)	红色的冥石，可以镶嵌在攻击性装备(武器、护腕、戒指、护符、项链、暗器、武魂、龙纹、令牌、豪侠印)上，使用后不可再镶嵌同类宝石。#r分期购买的宝石，在余款全部还清前，暂时无法进行琢刻。#r#G无法将目标的抗性降低至负值#r#G胜利宝石	300000	2000	-1	-1	-1	-1	-1	-1	-1	-1	-1	-1	-1	-1	-1	-1	-1	-1	-1	-1	-1	-1	-1	-1	-1	-1	-1	-1	-1	-1	-1	-1	-1	-1	-1	-1	-1	-1	-1	-1	-1	-1	-1	-1	-1	-1	-1	-1	-1	-1	-1	-1	-1	-1	-1	-1	-1	35	-1	-1	-1	-1	-1	-1	-1	-1	FFFFFF7F	胜利宝石	33	2004	1
50426004	5	4	26	4	Gemjiankang_6	1	绿冥石(4级)	绿色的冥石，可以镶嵌在攻击性装备(武器、护腕、戒指、护符、项链、暗器、武魂、龙纹、令牌、豪侠印)上，使用后不可再镶嵌同类宝石。#r分期购买的宝石，在余款全部还清前，暂时无法进行琢刻。#r#G无法将目标的抗性降低至负值#r#G胜利宝石	300000	2000	-1	-1	-1	-1	-1	-1	-1	-1	-1	-1	-1	-1	-1	-1	-1	-1	-1	-1	-1	-1	-1	-1	-1	-1	-1	-1	-1	-1	-1	-1	-1	-1	-1	-1	-1	-1	-1	-1	-1	-1	-1	-1	-1	-1	-1	-1	-1	-1	-1	-1	-1	-1	-1	-1	-1	-1	-1	35	-1	-1	-1	-1	-1	-1	FFFFFF7F	胜利宝石	34	2004	1
																																																																															
50501001	5	5	1	1	Gem3_2_4	1	猫眼石(5级)	像猫眼一样的宝石，可以镶嵌在攻击性装备(武器、护腕、戒指、护符、项链、暗器、武魂、龙纹、令牌、豪侠印)上，使用后不可再镶嵌同类宝石。#r#G希望宝石	50000	1000	-1	-1	-1	-1	-1	-1	-1	-1	-1	-1	-1	-1	-1	-1	-1	-1	-1	-1	-1	-1	-1	-1	-1	-1	-1	-1	1332	-1	-1	-1	-1	-1	-1	-1	-1	-1	-1	-1	-1	-1	-1	-1	-1	-1	-1	-1	-1	-1	-1	-1	-1	-1	-1	-1	-1	-1	-1	-1	-1	-1	-1	-1	-1	-1	FFFFFF99	希望宝石	1	2004	1
50501002	5	5	1	2	Gem3_1_1	1	虎眼石(5级)	像虎眼一样的宝石，可以镶嵌在攻击性装备(武器、护腕、戒指、护符、项链、暗器、武魂、龙纹、令牌、豪侠印)上，使用后不可再镶嵌同类宝石。#r#G希望宝石	50000	1000	-1	-1	-1	-1	-1	-1	-1	-1	-1	-1	-1	-1	-1	-1	-1	-1	-1	-1	-1	1332	-1	-1	-1	-1	-1	-1	-1	-1	-1	-1	-1	-1	-1	-1	-1	-1	-1	-1	-1	-1	-1	-1	-1	-1	-1	-1	-1	-1	-1	-1	-1	-1	-1	-1	-1	-1	-1	-1	-1	-1	-1	-1	-1	-1	FFFFFF99	希望宝石	2	2004	1
50501003	5	5	1	3	LiJinGem3_2_4	75	猫眼石·红利(5级)	像猫眼一样的宝石，可以镶嵌在攻击性装备(武器、护腕、戒指、护符、项链、暗器、武魂、龙纹、令牌、豪侠印)上，使用后不可再镶嵌同类宝石。#r#G希望宝石	50000	1	-1	-1	-1	-1	-1	-1	-1	-1	-1	-1	-1	-1	-1	-1	-1	-1	-1	-1	-1	-1	-1	-1	-1	-1	-1	-1	1332	-1	-1	-1	-1	-1	-1	-1	-1	-1	-1	-1	-1	-1	-1	-1	-1	-1	-1	-1	-1	-1	-1	-1	-1	-1	-1	-1	-1	-1	-1	-1	-1	-1	-1	-1	-1	-1	FFFFFF99	希望宝石	1	2004	1
50501004	5	5	1	4	LiJinGem3_1_1	75	虎眼石·红利(5级)	像虎眼一样的宝石，可以镶嵌在攻击性装备(武器、护腕、戒指、护符、项链、暗器、武魂、龙纹、令牌、豪侠印)上，使用后不可再镶嵌同类宝石。#r#G希望宝石	50000	1	-1	-1	-1	-1	-1	-1	-1	-1	-1	-1	-1	-1	-1	-1	-1	-1	-1	-1	-1	1332	-1	-1	-1	-1	-1	-1	-1	-1	-1	-1	-1	-1	-1	-1	-1	-1	-1	-1	-1	-1	-1	-1	-1	-1	-1	-1	-1	-1	-1	-1	-1	-1	-1	-1	-1	-1	-1	-1	-1	-1	-1	-1	-1	-1	FFFFFF99	希望宝石	2	2004	1
50502001	5	5	2	1	Gem3_1_3	1	黄晶石(5级)	黄色的晶石，可以镶嵌在攻击性装备(武器、护腕、戒指、护符、项链、暗器、武魂、龙纹、令牌、豪侠印)上，使用后不可再镶嵌同类宝石。#r#G智慧宝石#W#r可在#G洛阳（280，322）#R宝石工匠彭怀玉#W或#G楼兰（279，198）#R宝石工匠克里木#W处使用#G5级宝石雕琢符#W提升宝石属性。#r#cff9900本宝石只能雕琢一次。#r#W使用三颗雕琢后的宝石，和一个#G宝石熔炼符#W，能够熔炼成一颗对应的同等级胜利宝石。	150000	1000	-1	-1	-1	-1	-1	-1	-1	-1	-1	-1	-1	-1	30	-1	-1	-1	-1	-1	-1	-1	-1	-1	-1	-1	-1	-1	-1	-1	-1	-1	-1	-1	-1	-1	-1	-1	-1	-1	-1	-1	-1	-1	-1	-1	-1	-1	-1	-1	-1	-1	-1	-1	-1	-1	-1	-1	-1	-1	-1	-1	-1	-1	-1	-1	FFFFFF99	智慧宝石	3	2004	1
50502002	5	5	2	2	Gem3_1_4	1	蓝晶石(5级)	蓝色的晶石，可以镶嵌在攻击性装备(武器、护腕、戒指、护符、项链、暗器、武魂、龙纹、令牌、豪侠印)上，使用后不可再镶嵌同类宝石。#r#G智慧宝石#W#r可在#G洛阳（280，322）#R宝石工匠彭怀玉#W或#G楼兰（279，198）#R宝石工匠克里木#W处使用#G5级宝石雕琢符#W提升宝石属性。#r#cff9900本宝石只能雕琢一次。#r#W使用三颗雕琢后的宝石，和一个#G宝石熔炼符#W，能够熔炼成一颗对应的同等级胜利宝石。	150000	1000	-1	-1	-1	-1	-1	-1	30	-1	-1	-1	-1	-1	-1	-1	-1	-1	-1	-1	-1	-1	-1	-1	-1	-1	-1	-1	-1	-1	-1	-1	-1	-1	-1	-1	-1	-1	-1	-1	-1	-1	-1	-1	-1	-1	-1	-1	-1	-1	-1	-1	-1	-1	-1	-1	-1	-1	-1	-1	-1	-1	-1	-1	-1	-1	FFFFFF99	智慧宝石	4	2004	1
50502003	5	5	2	3	Gem3_1_5	1	红晶石(5级)	红色的晶石，可以镶嵌在攻击性装备(武器、护腕、戒指、护符、项链、暗器、武魂、龙纹、令牌、豪侠印)上，使用后不可再镶嵌同类宝石。#r#G智慧宝石#W#r可在#G洛阳（280，322）#R宝石工匠彭怀玉#W或#G楼兰（279，198）#R宝石工匠克里木#W处使用#G5级宝石雕琢符#W提升宝石属性。#r#cff9900本宝石只能雕琢一次。#r#W使用三颗雕琢后的宝石，和一个#G宝石熔炼符#W，能够熔炼成一颗对应的同等级胜利宝石。	150000	1000	-1	-1	-1	-1	-1	-1	-1	-1	-1	30	-1	-1	-1	-1	-1	-1	-1	-1	-1	-1	-1	-1	-1	-1	-1	-1	-1	-1	-1	-1	-1	-1	-1	-1	-1	-1	-1	-1	-1	-1	-1	-1	-1	-1	-1	-1	-1	-1	-1	-1	-1	-1	-1	-1	-1	-1	-1	-1	-1	-1	-1	-1	-1	-1	FFFFFF99	智慧宝石	5	2004	1
50502004	5	5	2	4	Gem3_1_6	1	绿晶石(5级)	绿色的晶石，可以镶嵌在攻击性装备(武器、护腕、戒指、护符、项链、暗器、武魂、龙纹、令牌、豪侠印)上，使用后不可再镶嵌同类宝石。#r#G智慧宝石#W#r可在#G洛阳（280，322）#R宝石工匠彭怀玉#W或#G楼兰（279，198）#R宝石工匠克里木#W处使用#G5级宝石雕琢符#W提升宝石属性。#r#cff9900本宝石只能雕琢一次。#r#W使用三颗雕琢后的宝石，和一个#G宝石熔炼符#W，能够熔炼成一颗对应的同等级胜利宝石。	150000	1000	-1	-1	-1	-1	-1	-1	-1	-1	-1	-1	-1	-1	-1	-1	-1	30	-1	-1	-1	-1	-1	-1	-1	-1	-1	-1	-1	-1	-1	-1	-1	-1	-1	-1	-1	-1	-1	-1	-1	-1	-1	-1	-1	-1	-1	-1	-1	-1	-1	-1	-1	-1	-1	-1	-1	-1	-1	-1	-1	-1	-1	-1	-1	-1	FFFFFF99	智慧宝石	6	2004	1
50502005	5	5	2	5	Gem3_2_5	1	纯净黄晶石(5级)	纯净的黄晶石，可以镶嵌在攻击性装备(武器、护腕、戒指、护符、项链、暗器、武魂、龙纹、令牌、豪侠印)上，使用后不可再镶嵌同类宝石。#r可在洛阳（280，322）彭怀玉、楼兰（279，198）克里木、束河古镇（134，85）荆嵌实处，将四颗此种宝石琢刻至5级及以上等级的黄冥石之上。琢刻后的黄冥晶石将可同时拥有忽略目标玄抗及玄攻击效果。#r#G智慧宝石#r#cff9900雕琢过的宝石不能再雕琢。#r#W使用三颗此种宝石，和一个#G宝石熔炼符#W，能够熔炼成一颗对应的同等级胜利宝石。#r在#G帮会城市#W做#G炼金任务#W时，会有一定几率获得#G宝石熔炼符#W。	300000	2000	-1	-1	-1	-1	-1	-1	-1	-1	-1	-1	-1	-1	120	-1	-1	-1	-1	-1	-1	-1	-1	-1	-1	-1	-1	-1	-1	-1	-1	-1	-1	-1	-1	-1	-1	-1	-1	-1	-1	-1	-1	-1	-1	-1	-1	-1	-1	-1	-1	-1	-1	-1	-1	-1	-1	-1	-1	-1	-1	-1	-1	-1	-1	-1	FFFFFF99	智慧宝石	14	2004	1
50502006	5	5	2	6	Gem3_2_9	1	纯净蓝晶石(5级)	纯净的蓝晶石，可以镶嵌在攻击性装备(武器、护腕、戒指、护符、项链、暗器、武魂、龙纹、令牌、豪侠印)上，使用后不可再镶嵌同类宝石。#r可在洛阳（280，322）彭怀玉、楼兰（279，198）克里木、束河古镇（134，85）荆嵌实处，将四颗此种宝石琢刻至5级及以上等级的蓝冥石之上。琢刻后的蓝冥晶石将可同时拥有忽略目标冰抗及冰攻击效果。#r#G智慧宝石#r#cff9900雕琢过的宝石不能再雕琢。#r#W使用三颗此种宝石，和一个#G宝石熔炼符#W，能够熔炼成一颗对应的同等级胜利宝石。#r在#G帮会城市#W做#G炼金任务#W时，会有一定几率获得#G宝石熔炼符#W。	300000	2000	-1	-1	-1	-1	-1	-1	120	-1	-1	-1	-1	-1	-1	-1	-1	-1	-1	-1	-1	-1	-1	-1	-1	-1	-1	-1	-1	-1	-1	-1	-1	-1	-1	-1	-1	-1	-1	-1	-1	-1	-1	-1	-1	-1	-1	-1	-1	-1	-1	-1	-1	-1	-1	-1	-1	-1	-1	-1	-1	-1	-1	-1	-1	-1	FFFFFF99	智慧宝石	15	2004	1
50502007	5	5	2	7	Gem3_2_13	1	纯净红晶石(5级)	纯净的红晶石，可以镶嵌在攻击性装备(武器、护腕、戒指、护符、项链、暗器、武魂、龙纹、令牌、豪侠印)上，使用后不可再镶嵌同类宝石。#r可在洛阳（280，322）彭怀玉、楼兰（279，198）克里木、束河古镇（134，85）荆嵌实处，将四颗此种宝石琢刻至5级及以上等级的红冥石之上。琢刻后的红冥晶石将可同时拥有忽略目标火抗及火攻击效果。#r#G智慧宝石#r#cff9900雕琢过的宝石不能再雕琢。#r#W使用三颗此种宝石，和一个#G宝石熔炼符#W，能够熔炼成一颗对应的同等级胜利宝石。#r在#G帮会城市#W做#G炼金任务#W时，会有一定几率获得#G宝石熔炼符#W。	300000	2000	-1	-1	-1	-1	-1	-1	-1	-1	-1	120	-1	-1	-1	-1	-1	-1	-1	-1	-1	-1	-1	-1	-1	-1	-1	-1	-1	-1	-1	-1	-1	-1	-1	-1	-1	-1	-1	-1	-1	-1	-1	-1	-1	-1	-1	-1	-1	-1	-1	-1	-1	-1	-1	-1	-1	-1	-1	-1	-1	-1	-1	-1	-1	-1	FFFFFF99	智慧宝石	16	2004	1
50502008	5	5	2	8	Gem3_2_6	1	纯净绿晶石(5级)	纯净的绿晶石，可以镶嵌在攻击性装备(武器、护腕、戒指、护符、项链、暗器、武魂、龙纹、令牌、豪侠印)上，使用后不可再镶嵌同类宝石。#r可在洛阳（280，322）彭怀玉、楼兰（279，198）克里木、束河古镇（134，85）荆嵌实处，将四颗此种宝石琢刻至5级及以上等级的绿冥石之上。琢刻后的绿冥晶石将可同时拥有忽略目标毒抗及毒攻击效果。#r#G智慧宝石#r#cff9900雕琢过的宝石不能再雕琢。#r#W使用三颗此种宝石，和一个#G宝石熔炼符#W，能够熔炼成一颗对应的同等级胜利宝石。#r在#G帮会城市#W做#G炼金任务#W时，会有一定几率获得#G宝石熔炼符#W。	300000	2000	-1	-1	-1	-1	-1	-1	-1	-1	-1	-1	-1	-1	-1	-1	-1	120	-1	-1	-1	-1	-1	-1	-1	-1	-1	-1	-1	-1	-1	-1	-1	-1	-1	-1	-1	-1	-1	-1	-1	-1	-1	-1	-1	-1	-1	-1	-1	-1	-1	-1	-1	-1	-1	-1	-1	-1	-1	-1	-1	-1	-1	-1	-1	-1	FFFFFF99	智慧宝石	17	2004	1
50502009	5	5	2	9	LiJinGem3_1_3	75	黄晶石·红利(5级)	黄色的晶石，可以镶嵌在攻击性装备(武器、护腕、戒指、护符、项链、暗器、武魂、龙纹、令牌、豪侠印)上，使用后不可再镶嵌同类宝石。#r#G智慧宝石#W#r可在#G洛阳（280，322）#R宝石工匠彭怀玉#W或#G楼兰（279，198）#R宝石工匠克里木#W处使用#G5级宝石雕琢符#W提升宝石属性。#r#cff9900本宝石只能雕琢一次。#r#W使用三颗雕琢后的宝石，和一个#G宝石熔炼符#W，能够熔炼成一颗对应的同等级胜利宝石。	150000	1	-1	-1	-1	-1	-1	-1	-1	-1	-1	-1	-1	-1	30	-1	-1	-1	-1	-1	-1	-1	-1	-1	-1	-1	-1	-1	-1	-1	-1	-1	-1	-1	-1	-1	-1	-1	-1	-1	-1	-1	-1	-1	-1	-1	-1	-1	-1	-1	-1	-1	-1	-1	-1	-1	-1	-1	-1	-1	-1	-1	-1	-1	-1	-1	FFFFFF99	智慧宝石	3	2004	1
50502010	5	5	2	10	LiJinGem3_1_4	75	蓝晶石·红利(5级)	蓝色的晶石，可以镶嵌在攻击性装备(武器、护腕、戒指、护符、项链、暗器、武魂、龙纹、令牌、豪侠印)上，使用后不可再镶嵌同类宝石。#r#G智慧宝石#W#r可在#G洛阳（280，322）#R宝石工匠彭怀玉#W或#G楼兰（279，198）#R宝石工匠克里木#W处使用#G5级宝石雕琢符#W提升宝石属性。#r#cff9900本宝石只能雕琢一次。#r#W使用三颗雕琢后的宝石，和一个#G宝石熔炼符#W，能够熔炼成一颗对应的同等级胜利宝石。	150000	1	-1	-1	-1	-1	-1	-1	30	-1	-1	-1	-1	-1	-1	-1	-1	-1	-1	-1	-1	-1	-1	-1	-1	-1	-1	-1	-1	-1	-1	-1	-1	-1	-1	-1	-1	-1	-1	-1	-1	-1	-1	-1	-1	-1	-1	-1	-1	-1	-1	-1	-1	-1	-1	-1	-1	-1	-1	-1	-1	-1	-1	-1	-1	-1	FFFFFF99	智慧宝石	4	2004	1
50502011	5	5	2	11	LiJinGem3_1_5	75	红晶石·红利(5级)	红色的晶石，可以镶嵌在攻击性装备(武器、护腕、戒指、护符、项链、暗器、武魂、龙纹、令牌、豪侠印)上，使用后不可再镶嵌同类宝石。#r#G智慧宝石#W#r可在#G洛阳（280，322）#R宝石工匠彭怀玉#W或#G楼兰（279，198）#R宝石工匠克里木#W处使用#G5级宝石雕琢符#W提升宝石属性。#r#cff9900本宝石只能雕琢一次。#r#W使用三颗雕琢后的宝石，和一个#G宝石熔炼符#W，能够熔炼成一颗对应的同等级胜利宝石。	150000	1	-1	-1	-1	-1	-1	-1	-1	-1	-1	30	-1	-1	-1	-1	-1	-1	-1	-1	-1	-1	-1	-1	-1	-1	-1	-1	-1	-1	-1	-1	-1	-1	-1	-1	-1	-1	-1	-1	-1	-1	-1	-1	-1	-1	-1	-1	-1	-1	-1	-1	-1	-1	-1	-1	-1	-1	-1	-1	-1	-1	-1	-1	-1	-1	FFFFFF99	智慧宝石	5	2004	1
50502012	5	5	2	12	LiJinGem3_1_6	75	绿晶石·红利(5级)	绿色的晶石，可以镶嵌在攻击性装备(武器、护腕、戒指、护符、项链、暗器、武魂、龙纹、令牌、豪侠印)上，使用后不可再镶嵌同类宝石。#r#G智慧宝石#W#r可在#G洛阳（280，322）#R宝石工匠彭怀玉#W或#G楼兰（279，198）#R宝石工匠克里木#W处使用#G5级宝石雕琢符#W提升宝石属性。#r#cff9900本宝石只能雕琢一次。#r#W使用三颗雕琢后的宝石，和一个#G宝石熔炼符#W，能够熔炼成一颗对应的同等级胜利宝石。	150000	1	-1	-1	-1	-1	-1	-1	-1	-1	-1	-1	-1	-1	-1	-1	-1	30	-1	-1	-1	-1	-1	-1	-1	-1	-1	-1	-1	-1	-1	-1	-1	-1	-1	-1	-1	-1	-1	-1	-1	-1	-1	-1	-1	-1	-1	-1	-1	-1	-1	-1	-1	-1	-1	-1	-1	-1	-1	-1	-1	-1	-1	-1	-1	-1	FFFFFF99	智慧宝石	6	2004	1
50502013	5	5	2	13	LiJinGem3_2_5	75	纯净黄晶石·红利(5级)	纯净的黄晶石，可以镶嵌在攻击性装备(武器、护腕、戒指、护符、项链、暗器、武魂、龙纹、令牌、豪侠印)上，使用后不可再镶嵌同类宝石。#r可在洛阳（280，322）彭怀玉、楼兰（279，198）克里木、束河古镇（134，85）荆嵌实处，将四颗此种宝石琢刻至5级及以上等级的黄冥石·红利之上。琢刻后的黄冥晶石·红利将可同时拥有忽略目标玄抗及玄攻击效果。#r#G智慧宝石#r#cff9900雕琢过的宝石不能再雕琢。#r#W使用三颗此种宝石，和一个#G宝石熔炼符#W，能够熔炼成一颗对应的同等级胜利宝石。#r在#G帮会城市#W做#G炼金任务#W时，会有一定几率获得#G宝石熔炼符#W。	300000	1	-1	-1	-1	-1	-1	-1	-1	-1	-1	-1	-1	-1	120	-1	-1	-1	-1	-1	-1	-1	-1	-1	-1	-1	-1	-1	-1	-1	-1	-1	-1	-1	-1	-1	-1	-1	-1	-1	-1	-1	-1	-1	-1	-1	-1	-1	-1	-1	-1	-1	-1	-1	-1	-1	-1	-1	-1	-1	-1	-1	-1	-1	-1	-1	FFFFFF99	智慧宝石	14	2004	1
50502014	5	5	2	14	LiJinGem3_2_9	75	纯净蓝晶石·红利(5级)	纯净的蓝晶石，可以镶嵌在攻击性装备(武器、护腕、戒指、护符、项链、暗器、武魂、龙纹、令牌、豪侠印)上，使用后不可再镶嵌同类宝石。#r可在洛阳（280，322）彭怀玉、楼兰（279，198）克里木、束河古镇（134，85）荆嵌实处，将四颗此种宝石琢刻至5级及以上等级的蓝冥石·红利之上。琢刻后的蓝冥晶石·红利将可同时拥有忽略目标冰抗及冰攻击效果。#r#G智慧宝石#r#cff9900雕琢过的宝石不能再雕琢。#r#W使用三颗此种宝石，和一个#G宝石熔炼符#W，能够熔炼成一颗对应的同等级胜利宝石。#r在#G帮会城市#W做#G炼金任务#W时，会有一定几率获得#G宝石熔炼符#W。	300000	1	-1	-1	-1	-1	-1	-1	120	-1	-1	-1	-1	-1	-1	-1	-1	-1	-1	-1	-1	-1	-1	-1	-1	-1	-1	-1	-1	-1	-1	-1	-1	-1	-1	-1	-1	-1	-1	-1	-1	-1	-1	-1	-1	-1	-1	-1	-1	-1	-1	-1	-1	-1	-1	-1	-1	-1	-1	-1	-1	-1	-1	-1	-1	-1	FFFFFF99	智慧宝石	15	2004	1
50502015	5	5	2	15	LiJinGem3_2_13	75	纯净红晶石·红利(5级)	纯净的红晶石，可以镶嵌在攻击性装备(武器、护腕、戒指、护符、项链、暗器、武魂、龙纹、令牌、豪侠印)上，使用后不可再镶嵌同类宝石。#r可在洛阳（280，322）彭怀玉、楼兰（279，198）克里木、束河古镇（134，85）荆嵌实处，将四颗此种宝石琢刻至5级及以上等级的红冥石·红利之上。琢刻后的红冥晶石·红利将可同时拥有忽略目标火抗及火攻击效果。#r#G智慧宝石#r#cff9900雕琢过的宝石不能再雕琢。#r#W使用三颗此种宝石，和一个#G宝石熔炼符#W，能够熔炼成一颗对应的同等级胜利宝石。#r在#G帮会城市#W做#G炼金任务#W时，会有一定几率获得#G宝石熔炼符#W。	300000	1	-1	-1	-1	-1	-1	-1	-1	-1	-1	120	-1	-1	-1	-1	-1	-1	-1	-1	-1	-1	-1	-1	-1	-1	-1	-1	-1	-1	-1	-1	-1	-1	-1	-1	-1	-1	-1	-1	-1	-1	-1	-1	-1	-1	-1	-1	-1	-1	-1	-1	-1	-1	-1	-1	-1	-1	-1	-1	-1	-1	-1	-1	-1	-1	FFFFFF99	智慧宝石	16	2004	1
50502016	5	5	2	16	LiJinGem3_2_6	75	纯净绿晶石·红利(5级)	纯净的绿晶石，可以镶嵌在攻击性装备(武器、护腕、戒指、护符、项链、暗器、武魂、龙纹、令牌、豪侠印)上，使用后不可再镶嵌同类宝石。#r可在洛阳（280，322）彭怀玉、楼兰（279，198）克里木、束河古镇（134，85）荆嵌实处，将四颗此种宝石琢刻至5级及以上等级的绿冥石·红利之上。琢刻后的绿冥晶石·红利将可同时拥有忽略目标毒抗及毒攻击效果。#r#G智慧宝石#r#cff9900雕琢过的宝石不能再雕琢。#r#W使用三颗此种宝石，和一个#G宝石熔炼符#W，能够熔炼成一颗对应的同等级胜利宝石。#r在#G帮会城市#W做#G炼金任务#W时，会有一定几率获得#G宝石熔炼符#W。	300000	1	-1	-1	-1	-1	-1	-1	-1	-1	-1	-1	-1	-1	-1	-1	-1	120	-1	-1	-1	-1	-1	-1	-1	-1	-1	-1	-1	-1	-1	-1	-1	-1	-1	-1	-1	-1	-1	-1	-1	-1	-1	-1	-1	-1	-1	-1	-1	-1	-1	-1	-1	-1	-1	-1	-1	-1	-1	-1	-1	-1	-1	-1	-1	-1	FFFFFF99	智慧宝石	17	2004	1
50503001	5	5	3	1	Gem3_1_2	1	紫玉(5级)	紫色玉石，可以镶嵌在攻击性装备(武器、护腕、戒指、护符、项链、暗器、武魂、龙纹、令牌、豪侠印)上，使用后不可再镶嵌同类宝石。#r#G玄微宝石	100000	1000	-1	-1	-1	-1	-1	-1	-1	-1	-1	-1	-1	-1	-1	-1	-1	-1	-1	-1	-1	-1	-1	-1	-1	-1	-1	-1	-1	-1	-1	-1	-1	-1	-1	-1	-1	1483	-1	-1	-1	-1	-1	-1	-1	-1	-1	-1	-1	-1	-1	-1	-1	-1	-1	-1	-1	-1	-1	-1	-1	-1	-1	-1	-1	-1	FFFFFF99	玄微宝石	7	2004	1
50503002	5	5	3	2	LiJinGem3_1_2	75	紫玉·红利(5级)	紫色玉石，可以镶嵌在攻击性装备(武器、护腕、戒指、护符、项链、暗器、武魂、龙纹、令牌、豪侠印)上，使用后不可再镶嵌同类宝石。#r#G玄微宝石	100000	1	-1	-1	-1	-1	-1	-1	-1	-1	-1	-1	-1	-1	-1	-1	-1	-1	-1	-1	-1	-1	-1	-1	-1	-1	-1	-1	-1	-1	-1	-1	-1	-1	-1	-1	-1	1483	-1	-1	-1	-1	-1	-1	-1	-1	-1	-1	-1	-1	-1	-1	-1	-1	-1	-1	-1	-1	-1	-1	-1	-1	-1	-1	-1	-1	FFFFFF99	玄微宝石	7	2004	1
50504002	5	5	4	2	Gem3_1_8	1	变石(5级)	在阳光下呈绿色，在烛光下呈红色，可变色的宝石，可以镶嵌在攻击性装备(武器、护腕、戒指、护符、项链、暗器、武魂、龙纹、令牌、豪侠印)上，使用后不可再镶嵌同类宝石。#r#G幻冥宝石	250000	1000	-1	-1	-1	-1	-1	-1	-1	-1	-1	-1	-1	-1	-1	-1	-1	-1	-1	-1	-1	-1	-1	-1	-1	-1	-1	-1	-1	-1	-1	-1	-1	-1	-1	-1	-1	-1	-1	7	-1	-1	-1	-1	-1	-1	-1	-1	-1	-1	-1	-1	-1	-1	-1	-1	-1	-1	-1	-1	-1	-1	-1	-1	-1	-1	FFFFFF99	幻冥宝石	8	2004	1
50504003	5	5	4	3	LiJinGem3_1_8	75	变石·红利(5级)	在阳光下呈绿色，在烛光下呈红色，可变色的宝石，可以镶嵌在攻击性装备(武器、护腕、戒指、护符、项链、暗器、武魂、龙纹、令牌、豪侠印)上，使用后不可再镶嵌同类宝石。#r#G幻冥宝石	250000	1	-1	-1	-1	-1	-1	-1	-1	-1	-1	-1	-1	-1	-1	-1	-1	-1	-1	-1	-1	-1	-1	-1	-1	-1	-1	-1	-1	-1	-1	-1	-1	-1	-1	-1	-1	-1	-1	7	-1	-1	-1	-1	-1	-1	-1	-1	-1	-1	-1	-1	-1	-1	-1	-1	-1	-1	-1	-1	-1	-1	-1	-1	-1	-1	FFFFFF99	幻冥宝石	8	2004	1
50506001	5	5	6	1	Gem3_2_4	1	猫眼石(5级)	像猫眼一样的宝石，可以镶嵌在攻击性装备(武器、护腕、戒指、护符、项链、暗器、武魂、龙纹、令牌、豪侠印)上，使用后不可再镶嵌同类宝石。#r#G希望宝石	50000	1000	-1	-1	-1	-1	-1	-1	-1	-1	-1	-1	-1	-1	-1	-1	-1	-1	-1	-1	-1	-1	-1	-1	-1	-1	-1	-1	1332	-1	-1	-1	-1	-1	-1	-1	-1	-1	-1	-1	-1	-1	-1	-1	-1	-1	-1	-1	-1	-1	-1	-1	-1	-1	-1	-1	-1	-1	-1	-1	-1	-1	-1	-1	-1	-1	FFFFFF99	希望宝石	1	2004	1
50506002	5	5	6	2	Gem3_1_1	1	虎眼石(5级)	像虎眼一样的宝石，可以镶嵌在攻击性装备(武器、护腕、戒指、护符、项链、暗器、武魂、龙纹、令牌、豪侠印)上，使用后不可再镶嵌同类宝石。#r#G希望宝石	50000	1000	-1	-1	-1	-1	-1	-1	-1	-1	-1	-1	-1	-1	-1	-1	-1	-1	-1	-1	-1	1332	-1	-1	-1	-1	-1	-1	-1	-1	-1	-1	-1	-1	-1	-1	-1	-1	-1	-1	-1	-1	-1	-1	-1	-1	-1	-1	-1	-1	-1	-1	-1	-1	-1	-1	-1	-1	-1	-1	-1	-1	-1	-1	-1	-1	FFFFFF99	希望宝石	2	2004	1
50507005	5	5	7	5	Gem3_2_5	1	纯净黄晶石(5级)	纯净的黄晶石，可以镶嵌在攻击性装备(武器、护腕、戒指、护符、项链、暗器、武魂、龙纹、令牌、豪侠印)上，使用后不可再镶嵌同类宝石。#r分期购买的宝石，在余款全部还清前，暂时无法进行琢刻和熔炼。#r#G智慧宝石#W	300000	2000	-1	-1	-1	-1	-1	-1	-1	-1	-1	-1	-1	-1	120	-1	-1	-1	-1	-1	-1	-1	-1	-1	-1	-1	-1	-1	-1	-1	-1	-1	-1	-1	-1	-1	-1	-1	-1	-1	-1	-1	-1	-1	-1	-1	-1	-1	-1	-1	-1	-1	-1	-1	-1	-1	-1	-1	-1	-1	-1	-1	-1	-1	-1	-1	FFFFFF99	智慧宝石	14	2004	1
50507006	5	5	7	6	Gem3_2_9	1	纯净蓝晶石(5级)	纯净的蓝晶石，可以镶嵌在攻击性装备(武器、护腕、戒指、护符、项链、暗器、武魂、龙纹、令牌、豪侠印)上，使用后不可再镶嵌同类宝石。#r分期购买的宝石，在余款全部还清前，暂时无法进行琢刻和熔炼。#r#G智慧宝石#W	300000	2000	-1	-1	-1	-1	-1	-1	120	-1	-1	-1	-1	-1	-1	-1	-1	-1	-1	-1	-1	-1	-1	-1	-1	-1	-1	-1	-1	-1	-1	-1	-1	-1	-1	-1	-1	-1	-1	-1	-1	-1	-1	-1	-1	-1	-1	-1	-1	-1	-1	-1	-1	-1	-1	-1	-1	-1	-1	-1	-1	-1	-1	-1	-1	-1	FFFFFF99	智慧宝石	15	2004	1
50507007	5	5	7	7	Gem3_2_13	1	纯净红晶石(5级)	纯净的红晶石，可以镶嵌在攻击性装备(武器、护腕、戒指、护符、项链、暗器、武魂、龙纹、令牌、豪侠印)上，使用后不可再镶嵌同类宝石。#r分期购买的宝石，在余款全部还清前，暂时无法进行琢刻和熔炼。#r#G智慧宝石#W	300000	2000	-1	-1	-1	-1	-1	-1	-1	-1	-1	120	-1	-1	-1	-1	-1	-1	-1	-1	-1	-1	-1	-1	-1	-1	-1	-1	-1	-1	-1	-1	-1	-1	-1	-1	-1	-1	-1	-1	-1	-1	-1	-1	-1	-1	-1	-1	-1	-1	-1	-1	-1	-1	-1	-1	-1	-1	-1	-1	-1	-1	-1	-1	-1	-1	FFFFFF99	智慧宝石	16	2004	1
50507008	5	5	7	8	Gem3_2_6	1	纯净绿晶石(5级)	纯净的绿晶石，可以镶嵌在攻击性装备(武器、护腕、戒指、护符、项链、暗器、武魂、龙纹、令牌、豪侠印)上，使用后不可再镶嵌同类宝石。#r分期购买的宝石，在余款全部还清前，暂时无法进行琢刻和熔炼。#r#G智慧宝石#W	300000	2000	-1	-1	-1	-1	-1	-1	-1	-1	-1	-1	-1	-1	-1	-1	-1	120	-1	-1	-1	-1	-1	-1	-1	-1	-1	-1	-1	-1	-1	-1	-1	-1	-1	-1	-1	-1	-1	-1	-1	-1	-1	-1	-1	-1	-1	-1	-1	-1	-1	-1	-1	-1	-1	-1	-1	-1	-1	-1	-1	-1	-1	-1	-1	-1	FFFFFF99	智慧宝石	17	2004	1
50508001	5	5	8	1	Gem3_1_2	1	紫玉(5级)	紫色玉石，可以镶嵌在攻击性装备(武器、护腕、戒指、护符、项链、暗器、武魂、龙纹、令牌、豪侠印)上，使用后不可再镶嵌同类宝石。#r#G玄微宝石	100000	1000	-1	-1	-1	-1	-1	-1	-1	-1	-1	-1	-1	-1	-1	-1	-1	-1	-1	-1	-1	-1	-1	-1	-1	-1	-1	-1	-1	-1	-1	-1	-1	-1	-1	-1	-1	1483	-1	-1	-1	-1	-1	-1	-1	-1	-1	-1	-1	-1	-1	-1	-1	-1	-1	-1	-1	-1	-1	-1	-1	-1	-1	-1	-1	-1	FFFFFF99	玄微宝石	7	2004	1
50509002	5	5	9	2	Gem3_1_8	1	变石(5级)	在阳光下呈绿色，在烛光下呈红色，可变色的宝石，可以镶嵌在攻击性装备(武器、护腕、戒指、护符、项链、暗器、武魂、龙纹、令牌、豪侠印)上，使用后不可再镶嵌同类宝石。#r#G幻冥宝石	250000	1000	-1	-1	-1	-1	-1	-1	-1	-1	-1	-1	-1	-1	-1	-1	-1	-1	-1	-1	-1	-1	-1	-1	-1	-1	-1	-1	-1	-1	-1	-1	-1	-1	-1	-1	-1	-1	-1	7	-1	-1	-1	-1	-1	-1	-1	-1	-1	-1	-1	-1	-1	-1	-1	-1	-1	-1	-1	-1	-1	-1	-1	-1	-1	-1	FFFFFF99	幻冥宝石	8	2004	1
50511001	5	5	11	1	Gem3_1_9	1	石榴石(5级)	因其外形酷似成熟的石榴籽而得名的宝石，可以镶嵌在防御性装备(衣服、手套、帽子、护肩、鞋、腰带、项链、暗器、武魂、龙纹、令牌、豪侠印)上，使用后不可再镶嵌同类宝石。#r#G生命宝石	50000	1000	-1	-1	-1	-1	-1	-1	-1	-1	-1	-1	-1	-1	-1	-1	-1	-1	-1	-1	-1	-1	-1	-1	-1	-1	-1	-1	-1	-1	-1	1326	-1	-1	-1	-1	-1	-1	-1	-1	-1	-1	-1	-1	-1	-1	-1	-1	-1	-1	-1	-1	-1	-1	-1	-1	-1	-1	-1	-1	-1	-1	-1	-1	-1	-1	FFFFFF66	生命宝石	7	2004	1
50511002	5	5	11	2	Gem3_1_12	1	尖晶石(5级)	颜色繁多且艳丽的宝石，可以镶嵌在防御性装备(衣服、手套、帽子、护肩、鞋、腰带、项链、暗器、武魂、龙纹、令牌、豪侠印)上，使用后不可再镶嵌同类宝石。#r#G生命宝石	50000	1000	-1	-1	-1	-1	-1	-1	-1	-1	-1	-1	-1	-1	-1	-1	-1	-1	-1	-1	-1	-1	-1	-1	1326	-1	-1	-1	-1	-1	-1	-1	-1	-1	-1	-1	-1	-1	-1	-1	-1	-1	-1	-1	-1	-1	-1	-1	-1	-1	-1	-1	-1	-1	-1	-1	-1	-1	-1	-1	-1	-1	-1	-1	-1	-1	FFFFFF66	生命宝石	11	2004	1
50511003	5	5	11	3	LiJinGem3_1_9	75	石榴石·红利(5级)	因其外形酷似成熟的石榴籽而得名的宝石，可以镶嵌在防御性装备(衣服、手套、帽子、护肩、鞋、腰带、项链、暗器、武魂、龙纹、令牌、豪侠印)上，使用后不可再镶嵌同类宝石。#r#G生命宝石	50000	1	-1	-1	-1	-1	-1	-1	-1	-1	-1	-1	-1	-1	-1	-1	-1	-1	-1	-1	-1	-1	-1	-1	-1	-1	-1	-1	-1	-1	-1	1326	-1	-1	-1	-1	-1	-1	-1	-1	-1	-1	-1	-1	-1	-1	-1	-1	-1	-1	-1	-1	-1	-1	-1	-1	-1	-1	-1	-1	-1	-1	-1	-1	-1	-1	FFFFFF66	生命宝石	7	2004	1
50511004	5	5	11	4	LiJinGem3_1_12	75	尖晶石·红利(5级)	颜色繁多且艳丽的宝石，可以镶嵌在防御性装备(衣服、手套、帽子、护肩、鞋、腰带、项链、暗器、武魂、龙纹、令牌、豪侠印)上，使用后不可再镶嵌同类宝石。#r#G生命宝石	50000	1	-1	-1	-1	-1	-1	-1	-1	-1	-1	-1	-1	-1	-1	-1	-1	-1	-1	-1	-1	-1	-1	-1	1326	-1	-1	-1	-1	-1	-1	-1	-1	-1	-1	-1	-1	-1	-1	-1	-1	-1	-1	-1	-1	-1	-1	-1	-1	-1	-1	-1	-1	-1	-1	-1	-1	-1	-1	-1	-1	-1	-1	-1	-1	-1	FFFFFF66	生命宝石	11	2004	1
50512001	5	5	12	1	Gem3_1_11	1	黄玉(5级)	黄色的玉石，可以镶嵌在防御性装备(衣服、手套、帽子、护肩、鞋、腰带、项链、暗器、武魂、龙纹、令牌、豪侠印)上，使用后不可再镶嵌同类宝石。#r#G魅力宝石#W#r可在#G洛阳（280，322）#R宝石工匠彭怀玉#W或#G楼兰（279，198）#R宝石工匠克里木#W处使用#G5级宝石雕琢符#W提升宝石属性。#r#cff9900本宝石只能雕琢一次。	150000	1000	-1	-1	-1	-1	-1	-1	-1	-1	-1	-1	-1	-1	-1	12	-1	-1	-1	-1	-1	-1	-1	-1	-1	-1	-1	-1	-1	-1	-1	-1	-1	-1	-1	-1	-1	-1	-1	-1	-1	-1	-1	-1	-1	-1	-1	-1	-1	-1	-1	-1	-1	-1	-1	-1	-1	-1	-1	-1	-1	-1	-1	-1	-1	-1	FFFFFF66	魅力宝石	12	2004	1
50512002	5	5	12	2	Gem3_1_10	1	皓石(5级)	闪闪发亮的宝石，可以镶嵌在防御性装备(衣服、手套、帽子、护肩、鞋、腰带、项链、暗器、武魂、龙纹、令牌、豪侠印)上，使用后不可再镶嵌同类宝石。#r#G魅力宝石#W#r可在#G洛阳（280，322）#R宝石工匠彭怀玉#W或#G楼兰（279，198）#R宝石工匠克里木#W处使用#G5级宝石雕琢符#W提升宝石属性。#r#cff9900本宝石只能雕琢一次。	150000	1000	-1	-1	-1	-1	-1	-1	-1	12	-1	-1	-1	-1	-1	-1	-1	-1	-1	-1	-1	-1	-1	-1	-1	-1	-1	-1	-1	-1	-1	-1	-1	-1	-1	-1	-1	-1	-1	-1	-1	-1	-1	-1	-1	-1	-1	-1	-1	-1	-1	-1	-1	-1	-1	-1	-1	-1	-1	-1	-1	-1	-1	-1	-1	-1	FFFFFF66	魅力宝石	2	2004	1
50512003	5	5	12	3	Gem3_1_13	1	月光石(5级)	具淡蓝色的晕彩，如同朦胧的月光的宝石，可以镶嵌在防御性装备(衣服、手套、帽子、护肩、鞋、腰带、项链、暗器、武魂、龙纹、令牌、豪侠印)上，使用后不可再镶嵌同类宝石。#r#G魅力宝石#W#r可在#G洛阳（280，322）#R宝石工匠彭怀玉#W或#G楼兰（279，198）#R宝石工匠克里木#W处使用#G5级宝石雕琢符#W提升宝石属性。#r#cff9900本宝石只能雕琢一次。	150000	1000	-1	-1	-1	-1	-1	-1	-1	-1	-1	-1	12	-1	-1	-1	-1	-1	-1	-1	-1	-1	-1	-1	-1	-1	-1	-1	-1	-1	-1	-1	-1	-1	-1	-1	-1	-1	-1	-1	-1	-1	-1	-1	-1	-1	-1	-1	-1	-1	-1	-1	-1	-1	-1	-1	-1	-1	-1	-1	-1	-1	-1	-1	-1	-1	FFFFFF66	魅力宝石	4	2004	1
50512004	5	5	12	4	Gem3_2_1	1	碧玺(5级)	颜色繁多且艳丽的宝石，可以镶嵌在防御性装备(衣服、手套、帽子、护肩、鞋、腰带、项链、暗器、武魂、龙纹、令牌、豪侠印)上，使用后不可再镶嵌同类宝石。#r#G魅力宝石#W#r可在#G洛阳（280，322）#R宝石工匠彭怀玉#W或#G楼兰（279，198）#R宝石工匠克里木#W处使用#G5级宝石雕琢符#W提升宝石属性。#r#cff9900本宝石只能雕琢一次。	150000	1000	-1	-1	-1	-1	-1	-1	-1	-1	-1	-1	-1	-1	-1	-1	-1	-1	12	-1	-1	-1	-1	-1	-1	-1	-1	-1	-1	-1	-1	-1	-1	-1	-1	-1	-1	-1	-1	-1	-1	-1	-1	-1	-1	-1	-1	-1	-1	-1	-1	-1	-1	-1	-1	-1	-1	-1	-1	-1	-1	-1	-1	-1	-1	-1	FFFFFF66	魅力宝石	3	2004	1
50512005	5	5	12	5	Gem3_2_10	1	纯净黄玉(5级)	纯净的黄玉，可以镶嵌在防御性装备(衣服、手套、帽子、护肩、鞋、腰带、项链、暗器、武魂、龙纹、令牌、豪侠印)上，使用后不可再镶嵌同类宝石。#r#G魅力宝石#r#cff9900雕琢过的宝石不能再雕琢。	300000	2000	-1	-1	-1	-1	-1	-1	-1	-1	-1	-1	-1	-1	-1	50	-1	-1	-1	-1	-1	-1	-1	-1	-1	-1	-1	-1	-1	-1	-1	-1	-1	-1	-1	-1	-1	-1	-1	-1	-1	-1	-1	-1	-1	-1	-1	-1	-1	-1	-1	-1	-1	-1	-1	-1	-1	-1	-1	-1	-1	-1	-1	-1	-1	-1	FFFFFF99	魅力宝石	16	2004	1
50512006	5	5	12	6	Gem3_2_14	1	纯净皓石(5级)	纯净的皓石，可以镶嵌在防御性装备(衣服、手套、帽子、护肩、鞋、腰带、项链、暗器、武魂、龙纹、令牌、豪侠印)上，使用后不可再镶嵌同类宝石。#r#G魅力宝石#r#cff9900雕琢过的宝石不能再雕琢。	300000	2000	-1	-1	-1	-1	-1	-1	-1	50	-1	-1	-1	-1	-1	-1	-1	-1	-1	-1	-1	-1	-1	-1	-1	-1	-1	-1	-1	-1	-1	-1	-1	-1	-1	-1	-1	-1	-1	-1	-1	-1	-1	-1	-1	-1	-1	-1	-1	-1	-1	-1	-1	-1	-1	-1	-1	-1	-1	-1	-1	-1	-1	-1	-1	-1	FFFFFF99	魅力宝石	17	2004	1
50512007	5	5	12	7	Gem3_2_11	1	纯净月光石(5级)	纯净的月光石，可以镶嵌在防御性装备(衣服、手套、帽子、护肩、鞋、腰带、项链、暗器、武魂、龙纹、令牌、豪侠印)上，使用后不可再镶嵌同类宝石。#r#G魅力宝石#r#cff9900雕琢过的宝石不能再雕琢。	300000	2000	-1	-1	-1	-1	-1	-1	-1	-1	-1	-1	50	-1	-1	-1	-1	-1	-1	-1	-1	-1	-1	-1	-1	-1	-1	-1	-1	-1	-1	-1	-1	-1	-1	-1	-1	-1	-1	-1	-1	-1	-1	-1	-1	-1	-1	-1	-1	-1	-1	-1	-1	-1	-1	-1	-1	-1	-1	-1	-1	-1	-1	-1	-1	-1	FFFFFF99	魅力宝石	15	2004	1
50512008	5	5	12	8	Gem3_2_15	1	纯净碧玺(5级)	纯净的碧玺，可以镶嵌在防御性装备(衣服、手套、帽子、护肩、鞋、腰带、项链、暗器、武魂、龙纹、令牌、豪侠印)上，使用后不可再镶嵌同类宝石。#r#G魅力宝石#r#cff9900雕琢过的宝石不能再雕琢。	300000	2000	-1	-1	-1	-1	-1	-1	-1	-1	-1	-1	-1	-1	-1	-1	-1	-1	50	-1	-1	-1	-1	-1	-1	-1	-1	-1	-1	-1	-1	-1	-1	-1	-1	-1	-1	-1	-1	-1	-1	-1	-1	-1	-1	-1	-1	-1	-1	-1	-1	-1	-1	-1	-1	-1	-1	-1	-1	-1	-1	-1	-1	-1	-1	-1	FFFFFF99	魅力宝石	14	2004	1
50512009	5	5	12	9	LiJinGem3_1_11	75	黄玉·红利(5级)	黄色的玉石，可以镶嵌在防御性装备(衣服、手套、帽子、护肩、鞋、腰带、项链、暗器、武魂、龙纹、令牌、豪侠印)上，使用后不可再镶嵌同类宝石。#r#G魅力宝石#W#r可在#G洛阳（280，322）#R宝石工匠彭怀玉#W或#G楼兰（279，198）#R宝石工匠克里木#W处使用#G5级宝石雕琢符#W提升宝石属性。#r#cff9900本宝石只能雕琢一次。	150000	1	-1	-1	-1	-1	-1	-1	-1	-1	-1	-1	-1	-1	-1	12	-1	-1	-1	-1	-1	-1	-1	-1	-1	-1	-1	-1	-1	-1	-1	-1	-1	-1	-1	-1	-1	-1	-1	-1	-1	-1	-1	-1	-1	-1	-1	-1	-1	-1	-1	-1	-1	-1	-1	-1	-1	-1	-1	-1	-1	-1	-1	-1	-1	-1	FFFFFF66	魅力宝石	12	2004	1
50512010	5	5	12	10	LiJinGem3_1_10	75	皓石·红利(5级)	闪闪发亮的宝石，可以镶嵌在防御性装备(衣服、手套、帽子、护肩、鞋、腰带、项链、暗器、武魂、龙纹、令牌、豪侠印)上，使用后不可再镶嵌同类宝石。#r#G魅力宝石#W#r可在#G洛阳（280，322）#R宝石工匠彭怀玉#W或#G楼兰（279，198）#R宝石工匠克里木#W处使用#G5级宝石雕琢符#W提升宝石属性。#r#cff9900本宝石只能雕琢一次。	150000	1	-1	-1	-1	-1	-1	-1	-1	12	-1	-1	-1	-1	-1	-1	-1	-1	-1	-1	-1	-1	-1	-1	-1	-1	-1	-1	-1	-1	-1	-1	-1	-1	-1	-1	-1	-1	-1	-1	-1	-1	-1	-1	-1	-1	-1	-1	-1	-1	-1	-1	-1	-1	-1	-1	-1	-1	-1	-1	-1	-1	-1	-1	-1	-1	FFFFFF66	魅力宝石	2	2004	1
50512011	5	5	12	11	LiJinGem3_1_13	75	月光石·红利(5级)	具淡蓝色的晕彩，如同朦胧的月光的宝石，可以镶嵌在防御性装备(衣服、手套、帽子、护肩、鞋、腰带、项链、暗器、武魂、龙纹、令牌、豪侠印)上，使用后不可再镶嵌同类宝石。#r#G魅力宝石#W#r可在#G洛阳（280，322）#R宝石工匠彭怀玉#W或#G楼兰（279，198）#R宝石工匠克里木#W处使用#G5级宝石雕琢符#W提升宝石属性。#r#cff9900本宝石只能雕琢一次。	150000	1	-1	-1	-1	-1	-1	-1	-1	-1	-1	-1	12	-1	-1	-1	-1	-1	-1	-1	-1	-1	-1	-1	-1	-1	-1	-1	-1	-1	-1	-1	-1	-1	-1	-1	-1	-1	-1	-1	-1	-1	-1	-1	-1	-1	-1	-1	-1	-1	-1	-1	-1	-1	-1	-1	-1	-1	-1	-1	-1	-1	-1	-1	-1	-1	FFFFFF66	魅力宝石	4	2004	1
50512012	5	5	12	12	LiJinGem3_2_1	75	碧玺·红利(5级)	颜色繁多且艳丽的宝石，可以镶嵌在防御性装备(衣服、手套、帽子、护肩、鞋、腰带、项链、暗器、武魂、龙纹、令牌、豪侠印)上，使用后不可再镶嵌同类宝石。#r#G魅力宝石#W#r可在#G洛阳（280，322）#R宝石工匠彭怀玉#W或#G楼兰（279，198）#R宝石工匠克里木#W处使用#G5级宝石雕琢符#W提升宝石属性。#r#cff9900本宝石只能雕琢一次。	150000	1	-1	-1	-1	-1	-1	-1	-1	-1	-1	-1	-1	-1	-1	-1	-1	-1	12	-1	-1	-1	-1	-1	-1	-1	-1	-1	-1	-1	-1	-1	-1	-1	-1	-1	-1	-1	-1	-1	-1	-1	-1	-1	-1	-1	-1	-1	-1	-1	-1	-1	-1	-1	-1	-1	-1	-1	-1	-1	-1	-1	-1	-1	-1	-1	FFFFFF66	魅力宝石	3	2004	1
50512013	5	5	12	13	LiJinGem3_2_10	75	纯净黄玉·红利(5级)	纯净的黄玉，可以镶嵌在防御性装备(衣服、手套、帽子、护肩、鞋、腰带、项链、暗器、武魂、龙纹、令牌、豪侠印)上，使用后不可再镶嵌同类宝石。#r#G魅力宝石#r#cff9900雕琢过的宝石不能再雕琢。	300000	1	-1	-1	-1	-1	-1	-1	-1	-1	-1	-1	-1	-1	-1	50	-1	-1	-1	-1	-1	-1	-1	-1	-1	-1	-1	-1	-1	-1	-1	-1	-1	-1	-1	-1	-1	-1	-1	-1	-1	-1	-1	-1	-1	-1	-1	-1	-1	-1	-1	-1	-1	-1	-1	-1	-1	-1	-1	-1	-1	-1	-1	-1	-1	-1	FFFFFF99	魅力宝石	16	2004	1
50512014	5	5	12	14	LiJinGem3_2_14	75	纯净皓石·红利(5级)	纯净的皓石，可以镶嵌在防御性装备(衣服、手套、帽子、护肩、鞋、腰带、项链、暗器、武魂、龙纹、令牌、豪侠印)上，使用后不可再镶嵌同类宝石。#r#G魅力宝石#r#cff9900雕琢过的宝石不能再雕琢。	300000	1	-1	-1	-1	-1	-1	-1	-1	50	-1	-1	-1	-1	-1	-1	-1	-1	-1	-1	-1	-1	-1	-1	-1	-1	-1	-1	-1	-1	-1	-1	-1	-1	-1	-1	-1	-1	-1	-1	-1	-1	-1	-1	-1	-1	-1	-1	-1	-1	-1	-1	-1	-1	-1	-1	-1	-1	-1	-1	-1	-1	-1	-1	-1	-1	FFFFFF99	魅力宝石	17	2004	1
50512015	5	5	12	15	LiJinGem3_2_11	75	纯净月光石·红利(5级)	纯净的月光石，可以镶嵌在防御性装备(衣服、手套、帽子、护肩、鞋、腰带、项链、暗器、武魂、龙纹、令牌、豪侠印)上，使用后不可再镶嵌同类宝石。#r#G魅力宝石#r#cff9900雕琢过的宝石不能再雕琢。	300000	1	-1	-1	-1	-1	-1	-1	-1	-1	-1	-1	50	-1	-1	-1	-1	-1	-1	-1	-1	-1	-1	-1	-1	-1	-1	-1	-1	-1	-1	-1	-1	-1	-1	-1	-1	-1	-1	-1	-1	-1	-1	-1	-1	-1	-1	-1	-1	-1	-1	-1	-1	-1	-1	-1	-1	-1	-1	-1	-1	-1	-1	-1	-1	-1	FFFFFF99	魅力宝石	15	2004	1
50512016	5	5	12	16	LiJinGem3_2_15	75	纯净碧玺·红利(5级)	纯净的碧玺，可以镶嵌在防御性装备(衣服、手套、帽子、护肩、鞋、腰带、项链、暗器、武魂、龙纹、令牌、豪侠印)上，使用后不可再镶嵌同类宝石。#r#G魅力宝石#r#cff9900雕琢过的宝石不能再雕琢。	300000	1	-1	-1	-1	-1	-1	-1	-1	-1	-1	-1	-1	-1	-1	-1	-1	-1	50	-1	-1	-1	-1	-1	-1	-1	-1	-1	-1	-1	-1	-1	-1	-1	-1	-1	-1	-1	-1	-1	-1	-1	-1	-1	-1	-1	-1	-1	-1	-1	-1	-1	-1	-1	-1	-1	-1	-1	-1	-1	-1	-1	-1	-1	-1	-1	FFFFFF99	魅力宝石	14	2004	1
50513001	5	5	13	1	Gem3_1_15	1	黄宝石(5级)	黄色的宝石，可以镶嵌在防御性装备(衣服、手套、帽子、护肩、鞋、腰带、项链、暗器、武魂、龙纹、令牌、豪侠印)上，使用后不可再镶嵌同类宝石。#r#G命运宝石	75000	1000	-1	-1	-1	-1	-1	-1	-1	-1	-1	-1	-1	-1	-1	-1	-1	-1	-1	-1	-1	-1	-1	-1	-1	-1	-1	-1	-1	-1	-1	-1	-1	-1	-1	-1	-1	-1	-1	-1	-1	-1	-1	-1	138	-1	-1	-1	-1	-1	-1	-1	-1	-1	-1	-1	-1	-1	-1	-1	-1	-1	-1	-1	-1	-1	FFFFFF66	命运宝石	5	2004	1
50513002	5	5	13	2	Gem3_1_16	1	蓝宝石(5级)	蓝色的宝石，可以镶嵌在防御性装备(衣服、手套、帽子、护肩、鞋、腰带、项链、暗器、武魂、龙纹、令牌、豪侠印)上，使用后不可再镶嵌同类宝石。#r#G命运宝石	75000	1000	-1	-1	-1	-1	-1	-1	-1	-1	-1	-1	-1	-1	-1	-1	-1	-1	-1	-1	-1	-1	-1	-1	-1	-1	-1	-1	-1	-1	-1	-1	-1	-1	-1	-1	-1	-1	-1	-1	-1	-1	-1	-1	-1	138	-1	-1	-1	-1	-1	-1	-1	-1	-1	-1	-1	-1	-1	-1	-1	-1	-1	-1	-1	-1	FFFFFF66	命运宝石	6	2004	1
50513003	5	5	13	3	Gem3_1_7	1	绿宝石(5级)	绿色的宝石，可以镶嵌在防御性装备(衣服、手套、帽子、护肩、鞋、腰带、项链、暗器、武魂、龙纹、令牌、豪侠印)上，使用后不可再镶嵌同类宝石。#r#G命运宝石	75000	1000	-1	-1	-1	-1	-1	-1	-1	-1	-1	-1	-1	-1	-1	-1	-1	-1	-1	-1	-1	-1	-1	-1	-1	-1	-1	-1	-1	-1	-1	-1	-1	-1	-1	-1	-1	-1	-1	-1	-1	-1	-1	-1	-1	-1	-1	-1	74	-1	-1	-1	-1	-1	-1	-1	-1	-1	-1	-1	-1	-1	-1	-1	-1	-1	FFFFFF66	命运宝石	9	2004	1
50513004	5	5	13	4	Gem3_2_2	1	红宝石(5级)	红色的宝石，可以镶嵌在防御性装备(衣服、手套、帽子、护肩、鞋、腰带、项链、暗器、武魂、龙纹、令牌、豪侠印)上，使用后不可再镶嵌同类宝石。#r#G命运宝石	75000	1000	-1	-1	-1	-1	-1	-1	-1	-1	-1	-1	-1	-1	-1	-1	-1	-1	-1	-1	-1	-1	-1	-1	-1	-1	-1	-1	-1	-1	-1	-1	-1	-1	-1	-1	-1	-1	-1	-1	-1	-1	-1	-1	-1	-1	137	-1	-1	-1	-1	-1	-1	-1	-1	-1	-1	-1	-1	-1	-1	-1	-1	-1	-1	-1	FFFFFF66	命运宝石	10	2004	1
50513005	5	5	13	5	Gem3_2_3	1	黑宝石(5级)	黑色的宝石，可以镶嵌在防御性装备(衣服、手套、帽子、护肩、鞋、腰带、项链、暗器、武魂、龙纹、令牌、豪侠印)上，使用后不可再镶嵌同类宝石。#r#G命运宝石	75000	1000	-1	-1	-1	-1	-1	-1	-1	-1	-1	-1	-1	-1	-1	-1	-1	-1	-1	-1	-1	-1	-1	-1	-1	-1	-1	-1	-1	-1	-1	-1	-1	-1	-1	-1	-1	-1	-1	-1	-1	-1	-1	-1	-1	-1	-1	137	-1	-1	-1	-1	-1	-1	-1	-1	-1	-1	-1	-1	-1	-1	-1	-1	-1	-1	FFFFFF66	命运宝石	1	2004	1
50513006	5	5	13	6	Gem3_2_7	1	血精石(5级)	布满血丝红精的宝石，可以镶嵌在防御性装备(衣服、手套、帽子、护肩、鞋、腰带、项链、暗器、武魂、龙纹、令牌、豪侠印)上，使用后不可再镶嵌同类宝石。#r#G命运宝石	75000	1000	7548	-1	-1	-1	-1	-1	-1	-1	-1	-1	-1	-1	-1	-1	-1	-1	-1	-1	-1	-1	-1	-1	-1	-1	-1	-1	-1	-1	-1	-1	-1	-1	-1	-1	-1	-1	-1	-1	-1	-1	-1	-1	-1	-1	-1	-1	-1	-1	-1	-1	-1	-1	-1	-1	-1	-1	-1	-1	-1	-1	-1	-1	-1	-1	FFFFFF66	命运宝石	13	2004	1
50513007	5	5	13	7	LiJinGem3_1_15	75	黄宝石·红利(5级)	黄色的宝石，可以镶嵌在防御性装备(衣服、手套、帽子、护肩、鞋、腰带、项链、暗器、武魂、龙纹、令牌、豪侠印)上，使用后不可再镶嵌同类宝石。#r#G命运宝石	75000	1	-1	-1	-1	-1	-1	-1	-1	-1	-1	-1	-1	-1	-1	-1	-1	-1	-1	-1	-1	-1	-1	-1	-1	-1	-1	-1	-1	-1	-1	-1	-1	-1	-1	-1	-1	-1	-1	-1	-1	-1	-1	-1	138	-1	-1	-1	-1	-1	-1	-1	-1	-1	-1	-1	-1	-1	-1	-1	-1	-1	-1	-1	-1	-1	FFFFFF66	命运宝石	5	2004	1
50513008	5	5	13	8	LiJinGem3_1_16	75	蓝宝石·红利(5级)	蓝色的宝石，可以镶嵌在防御性装备(衣服、手套、帽子、护肩、鞋、腰带、项链、暗器、武魂、龙纹、令牌、豪侠印)上，使用后不可再镶嵌同类宝石。#r#G命运宝石	75000	1	-1	-1	-1	-1	-1	-1	-1	-1	-1	-1	-1	-1	-1	-1	-1	-1	-1	-1	-1	-1	-1	-1	-1	-1	-1	-1	-1	-1	-1	-1	-1	-1	-1	-1	-1	-1	-1	-1	-1	-1	-1	-1	-1	138	-1	-1	-1	-1	-1	-1	-1	-1	-1	-1	-1	-1	-1	-1	-1	-1	-1	-1	-1	-1	FFFFFF66	命运宝石	6	2004	1
50513009	5	5	13	9	LiJinGem3_1_7	75	绿宝石·红利(5级)	绿色的宝石，可以镶嵌在防御性装备(衣服、手套、帽子、护肩、鞋、腰带、项链、暗器、武魂、龙纹、令牌、豪侠印)上，使用后不可再镶嵌同类宝石。#r#G命运宝石	75000	1	-1	-1	-1	-1	-1	-1	-1	-1	-1	-1	-1	-1	-1	-1	-1	-1	-1	-1	-1	-1	-1	-1	-1	-1	-1	-1	-1	-1	-1	-1	-1	-1	-1	-1	-1	-1	-1	-1	-1	-1	-1	-1	-1	-1	-1	-1	74	-1	-1	-1	-1	-1	-1	-1	-1	-1	-1	-1	-1	-1	-1	-1	-1	-1	FFFFFF66	命运宝石	9	2004	1
50513010	5	5	13	10	LiJinGem3_2_2	75	红宝石·红利(5级)	红色的宝石，可以镶嵌在防御性装备(衣服、手套、帽子、护肩、鞋、腰带、项链、暗器、武魂、龙纹、令牌、豪侠印)上，使用后不可再镶嵌同类宝石。#r#G命运宝石	75000	1	-1	-1	-1	-1	-1	-1	-1	-1	-1	-1	-1	-1	-1	-1	-1	-1	-1	-1	-1	-1	-1	-1	-1	-1	-1	-1	-1	-1	-1	-1	-1	-1	-1	-1	-1	-1	-1	-1	-1	-1	-1	-1	-1	-1	137	-1	-1	-1	-1	-1	-1	-1	-1	-1	-1	-1	-1	-1	-1	-1	-1	-1	-1	-1	FFFFFF66	命运宝石	10	2004	1
50513011	5	5	13	11	LiJinGem3_2_3	75	黑宝石·红利(5级)	黑色的宝石，可以镶嵌在防御性装备(衣服、手套、帽子、护肩、鞋、腰带、项链、暗器、武魂、龙纹、令牌、豪侠印)上，使用后不可再镶嵌同类宝石。#r#G命运宝石	75000	1	-1	-1	-1	-1	-1	-1	-1	-1	-1	-1	-1	-1	-1	-1	-1	-1	-1	-1	-1	-1	-1	-1	-1	-1	-1	-1	-1	-1	-1	-1	-1	-1	-1	-1	-1	-1	-1	-1	-1	-1	-1	-1	-1	-1	-1	137	-1	-1	-1	-1	-1	-1	-1	-1	-1	-1	-1	-1	-1	-1	-1	-1	-1	-1	FFFFFF66	命运宝石	1	2004	1
50513012	5	5	13	12	LiJinGem3_2_7	75	血精石·红利(5级)	布满血丝红精的宝石，可以镶嵌在防御性装备(衣服、手套、帽子、护肩、鞋、腰带、项链、暗器、武魂、龙纹、令牌、豪侠印)上，使用后不可再镶嵌同类宝石。#r#G命运宝石	75000	1	7548	-1	-1	-1	-1	-1	-1	-1	-1	-1	-1	-1	-1	-1	-1	-1	-1	-1	-1	-1	-1	-1	-1	-1	-1	-1	-1	-1	-1	-1	-1	-1	-1	-1	-1	-1	-1	-1	-1	-1	-1	-1	-1	-1	-1	-1	-1	-1	-1	-1	-1	-1	-1	-1	-1	-1	-1	-1	-1	-1	-1	-1	-1	-1	FFFFFF66	命运宝石	13	2004	1
50514001	5	5	14	1	Gem3_1_14	1	祖母绿(5级)	翠绿如滴，顶级翡翠，可以镶嵌在防御性装备(衣服、手套、帽子、护肩、鞋、腰带、项链、暗器、武魂、龙纹、令牌、豪侠印)上，使用后不可再镶嵌同类宝石。#r#G天机宝石	100000	1000	-1	-1	-1	-1	-1	-1	-1	-1	-1	-1	-1	-1	-1	-1	-1	-1	-1	-1	-1	-1	-1	-1	-1	-1	-1	-1	-1	-1	-1	-1	-1	-1	-1	-1	-1	-1	494	-1	-1	-1	-1	-1	-1	-1	-1	-1	-1	-1	-1	-1	-1	-1	-1	-1	-1	-1	-1	-1	-1	-1	-1	-1	-1	-1	FFFFFF66	天机宝石	8	2004	1
50514002	5	5	14	2	LiJinGem3_1_14	75	祖母绿·红利(5级)	翠绿如滴，顶级翡翠，可以镶嵌在防御性装备(衣服、手套、帽子、护肩、鞋、腰带、项链、暗器、武魂、龙纹、令牌、豪侠印)上，使用后不可再镶嵌同类宝石。#r#G天机宝石	100000	1	-1	-1	-1	-1	-1	-1	-1	-1	-1	-1	-1	-1	-1	-1	-1	-1	-1	-1	-1	-1	-1	-1	-1	-1	-1	-1	-1	-1	-1	-1	-1	-1	-1	-1	-1	-1	494	-1	-1	-1	-1	-1	-1	-1	-1	-1	-1	-1	-1	-1	-1	-1	-1	-1	-1	-1	-1	-1	-1	-1	-1	-1	-1	-1	FFFFFF66	天机宝石	8	2004	1
50516001	5	5	16	1	Gem3_1_9	1	石榴石(5级)	因其外形酷似成熟的石榴籽而得名的宝石，可以镶嵌在防御性装备(衣服、手套、帽子、护肩、鞋、腰带、项链、暗器、武魂、龙纹、令牌、豪侠印)上，使用后不可再镶嵌同类宝石。#r#G生命宝石	50000	1000	-1	-1	-1	-1	-1	-1	-1	-1	-1	-1	-1	-1	-1	-1	-1	-1	-1	-1	-1	-1	-1	-1	-1	-1	-1	-1	-1	-1	-1	1326	-1	-1	-1	-1	-1	-1	-1	-1	-1	-1	-1	-1	-1	-1	-1	-1	-1	-1	-1	-1	-1	-1	-1	-1	-1	-1	-1	-1	-1	-1	-1	-1	-1	-1	FFFFFF66	生命宝石	7	2004	1
50516002	5	5	16	2	Gem3_1_12	1	尖晶石(5级)	颜色繁多且艳丽的宝石，可以镶嵌在防御性装备(衣服、手套、帽子、护肩、鞋、腰带、项链、暗器、武魂、龙纹、令牌、豪侠印)上，使用后不可再镶嵌同类宝石。#r#G生命宝石	50000	1000	-1	-1	-1	-1	-1	-1	-1	-1	-1	-1	-1	-1	-1	-1	-1	-1	-1	-1	-1	-1	-1	-1	1326	-1	-1	-1	-1	-1	-1	-1	-1	-1	-1	-1	-1	-1	-1	-1	-1	-1	-1	-1	-1	-1	-1	-1	-1	-1	-1	-1	-1	-1	-1	-1	-1	-1	-1	-1	-1	-1	-1	-1	-1	-1	FFFFFF66	生命宝石	11	2004	1
50517005	5	5	17	5	Gem3_2_10	1	纯净黄玉(5级)	纯净的黄玉，可以镶嵌在防御性装备(衣服、手套、帽子、护肩、鞋、腰带、项链、暗器、武魂、龙纹、令牌、豪侠印)上，使用后不可再镶嵌同类宝石。#r#G魅力宝石#r#cff9900雕琢过的宝石不能再雕琢。	300000	2000	-1	-1	-1	-1	-1	-1	-1	-1	-1	-1	-1	-1	-1	50	-1	-1	-1	-1	-1	-1	-1	-1	-1	-1	-1	-1	-1	-1	-1	-1	-1	-1	-1	-1	-1	-1	-1	-1	-1	-1	-1	-1	-1	-1	-1	-1	-1	-1	-1	-1	-1	-1	-1	-1	-1	-1	-1	-1	-1	-1	-1	-1	-1	-1	FFFFFF99	魅力宝石	16	2004	1
50517006	5	5	17	6	Gem3_2_14	1	纯净皓石(5级)	纯净的皓石，可以镶嵌在防御性装备(衣服、手套、帽子、护肩、鞋、腰带、项链、暗器、武魂、龙纹、令牌、豪侠印)上，使用后不可再镶嵌同类宝石。#r#G魅力宝石#r#cff9900雕琢过的宝石不能再雕琢。	300000	2000	-1	-1	-1	-1	-1	-1	-1	50	-1	-1	-1	-1	-1	-1	-1	-1	-1	-1	-1	-1	-1	-1	-1	-1	-1	-1	-1	-1	-1	-1	-1	-1	-1	-1	-1	-1	-1	-1	-1	-1	-1	-1	-1	-1	-1	-1	-1	-1	-1	-1	-1	-1	-1	-1	-1	-1	-1	-1	-1	-1	-1	-1	-1	-1	FFFFFF99	魅力宝石	17	2004	1
50517007	5	5	17	7	Gem3_2_11	1	纯净月光石(5级)	纯净的月光石，可以镶嵌在防御性装备(衣服、手套、帽子、护肩、鞋、腰带、项链、暗器、武魂、龙纹、令牌、豪侠印)上，使用后不可再镶嵌同类宝石。#r#G魅力宝石#r#cff9900雕琢过的宝石不能再雕琢。	300000	2000	-1	-1	-1	-1	-1	-1	-1	-1	-1	-1	50	-1	-1	-1	-1	-1	-1	-1	-1	-1	-1	-1	-1	-1	-1	-1	-1	-1	-1	-1	-1	-1	-1	-1	-1	-1	-1	-1	-1	-1	-1	-1	-1	-1	-1	-1	-1	-1	-1	-1	-1	-1	-1	-1	-1	-1	-1	-1	-1	-1	-1	-1	-1	-1	FFFFFF99	魅力宝石	15	2004	1
50517008	5	5	17	8	Gem3_2_15	1	纯净碧玺(5级)	纯净的碧玺，可以镶嵌在防御性装备(衣服、手套、帽子、护肩、鞋、腰带、项链、暗器、武魂、龙纹、令牌、豪侠印)上，使用后不可再镶嵌同类宝石。#r#G魅力宝石#r#cff9900雕琢过的宝石不能再雕琢。	300000	2000	-1	-1	-1	-1	-1	-1	-1	-1	-1	-1	-1	-1	-1	-1	-1	-1	50	-1	-1	-1	-1	-1	-1	-1	-1	-1	-1	-1	-1	-1	-1	-1	-1	-1	-1	-1	-1	-1	-1	-1	-1	-1	-1	-1	-1	-1	-1	-1	-1	-1	-1	-1	-1	-1	-1	-1	-1	-1	-1	-1	-1	-1	-1	-1	FFFFFF99	魅力宝石	14	2004	1
50518001	5	5	18	1	Gem3_1_15	1	黄宝石(5级)	黄色的宝石，可以镶嵌在防御性装备(衣服、手套、帽子、护肩、鞋、腰带、项链、暗器、武魂、龙纹、令牌、豪侠印)上，使用后不可再镶嵌同类宝石。#r#G命运宝石	75000	1000	-1	-1	-1	-1	-1	-1	-1	-1	-1	-1	-1	-1	-1	-1	-1	-1	-1	-1	-1	-1	-1	-1	-1	-1	-1	-1	-1	-1	-1	-1	-1	-1	-1	-1	-1	-1	-1	-1	-1	-1	-1	-1	138	-1	-1	-1	-1	-1	-1	-1	-1	-1	-1	-1	-1	-1	-1	-1	-1	-1	-1	-1	-1	-1	FFFFFF66	命运宝石	5	2004	1
50518002	5	5	18	2	Gem3_1_16	1	蓝宝石(5级)	蓝色的宝石，可以镶嵌在防御性装备(衣服、手套、帽子、护肩、鞋、腰带、项链、暗器、武魂、龙纹、令牌、豪侠印)上，使用后不可再镶嵌同类宝石。#r#G命运宝石	75000	1000	-1	-1	-1	-1	-1	-1	-1	-1	-1	-1	-1	-1	-1	-1	-1	-1	-1	-1	-1	-1	-1	-1	-1	-1	-1	-1	-1	-1	-1	-1	-1	-1	-1	-1	-1	-1	-1	-1	-1	-1	-1	-1	-1	138	-1	-1	-1	-1	-1	-1	-1	-1	-1	-1	-1	-1	-1	-1	-1	-1	-1	-1	-1	-1	FFFFFF66	命运宝石	6	2004	1
50518003	5	5	18	3	Gem3_1_7	1	绿宝石(5级)	绿色的宝石，可以镶嵌在防御性装备(衣服、手套、帽子、护肩、鞋、腰带、项链、暗器、武魂、龙纹、令牌、豪侠印)上，使用后不可再镶嵌同类宝石。#r#G命运宝石	75000	1000	-1	-1	-1	-1	-1	-1	-1	-1	-1	-1	-1	-1	-1	-1	-1	-1	-1	-1	-1	-1	-1	-1	-1	-1	-1	-1	-1	-1	-1	-1	-1	-1	-1	-1	-1	-1	-1	-1	-1	-1	-1	-1	-1	-1	-1	-1	74	-1	-1	-1	-1	-1	-1	-1	-1	-1	-1	-1	-1	-1	-1	-1	-1	-1	FFFFFF66	命运宝石	9	2004	1
50518004	5	5	18	4	Gem3_2_2	1	红宝石(5级)	红色的宝石，可以镶嵌在防御性装备(衣服、手套、帽子、护肩、鞋、腰带、项链、暗器、武魂、龙纹、令牌、豪侠印)上，使用后不可再镶嵌同类宝石。#r#G命运宝石	75000	1000	-1	-1	-1	-1	-1	-1	-1	-1	-1	-1	-1	-1	-1	-1	-1	-1	-1	-1	-1	-1	-1	-1	-1	-1	-1	-1	-1	-1	-1	-1	-1	-1	-1	-1	-1	-1	-1	-1	-1	-1	-1	-1	-1	-1	137	-1	-1	-1	-1	-1	-1	-1	-1	-1	-1	-1	-1	-1	-1	-1	-1	-1	-1	-1	FFFFFF66	命运宝石	10	2004	1
50518005	5	5	18	5	Gem3_2_3	1	黑宝石(5级)	黑色的宝石，可以镶嵌在防御性装备(衣服、手套、帽子、护肩、鞋、腰带、项链、暗器、武魂、龙纹、令牌、豪侠印)上，使用后不可再镶嵌同类宝石。#r#G命运宝石	75000	1000	-1	-1	-1	-1	-1	-1	-1	-1	-1	-1	-1	-1	-1	-1	-1	-1	-1	-1	-1	-1	-1	-1	-1	-1	-1	-1	-1	-1	-1	-1	-1	-1	-1	-1	-1	-1	-1	-1	-1	-1	-1	-1	-1	-1	-1	137	-1	-1	-1	-1	-1	-1	-1	-1	-1	-1	-1	-1	-1	-1	-1	-1	-1	-1	FFFFFF66	命运宝石	1	2004	1
50518006	5	5	18	6	Gem3_2_7	1	血精石(5级)	布满血丝红精的宝石，可以镶嵌在防御性装备(衣服、手套、帽子、护肩、鞋、腰带、项链、暗器、武魂、龙纹、令牌、豪侠印)上，使用后不可再镶嵌同类宝石。#r#G命运宝石	75000	1000	7548	-1	-1	-1	-1	-1	-1	-1	-1	-1	-1	-1	-1	-1	-1	-1	-1	-1	-1	-1	-1	-1	-1	-1	-1	-1	-1	-1	-1	-1	-1	-1	-1	-1	-1	-1	-1	-1	-1	-1	-1	-1	-1	-1	-1	-1	-1	-1	-1	-1	-1	-1	-1	-1	-1	-1	-1	-1	-1	-1	-1	-1	-1	-1	FFFFFF66	命运宝石	13	2004	1
50519001	5	5	19	1	Gem3_1_14	1	祖母绿(5级)	翠绿如滴，顶级翡翠，可以镶嵌在防御性装备(衣服、手套、帽子、护肩、鞋、腰带、项链、暗器、武魂、龙纹、令牌、豪侠印)上，使用后不可再镶嵌同类宝石。#r#G天机宝石	100000	1000	-1	-1	-1	-1	-1	-1	-1	-1	-1	-1	-1	-1	-1	-1	-1	-1	-1	-1	-1	-1	-1	-1	-1	-1	-1	-1	-1	-1	-1	-1	-1	-1	-1	-1	-1	-1	494	-1	-1	-1	-1	-1	-1	-1	-1	-1	-1	-1	-1	-1	-1	-1	-1	-1	-1	-1	-1	-1	-1	-1	-1	-1	-1	-1	FFFFFF66	天机宝石	8	2004	1
50521001	5	5	21	1	Gemjiankang_2	1	黄冥石(5级)	黄色的冥石，可以镶嵌在攻击性装备(武器、护腕、戒指、护符、项链、暗器、武魂、龙纹、令牌、豪侠印)上，使用后不可再镶嵌同类宝石。#r可在洛阳（280，322）彭怀玉、楼兰（279，198）克里木、束河古镇（134，85）荆嵌实处琢刻为黄冥晶石。琢刻后的宝石将可同时拥有忽略目标玄抗和玄攻击两种属性。#r#G无法将目标的抗性降低至负值#r#G胜利宝石	300000	2000	-1	-1	-1	-1	-1	-1	-1	-1	-1	-1	-1	-1	-1	-1	-1	-1	-1	-1	-1	-1	-1	-1	-1	-1	-1	-1	-1	-1	-1	-1	-1	-1	-1	-1	-1	-1	-1	-1	-1	-1	-1	-1	-1	-1	-1	-1	-1	-1	-1	-1	-1	-1	-1	-1	-1	-1	50	-1	-1	-1	-1	-1	-1	-1	FFFFFF99	胜利宝石	31	2004	1
50521002	5	5	21	2	Gemjiankang_14	1	蓝冥石(5级)	蓝色的冥石，可以镶嵌在攻击性装备(武器、护腕、戒指、护符、项链、暗器、武魂、龙纹、令牌、豪侠印)上，使用后不可再镶嵌同类宝石。#r可在洛阳（280，322）彭怀玉、楼兰（279，198）克里木、束河古镇（134，85）荆嵌实处琢刻为蓝冥晶石。琢刻后的宝石将可同时拥有忽略目标冰抗和冰攻击两种属性。#r#G无法将目标的抗性降低至负值#r#G胜利宝石	300000	2000	-1	-1	-1	-1	-1	-1	-1	-1	-1	-1	-1	-1	-1	-1	-1	-1	-1	-1	-1	-1	-1	-1	-1	-1	-1	-1	-1	-1	-1	-1	-1	-1	-1	-1	-1	-1	-1	-1	-1	-1	-1	-1	-1	-1	-1	-1	-1	-1	-1	-1	-1	-1	-1	-1	50	-1	-1	-1	-1	-1	-1	-1	-1	-1	FFFFFF99	胜利宝石	32	2004	1
50521003	5	5	21	3	Gemjiankang_10	1	红冥石(5级)	红色的冥石，可以镶嵌在攻击性装备(武器、护腕、戒指、护符、项链、暗器、武魂、龙纹、令牌、豪侠印)上，使用后不可再镶嵌同类宝石。#r可在洛阳（280，322）彭怀玉、楼兰（279，198）克里木、束河古镇（134，85）荆嵌实处琢刻为红冥晶石。琢刻后的宝石将可同时拥有忽略目标火抗和火攻击两种属性。#r#G无法将目标的抗性降低至负值#r#G胜利宝石	300000	2000	-1	-1	-1	-1	-1	-1	-1	-1	-1	-1	-1	-1	-1	-1	-1	-1	-1	-1	-1	-1	-1	-1	-1	-1	-1	-1	-1	-1	-1	-1	-1	-1	-1	-1	-1	-1	-1	-1	-1	-1	-1	-1	-1	-1	-1	-1	-1	-1	-1	-1	-1	-1	-1	-1	-1	50	-1	-1	-1	-1	-1	-1	-1	-1	FFFFFF99	胜利宝石	33	2004	1
50521004	5	5	21	4	Gemjiankang_6	1	绿冥石(5级)	绿色的冥石，可以镶嵌在攻击性装备(武器、护腕、戒指、护符、项链、暗器、武魂、龙纹、令牌、豪侠印)上，使用后不可再镶嵌同类宝石。#r可在洛阳（280，322）彭怀玉、楼兰（279，198）克里木、束河古镇（134，85）荆嵌实处琢刻为绿冥晶石。琢刻后的宝石将可同时拥有忽略目标毒抗和毒攻击两种属性。#r#G无法将目标的抗性降低至负值#r#G胜利宝石	300000	2000	-1	-1	-1	-1	-1	-1	-1	-1	-1	-1	-1	-1	-1	-1	-1	-1	-1	-1	-1	-1	-1	-1	-1	-1	-1	-1	-1	-1	-1	-1	-1	-1	-1	-1	-1	-1	-1	-1	-1	-1	-1	-1	-1	-1	-1	-1	-1	-1	-1	-1	-1	-1	-1	-1	-1	-1	-1	50	-1	-1	-1	-1	-1	-1	FFFFFF99	胜利宝石	34	2004	1
50521005	5	5	21	5	LiJinGemjiankang_2	75	黄冥石·红利(5级)	黄色的冥石，可以镶嵌在攻击性装备(武器、护腕、戒指、护符、项链、暗器、武魂、龙纹、令牌、豪侠印)上，使用后不可再镶嵌同类宝石。#r可在洛阳（280，322）彭怀玉、楼兰（279，198）克里木、束河古镇（134，85）荆嵌实处琢刻为黄冥晶石·红利。琢刻后的宝石将可同时拥有忽略目标玄抗和玄攻击两种属性。#r#G无法将目标的抗性降低至负值#r#G胜利宝石	300000	1	-1	-1	-1	-1	-1	-1	-1	-1	-1	-1	-1	-1	-1	-1	-1	-1	-1	-1	-1	-1	-1	-1	-1	-1	-1	-1	-1	-1	-1	-1	-1	-1	-1	-1	-1	-1	-1	-1	-1	-1	-1	-1	-1	-1	-1	-1	-1	-1	-1	-1	-1	-1	-1	-1	-1	-1	50	-1	-1	-1	-1	-1	-1	-1	FFFFFF99	胜利宝石	31	2004	1
50521006	5	5	21	6	LiJinGemjiankang_14	75	蓝冥石·红利(5级)	蓝色的冥石，可以镶嵌在攻击性装备(武器、护腕、戒指、护符、项链、暗器、武魂、龙纹、令牌、豪侠印)上，使用后不可再镶嵌同类宝石。#r可在洛阳（280，322）彭怀玉、楼兰（279，198）克里木、束河古镇（134，85）荆嵌实处琢刻为蓝冥晶石·红利。琢刻后的宝石将可同时拥有忽略目标冰抗和冰攻击两种属性。#r#G无法将目标的抗性降低至负值#r#G胜利宝石	300000	1	-1	-1	-1	-1	-1	-1	-1	-1	-1	-1	-1	-1	-1	-1	-1	-1	-1	-1	-1	-1	-1	-1	-1	-1	-1	-1	-1	-1	-1	-1	-1	-1	-1	-1	-1	-1	-1	-1	-1	-1	-1	-1	-1	-1	-1	-1	-1	-1	-1	-1	-1	-1	-1	-1	50	-1	-1	-1	-1	-1	-1	-1	-1	-1	FFFFFF99	胜利宝石	32	2004	1
50521007	5	5	21	7	LiJinGemjiankang_10	75	红冥石·红利(5级)	红色的冥石，可以镶嵌在攻击性装备(武器、护腕、戒指、护符、项链、暗器、武魂、龙纹、令牌、豪侠印)上，使用后不可再镶嵌同类宝石。#r可在洛阳（280，322）彭怀玉、楼兰（279，198）克里木、束河古镇（134，85）荆嵌实处琢刻为红冥晶石·红利。琢刻后的宝石将可同时拥有忽略目标火抗和火攻击两种属性。#r#G无法将目标的抗性降低至负值#r#G胜利宝石	300000	1	-1	-1	-1	-1	-1	-1	-1	-1	-1	-1	-1	-1	-1	-1	-1	-1	-1	-1	-1	-1	-1	-1	-1	-1	-1	-1	-1	-1	-1	-1	-1	-1	-1	-1	-1	-1	-1	-1	-1	-1	-1	-1	-1	-1	-1	-1	-1	-1	-1	-1	-1	-1	-1	-1	-1	50	-1	-1	-1	-1	-1	-1	-1	-1	FFFFFF99	胜利宝石	33	2004	1
50521008	5	5	21	8	LiJinGemjiankang_6	75	绿冥石·红利(5级)	绿色的冥石，可以镶嵌在攻击性装备(武器、护腕、戒指、护符、项链、暗器、武魂、龙纹、令牌、豪侠印)上，使用后不可再镶嵌同类宝石。#r可在洛阳（280，322）彭怀玉、楼兰（279，198）克里木、束河古镇（134，85）荆嵌实处琢刻为绿冥晶石·红利。琢刻后的宝石将可同时拥有忽略目标毒抗和毒攻击两种属性。#r#G无法将目标的抗性降低至负值#r#G胜利宝石	300000	1	-1	-1	-1	-1	-1	-1	-1	-1	-1	-1	-1	-1	-1	-1	-1	-1	-1	-1	-1	-1	-1	-1	-1	-1	-1	-1	-1	-1	-1	-1	-1	-1	-1	-1	-1	-1	-1	-1	-1	-1	-1	-1	-1	-1	-1	-1	-1	-1	-1	-1	-1	-1	-1	-1	-1	-1	-1	50	-1	-1	-1	-1	-1	-1	FFFFFF99	胜利宝石	34	2004	1
50521101	5	5	21	101	Gemzhuoke_4	75	黄冥晶石(5级·1级)	琢刻了纯净黄晶石后的黄冥石，可以镶嵌在攻击性装备(武器、护腕、戒指、护符、项链、暗器、武魂、龙纹、令牌、豪侠印)上，使用后不可再镶嵌同类宝石。#r#W可在洛阳（280，322）彭怀玉、楼兰（279，198）克里木、束河古镇（134，85）荆嵌实处进行#G琢刻分离#W。#r#G琢刻后的宝石无法进行合成操作#r#G无法将目标的抗性降低至负值#r#G胜利宝石	300000	2000	-1	-1	-1	-1	-1	-1	-1	-1	-1	-1	-1	-1	23	-1	-1	-1	-1	-1	-1	-1	-1	-1	-1	-1	-1	-1	-1	-1	-1	-1	-1	-1	-1	-1	-1	-1	-1	-1	-1	-1	-1	-1	-1	-1	-1	-1	-1	-1	-1	-1	-1	-1	-1	-1	-1	-1	50	-1	-1	-1	-1	-1	-1	-1	FFFFFF99	胜利宝石	31	2004	1
50521102	5	5	21	102	Gemzhuoke_4	75	黄冥晶石(5级·2级)	琢刻了纯净黄晶石后的黄冥石，可以镶嵌在攻击性装备(武器、护腕、戒指、护符、项链、暗器、武魂、龙纹、令牌、豪侠印)上，使用后不可再镶嵌同类宝石。#r#W可在洛阳（280，322）彭怀玉、楼兰（279，198）克里木、束河古镇（134，85）荆嵌实处进行#G琢刻分离#W。#r#G琢刻后的宝石无法进行合成操作#r#G无法将目标的抗性降低至负值#r#G胜利宝石	300000	2000	-1	-1	-1	-1	-1	-1	-1	-1	-1	-1	-1	-1	33	-1	-1	-1	-1	-1	-1	-1	-1	-1	-1	-1	-1	-1	-1	-1	-1	-1	-1	-1	-1	-1	-1	-1	-1	-1	-1	-1	-1	-1	-1	-1	-1	-1	-1	-1	-1	-1	-1	-1	-1	-1	-1	-1	50	-1	-1	-1	-1	-1	-1	-1	FFFFFF99	胜利宝石	31	2004	1
50521103	5	5	21	103	Gemzhuoke_4	75	黄冥晶石(5级·3级)	琢刻了纯净黄晶石后的黄冥石，可以镶嵌在攻击性装备(武器、护腕、戒指、护符、项链、暗器、武魂、龙纹、令牌、豪侠印)上，使用后不可再镶嵌同类宝石。#r#W可在洛阳（280，322）彭怀玉、楼兰（279，198）克里木、束河古镇（134，85）荆嵌实处进行#G琢刻分离#W。#r#G琢刻后的宝石无法进行合成操作#r#G无法将目标的抗性降低至负值#r#G胜利宝石	300000	2000	-1	-1	-1	-1	-1	-1	-1	-1	-1	-1	-1	-1	60	-1	-1	-1	-1	-1	-1	-1	-1	-1	-1	-1	-1	-1	-1	-1	-1	-1	-1	-1	-1	-1	-1	-1	-1	-1	-1	-1	-1	-1	-1	-1	-1	-1	-1	-1	-1	-1	-1	-1	-1	-1	-1	-1	50	-1	-1	-1	-1	-1	-1	-1	FFFFFF99	胜利宝石	31	2004	1
50521104	5	5	21	104	Gemzhuoke_4	75	黄冥晶石(5级·4级)	琢刻了纯净黄晶石后的黄冥石，可以镶嵌在攻击性装备(武器、护腕、戒指、护符、项链、暗器、武魂、龙纹、令牌、豪侠印)上，使用后不可再镶嵌同类宝石。#r#W可在洛阳（280，322）彭怀玉、楼兰（279，198）克里木、束河古镇（134，85）荆嵌实处进行#G琢刻分离#W。#r#G琢刻后的宝石无法进行合成操作#r#G无法将目标的抗性降低至负值#r#G胜利宝石	300000	2000	-1	-1	-1	-1	-1	-1	-1	-1	-1	-1	-1	-1	120	-1	-1	-1	-1	-1	-1	-1	-1	-1	-1	-1	-1	-1	-1	-1	-1	-1	-1	-1	-1	-1	-1	-1	-1	-1	-1	-1	-1	-1	-1	-1	-1	-1	-1	-1	-1	-1	-1	-1	-1	-1	-1	-1	50	-1	-1	-1	-1	-1	-1	-1	FFFFFF99	胜利宝石	31	2004	1
50521105	5	5	21	105	Gemzhuoke_4	75	黄冥晶石(5级·5级)	琢刻了纯净黄晶石后的黄冥石，可以镶嵌在攻击性装备(武器、护腕、戒指、护符、项链、暗器、武魂、龙纹、令牌、豪侠印)上，使用后不可再镶嵌同类宝石。#r#W可在洛阳（280，322）彭怀玉、楼兰（279，198）克里木、束河古镇（134，85）荆嵌实处进行#G琢刻分离#W。#r#G琢刻后的宝石无法进行合成操作#r#G无法将目标的抗性降低至负值#r#G胜利宝石	300000	2000	-1	-1	-1	-1	-1	-1	-1	-1	-1	-1	-1	-1	170	-1	-1	-1	-1	-1	-1	-1	-1	-1	-1	-1	-1	-1	-1	-1	-1	-1	-1	-1	-1	-1	-1	-1	-1	-1	-1	-1	-1	-1	-1	-1	-1	-1	-1	-1	-1	-1	-1	-1	-1	-1	-1	-1	50	-1	-1	-1	-1	-1	-1	-1	FFFFFF99	胜利宝石	31	2004	1
50521106	5	5	21	106	LiJinGemzhuoke_4	75	黄冥晶石·红利(5级·1级)	琢刻了纯净黄晶石·红利后的黄冥石·红利，可以镶嵌在攻击性装备(武器、护腕、戒指、护符、项链、暗器、武魂、龙纹、令牌、豪侠印)上，使用后不可再镶嵌同类宝石。#r#W可在洛阳（280，322）彭怀玉、楼兰（279，198）克里木、束河古镇（134，85）荆嵌实处进行#G琢刻分离#W。#r#G琢刻后的宝石无法进行合成操作#r#G无法将目标的抗性降低至负值#r#G胜利宝石	300000	2000	-1	-1	-1	-1	-1	-1	-1	-1	-1	-1	-1	-1	23	-1	-1	-1	-1	-1	-1	-1	-1	-1	-1	-1	-1	-1	-1	-1	-1	-1	-1	-1	-1	-1	-1	-1	-1	-1	-1	-1	-1	-1	-1	-1	-1	-1	-1	-1	-1	-1	-1	-1	-1	-1	-1	-1	50	-1	-1	-1	-1	-1	-1	-1	FFFFFF99	胜利宝石	31	2004	1
50521107	5	5	21	107	LiJinGemzhuoke_4	75	黄冥晶石·红利(5级·2级)	琢刻了纯净黄晶石·红利后的黄冥石·红利，可以镶嵌在攻击性装备(武器、护腕、戒指、护符、项链、暗器、武魂、龙纹、令牌、豪侠印)上，使用后不可再镶嵌同类宝石。#r#W可在洛阳（280，322）彭怀玉、楼兰（279，198）克里木、束河古镇（134，85）荆嵌实处进行#G琢刻分离#W。#r#G琢刻后的宝石无法进行合成操作#r#G无法将目标的抗性降低至负值#r#G胜利宝石	300000	2000	-1	-1	-1	-1	-1	-1	-1	-1	-1	-1	-1	-1	33	-1	-1	-1	-1	-1	-1	-1	-1	-1	-1	-1	-1	-1	-1	-1	-1	-1	-1	-1	-1	-1	-1	-1	-1	-1	-1	-1	-1	-1	-1	-1	-1	-1	-1	-1	-1	-1	-1	-1	-1	-1	-1	-1	50	-1	-1	-1	-1	-1	-1	-1	FFFFFF99	胜利宝石	31	2004	1
50521108	5	5	21	108	LiJinGemzhuoke_4	75	黄冥晶石·红利(5级·3级)	琢刻了纯净黄晶石·红利后的黄冥石·红利，可以镶嵌在攻击性装备(武器、护腕、戒指、护符、项链、暗器、武魂、龙纹、令牌、豪侠印)上，使用后不可再镶嵌同类宝石。#r#W可在洛阳（280，322）彭怀玉、楼兰（279，198）克里木、束河古镇（134，85）荆嵌实处进行#G琢刻分离#W。#r#G琢刻后的宝石无法进行合成操作#r#G无法将目标的抗性降低至负值#r#G胜利宝石	300000	2000	-1	-1	-1	-1	-1	-1	-1	-1	-1	-1	-1	-1	60	-1	-1	-1	-1	-1	-1	-1	-1	-1	-1	-1	-1	-1	-1	-1	-1	-1	-1	-1	-1	-1	-1	-1	-1	-1	-1	-1	-1	-1	-1	-1	-1	-1	-1	-1	-1	-1	-1	-1	-1	-1	-1	-1	50	-1	-1	-1	-1	-1	-1	-1	FFFFFF99	胜利宝石	31	2004	1
50521109	5	5	21	109	LiJinGemzhuoke_4	75	黄冥晶石·红利(5级·4级)	琢刻了纯净黄晶石·红利后的黄冥石·红利，可以镶嵌在攻击性装备(武器、护腕、戒指、护符、项链、暗器、武魂、龙纹、令牌、豪侠印)上，使用后不可再镶嵌同类宝石。#r#W可在洛阳（280，322）彭怀玉、楼兰（279，198）克里木、束河古镇（134，85）荆嵌实处进行#G琢刻分离#W。#r#G琢刻后的宝石无法进行合成操作#r#G无法将目标的抗性降低至负值#r#G胜利宝石	300000	2000	-1	-1	-1	-1	-1	-1	-1	-1	-1	-1	-1	-1	120	-1	-1	-1	-1	-1	-1	-1	-1	-1	-1	-1	-1	-1	-1	-1	-1	-1	-1	-1	-1	-1	-1	-1	-1	-1	-1	-1	-1	-1	-1	-1	-1	-1	-1	-1	-1	-1	-1	-1	-1	-1	-1	-1	50	-1	-1	-1	-1	-1	-1	-1	FFFFFF99	胜利宝石	31	2004	1
50521110	5	5	21	110	LiJinGemzhuoke_4	75	黄冥晶石·红利(5级·5级)	琢刻了纯净黄晶石·红利后的黄冥石·红利，可以镶嵌在攻击性装备(武器、护腕、戒指、护符、项链、暗器、武魂、龙纹、令牌、豪侠印)上，使用后不可再镶嵌同类宝石。#r#W可在洛阳（280，322）彭怀玉、楼兰（279，198）克里木、束河古镇（134，85）荆嵌实处进行#G琢刻分离#W。#r#G琢刻后的宝石无法进行合成操作#r#G无法将目标的抗性降低至负值#r#G胜利宝石	300000	2000	-1	-1	-1	-1	-1	-1	-1	-1	-1	-1	-1	-1	170	-1	-1	-1	-1	-1	-1	-1	-1	-1	-1	-1	-1	-1	-1	-1	-1	-1	-1	-1	-1	-1	-1	-1	-1	-1	-1	-1	-1	-1	-1	-1	-1	-1	-1	-1	-1	-1	-1	-1	-1	-1	-1	-1	50	-1	-1	-1	-1	-1	-1	-1	FFFFFF99	胜利宝石	31	2004	1
50521201	5	5	21	201	Gemzhuoke_7	75	蓝冥晶石(5级·1级)	琢刻了纯净蓝晶石后的蓝冥石，可以镶嵌在攻击性装备(武器、护腕、戒指、护符、项链、暗器、武魂、龙纹、令牌、豪侠印)上，使用后不可再镶嵌同类宝石。#r#W可在洛阳（280，322）彭怀玉、楼兰（279，198）克里木、束河古镇（134，85）荆嵌实处进行#G琢刻分离#W。#r#G琢刻后的宝石无法进行合成操作#r#G无法将目标的抗性降低至负值#r#G胜利宝石	300000	2000	-1	-1	-1	-1	-1	-1	23	-1	-1	-1	-1	-1	-1	-1	-1	-1	-1	-1	-1	-1	-1	-1	-1	-1	-1	-1	-1	-1	-1	-1	-1	-1	-1	-1	-1	-1	-1	-1	-1	-1	-1	-1	-1	-1	-1	-1	-1	-1	-1	-1	-1	-1	-1	-1	50	-1	-1	-1	-1	-1	-1	-1	-1	-1	FFFFFF99	胜利宝石	32	2004	1
50521202	5	5	21	202	Gemzhuoke_7	75	蓝冥晶石(5级·2级)	琢刻了纯净蓝晶石后的蓝冥石，可以镶嵌在攻击性装备(武器、护腕、戒指、护符、项链、暗器、武魂、龙纹、令牌、豪侠印)上，使用后不可再镶嵌同类宝石。#r#W可在洛阳（280，322）彭怀玉、楼兰（279，198）克里木、束河古镇（134，85）荆嵌实处进行#G琢刻分离#W。#r#G琢刻后的宝石无法进行合成操作#r#G无法将目标的抗性降低至负值#r#G胜利宝石	300000	2000	-1	-1	-1	-1	-1	-1	33	-1	-1	-1	-1	-1	-1	-1	-1	-1	-1	-1	-1	-1	-1	-1	-1	-1	-1	-1	-1	-1	-1	-1	-1	-1	-1	-1	-1	-1	-1	-1	-1	-1	-1	-1	-1	-1	-1	-1	-1	-1	-1	-1	-1	-1	-1	-1	50	-1	-1	-1	-1	-1	-1	-1	-1	-1	FFFFFF99	胜利宝石	32	2004	1
50521203	5	5	21	203	Gemzhuoke_7	75	蓝冥晶石(5级·3级)	琢刻了纯净蓝晶石后的蓝冥石，可以镶嵌在攻击性装备(武器、护腕、戒指、护符、项链、暗器、武魂、龙纹、令牌、豪侠印)上，使用后不可再镶嵌同类宝石。#r#W可在洛阳（280，322）彭怀玉、楼兰（279，198）克里木、束河古镇（134，85）荆嵌实处进行#G琢刻分离#W。#r#G琢刻后的宝石无法进行合成操作#r#G无法将目标的抗性降低至负值#r#G胜利宝石	300000	2000	-1	-1	-1	-1	-1	-1	60	-1	-1	-1	-1	-1	-1	-1	-1	-1	-1	-1	-1	-1	-1	-1	-1	-1	-1	-1	-1	-1	-1	-1	-1	-1	-1	-1	-1	-1	-1	-1	-1	-1	-1	-1	-1	-1	-1	-1	-1	-1	-1	-1	-1	-1	-1	-1	50	-1	-1	-1	-1	-1	-1	-1	-1	-1	FFFFFF99	胜利宝石	32	2004	1
50521204	5	5	21	204	Gemzhuoke_7	75	蓝冥晶石(5级·4级)	琢刻了纯净蓝晶石后的蓝冥石，可以镶嵌在攻击性装备(武器、护腕、戒指、护符、项链、暗器、武魂、龙纹、令牌、豪侠印)上，使用后不可再镶嵌同类宝石。#r#W可在洛阳（280，322）彭怀玉、楼兰（279，198）克里木、束河古镇（134，85）荆嵌实处进行#G琢刻分离#W。#r#G琢刻后的宝石无法进行合成操作#r#G无法将目标的抗性降低至负值#r#G胜利宝石	300000	2000	-1	-1	-1	-1	-1	-1	120	-1	-1	-1	-1	-1	-1	-1	-1	-1	-1	-1	-1	-1	-1	-1	-1	-1	-1	-1	-1	-1	-1	-1	-1	-1	-1	-1	-1	-1	-1	-1	-1	-1	-1	-1	-1	-1	-1	-1	-1	-1	-1	-1	-1	-1	-1	-1	50	-1	-1	-1	-1	-1	-1	-1	-1	-1	FFFFFF99	胜利宝石	32	2004	1
50521205	5	5	21	205	Gemzhuoke_7	75	蓝冥晶石(5级·5级)	琢刻了纯净蓝晶石后的蓝冥石，可以镶嵌在攻击性装备(武器、护腕、戒指、护符、项链、暗器、武魂、龙纹、令牌、豪侠印)上，使用后不可再镶嵌同类宝石。#r#W可在洛阳（280，322）彭怀玉、楼兰（279，198）克里木、束河古镇（134，85）荆嵌实处进行#G琢刻分离#W。#r#G琢刻后的宝石无法进行合成操作#r#G无法将目标的抗性降低至负值#r#G胜利宝石	300000	2000	-1	-1	-1	-1	-1	-1	170	-1	-1	-1	-1	-1	-1	-1	-1	-1	-1	-1	-1	-1	-1	-1	-1	-1	-1	-1	-1	-1	-1	-1	-1	-1	-1	-1	-1	-1	-1	-1	-1	-1	-1	-1	-1	-1	-1	-1	-1	-1	-1	-1	-1	-1	-1	-1	50	-1	-1	-1	-1	-1	-1	-1	-1	-1	FFFFFF99	胜利宝石	32	2004	1
50521206	5	5	21	206	LiJinGemzhuoke_7	75	蓝冥晶石·红利(5级·1级)	琢刻了纯净蓝晶石·红利后的蓝冥石·红利，可以镶嵌在攻击性装备(武器、护腕、戒指、护符、项链、暗器、武魂、龙纹、令牌、豪侠印)上，使用后不可再镶嵌同类宝石。#r#W可在洛阳（280，322）彭怀玉、楼兰（279，198）克里木、束河古镇（134，85）荆嵌实处进行#G琢刻分离#W。#r#G琢刻后的宝石无法进行合成操作#r#G无法将目标的抗性降低至负值#r#G胜利宝石	300000	2000	-1	-1	-1	-1	-1	-1	23	-1	-1	-1	-1	-1	-1	-1	-1	-1	-1	-1	-1	-1	-1	-1	-1	-1	-1	-1	-1	-1	-1	-1	-1	-1	-1	-1	-1	-1	-1	-1	-1	-1	-1	-1	-1	-1	-1	-1	-1	-1	-1	-1	-1	-1	-1	-1	50	-1	-1	-1	-1	-1	-1	-1	-1	-1	FFFFFF99	胜利宝石	32	2004	1
50521207	5	5	21	207	LiJinGemzhuoke_7	75	蓝冥晶石·红利(5级·2级)	琢刻了纯净蓝晶石·红利后的蓝冥石·红利，可以镶嵌在攻击性装备(武器、护腕、戒指、护符、项链、暗器、武魂、龙纹、令牌、豪侠印)上，使用后不可再镶嵌同类宝石。#r#W可在洛阳（280，322）彭怀玉、楼兰（279，198）克里木、束河古镇（134，85）荆嵌实处进行#G琢刻分离#W。#r#G琢刻后的宝石无法进行合成操作#r#G无法将目标的抗性降低至负值#r#G胜利宝石	300000	2000	-1	-1	-1	-1	-1	-1	33	-1	-1	-1	-1	-1	-1	-1	-1	-1	-1	-1	-1	-1	-1	-1	-1	-1	-1	-1	-1	-1	-1	-1	-1	-1	-1	-1	-1	-1	-1	-1	-1	-1	-1	-1	-1	-1	-1	-1	-1	-1	-1	-1	-1	-1	-1	-1	50	-1	-1	-1	-1	-1	-1	-1	-1	-1	FFFFFF99	胜利宝石	32	2004	1
50521208	5	5	21	208	LiJinGemzhuoke_7	75	蓝冥晶石·红利(5级·3级)	琢刻了纯净蓝晶石·红利后的蓝冥石·红利，可以镶嵌在攻击性装备(武器、护腕、戒指、护符、项链、暗器、武魂、龙纹、令牌、豪侠印)上，使用后不可再镶嵌同类宝石。#r#W可在洛阳（280，322）彭怀玉、楼兰（279，198）克里木、束河古镇（134，85）荆嵌实处进行#G琢刻分离#W。#r#G琢刻后的宝石无法进行合成操作#r#G无法将目标的抗性降低至负值#r#G胜利宝石	300000	2000	-1	-1	-1	-1	-1	-1	60	-1	-1	-1	-1	-1	-1	-1	-1	-1	-1	-1	-1	-1	-1	-1	-1	-1	-1	-1	-1	-1	-1	-1	-1	-1	-1	-1	-1	-1	-1	-1	-1	-1	-1	-1	-1	-1	-1	-1	-1	-1	-1	-1	-1	-1	-1	-1	50	-1	-1	-1	-1	-1	-1	-1	-1	-1	FFFFFF99	胜利宝石	32	2004	1
50521209	5	5	21	209	LiJinGemzhuoke_7	75	蓝冥晶石·红利(5级·4级)	琢刻了纯净蓝晶石·红利后的蓝冥石·红利，可以镶嵌在攻击性装备(武器、护腕、戒指、护符、项链、暗器、武魂、龙纹、令牌、豪侠印)上，使用后不可再镶嵌同类宝石。#r#W可在洛阳（280，322）彭怀玉、楼兰（279，198）克里木、束河古镇（134，85）荆嵌实处进行#G琢刻分离#W。#r#G琢刻后的宝石无法进行合成操作#r#G无法将目标的抗性降低至负值#r#G胜利宝石	300000	2000	-1	-1	-1	-1	-1	-1	120	-1	-1	-1	-1	-1	-1	-1	-1	-1	-1	-1	-1	-1	-1	-1	-1	-1	-1	-1	-1	-1	-1	-1	-1	-1	-1	-1	-1	-1	-1	-1	-1	-1	-1	-1	-1	-1	-1	-1	-1	-1	-1	-1	-1	-1	-1	-1	50	-1	-1	-1	-1	-1	-1	-1	-1	-1	FFFFFF99	胜利宝石	32	2004	1
50521210	5	5	21	210	LiJinGemzhuoke_7	75	蓝冥晶石·红利(5级·5级)	琢刻了纯净蓝晶石·红利后的蓝冥石·红利，可以镶嵌在攻击性装备(武器、护腕、戒指、护符、项链、暗器、武魂、龙纹、令牌、豪侠印)上，使用后不可再镶嵌同类宝石。#r#W可在洛阳（280，322）彭怀玉、楼兰（279，198）克里木、束河古镇（134，85）荆嵌实处进行#G琢刻分离#W。#r#G琢刻后的宝石无法进行合成操作#r#G无法将目标的抗性降低至负值#r#G胜利宝石	300000	2000	-1	-1	-1	-1	-1	-1	170	-1	-1	-1	-1	-1	-1	-1	-1	-1	-1	-1	-1	-1	-1	-1	-1	-1	-1	-1	-1	-1	-1	-1	-1	-1	-1	-1	-1	-1	-1	-1	-1	-1	-1	-1	-1	-1	-1	-1	-1	-1	-1	-1	-1	-1	-1	-1	50	-1	-1	-1	-1	-1	-1	-1	-1	-1	FFFFFF99	胜利宝石	32	2004	1
50521301	5	5	21	301	Gemzhuoke_1	75	红冥晶石(5级·1级)	琢刻了纯净红晶石后的红冥石，可以镶嵌在攻击性装备(武器、护腕、戒指、护符、项链、暗器、武魂、龙纹、令牌、豪侠印)上，使用后不可再镶嵌同类宝石。#r#W可在洛阳（280，322）彭怀玉、楼兰（279，198）克里木、束河古镇（134，85）荆嵌实处进行#G琢刻分离#W。#r#G琢刻后的宝石无法进行合成操作#r#G无法将目标的抗性降低至负值#r#G胜利宝石	300000	2000	-1	-1	-1	-1	-1	-1	-1	-1	-1	23	-1	-1	-1	-1	-1	-1	-1	-1	-1	-1	-1	-1	-1	-1	-1	-1	-1	-1	-1	-1	-1	-1	-1	-1	-1	-1	-1	-1	-1	-1	-1	-1	-1	-1	-1	-1	-1	-1	-1	-1	-1	-1	-1	-1	-1	50	-1	-1	-1	-1	-1	-1	-1	-1	FFFFFF99	胜利宝石	33	2004	1
50521302	5	5	21	302	Gemzhuoke_1	75	红冥晶石(5级·2级)	琢刻了纯净红晶石后的红冥石，可以镶嵌在攻击性装备(武器、护腕、戒指、护符、项链、暗器、武魂、龙纹、令牌、豪侠印)上，使用后不可再镶嵌同类宝石。#r#W可在洛阳（280，322）彭怀玉、楼兰（279，198）克里木、束河古镇（134，85）荆嵌实处进行#G琢刻分离#W。#r#G琢刻后的宝石无法进行合成操作#r#G无法将目标的抗性降低至负值#r#G胜利宝石	300000	2000	-1	-1	-1	-1	-1	-1	-1	-1	-1	33	-1	-1	-1	-1	-1	-1	-1	-1	-1	-1	-1	-1	-1	-1	-1	-1	-1	-1	-1	-1	-1	-1	-1	-1	-1	-1	-1	-1	-1	-1	-1	-1	-1	-1	-1	-1	-1	-1	-1	-1	-1	-1	-1	-1	-1	50	-1	-1	-1	-1	-1	-1	-1	-1	FFFFFF99	胜利宝石	33	2004	1
50521303	5	5	21	303	Gemzhuoke_1	75	红冥晶石(5级·3级)	琢刻了纯净红晶石后的红冥石，可以镶嵌在攻击性装备(武器、护腕、戒指、护符、项链、暗器、武魂、龙纹、令牌、豪侠印)上，使用后不可再镶嵌同类宝石。#r#W可在洛阳（280，322）彭怀玉、楼兰（279，198）克里木、束河古镇（134，85）荆嵌实处进行#G琢刻分离#W。#r#G琢刻后的宝石无法进行合成操作#r#G无法将目标的抗性降低至负值#r#G胜利宝石	300000	2000	-1	-1	-1	-1	-1	-1	-1	-1	-1	60	-1	-1	-1	-1	-1	-1	-1	-1	-1	-1	-1	-1	-1	-1	-1	-1	-1	-1	-1	-1	-1	-1	-1	-1	-1	-1	-1	-1	-1	-1	-1	-1	-1	-1	-1	-1	-1	-1	-1	-1	-1	-1	-1	-1	-1	50	-1	-1	-1	-1	-1	-1	-1	-1	FFFFFF99	胜利宝石	33	2004	1
50521304	5	5	21	304	Gemzhuoke_1	75	红冥晶石(5级·4级)	琢刻了纯净红晶石后的红冥石，可以镶嵌在攻击性装备(武器、护腕、戒指、护符、项链、暗器、武魂、龙纹、令牌、豪侠印)上，使用后不可再镶嵌同类宝石。#r#W可在洛阳（280，322）彭怀玉、楼兰（279，198）克里木、束河古镇（134，85）荆嵌实处进行#G琢刻分离#W。#r#G琢刻后的宝石无法进行合成操作#r#G无法将目标的抗性降低至负值#r#G胜利宝石	300000	2000	-1	-1	-1	-1	-1	-1	-1	-1	-1	120	-1	-1	-1	-1	-1	-1	-1	-1	-1	-1	-1	-1	-1	-1	-1	-1	-1	-1	-1	-1	-1	-1	-1	-1	-1	-1	-1	-1	-1	-1	-1	-1	-1	-1	-1	-1	-1	-1	-1	-1	-1	-1	-1	-1	-1	50	-1	-1	-1	-1	-1	-1	-1	-1	FFFFFF99	胜利宝石	33	2004	1
50521305	5	5	21	305	Gemzhuoke_1	75	红冥晶石(5级·5级)	琢刻了纯净红晶石后的红冥石，可以镶嵌在攻击性装备(武器、护腕、戒指、护符、项链、暗器、武魂、龙纹、令牌、豪侠印)上，使用后不可再镶嵌同类宝石。#r#W可在洛阳（280，322）彭怀玉、楼兰（279，198）克里木、束河古镇（134，85）荆嵌实处进行#G琢刻分离#W。#r#G琢刻后的宝石无法进行合成操作#r#G无法将目标的抗性降低至负值#r#G胜利宝石	300000	2000	-1	-1	-1	-1	-1	-1	-1	-1	-1	170	-1	-1	-1	-1	-1	-1	-1	-1	-1	-1	-1	-1	-1	-1	-1	-1	-1	-1	-1	-1	-1	-1	-1	-1	-1	-1	-1	-1	-1	-1	-1	-1	-1	-1	-1	-1	-1	-1	-1	-1	-1	-1	-1	-1	-1	50	-1	-1	-1	-1	-1	-1	-1	-1	FFFFFF99	胜利宝石	33	2004	1
50521306	5	5	21	306	LiJinGemzhuoke_1	75	红冥晶石·红利(5级·1级)	琢刻了纯净红晶石·红利后的红冥石·红利，可以镶嵌在攻击性装备(武器、护腕、戒指、护符、项链、暗器、武魂、龙纹、令牌、豪侠印)上，使用后不可再镶嵌同类宝石。#r#W可在洛阳（280，322）彭怀玉、楼兰（279，198）克里木、束河古镇（134，85）荆嵌实处进行#G琢刻分离#W。#r#G琢刻后的宝石无法进行合成操作#r#G无法将目标的抗性降低至负值#r#G胜利宝石	300000	2000	-1	-1	-1	-1	-1	-1	-1	-1	-1	23	-1	-1	-1	-1	-1	-1	-1	-1	-1	-1	-1	-1	-1	-1	-1	-1	-1	-1	-1	-1	-1	-1	-1	-1	-1	-1	-1	-1	-1	-1	-1	-1	-1	-1	-1	-1	-1	-1	-1	-1	-1	-1	-1	-1	-1	50	-1	-1	-1	-1	-1	-1	-1	-1	FFFFFF99	胜利宝石	33	2004	1
50521307	5	5	21	307	LiJinGemzhuoke_1	75	红冥晶石·红利(5级·2级)	琢刻了纯净红晶石·红利后的红冥石·红利，可以镶嵌在攻击性装备(武器、护腕、戒指、护符、项链、暗器、武魂、龙纹、令牌、豪侠印)上，使用后不可再镶嵌同类宝石。#r#W可在洛阳（280，322）彭怀玉、楼兰（279，198）克里木、束河古镇（134，85）荆嵌实处进行#G琢刻分离#W。#r#G琢刻后的宝石无法进行合成操作#r#G无法将目标的抗性降低至负值#r#G胜利宝石	300000	2000	-1	-1	-1	-1	-1	-1	-1	-1	-1	33	-1	-1	-1	-1	-1	-1	-1	-1	-1	-1	-1	-1	-1	-1	-1	-1	-1	-1	-1	-1	-1	-1	-1	-1	-1	-1	-1	-1	-1	-1	-1	-1	-1	-1	-1	-1	-1	-1	-1	-1	-1	-1	-1	-1	-1	50	-1	-1	-1	-1	-1	-1	-1	-1	FFFFFF99	胜利宝石	33	2004	1
50521308	5	5	21	308	LiJinGemzhuoke_1	75	红冥晶石·红利(5级·3级)	琢刻了纯净红晶石·红利后的红冥石·红利，可以镶嵌在攻击性装备(武器、护腕、戒指、护符、项链、暗器、武魂、龙纹、令牌、豪侠印)上，使用后不可再镶嵌同类宝石。#r#W可在洛阳（280，322）彭怀玉、楼兰（279，198）克里木、束河古镇（134，85）荆嵌实处进行#G琢刻分离#W。#r#G琢刻后的宝石无法进行合成操作#r#G无法将目标的抗性降低至负值#r#G胜利宝石	300000	2000	-1	-1	-1	-1	-1	-1	-1	-1	-1	60	-1	-1	-1	-1	-1	-1	-1	-1	-1	-1	-1	-1	-1	-1	-1	-1	-1	-1	-1	-1	-1	-1	-1	-1	-1	-1	-1	-1	-1	-1	-1	-1	-1	-1	-1	-1	-1	-1	-1	-1	-1	-1	-1	-1	-1	50	-1	-1	-1	-1	-1	-1	-1	-1	FFFFFF99	胜利宝石	33	2004	1
50521309	5	5	21	309	LiJinGemzhuoke_1	75	红冥晶石·红利(5级·4级)	琢刻了纯净红晶石·红利后的红冥石·红利，可以镶嵌在攻击性装备(武器、护腕、戒指、护符、项链、暗器、武魂、龙纹、令牌、豪侠印)上，使用后不可再镶嵌同类宝石。#r#W可在洛阳（280，322）彭怀玉、楼兰（279，198）克里木、束河古镇（134，85）荆嵌实处进行#G琢刻分离#W。#r#G琢刻后的宝石无法进行合成操作#r#G无法将目标的抗性降低至负值#r#G胜利宝石	300000	2000	-1	-1	-1	-1	-1	-1	-1	-1	-1	120	-1	-1	-1	-1	-1	-1	-1	-1	-1	-1	-1	-1	-1	-1	-1	-1	-1	-1	-1	-1	-1	-1	-1	-1	-1	-1	-1	-1	-1	-1	-1	-1	-1	-1	-1	-1	-1	-1	-1	-1	-1	-1	-1	-1	-1	50	-1	-1	-1	-1	-1	-1	-1	-1	FFFFFF99	胜利宝石	33	2004	1
50521310	5	5	21	310	LiJinGemzhuoke_1	75	红冥晶石·红利(5级·5级)	琢刻了纯净红晶石·红利后的红冥石·红利，可以镶嵌在攻击性装备(武器、护腕、戒指、护符、项链、暗器、武魂、龙纹、令牌、豪侠印)上，使用后不可再镶嵌同类宝石。#r#W可在洛阳（280，322）彭怀玉、楼兰（279，198）克里木、束河古镇（134，85）荆嵌实处进行#G琢刻分离#W。#r#G琢刻后的宝石无法进行合成操作#r#G无法将目标的抗性降低至负值#r#G胜利宝石	300000	2000	-1	-1	-1	-1	-1	-1	-1	-1	-1	170	-1	-1	-1	-1	-1	-1	-1	-1	-1	-1	-1	-1	-1	-1	-1	-1	-1	-1	-1	-1	-1	-1	-1	-1	-1	-1	-1	-1	-1	-1	-1	-1	-1	-1	-1	-1	-1	-1	-1	-1	-1	-1	-1	-1	-1	50	-1	-1	-1	-1	-1	-1	-1	-1	FFFFFF99	胜利宝石	33	2004	1
50521401	5	5	21	401	Gemzhuoke_10	75	绿冥晶石(5级·1级)	琢刻了纯净绿晶石后的绿冥石，可以镶嵌在攻击性装备(武器、护腕、戒指、护符、项链、暗器、武魂、龙纹、令牌、豪侠印)上，使用后不可再镶嵌同类宝石。#r#W可在洛阳（280，322）彭怀玉、楼兰（279，198）克里木、束河古镇（134，85）荆嵌实处进行#G琢刻分离#W。#r#G琢刻后的宝石无法进行合成操作#r#G无法将目标的抗性降低至负值#r#G胜利宝石	300000	2000	-1	-1	-1	-1	-1	-1	-1	-1	-1	-1	-1	-1	-1	-1	-1	23	-1	-1	-1	-1	-1	-1	-1	-1	-1	-1	-1	-1	-1	-1	-1	-1	-1	-1	-1	-1	-1	-1	-1	-1	-1	-1	-1	-1	-1	-1	-1	-1	-1	-1	-1	-1	-1	-1	-1	-1	-1	50	-1	-1	-1	-1	-1	-1	FFFFFF99	胜利宝石	34	2004	1
50521402	5	5	21	402	Gemzhuoke_10	75	绿冥晶石(5级·2级)	琢刻了纯净绿晶石后的绿冥石，可以镶嵌在攻击性装备(武器、护腕、戒指、护符、项链、暗器、武魂、龙纹、令牌、豪侠印)上，使用后不可再镶嵌同类宝石。#r#W可在洛阳（280，322）彭怀玉、楼兰（279，198）克里木、束河古镇（134，85）荆嵌实处进行#G琢刻分离#W。#r#G琢刻后的宝石无法进行合成操作#r#G无法将目标的抗性降低至负值#r#G胜利宝石	300000	2000	-1	-1	-1	-1	-1	-1	-1	-1	-1	-1	-1	-1	-1	-1	-1	33	-1	-1	-1	-1	-1	-1	-1	-1	-1	-1	-1	-1	-1	-1	-1	-1	-1	-1	-1	-1	-1	-1	-1	-1	-1	-1	-1	-1	-1	-1	-1	-1	-1	-1	-1	-1	-1	-1	-1	-1	-1	50	-1	-1	-1	-1	-1	-1	FFFFFF99	胜利宝石	34	2004	1
50521403	5	5	21	403	Gemzhuoke_10	75	绿冥晶石(5级·3级)	琢刻了纯净绿晶石后的绿冥石，可以镶嵌在攻击性装备(武器、护腕、戒指、护符、项链、暗器、武魂、龙纹、令牌、豪侠印)上，使用后不可再镶嵌同类宝石。#r#W可在洛阳（280，322）彭怀玉、楼兰（279，198）克里木、束河古镇（134，85）荆嵌实处进行#G琢刻分离#W。#r#G琢刻后的宝石无法进行合成操作#r#G无法将目标的抗性降低至负值#r#G胜利宝石	300000	2000	-1	-1	-1	-1	-1	-1	-1	-1	-1	-1	-1	-1	-1	-1	-1	60	-1	-1	-1	-1	-1	-1	-1	-1	-1	-1	-1	-1	-1	-1	-1	-1	-1	-1	-1	-1	-1	-1	-1	-1	-1	-1	-1	-1	-1	-1	-1	-1	-1	-1	-1	-1	-1	-1	-1	-1	-1	50	-1	-1	-1	-1	-1	-1	FFFFFF99	胜利宝石	34	2004	1
50521404	5	5	21	404	Gemzhuoke_10	75	绿冥晶石(5级·4级)	琢刻了纯净绿晶石后的绿冥石，可以镶嵌在攻击性装备(武器、护腕、戒指、护符、项链、暗器、武魂、龙纹、令牌、豪侠印)上，使用后不可再镶嵌同类宝石。#r#W可在洛阳（280，322）彭怀玉、楼兰（279，198）克里木、束河古镇（134，85）荆嵌实处进行#G琢刻分离#W。#r#G琢刻后的宝石无法进行合成操作#r#G无法将目标的抗性降低至负值#r#G胜利宝石	300000	2000	-1	-1	-1	-1	-1	-1	-1	-1	-1	-1	-1	-1	-1	-1	-1	120	-1	-1	-1	-1	-1	-1	-1	-1	-1	-1	-1	-1	-1	-1	-1	-1	-1	-1	-1	-1	-1	-1	-1	-1	-1	-1	-1	-1	-1	-1	-1	-1	-1	-1	-1	-1	-1	-1	-1	-1	-1	50	-1	-1	-1	-1	-1	-1	FFFFFF99	胜利宝石	34	2004	1
50521405	5	5	21	405	Gemzhuoke_10	75	绿冥晶石(5级·5级)	琢刻了纯净绿晶石后的绿冥石，可以镶嵌在攻击性装备(武器、护腕、戒指、护符、项链、暗器、武魂、龙纹、令牌、豪侠印)上，使用后不可再镶嵌同类宝石。#r#W可在洛阳（280，322）彭怀玉、楼兰（279，198）克里木、束河古镇（134，85）荆嵌实处进行#G琢刻分离#W。#r#G琢刻后的宝石无法进行合成操作#r#G无法将目标的抗性降低至负值#r#G胜利宝石	300000	2000	-1	-1	-1	-1	-1	-1	-1	-1	-1	-1	-1	-1	-1	-1	-1	170	-1	-1	-1	-1	-1	-1	-1	-1	-1	-1	-1	-1	-1	-1	-1	-1	-1	-1	-1	-1	-1	-1	-1	-1	-1	-1	-1	-1	-1	-1	-1	-1	-1	-1	-1	-1	-1	-1	-1	-1	-1	50	-1	-1	-1	-1	-1	-1	FFFFFF99	胜利宝石	34	2004	1
50521406	5	5	21	406	LiJinGemzhuoke_10	75	绿冥晶石·红利(5级·1级)	琢刻了纯净绿晶石·红利后的绿冥石·红利，可以镶嵌在攻击性装备(武器、护腕、戒指、护符、项链、暗器、武魂、龙纹、令牌、豪侠印)上，使用后不可再镶嵌同类宝石。#r#W可在洛阳（280，322）彭怀玉、楼兰（279，198）克里木、束河古镇（134，85）荆嵌实处进行#G琢刻分离#W。#r#G琢刻后的宝石无法进行合成操作#r#G无法将目标的抗性降低至负值#r#G胜利宝石	300000	2000	-1	-1	-1	-1	-1	-1	-1	-1	-1	-1	-1	-1	-1	-1	-1	23	-1	-1	-1	-1	-1	-1	-1	-1	-1	-1	-1	-1	-1	-1	-1	-1	-1	-1	-1	-1	-1	-1	-1	-1	-1	-1	-1	-1	-1	-1	-1	-1	-1	-1	-1	-1	-1	-1	-1	-1	-1	50	-1	-1	-1	-1	-1	-1	FFFFFF99	胜利宝石	34	2004	1
50521407	5	5	21	407	LiJinGemzhuoke_10	75	绿冥晶石·红利(5级·2级)	琢刻了纯净绿晶石·红利后的绿冥石·红利，可以镶嵌在攻击性装备(武器、护腕、戒指、护符、项链、暗器、武魂、龙纹、令牌、豪侠印)上，使用后不可再镶嵌同类宝石。#r#W可在洛阳（280，322）彭怀玉、楼兰（279，198）克里木、束河古镇（134，85）荆嵌实处进行#G琢刻分离#W。#r#G琢刻后的宝石无法进行合成操作#r#G无法将目标的抗性降低至负值#r#G胜利宝石	300000	2000	-1	-1	-1	-1	-1	-1	-1	-1	-1	-1	-1	-1	-1	-1	-1	33	-1	-1	-1	-1	-1	-1	-1	-1	-1	-1	-1	-1	-1	-1	-1	-1	-1	-1	-1	-1	-1	-1	-1	-1	-1	-1	-1	-1	-1	-1	-1	-1	-1	-1	-1	-1	-1	-1	-1	-1	-1	50	-1	-1	-1	-1	-1	-1	FFFFFF99	胜利宝石	34	2004	1
50521408	5	5	21	408	LiJinGemzhuoke_10	75	绿冥晶石·红利(5级·3级)	琢刻了纯净绿晶石·红利后的绿冥石·红利，可以镶嵌在攻击性装备(武器、护腕、戒指、护符、项链、暗器、武魂、龙纹、令牌、豪侠印)上，使用后不可再镶嵌同类宝石。#r#W可在洛阳（280，322）彭怀玉、楼兰（279，198）克里木、束河古镇（134，85）荆嵌实处进行#G琢刻分离#W。#r#G琢刻后的宝石无法进行合成操作#r#G无法将目标的抗性降低至负值#r#G胜利宝石	300000	2000	-1	-1	-1	-1	-1	-1	-1	-1	-1	-1	-1	-1	-1	-1	-1	60	-1	-1	-1	-1	-1	-1	-1	-1	-1	-1	-1	-1	-1	-1	-1	-1	-1	-1	-1	-1	-1	-1	-1	-1	-1	-1	-1	-1	-1	-1	-1	-1	-1	-1	-1	-1	-1	-1	-1	-1	-1	50	-1	-1	-1	-1	-1	-1	FFFFFF99	胜利宝石	34	2004	1
50521409	5	5	21	409	LiJinGemzhuoke_10	75	绿冥晶石·红利(5级·4级)	琢刻了纯净绿晶石·红利后的绿冥石·红利，可以镶嵌在攻击性装备(武器、护腕、戒指、护符、项链、暗器、武魂、龙纹、令牌、豪侠印)上，使用后不可再镶嵌同类宝石。#r#W可在洛阳（280，322）彭怀玉、楼兰（279，198）克里木、束河古镇（134，85）荆嵌实处进行#G琢刻分离#W。#r#G琢刻后的宝石无法进行合成操作#r#G无法将目标的抗性降低至负值#r#G胜利宝石	300000	2000	-1	-1	-1	-1	-1	-1	-1	-1	-1	-1	-1	-1	-1	-1	-1	120	-1	-1	-1	-1	-1	-1	-1	-1	-1	-1	-1	-1	-1	-1	-1	-1	-1	-1	-1	-1	-1	-1	-1	-1	-1	-1	-1	-1	-1	-1	-1	-1	-1	-1	-1	-1	-1	-1	-1	-1	-1	50	-1	-1	-1	-1	-1	-1	FFFFFF99	胜利宝石	34	2004	1
50521410	5	5	21	410	LiJinGemzhuoke_10	75	绿冥晶石·红利(5级·5级)	琢刻了纯净绿晶石·红利后的绿冥石·红利，可以镶嵌在攻击性装备(武器、护腕、戒指、护符、项链、暗器、武魂、龙纹、令牌、豪侠印)上，使用后不可再镶嵌同类宝石。#r#W可在洛阳（280，322）彭怀玉、楼兰（279，198）克里木、束河古镇（134，85）荆嵌实处进行#G琢刻分离#W。#r#G琢刻后的宝石无法进行合成操作#r#G无法将目标的抗性降低至负值#r#G胜利宝石	300000	2000	-1	-1	-1	-1	-1	-1	-1	-1	-1	-1	-1	-1	-1	-1	-1	170	-1	-1	-1	-1	-1	-1	-1	-1	-1	-1	-1	-1	-1	-1	-1	-1	-1	-1	-1	-1	-1	-1	-1	-1	-1	-1	-1	-1	-1	-1	-1	-1	-1	-1	-1	-1	-1	-1	-1	-1	-1	50	-1	-1	-1	-1	-1	-1	FFFFFF99	胜利宝石	34	2004	1
50526001	5	5	26	1	Gemjiankang_2	1	黄冥石(5级)	黄色的冥石，可以镶嵌在攻击性装备(武器、护腕、戒指、护符、项链、暗器、武魂、龙纹、令牌、豪侠印)上，使用后不可再镶嵌同类宝石。#r分期购买的宝石，在余款全部还清前，暂时无法进行琢刻。#r#G无法将目标的抗性降低至负值#r#G胜利宝石	300000	2000	-1	-1	-1	-1	-1	-1	-1	-1	-1	-1	-1	-1	-1	-1	-1	-1	-1	-1	-1	-1	-1	-1	-1	-1	-1	-1	-1	-1	-1	-1	-1	-1	-1	-1	-1	-1	-1	-1	-1	-1	-1	-1	-1	-1	-1	-1	-1	-1	-1	-1	-1	-1	-1	-1	-1	-1	50	-1	-1	-1	-1	-1	-1	-1	FFFFFF99	胜利宝石	31	2004	1
50526002	5	5	26	2	Gemjiankang_14	1	蓝冥石(5级)	蓝色的冥石，可以镶嵌在攻击性装备(武器、护腕、戒指、护符、项链、暗器、武魂、龙纹、令牌、豪侠印)上，使用后不可再镶嵌同类宝石。#r分期购买的宝石，在余款全部还清前，暂时无法进行琢刻。#r#G无法将目标的抗性降低至负值#r#G胜利宝石	300000	2000	-1	-1	-1	-1	-1	-1	-1	-1	-1	-1	-1	-1	-1	-1	-1	-1	-1	-1	-1	-1	-1	-1	-1	-1	-1	-1	-1	-1	-1	-1	-1	-1	-1	-1	-1	-1	-1	-1	-1	-1	-1	-1	-1	-1	-1	-1	-1	-1	-1	-1	-1	-1	-1	-1	50	-1	-1	-1	-1	-1	-1	-1	-1	-1	FFFFFF99	胜利宝石	32	2004	1
50526003	5	5	26	3	Gemjiankang_10	1	红冥石(5级)	红色的冥石，可以镶嵌在攻击性装备(武器、护腕、戒指、护符、项链、暗器、武魂、龙纹、令牌、豪侠印)上，使用后不可再镶嵌同类宝石。#r分期购买的宝石，在余款全部还清前，暂时无法进行琢刻。#r#G无法将目标的抗性降低至负值#r#G胜利宝石	300000	2000	-1	-1	-1	-1	-1	-1	-1	-1	-1	-1	-1	-1	-1	-1	-1	-1	-1	-1	-1	-1	-1	-1	-1	-1	-1	-1	-1	-1	-1	-1	-1	-1	-1	-1	-1	-1	-1	-1	-1	-1	-1	-1	-1	-1	-1	-1	-1	-1	-1	-1	-1	-1	-1	-1	-1	50	-1	-1	-1	-1	-1	-1	-1	-1	FFFFFF99	胜利宝石	33	2004	1
50526004	5	5	26	4	Gemjiankang_6	1	绿冥石(5级)	绿色的冥石，可以镶嵌在攻击性装备(武器、护腕、戒指、护符、项链、暗器、武魂、龙纹、令牌、豪侠印)上，使用后不可再镶嵌同类宝石。#r分期购买的宝石，在余款全部还清前，暂时无法进行琢刻。#r#G无法将目标的抗性降低至负值#r#G胜利宝石	300000	2000	-1	-1	-1	-1	-1	-1	-1	-1	-1	-1	-1	-1	-1	-1	-1	-1	-1	-1	-1	-1	-1	-1	-1	-1	-1	-1	-1	-1	-1	-1	-1	-1	-1	-1	-1	-1	-1	-1	-1	-1	-1	-1	-1	-1	-1	-1	-1	-1	-1	-1	-1	-1	-1	-1	-1	-1	-1	50	-1	-1	-1	-1	-1	-1	FFFFFF99	胜利宝石	34	2004	1
50601001	5	6	1	1	Gem6_2_4	1	猫眼石(6级)	像猫眼一样的宝石，可以镶嵌在攻击性装备(武器、护腕、戒指、护符、项链、暗器、武魂、龙纹、令牌、豪侠印)上，使用后不可再镶嵌同类宝石。#r#G希望宝石	50000	1000	-1	-1	-1	-1	-1	-1	-1	-1	-1	-1	-1	-1	-1	-1	-1	-1	-1	-1	-1	-1	-1	-1	-1	-1	-1	-1	1997	-1	-1	-1	-1	-1	-1	-1	-1	-1	-1	-1	-1	-1	-1	-1	-1	-1	-1	-1	-1	-1	-1	-1	-1	-1	-1	-1	-1	-1	-1	-1	-1	-1	-1	-1	-1	-1	FFFFFFB2	希望宝石	1	2004	1
50601002	5	6	1	2	Gem6_1_1	1	虎眼石(6级)	像虎眼一样的宝石，可以镶嵌在攻击性装备(武器、护腕、戒指、护符、项链、暗器、武魂、龙纹、令牌、豪侠印)上，使用后不可再镶嵌同类宝石。#r#G希望宝石	50000	1000	-1	-1	-1	-1	-1	-1	-1	-1	-1	-1	-1	-1	-1	-1	-1	-1	-1	-1	-1	1997	-1	-1	-1	-1	-1	-1	-1	-1	-1	-1	-1	-1	-1	-1	-1	-1	-1	-1	-1	-1	-1	-1	-1	-1	-1	-1	-1	-1	-1	-1	-1	-1	-1	-1	-1	-1	-1	-1	-1	-1	-1	-1	-1	-1	FFFFFFB2	希望宝石	2	2004	1
50601003	5	6	1	3	LiJinGem6_2_4	75	猫眼石·红利(6级)	像猫眼一样的宝石，可以镶嵌在攻击性装备(武器、护腕、戒指、护符、项链、暗器、武魂、龙纹、令牌、豪侠印)上，使用后不可再镶嵌同类宝石。#r#G希望宝石	50000	1	-1	-1	-1	-1	-1	-1	-1	-1	-1	-1	-1	-1	-1	-1	-1	-1	-1	-1	-1	-1	-1	-1	-1	-1	-1	-1	1997	-1	-1	-1	-1	-1	-1	-1	-1	-1	-1	-1	-1	-1	-1	-1	-1	-1	-1	-1	-1	-1	-1	-1	-1	-1	-1	-1	-1	-1	-1	-1	-1	-1	-1	-1	-1	-1	FFFFFFB2	希望宝石	1	2004	1
50601004	5	6	1	4	LiJinGem6_1_1	75	虎眼石·红利(6级)	像虎眼一样的宝石，可以镶嵌在攻击性装备(武器、护腕、戒指、护符、项链、暗器、武魂、龙纹、令牌、豪侠印)上，使用后不可再镶嵌同类宝石。#r#G希望宝石	50000	1	-1	-1	-1	-1	-1	-1	-1	-1	-1	-1	-1	-1	-1	-1	-1	-1	-1	-1	-1	1997	-1	-1	-1	-1	-1	-1	-1	-1	-1	-1	-1	-1	-1	-1	-1	-1	-1	-1	-1	-1	-1	-1	-1	-1	-1	-1	-1	-1	-1	-1	-1	-1	-1	-1	-1	-1	-1	-1	-1	-1	-1	-1	-1	-1	FFFFFFB2	希望宝石	2	2004	1
50602001	5	6	2	1	Gem6_1_3	1	黄晶石(6级)	黄色的晶石，可以镶嵌在攻击性装备(武器、护腕、戒指、护符、项链、暗器、武魂、龙纹、令牌、豪侠印)上，使用后不可再镶嵌同类宝石。#r#G智慧宝石#W#r可在#G洛阳（280，322）#R宝石工匠彭怀玉#W或#G楼兰（279，198）#R宝石工匠克里木#W处使用#G6级宝石雕琢符#W提升宝石属性。#r#cff9900本宝石只能雕琢一次。#r#W使用三颗雕琢后的宝石，和一个#G宝石熔炼符#W，能够熔炼成一颗对应的同等级胜利宝石。	150000	1000	-1	-1	-1	-1	-1	-1	-1	-1	-1	-1	-1	-1	35	-1	-1	-1	-1	-1	-1	-1	-1	-1	-1	-1	-1	-1	-1	-1	-1	-1	-1	-1	-1	-1	-1	-1	-1	-1	-1	-1	-1	-1	-1	-1	-1	-1	-1	-1	-1	-1	-1	-1	-1	-1	-1	-1	-1	-1	-1	-1	-1	-1	-1	-1	FFFFFFB2	智慧宝石	3	2004	1
50602002	5	6	2	2	Gem6_1_4	1	蓝晶石(6级)	蓝色的晶石，可以镶嵌在攻击性装备(武器、护腕、戒指、护符、项链、暗器、武魂、龙纹、令牌、豪侠印)上，使用后不可再镶嵌同类宝石。#r#G智慧宝石#W#r可在#G洛阳（280，322）#R宝石工匠彭怀玉#W或#G楼兰（279，198）#R宝石工匠克里木#W处使用#G6级宝石雕琢符#W提升宝石属性。#r#cff9900本宝石只能雕琢一次。#r#W使用三颗雕琢后的宝石，和一个#G宝石熔炼符#W，能够熔炼成一颗对应的同等级胜利宝石。	150000	1000	-1	-1	-1	-1	-1	-1	35	-1	-1	-1	-1	-1	-1	-1	-1	-1	-1	-1	-1	-1	-1	-1	-1	-1	-1	-1	-1	-1	-1	-1	-1	-1	-1	-1	-1	-1	-1	-1	-1	-1	-1	-1	-1	-1	-1	-1	-1	-1	-1	-1	-1	-1	-1	-1	-1	-1	-1	-1	-1	-1	-1	-1	-1	-1	FFFFFFB2	智慧宝石	4	2004	1
50602003	5	6	2	3	Gem6_1_5	1	红晶石(6级)	红色的晶石，可以镶嵌在攻击性装备(武器、护腕、戒指、护符、项链、暗器、武魂、龙纹、令牌、豪侠印)上，使用后不可再镶嵌同类宝石。#r#G智慧宝石#W#r可在#G洛阳（280，322）#R宝石工匠彭怀玉#W或#G楼兰（279，198）#R宝石工匠克里木#W处使用#G6级宝石雕琢符#W提升宝石属性。#r#cff9900本宝石只能雕琢一次。#r#W使用三颗雕琢后的宝石，和一个#G宝石熔炼符#W，能够熔炼成一颗对应的同等级胜利宝石。	150000	1000	-1	-1	-1	-1	-1	-1	-1	-1	-1	35	-1	-1	-1	-1	-1	-1	-1	-1	-1	-1	-1	-1	-1	-1	-1	-1	-1	-1	-1	-1	-1	-1	-1	-1	-1	-1	-1	-1	-1	-1	-1	-1	-1	-1	-1	-1	-1	-1	-1	-1	-1	-1	-1	-1	-1	-1	-1	-1	-1	-1	-1	-1	-1	-1	FFFFFFB2	智慧宝石	5	2004	1
50602004	5	6	2	4	Gem6_1_6	1	绿晶石(6级)	绿色的晶石，可以镶嵌在攻击性装备(武器、护腕、戒指、护符、项链、暗器、武魂、龙纹、令牌、豪侠印)上，使用后不可再镶嵌同类宝石。#r#G智慧宝石#W#r可在#G洛阳（280，322）#R宝石工匠彭怀玉#W或#G楼兰（279，198）#R宝石工匠克里木#W处使用#G6级宝石雕琢符#W提升宝石属性。#r#cff9900本宝石只能雕琢一次。#r#W使用三颗雕琢后的宝石，和一个#G宝石熔炼符#W，能够熔炼成一颗对应的同等级胜利宝石。	150000	1000	-1	-1	-1	-1	-1	-1	-1	-1	-1	-1	-1	-1	-1	-1	-1	35	-1	-1	-1	-1	-1	-1	-1	-1	-1	-1	-1	-1	-1	-1	-1	-1	-1	-1	-1	-1	-1	-1	-1	-1	-1	-1	-1	-1	-1	-1	-1	-1	-1	-1	-1	-1	-1	-1	-1	-1	-1	-1	-1	-1	-1	-1	-1	-1	FFFFFFB2	智慧宝石	6	2004	1
50602005	5	6	2	5	Gem6_2_5	1	纯净黄晶石(6级)	纯净的黄晶石，可以镶嵌在攻击性装备(武器、护腕、戒指、护符、项链、暗器、武魂、龙纹、令牌、豪侠印)上，使用后不可再镶嵌同类宝石。#r可在洛阳（280，322）彭怀玉、楼兰（279，198）克里木、束河古镇（134，85）荆嵌实处，将四颗此种宝石琢刻至6级及以上等级的黄冥石之上。琢刻后的黄冥晶石将可同时拥有忽略目标玄抗及玄攻击效果。#r#G智慧宝石#r#cff9900雕琢过的宝石不能再雕琢。#r#W使用三颗此种宝石，和一个#G宝石熔炼符#W，能够熔炼成一颗对应的同等级胜利宝石。#r在#G帮会城市#W做#G炼金任务#W时，会有一定几率获得#G宝石熔炼符#W。	300000	2000	-1	-1	-1	-1	-1	-1	-1	-1	-1	-1	-1	-1	170	-1	-1	-1	-1	-1	-1	-1	-1	-1	-1	-1	-1	-1	-1	-1	-1	-1	-1	-1	-1	-1	-1	-1	-1	-1	-1	-1	-1	-1	-1	-1	-1	-1	-1	-1	-1	-1	-1	-1	-1	-1	-1	-1	-1	-1	-1	-1	-1	-1	-1	-1	FFFFFFB2	智慧宝石	14	2004	1
50602006	5	6	2	6	Gem6_2_9	1	纯净蓝晶石(6级)	纯净的蓝晶石，可以镶嵌在攻击性装备(武器、护腕、戒指、护符、项链、暗器、武魂、龙纹、令牌、豪侠印)上，使用后不可再镶嵌同类宝石。#r可在洛阳（280，322）彭怀玉、楼兰（279，198）克里木、束河古镇（134，85）荆嵌实处，将四颗此种宝石琢刻至6级及以上等级的蓝冥石之上。琢刻后的蓝冥晶石将可同时拥有忽略目标冰抗及冰攻击效果。#r#G智慧宝石#r#cff9900雕琢过的宝石不能再雕琢。#r#W使用三颗此种宝石，和一个#G宝石熔炼符#W，能够熔炼成一颗对应的同等级胜利宝石。#r在#G帮会城市#W做#G炼金任务#W时，会有一定几率获得#G宝石熔炼符#W。	300000	2000	-1	-1	-1	-1	-1	-1	170	-1	-1	-1	-1	-1	-1	-1	-1	-1	-1	-1	-1	-1	-1	-1	-1	-1	-1	-1	-1	-1	-1	-1	-1	-1	-1	-1	-1	-1	-1	-1	-1	-1	-1	-1	-1	-1	-1	-1	-1	-1	-1	-1	-1	-1	-1	-1	-1	-1	-1	-1	-1	-1	-1	-1	-1	-1	FFFFFFB2	智慧宝石	15	2004	1
50602007	5	6	2	7	Gem6_2_13	1	纯净红晶石(6级)	纯净的红晶石，可以镶嵌在攻击性装备(武器、护腕、戒指、护符、项链、暗器、武魂、龙纹、令牌、豪侠印)上，使用后不可再镶嵌同类宝石。#r可在洛阳（280，322）彭怀玉、楼兰（279，198）克里木、束河古镇（134，85）荆嵌实处，将四颗此种宝石琢刻至6级及以上等级的红冥石之上。琢刻后的红冥晶石将可同时拥有忽略目标火抗及火攻击效果。#r#G智慧宝石#r#cff9900雕琢过的宝石不能再雕琢。#r#W使用三颗此种宝石，和一个#G宝石熔炼符#W，能够熔炼成一颗对应的同等级胜利宝石。#r在#G帮会城市#W做#G炼金任务#W时，会有一定几率获得#G宝石熔炼符#W。	300000	2000	-1	-1	-1	-1	-1	-1	-1	-1	-1	170	-1	-1	-1	-1	-1	-1	-1	-1	-1	-1	-1	-1	-1	-1	-1	-1	-1	-1	-1	-1	-1	-1	-1	-1	-1	-1	-1	-1	-1	-1	-1	-1	-1	-1	-1	-1	-1	-1	-1	-1	-1	-1	-1	-1	-1	-1	-1	-1	-1	-1	-1	-1	-1	-1	FFFFFFB2	智慧宝石	16	2004	1
50602008	5	6	2	8	Gem6_2_6	1	纯净绿晶石(6级)	纯净的绿晶石，可以镶嵌在攻击性装备(武器、护腕、戒指、护符、项链、暗器、武魂、龙纹、令牌、豪侠印)上，使用后不可再镶嵌同类宝石。#r可在洛阳（280，322）彭怀玉、楼兰（279，198）克里木、束河古镇（134，85）荆嵌实处，将四颗此种宝石琢刻至6级及以上等级的绿冥石之上。琢刻后的绿冥晶石将可同时拥有忽略目标毒抗及毒攻击效果。#r#G智慧宝石#r#cff9900雕琢过的宝石不能再雕琢。#r#W使用三颗此种宝石，和一个#G宝石熔炼符#W，能够熔炼成一颗对应的同等级胜利宝石。#r在#G帮会城市#W做#G炼金任务#W时，会有一定几率获得#G宝石熔炼符#W。	300000	2000	-1	-1	-1	-1	-1	-1	-1	-1	-1	-1	-1	-1	-1	-1	-1	170	-1	-1	-1	-1	-1	-1	-1	-1	-1	-1	-1	-1	-1	-1	-1	-1	-1	-1	-1	-1	-1	-1	-1	-1	-1	-1	-1	-1	-1	-1	-1	-1	-1	-1	-1	-1	-1	-1	-1	-1	-1	-1	-1	-1	-1	-1	-1	-1	FFFFFFB2	智慧宝石	17	2004	1
50602009	5	6	2	9	LiJinGem6_1_3	75	黄晶石·红利(6级)	黄色的晶石，可以镶嵌在攻击性装备(武器、护腕、戒指、护符、项链、暗器、武魂、龙纹、令牌、豪侠印)上，使用后不可再镶嵌同类宝石。#r#G智慧宝石#W#r可在#G洛阳（280，322）#R宝石工匠彭怀玉#W或#G楼兰（279，198）#R宝石工匠克里木#W处使用#G6级宝石雕琢符#W提升宝石属性。#r#cff9900本宝石只能雕琢一次。#r#W使用三颗雕琢后的宝石，和一个#G宝石熔炼符#W，能够熔炼成一颗对应的同等级胜利宝石。	150000	1	-1	-1	-1	-1	-1	-1	-1	-1	-1	-1	-1	-1	35	-1	-1	-1	-1	-1	-1	-1	-1	-1	-1	-1	-1	-1	-1	-1	-1	-1	-1	-1	-1	-1	-1	-1	-1	-1	-1	-1	-1	-1	-1	-1	-1	-1	-1	-1	-1	-1	-1	-1	-1	-1	-1	-1	-1	-1	-1	-1	-1	-1	-1	-1	FFFFFFB2	智慧宝石	3	2004	1
50602010	5	6	2	10	LiJinGem6_1_4	75	蓝晶石·红利(6级)	蓝色的晶石，可以镶嵌在攻击性装备(武器、护腕、戒指、护符、项链、暗器、武魂、龙纹、令牌、豪侠印)上，使用后不可再镶嵌同类宝石。#r#G智慧宝石#W#r可在#G洛阳（280，322）#R宝石工匠彭怀玉#W或#G楼兰（279，198）#R宝石工匠克里木#W处使用#G6级宝石雕琢符#W提升宝石属性。#r#cff9900本宝石只能雕琢一次。#r#W使用三颗雕琢后的宝石，和一个#G宝石熔炼符#W，能够熔炼成一颗对应的同等级胜利宝石。	150000	1	-1	-1	-1	-1	-1	-1	35	-1	-1	-1	-1	-1	-1	-1	-1	-1	-1	-1	-1	-1	-1	-1	-1	-1	-1	-1	-1	-1	-1	-1	-1	-1	-1	-1	-1	-1	-1	-1	-1	-1	-1	-1	-1	-1	-1	-1	-1	-1	-1	-1	-1	-1	-1	-1	-1	-1	-1	-1	-1	-1	-1	-1	-1	-1	FFFFFFB2	智慧宝石	4	2004	1
50602011	5	6	2	11	LiJinGem6_1_5	75	红晶石·红利(6级)	红色的晶石，可以镶嵌在攻击性装备(武器、护腕、戒指、护符、项链、暗器、武魂、龙纹、令牌、豪侠印)上，使用后不可再镶嵌同类宝石。#r#G智慧宝石#W#r可在#G洛阳（280，322）#R宝石工匠彭怀玉#W或#G楼兰（279，198）#R宝石工匠克里木#W处使用#G6级宝石雕琢符#W提升宝石属性。#r#cff9900本宝石只能雕琢一次。#r#W使用三颗雕琢后的宝石，和一个#G宝石熔炼符#W，能够熔炼成一颗对应的同等级胜利宝石。	150000	1	-1	-1	-1	-1	-1	-1	-1	-1	-1	35	-1	-1	-1	-1	-1	-1	-1	-1	-1	-1	-1	-1	-1	-1	-1	-1	-1	-1	-1	-1	-1	-1	-1	-1	-1	-1	-1	-1	-1	-1	-1	-1	-1	-1	-1	-1	-1	-1	-1	-1	-1	-1	-1	-1	-1	-1	-1	-1	-1	-1	-1	-1	-1	-1	FFFFFFB2	智慧宝石	5	2004	1
50602012	5	6	2	12	LiJinGem6_1_6	75	绿晶石·红利(6级)	绿色的晶石，可以镶嵌在攻击性装备(武器、护腕、戒指、护符、项链、暗器、武魂、龙纹、令牌、豪侠印)上，使用后不可再镶嵌同类宝石。#r#G智慧宝石#W#r可在#G洛阳（280，322）#R宝石工匠彭怀玉#W或#G楼兰（279，198）#R宝石工匠克里木#W处使用#G6级宝石雕琢符#W提升宝石属性。#r#cff9900本宝石只能雕琢一次。#r#W使用三颗雕琢后的宝石，和一个#G宝石熔炼符#W，能够熔炼成一颗对应的同等级胜利宝石。	150000	1	-1	-1	-1	-1	-1	-1	-1	-1	-1	-1	-1	-1	-1	-1	-1	35	-1	-1	-1	-1	-1	-1	-1	-1	-1	-1	-1	-1	-1	-1	-1	-1	-1	-1	-1	-1	-1	-1	-1	-1	-1	-1	-1	-1	-1	-1	-1	-1	-1	-1	-1	-1	-1	-1	-1	-1	-1	-1	-1	-1	-1	-1	-1	-1	FFFFFFB2	智慧宝石	6	2004	1
50602013	5	6	2	13	LiJinGem6_2_5	75	纯净黄晶石·红利(6级)	纯净的黄晶石，可以镶嵌在攻击性装备(武器、护腕、戒指、护符、项链、暗器、武魂、龙纹、令牌、豪侠印)上，使用后不可再镶嵌同类宝石。#r可在洛阳（280，322）彭怀玉、楼兰（279，198）克里木、束河古镇（134，85）荆嵌实处，将四颗此种宝石琢刻至6级及以上等级的黄冥石·红利之上。琢刻后的黄冥晶石·红利将可同时拥有忽略目标玄抗及玄攻击效果。#r#G智慧宝石#r#cff9900雕琢过的宝石不能再雕琢。#r#W使用三颗此种宝石，和一个#G宝石熔炼符#W，能够熔炼成一颗对应的同等级胜利宝石。#r在#G帮会城市#W做#G炼金任务#W时，会有一定几率获得#G宝石熔炼符#W。	300000	1	-1	-1	-1	-1	-1	-1	-1	-1	-1	-1	-1	-1	170	-1	-1	-1	-1	-1	-1	-1	-1	-1	-1	-1	-1	-1	-1	-1	-1	-1	-1	-1	-1	-1	-1	-1	-1	-1	-1	-1	-1	-1	-1	-1	-1	-1	-1	-1	-1	-1	-1	-1	-1	-1	-1	-1	-1	-1	-1	-1	-1	-1	-1	-1	FFFFFFB2	智慧宝石	14	2004	1
50602014	5	6	2	14	LiJinGem6_2_9	75	纯净蓝晶石·红利(6级)	纯净的蓝晶石，可以镶嵌在攻击性装备(武器、护腕、戒指、护符、项链、暗器、武魂、龙纹、令牌、豪侠印)上，使用后不可再镶嵌同类宝石。#r可在洛阳（280，322）彭怀玉、楼兰（279，198）克里木、束河古镇（134，85）荆嵌实处，将四颗此种宝石琢刻至6级及以上等级的蓝冥石·红利之上。琢刻后的蓝冥晶石·红利将可同时拥有忽略目标冰抗及冰攻击效果。#r#G智慧宝石#r#cff9900雕琢过的宝石不能再雕琢。#r#W使用三颗此种宝石，和一个#G宝石熔炼符#W，能够熔炼成一颗对应的同等级胜利宝石。#r在#G帮会城市#W做#G炼金任务#W时，会有一定几率获得#G宝石熔炼符#W。	300000	1	-1	-1	-1	-1	-1	-1	170	-1	-1	-1	-1	-1	-1	-1	-1	-1	-1	-1	-1	-1	-1	-1	-1	-1	-1	-1	-1	-1	-1	-1	-1	-1	-1	-1	-1	-1	-1	-1	-1	-1	-1	-1	-1	-1	-1	-1	-1	-1	-1	-1	-1	-1	-1	-1	-1	-1	-1	-1	-1	-1	-1	-1	-1	-1	FFFFFFB2	智慧宝石	15	2004	1
50602015	5	6	2	15	LiJinGem6_2_13	75	纯净红晶石·红利(6级)	纯净的红晶石，可以镶嵌在攻击性装备(武器、护腕、戒指、护符、项链、暗器、武魂、龙纹、令牌、豪侠印)上，使用后不可再镶嵌同类宝石。#r可在洛阳（280，322）彭怀玉、楼兰（279，198）克里木、束河古镇（134，85）荆嵌实处，将四颗此种宝石琢刻至6级及以上等级的红冥石·红利之上。琢刻后的红冥晶石·红利将可同时拥有忽略目标火抗及火攻击效果。#r#G智慧宝石#r#cff9900雕琢过的宝石不能再雕琢。#r#W使用三颗此种宝石，和一个#G宝石熔炼符#W，能够熔炼成一颗对应的同等级胜利宝石。#r在#G帮会城市#W做#G炼金任务#W时，会有一定几率获得#G宝石熔炼符#W。	300000	1	-1	-1	-1	-1	-1	-1	-1	-1	-1	170	-1	-1	-1	-1	-1	-1	-1	-1	-1	-1	-1	-1	-1	-1	-1	-1	-1	-1	-1	-1	-1	-1	-1	-1	-1	-1	-1	-1	-1	-1	-1	-1	-1	-1	-1	-1	-1	-1	-1	-1	-1	-1	-1	-1	-1	-1	-1	-1	-1	-1	-1	-1	-1	-1	FFFFFFB2	智慧宝石	16	2004	1
50602016	5	6	2	16	LiJinGem6_2_6	75	纯净绿晶石·红利(6级)	纯净的绿晶石，可以镶嵌在攻击性装备(武器、护腕、戒指、护符、项链、暗器、武魂、龙纹、令牌、豪侠印)上，使用后不可再镶嵌同类宝石。#r可在洛阳（280，322）彭怀玉、楼兰（279，198）克里木、束河古镇（134，85）荆嵌实处，将四颗此种宝石琢刻至6级及以上等级的绿冥石·红利之上。琢刻后的绿冥晶石·红利将可同时拥有忽略目标毒抗及毒攻击效果。#r#G智慧宝石#r#cff9900雕琢过的宝石不能再雕琢。#r#W使用三颗此种宝石，和一个#G宝石熔炼符#W，能够熔炼成一颗对应的同等级胜利宝石。#r在#G帮会城市#W做#G炼金任务#W时，会有一定几率获得#G宝石熔炼符#W。	300000	1	-1	-1	-1	-1	-1	-1	-1	-1	-1	-1	-1	-1	-1	-1	-1	170	-1	-1	-1	-1	-1	-1	-1	-1	-1	-1	-1	-1	-1	-1	-1	-1	-1	-1	-1	-1	-1	-1	-1	-1	-1	-1	-1	-1	-1	-1	-1	-1	-1	-1	-1	-1	-1	-1	-1	-1	-1	-1	-1	-1	-1	-1	-1	-1	FFFFFFB2	智慧宝石	17	2004	1
50603001	5	6	3	1	Gem6_1_2	1	紫玉(6级)	紫色玉石，可以镶嵌在攻击性装备(武器、护腕、戒指、护符、项链、暗器、武魂、龙纹、令牌、豪侠印)上，使用后不可再镶嵌同类宝石。#r#G玄微宝石	100000	1000	-1	-1	-1	-1	-1	-1	-1	-1	-1	-1	-1	-1	-1	-1	-1	-1	-1	-1	-1	-1	-1	-1	-1	-1	-1	-1	-1	-1	-1	-1	-1	-1	-1	-1	-1	2223	-1	-1	-1	-1	-1	-1	-1	-1	-1	-1	-1	-1	-1	-1	-1	-1	-1	-1	-1	-1	-1	-1	-1	-1	-1	-1	-1	-1	FFFFFFB2	玄微宝石	7	2004	1
50603002	5	6	3	2	LiJinGem6_1_2	75	紫玉·红利(6级)	紫色玉石，可以镶嵌在攻击性装备(武器、护腕、戒指、护符、项链、暗器、武魂、龙纹、令牌、豪侠印)上，使用后不可再镶嵌同类宝石。#r#G玄微宝石	100000	1	-1	-1	-1	-1	-1	-1	-1	-1	-1	-1	-1	-1	-1	-1	-1	-1	-1	-1	-1	-1	-1	-1	-1	-1	-1	-1	-1	-1	-1	-1	-1	-1	-1	-1	-1	2223	-1	-1	-1	-1	-1	-1	-1	-1	-1	-1	-1	-1	-1	-1	-1	-1	-1	-1	-1	-1	-1	-1	-1	-1	-1	-1	-1	-1	FFFFFFB2	玄微宝石	7	2004	1
50604002	5	6	4	2	Gem6_1_8	1	变石(6级)	在阳光下呈绿色，在烛光下呈红色，可变色的宝石，可以镶嵌在攻击性装备(武器、护腕、戒指、护符、项链、暗器、武魂、龙纹、令牌、豪侠印)上，使用后不可再镶嵌同类宝石。#r#G幻冥宝石	250000	1000	-1	-1	-1	-1	-1	-1	-1	-1	-1	-1	-1	-1	-1	-1	-1	-1	-1	-1	-1	-1	-1	-1	-1	-1	-1	-1	-1	-1	-1	-1	-1	-1	-1	-1	-1	-1	-1	11	-1	-1	-1	-1	-1	-1	-1	-1	-1	-1	-1	-1	-1	-1	-1	-1	-1	-1	-1	-1	-1	-1	-1	-1	-1	-1	FFFFFFB2	幻冥宝石	8	2004	1
50604003	5	6	4	3	LiJinGem6_1_8	75	变石·红利(6级)	在阳光下呈绿色，在烛光下呈红色，可变色的宝石，可以镶嵌在攻击性装备(武器、护腕、戒指、护符、项链、暗器、武魂、龙纹、令牌、豪侠印)上，使用后不可再镶嵌同类宝石。#r#G幻冥宝石	250000	1	-1	-1	-1	-1	-1	-1	-1	-1	-1	-1	-1	-1	-1	-1	-1	-1	-1	-1	-1	-1	-1	-1	-1	-1	-1	-1	-1	-1	-1	-1	-1	-1	-1	-1	-1	-1	-1	11	-1	-1	-1	-1	-1	-1	-1	-1	-1	-1	-1	-1	-1	-1	-1	-1	-1	-1	-1	-1	-1	-1	-1	-1	-1	-1	FFFFFFB2	幻冥宝石	8	2004	1
50606001	5	6	6	1	Gem6_2_4	1	猫眼石(6级)	像猫眼一样的宝石，可以镶嵌在攻击性装备(武器、护腕、戒指、护符、项链、暗器、武魂、龙纹、令牌、豪侠印)上，使用后不可再镶嵌同类宝石。#r#G希望宝石	50000	1000	-1	-1	-1	-1	-1	-1	-1	-1	-1	-1	-1	-1	-1	-1	-1	-1	-1	-1	-1	-1	-1	-1	-1	-1	-1	-1	1997	-1	-1	-1	-1	-1	-1	-1	-1	-1	-1	-1	-1	-1	-1	-1	-1	-1	-1	-1	-1	-1	-1	-1	-1	-1	-1	-1	-1	-1	-1	-1	-1	-1	-1	-1	-1	-1	FFFFFFB2	希望宝石	1	2004	1
50606002	5	6	6	2	Gem6_1_1	1	虎眼石(6级)	像虎眼一样的宝石，可以镶嵌在攻击性装备(武器、护腕、戒指、护符、项链、暗器、武魂、龙纹、令牌、豪侠印)上，使用后不可再镶嵌同类宝石。#r#G希望宝石	50000	1000	-1	-1	-1	-1	-1	-1	-1	-1	-1	-1	-1	-1	-1	-1	-1	-1	-1	-1	-1	1997	-1	-1	-1	-1	-1	-1	-1	-1	-1	-1	-1	-1	-1	-1	-1	-1	-1	-1	-1	-1	-1	-1	-1	-1	-1	-1	-1	-1	-1	-1	-1	-1	-1	-1	-1	-1	-1	-1	-1	-1	-1	-1	-1	-1	FFFFFFB2	希望宝石	2	2004	1
50607005	5	6	7	5	Gem6_2_5	1	纯净黄晶石(6级)	纯净的黄晶石，可以镶嵌在攻击性装备(武器、护腕、戒指、护符、项链、暗器、武魂、龙纹、令牌、豪侠印)上，使用后不可再镶嵌同类宝石。#r分期购买的宝石，在余款全部还清前，暂时无法进行琢刻和熔炼。#r#G智慧宝石#W	300000	2000	-1	-1	-1	-1	-1	-1	-1	-1	-1	-1	-1	-1	170	-1	-1	-1	-1	-1	-1	-1	-1	-1	-1	-1	-1	-1	-1	-1	-1	-1	-1	-1	-1	-1	-1	-1	-1	-1	-1	-1	-1	-1	-1	-1	-1	-1	-1	-1	-1	-1	-1	-1	-1	-1	-1	-1	-1	-1	-1	-1	-1	-1	-1	-1	FFFFFFB2	智慧宝石	14	2004	1
50607006	5	6	7	6	Gem6_2_9	1	纯净蓝晶石(6级)	纯净的蓝晶石，可以镶嵌在攻击性装备(武器、护腕、戒指、护符、项链、暗器、武魂、龙纹、令牌、豪侠印)上，使用后不可再镶嵌同类宝石。#r分期购买的宝石，在余款全部还清前，暂时无法进行琢刻和熔炼。#r#G智慧宝石#W	300000	2000	-1	-1	-1	-1	-1	-1	170	-1	-1	-1	-1	-1	-1	-1	-1	-1	-1	-1	-1	-1	-1	-1	-1	-1	-1	-1	-1	-1	-1	-1	-1	-1	-1	-1	-1	-1	-1	-1	-1	-1	-1	-1	-1	-1	-1	-1	-1	-1	-1	-1	-1	-1	-1	-1	-1	-1	-1	-1	-1	-1	-1	-1	-1	-1	FFFFFFB2	智慧宝石	15	2004	1
50607007	5	6	7	7	Gem6_2_13	1	纯净红晶石(6级)	纯净的红晶石，可以镶嵌在攻击性装备(武器、护腕、戒指、护符、项链、暗器、武魂、龙纹、令牌、豪侠印)上，使用后不可再镶嵌同类宝石。#r分期购买的宝石，在余款全部还清前，暂时无法进行琢刻和熔炼。#r#G智慧宝石#W	300000	2000	-1	-1	-1	-1	-1	-1	-1	-1	-1	170	-1	-1	-1	-1	-1	-1	-1	-1	-1	-1	-1	-1	-1	-1	-1	-1	-1	-1	-1	-1	-1	-1	-1	-1	-1	-1	-1	-1	-1	-1	-1	-1	-1	-1	-1	-1	-1	-1	-1	-1	-1	-1	-1	-1	-1	-1	-1	-1	-1	-1	-1	-1	-1	-1	FFFFFFB2	智慧宝石	16	2004	1
50607008	5	6	7	8	Gem6_2_6	1	纯净绿晶石(6级)	纯净的绿晶石，可以镶嵌在攻击性装备(武器、护腕、戒指、护符、项链、暗器、武魂、龙纹、令牌、豪侠印)上，使用后不可再镶嵌同类宝石。#r分期购买的宝石，在余款全部还清前，暂时无法进行琢刻和熔炼。#r#G智慧宝石#W	300000	2000	-1	-1	-1	-1	-1	-1	-1	-1	-1	-1	-1	-1	-1	-1	-1	170	-1	-1	-1	-1	-1	-1	-1	-1	-1	-1	-1	-1	-1	-1	-1	-1	-1	-1	-1	-1	-1	-1	-1	-1	-1	-1	-1	-1	-1	-1	-1	-1	-1	-1	-1	-1	-1	-1	-1	-1	-1	-1	-1	-1	-1	-1	-1	-1	FFFFFFB2	智慧宝石	17	2004	1
50608001	5	6	8	1	Gem6_1_2	1	紫玉(6级)	紫色玉石，可以镶嵌在攻击性装备(武器、护腕、戒指、护符、项链、暗器、武魂、龙纹、令牌、豪侠印)上，使用后不可再镶嵌同类宝石。#r#G玄微宝石	100000	1000	-1	-1	-1	-1	-1	-1	-1	-1	-1	-1	-1	-1	-1	-1	-1	-1	-1	-1	-1	-1	-1	-1	-1	-1	-1	-1	-1	-1	-1	-1	-1	-1	-1	-1	-1	2223	-1	-1	-1	-1	-1	-1	-1	-1	-1	-1	-1	-1	-1	-1	-1	-1	-1	-1	-1	-1	-1	-1	-1	-1	-1	-1	-1	-1	FFFFFFB2	玄微宝石	7	2004	1
50609002	5	6	9	2	Gem6_1_8	1	变石(6级)	在阳光下呈绿色，在烛光下呈红色，可变色的宝石，可以镶嵌在攻击性装备(武器、护腕、戒指、护符、项链、暗器、武魂、龙纹、令牌、豪侠印)上，使用后不可再镶嵌同类宝石。#r#G幻冥宝石	250000	1000	-1	-1	-1	-1	-1	-1	-1	-1	-1	-1	-1	-1	-1	-1	-1	-1	-1	-1	-1	-1	-1	-1	-1	-1	-1	-1	-1	-1	-1	-1	-1	-1	-1	-1	-1	-1	-1	11	-1	-1	-1	-1	-1	-1	-1	-1	-1	-1	-1	-1	-1	-1	-1	-1	-1	-1	-1	-1	-1	-1	-1	-1	-1	-1	FFFFFFB2	幻冥宝石	8	2004	1
50611001	5	6	11	1	Gem6_1_9	1	石榴石(6级)	因其外形酷似成熟的石榴籽而得名的宝石，可以镶嵌在防御性装备(衣服、手套、帽子、护肩、鞋、腰带、项链、暗器、武魂、龙纹、令牌、豪侠印)上，使用后不可再镶嵌同类宝石。#r#G生命宝石	50000	1000	-1	-1	-1	-1	-1	-1	-1	-1	-1	-1	-1	-1	-1	-1	-1	-1	-1	-1	-1	-1	-1	-1	-1	-1	-1	-1	-1	-1	-1	1988	-1	-1	-1	-1	-1	-1	-1	-1	-1	-1	-1	-1	-1	-1	-1	-1	-1	-1	-1	-1	-1	-1	-1	-1	-1	-1	-1	-1	-1	-1	-1	-1	-1	-1	FFFFFF66	生命宝石	7	2004	1
50611002	5	6	11	2	Gem6_1_12	1	尖晶石(6级)	颜色繁多且艳丽的宝石，可以镶嵌在防御性装备(衣服、手套、帽子、护肩、鞋、腰带、项链、暗器、武魂、龙纹、令牌、豪侠印)上，使用后不可再镶嵌同类宝石。#r#G生命宝石	50000	1000	-1	-1	-1	-1	-1	-1	-1	-1	-1	-1	-1	-1	-1	-1	-1	-1	-1	-1	-1	-1	-1	-1	1988	-1	-1	-1	-1	-1	-1	-1	-1	-1	-1	-1	-1	-1	-1	-1	-1	-1	-1	-1	-1	-1	-1	-1	-1	-1	-1	-1	-1	-1	-1	-1	-1	-1	-1	-1	-1	-1	-1	-1	-1	-1	FFFFFF66	生命宝石	11	2004	1
50611003	5	6	11	3	LiJinGem6_1_9	75	石榴石·红利(6级)	因其外形酷似成熟的石榴籽而得名的宝石，可以镶嵌在防御性装备(衣服、手套、帽子、护肩、鞋、腰带、项链、暗器、武魂、龙纹、令牌、豪侠印)上，使用后不可再镶嵌同类宝石。#r#G生命宝石	50000	1	-1	-1	-1	-1	-1	-1	-1	-1	-1	-1	-1	-1	-1	-1	-1	-1	-1	-1	-1	-1	-1	-1	-1	-1	-1	-1	-1	-1	-1	1988	-1	-1	-1	-1	-1	-1	-1	-1	-1	-1	-1	-1	-1	-1	-1	-1	-1	-1	-1	-1	-1	-1	-1	-1	-1	-1	-1	-1	-1	-1	-1	-1	-1	-1	FFFFFF66	生命宝石	7	2004	1
50611004	5	6	11	4	LiJinGem6_1_12	75	尖晶石·红利(6级)	颜色繁多且艳丽的宝石，可以镶嵌在防御性装备(衣服、手套、帽子、护肩、鞋、腰带、项链、暗器、武魂、龙纹、令牌、豪侠印)上，使用后不可再镶嵌同类宝石。#r#G生命宝石	50000	1	-1	-1	-1	-1	-1	-1	-1	-1	-1	-1	-1	-1	-1	-1	-1	-1	-1	-1	-1	-1	-1	-1	1988	-1	-1	-1	-1	-1	-1	-1	-1	-1	-1	-1	-1	-1	-1	-1	-1	-1	-1	-1	-1	-1	-1	-1	-1	-1	-1	-1	-1	-1	-1	-1	-1	-1	-1	-1	-1	-1	-1	-1	-1	-1	FFFFFF66	生命宝石	11	2004	1
50612001	5	6	12	1	Gem6_1_11	1	黄玉(6级)	黄色的玉石，可以镶嵌在防御性装备(衣服、手套、帽子、护肩、鞋、腰带、项链、暗器、武魂、龙纹、令牌、豪侠印)上，使用后不可再镶嵌同类宝石。#r#G魅力宝石#W#r可在#G洛阳（280，322）#R宝石工匠彭怀玉#W或#G楼兰（279，198）#R宝石工匠克里木#W处使用#G6级宝石雕琢符#W提升宝石属性。#r#cff9900本宝石只能雕琢一次。	150000	1000	-1	-1	-1	-1	-1	-1	-1	-1	-1	-1	-1	-1	-1	14	-1	-1	-1	-1	-1	-1	-1	-1	-1	-1	-1	-1	-1	-1	-1	-1	-1	-1	-1	-1	-1	-1	-1	-1	-1	-1	-1	-1	-1	-1	-1	-1	-1	-1	-1	-1	-1	-1	-1	-1	-1	-1	-1	-1	-1	-1	-1	-1	-1	-1	FFFFFF66	魅力宝石	12	2004	1
50612002	5	6	12	2	Gem6_1_10	1	皓石(6级)	闪闪发亮的宝石，可以镶嵌在防御性装备(衣服、手套、帽子、护肩、鞋、腰带、项链、暗器、武魂、龙纹、令牌、豪侠印)上，使用后不可再镶嵌同类宝石。#r#G魅力宝石#W#r可在#G洛阳（280，322）#R宝石工匠彭怀玉#W或#G楼兰（279，198）#R宝石工匠克里木#W处使用#G6级宝石雕琢符#W提升宝石属性。#r#cff9900本宝石只能雕琢一次。	150000	1000	-1	-1	-1	-1	-1	-1	-1	14	-1	-1	-1	-1	-1	-1	-1	-1	-1	-1	-1	-1	-1	-1	-1	-1	-1	-1	-1	-1	-1	-1	-1	-1	-1	-1	-1	-1	-1	-1	-1	-1	-1	-1	-1	-1	-1	-1	-1	-1	-1	-1	-1	-1	-1	-1	-1	-1	-1	-1	-1	-1	-1	-1	-1	-1	FFFFFF66	魅力宝石	2	2004	1
50612003	5	6	12	3	Gem6_1_13	1	月光石(6级)	具淡蓝色的晕彩，如同朦胧的月光的宝石，可以镶嵌在防御性装备(衣服、手套、帽子、护肩、鞋、腰带、项链、暗器、武魂、龙纹、令牌、豪侠印)上，使用后不可再镶嵌同类宝石。#r#G魅力宝石#W#r可在#G洛阳（280，322）#R宝石工匠彭怀玉#W或#G楼兰（279，198）#R宝石工匠克里木#W处使用#G6级宝石雕琢符#W提升宝石属性。#r#cff9900本宝石只能雕琢一次。	150000	1000	-1	-1	-1	-1	-1	-1	-1	-1	-1	-1	14	-1	-1	-1	-1	-1	-1	-1	-1	-1	-1	-1	-1	-1	-1	-1	-1	-1	-1	-1	-1	-1	-1	-1	-1	-1	-1	-1	-1	-1	-1	-1	-1	-1	-1	-1	-1	-1	-1	-1	-1	-1	-1	-1	-1	-1	-1	-1	-1	-1	-1	-1	-1	-1	FFFFFF66	魅力宝石	4	2004	1
50612004	5	6	12	4	Gem6_2_1	1	碧玺(6级)	颜色繁多且艳丽的宝石，可以镶嵌在防御性装备(衣服、手套、帽子、护肩、鞋、腰带、项链、暗器、武魂、龙纹、令牌、豪侠印)上，使用后不可再镶嵌同类宝石。#r#G魅力宝石#W#r可在#G洛阳（280，322）#R宝石工匠彭怀玉#W或#G楼兰（279，198）#R宝石工匠克里木#W处使用#G6级宝石雕琢符#W提升宝石属性。#r#cff9900本宝石只能雕琢一次。	150000	1000	-1	-1	-1	-1	-1	-1	-1	-1	-1	-1	-1	-1	-1	-1	-1	-1	14	-1	-1	-1	-1	-1	-1	-1	-1	-1	-1	-1	-1	-1	-1	-1	-1	-1	-1	-1	-1	-1	-1	-1	-1	-1	-1	-1	-1	-1	-1	-1	-1	-1	-1	-1	-1	-1	-1	-1	-1	-1	-1	-1	-1	-1	-1	-1	FFFFFF66	魅力宝石	3	2004	1
50612005	5	6	12	5	Gem6_2_10	1	纯净黄玉(6级)	纯净的黄玉，可以镶嵌在防御性装备(衣服、手套、帽子、护肩、鞋、腰带、项链、暗器、武魂、龙纹、令牌、豪侠印)上，使用后不可再镶嵌同类宝石。#r#G魅力宝石#r#cff9900雕琢过的宝石不能再雕琢。	300000	2000	-1	-1	-1	-1	-1	-1	-1	-1	-1	-1	-1	-1	-1	70	-1	-1	-1	-1	-1	-1	-1	-1	-1	-1	-1	-1	-1	-1	-1	-1	-1	-1	-1	-1	-1	-1	-1	-1	-1	-1	-1	-1	-1	-1	-1	-1	-1	-1	-1	-1	-1	-1	-1	-1	-1	-1	-1	-1	-1	-1	-1	-1	-1	-1	FFFFFFB2	魅力宝石	16	2004	1
50612006	5	6	12	6	Gem6_2_14	1	纯净皓石(6级)	纯净的皓石，可以镶嵌在防御性装备(衣服、手套、帽子、护肩、鞋、腰带、项链、暗器、武魂、龙纹、令牌、豪侠印)上，使用后不可再镶嵌同类宝石。#r#G魅力宝石#r#cff9900雕琢过的宝石不能再雕琢。	300000	2000	-1	-1	-1	-1	-1	-1	-1	70	-1	-1	-1	-1	-1	-1	-1	-1	-1	-1	-1	-1	-1	-1	-1	-1	-1	-1	-1	-1	-1	-1	-1	-1	-1	-1	-1	-1	-1	-1	-1	-1	-1	-1	-1	-1	-1	-1	-1	-1	-1	-1	-1	-1	-1	-1	-1	-1	-1	-1	-1	-1	-1	-1	-1	-1	FFFFFFB2	魅力宝石	17	2004	1
50612007	5	6	12	7	Gem6_2_11	1	纯净月光石(6级)	纯净的月光石，可以镶嵌在防御性装备(衣服、手套、帽子、护肩、鞋、腰带、项链、暗器、武魂、龙纹、令牌、豪侠印)上，使用后不可再镶嵌同类宝石。#r#G魅力宝石#r#cff9900雕琢过的宝石不能再雕琢。	300000	2000	-1	-1	-1	-1	-1	-1	-1	-1	-1	-1	70	-1	-1	-1	-1	-1	-1	-1	-1	-1	-1	-1	-1	-1	-1	-1	-1	-1	-1	-1	-1	-1	-1	-1	-1	-1	-1	-1	-1	-1	-1	-1	-1	-1	-1	-1	-1	-1	-1	-1	-1	-1	-1	-1	-1	-1	-1	-1	-1	-1	-1	-1	-1	-1	FFFFFFB2	魅力宝石	15	2004	1
50612008	5	6	12	8	Gem6_2_15	1	纯净碧玺(6级)	纯净的碧玺，可以镶嵌在防御性装备(衣服、手套、帽子、护肩、鞋、腰带、项链、暗器、武魂、龙纹、令牌、豪侠印)上，使用后不可再镶嵌同类宝石。#r#G魅力宝石#r#cff9900雕琢过的宝石不能再雕琢。	300000	2000	-1	-1	-1	-1	-1	-1	-1	-1	-1	-1	-1	-1	-1	-1	-1	-1	70	-1	-1	-1	-1	-1	-1	-1	-1	-1	-1	-1	-1	-1	-1	-1	-1	-1	-1	-1	-1	-1	-1	-1	-1	-1	-1	-1	-1	-1	-1	-1	-1	-1	-1	-1	-1	-1	-1	-1	-1	-1	-1	-1	-1	-1	-1	-1	FFFFFFB2	魅力宝石	14	2004	1
50612009	5	6	12	9	LiJinGem6_1_11	75	黄玉·红利(6级)	黄色的玉石，可以镶嵌在防御性装备(衣服、手套、帽子、护肩、鞋、腰带、项链、暗器、武魂、龙纹、令牌、豪侠印)上，使用后不可再镶嵌同类宝石。#r#G魅力宝石#W#r可在#G洛阳（280，322）#R宝石工匠彭怀玉#W或#G楼兰（279，198）#R宝石工匠克里木#W处使用#G6级宝石雕琢符#W提升宝石属性。#r#cff9900本宝石只能雕琢一次。	150000	1	-1	-1	-1	-1	-1	-1	-1	-1	-1	-1	-1	-1	-1	14	-1	-1	-1	-1	-1	-1	-1	-1	-1	-1	-1	-1	-1	-1	-1	-1	-1	-1	-1	-1	-1	-1	-1	-1	-1	-1	-1	-1	-1	-1	-1	-1	-1	-1	-1	-1	-1	-1	-1	-1	-1	-1	-1	-1	-1	-1	-1	-1	-1	-1	FFFFFF66	魅力宝石	12	2004	1
50612010	5	6	12	10	LiJinGem6_1_10	75	皓石·红利(6级)	闪闪发亮的宝石，可以镶嵌在防御性装备(衣服、手套、帽子、护肩、鞋、腰带、项链、暗器、武魂、龙纹、令牌、豪侠印)上，使用后不可再镶嵌同类宝石。#r#G魅力宝石#W#r可在#G洛阳（280，322）#R宝石工匠彭怀玉#W或#G楼兰（279，198）#R宝石工匠克里木#W处使用#G6级宝石雕琢符#W提升宝石属性。#r#cff9900本宝石只能雕琢一次。	150000	1	-1	-1	-1	-1	-1	-1	-1	14	-1	-1	-1	-1	-1	-1	-1	-1	-1	-1	-1	-1	-1	-1	-1	-1	-1	-1	-1	-1	-1	-1	-1	-1	-1	-1	-1	-1	-1	-1	-1	-1	-1	-1	-1	-1	-1	-1	-1	-1	-1	-1	-1	-1	-1	-1	-1	-1	-1	-1	-1	-1	-1	-1	-1	-1	FFFFFF66	魅力宝石	2	2004	1
50612011	5	6	12	11	LiJinGem6_1_13	75	月光石·红利(6级)	具淡蓝色的晕彩，如同朦胧的月光的宝石，可以镶嵌在防御性装备(衣服、手套、帽子、护肩、鞋、腰带、项链、暗器、武魂、龙纹、令牌、豪侠印)上，使用后不可再镶嵌同类宝石。#r#G魅力宝石#W#r可在#G洛阳（280，322）#R宝石工匠彭怀玉#W或#G楼兰（279，198）#R宝石工匠克里木#W处使用#G6级宝石雕琢符#W提升宝石属性。#r#cff9900本宝石只能雕琢一次。	150000	1	-1	-1	-1	-1	-1	-1	-1	-1	-1	-1	14	-1	-1	-1	-1	-1	-1	-1	-1	-1	-1	-1	-1	-1	-1	-1	-1	-1	-1	-1	-1	-1	-1	-1	-1	-1	-1	-1	-1	-1	-1	-1	-1	-1	-1	-1	-1	-1	-1	-1	-1	-1	-1	-1	-1	-1	-1	-1	-1	-1	-1	-1	-1	-1	FFFFFF66	魅力宝石	4	2004	1
50612012	5	6	12	12	LiJinGem6_2_1	75	碧玺·红利(6级)	颜色繁多且艳丽的宝石，可以镶嵌在防御性装备(衣服、手套、帽子、护肩、鞋、腰带、项链、暗器、武魂、龙纹、令牌、豪侠印)上，使用后不可再镶嵌同类宝石。#r#G魅力宝石#W#r可在#G洛阳（280，322）#R宝石工匠彭怀玉#W或#G楼兰（279，198）#R宝石工匠克里木#W处使用#G6级宝石雕琢符#W提升宝石属性。#r#cff9900本宝石只能雕琢一次。	150000	1	-1	-1	-1	-1	-1	-1	-1	-1	-1	-1	-1	-1	-1	-1	-1	-1	14	-1	-1	-1	-1	-1	-1	-1	-1	-1	-1	-1	-1	-1	-1	-1	-1	-1	-1	-1	-1	-1	-1	-1	-1	-1	-1	-1	-1	-1	-1	-1	-1	-1	-1	-1	-1	-1	-1	-1	-1	-1	-1	-1	-1	-1	-1	-1	FFFFFF66	魅力宝石	3	2004	1
50612013	5	6	12	13	LiJinGem6_2_10	75	纯净黄玉·红利(6级)	纯净的黄玉，可以镶嵌在防御性装备(衣服、手套、帽子、护肩、鞋、腰带、项链、暗器、武魂、龙纹、令牌、豪侠印)上，使用后不可再镶嵌同类宝石。#r#G魅力宝石#r#cff9900雕琢过的宝石不能再雕琢。	300000	1	-1	-1	-1	-1	-1	-1	-1	-1	-1	-1	-1	-1	-1	70	-1	-1	-1	-1	-1	-1	-1	-1	-1	-1	-1	-1	-1	-1	-1	-1	-1	-1	-1	-1	-1	-1	-1	-1	-1	-1	-1	-1	-1	-1	-1	-1	-1	-1	-1	-1	-1	-1	-1	-1	-1	-1	-1	-1	-1	-1	-1	-1	-1	-1	FFFFFFB2	魅力宝石	16	2004	1
50612014	5	6	12	14	LiJinGem6_2_14	75	纯净皓石·红利(6级)	纯净的皓石，可以镶嵌在防御性装备(衣服、手套、帽子、护肩、鞋、腰带、项链、暗器、武魂、龙纹、令牌、豪侠印)上，使用后不可再镶嵌同类宝石。#r#G魅力宝石#r#cff9900雕琢过的宝石不能再雕琢。	300000	1	-1	-1	-1	-1	-1	-1	-1	70	-1	-1	-1	-1	-1	-1	-1	-1	-1	-1	-1	-1	-1	-1	-1	-1	-1	-1	-1	-1	-1	-1	-1	-1	-1	-1	-1	-1	-1	-1	-1	-1	-1	-1	-1	-1	-1	-1	-1	-1	-1	-1	-1	-1	-1	-1	-1	-1	-1	-1	-1	-1	-1	-1	-1	-1	FFFFFFB2	魅力宝石	17	2004	1
50612015	5	6	12	15	LiJinGem6_2_11	75	纯净月光石·红利(6级)	纯净的月光石，可以镶嵌在防御性装备(衣服、手套、帽子、护肩、鞋、腰带、项链、暗器、武魂、龙纹、令牌、豪侠印)上，使用后不可再镶嵌同类宝石。#r#G魅力宝石#r#cff9900雕琢过的宝石不能再雕琢。	300000	1	-1	-1	-1	-1	-1	-1	-1	-1	-1	-1	70	-1	-1	-1	-1	-1	-1	-1	-1	-1	-1	-1	-1	-1	-1	-1	-1	-1	-1	-1	-1	-1	-1	-1	-1	-1	-1	-1	-1	-1	-1	-1	-1	-1	-1	-1	-1	-1	-1	-1	-1	-1	-1	-1	-1	-1	-1	-1	-1	-1	-1	-1	-1	-1	FFFFFFB2	魅力宝石	15	2004	1
50612016	5	6	12	16	LiJinGem6_2_15	75	纯净碧玺·红利(6级)	纯净的碧玺，可以镶嵌在防御性装备(衣服、手套、帽子、护肩、鞋、腰带、项链、暗器、武魂、龙纹、令牌、豪侠印)上，使用后不可再镶嵌同类宝石。#r#G魅力宝石#r#cff9900雕琢过的宝石不能再雕琢。	300000	1	-1	-1	-1	-1	-1	-1	-1	-1	-1	-1	-1	-1	-1	-1	-1	-1	70	-1	-1	-1	-1	-1	-1	-1	-1	-1	-1	-1	-1	-1	-1	-1	-1	-1	-1	-1	-1	-1	-1	-1	-1	-1	-1	-1	-1	-1	-1	-1	-1	-1	-1	-1	-1	-1	-1	-1	-1	-1	-1	-1	-1	-1	-1	-1	FFFFFFB2	魅力宝石	14	2004	1
50613001	5	6	13	1	Gem6_1_15	1	黄宝石(6级)	黄色的宝石，可以镶嵌在防御性装备(衣服、手套、帽子、护肩、鞋、腰带、项链、暗器、武魂、龙纹、令牌、豪侠印)上，使用后不可再镶嵌同类宝石。#r#G命运宝石	75000	1000	-1	-1	-1	-1	-1	-1	-1	-1	-1	-1	-1	-1	-1	-1	-1	-1	-1	-1	-1	-1	-1	-1	-1	-1	-1	-1	-1	-1	-1	-1	-1	-1	-1	-1	-1	-1	-1	-1	-1	-1	-1	-1	207	-1	-1	-1	-1	-1	-1	-1	-1	-1	-1	-1	-1	-1	-1	-1	-1	-1	-1	-1	-1	-1	FFFFFF66	命运宝石	5	2004	1
50613002	5	6	13	2	Gem6_1_16	1	蓝宝石(6级)	蓝色的宝石，可以镶嵌在防御性装备(衣服、手套、帽子、护肩、鞋、腰带、项链、暗器、武魂、龙纹、令牌、豪侠印)上，使用后不可再镶嵌同类宝石。#r#G命运宝石	75000	1000	-1	-1	-1	-1	-1	-1	-1	-1	-1	-1	-1	-1	-1	-1	-1	-1	-1	-1	-1	-1	-1	-1	-1	-1	-1	-1	-1	-1	-1	-1	-1	-1	-1	-1	-1	-1	-1	-1	-1	-1	-1	-1	-1	207	-1	-1	-1	-1	-1	-1	-1	-1	-1	-1	-1	-1	-1	-1	-1	-1	-1	-1	-1	-1	FFFFFF66	命运宝石	6	2004	1
50613003	5	6	13	3	Gem6_1_7	1	绿宝石(6级)	绿色的宝石，可以镶嵌在防御性装备(衣服、手套、帽子、护肩、鞋、腰带、项链、暗器、武魂、龙纹、令牌、豪侠印)上，使用后不可再镶嵌同类宝石。#r#G命运宝石	75000	1000	-1	-1	-1	-1	-1	-1	-1	-1	-1	-1	-1	-1	-1	-1	-1	-1	-1	-1	-1	-1	-1	-1	-1	-1	-1	-1	-1	-1	-1	-1	-1	-1	-1	-1	-1	-1	-1	-1	-1	-1	-1	-1	-1	-1	-1	-1	112	-1	-1	-1	-1	-1	-1	-1	-1	-1	-1	-1	-1	-1	-1	-1	-1	-1	FFFFFF66	命运宝石	9	2004	1
50613004	5	6	13	4	Gem6_2_2	1	红宝石(6级)	红色的宝石，可以镶嵌在防御性装备(衣服、手套、帽子、护肩、鞋、腰带、项链、暗器、武魂、龙纹、令牌、豪侠印)上，使用后不可再镶嵌同类宝石。#r#G命运宝石	75000	1000	-1	-1	-1	-1	-1	-1	-1	-1	-1	-1	-1	-1	-1	-1	-1	-1	-1	-1	-1	-1	-1	-1	-1	-1	-1	-1	-1	-1	-1	-1	-1	-1	-1	-1	-1	-1	-1	-1	-1	-1	-1	-1	-1	-1	206	-1	-1	-1	-1	-1	-1	-1	-1	-1	-1	-1	-1	-1	-1	-1	-1	-1	-1	-1	FFFFFF66	命运宝石	10	2004	1
50613005	5	6	13	5	Gem6_2_3	1	黑宝石(6级)	黑色的宝石，可以镶嵌在防御性装备(衣服、手套、帽子、护肩、鞋、腰带、项链、暗器、武魂、龙纹、令牌、豪侠印)上，使用后不可再镶嵌同类宝石。#r#G命运宝石	75000	1000	-1	-1	-1	-1	-1	-1	-1	-1	-1	-1	-1	-1	-1	-1	-1	-1	-1	-1	-1	-1	-1	-1	-1	-1	-1	-1	-1	-1	-1	-1	-1	-1	-1	-1	-1	-1	-1	-1	-1	-1	-1	-1	-1	-1	-1	206	-1	-1	-1	-1	-1	-1	-1	-1	-1	-1	-1	-1	-1	-1	-1	-1	-1	-1	FFFFFF66	命运宝石	1	2004	1
50613006	5	6	13	6	Gem6_2_7	1	血精石(6级)	布满血丝红精的宝石，可以镶嵌在防御性装备(衣服、手套、帽子、护肩、鞋、腰带、项链、暗器、武魂、龙纹、令牌、豪侠印)上，使用后不可再镶嵌同类宝石。#r#G命运宝石	75000	1000	11314	-1	-1	-1	-1	-1	-1	-1	-1	-1	-1	-1	-1	-1	-1	-1	-1	-1	-1	-1	-1	-1	-1	-1	-1	-1	-1	-1	-1	-1	-1	-1	-1	-1	-1	-1	-1	-1	-1	-1	-1	-1	-1	-1	-1	-1	-1	-1	-1	-1	-1	-1	-1	-1	-1	-1	-1	-1	-1	-1	-1	-1	-1	-1	FFFFFF66	命运宝石	13	2004	1
50613007	5	6	13	7	LiJinGem6_1_15	75	黄宝石·红利(6级)	黄色的宝石，可以镶嵌在防御性装备(衣服、手套、帽子、护肩、鞋、腰带、项链、暗器、武魂、龙纹、令牌、豪侠印)上，使用后不可再镶嵌同类宝石。#r#G命运宝石	75000	1	-1	-1	-1	-1	-1	-1	-1	-1	-1	-1	-1	-1	-1	-1	-1	-1	-1	-1	-1	-1	-1	-1	-1	-1	-1	-1	-1	-1	-1	-1	-1	-1	-1	-1	-1	-1	-1	-1	-1	-1	-1	-1	207	-1	-1	-1	-1	-1	-1	-1	-1	-1	-1	-1	-1	-1	-1	-1	-1	-1	-1	-1	-1	-1	FFFFFF66	命运宝石	5	2004	1
50613008	5	6	13	8	LiJinGem6_1_16	75	蓝宝石·红利(6级)	蓝色的宝石，可以镶嵌在防御性装备(衣服、手套、帽子、护肩、鞋、腰带、项链、暗器、武魂、龙纹、令牌、豪侠印)上，使用后不可再镶嵌同类宝石。#r#G命运宝石	75000	1	-1	-1	-1	-1	-1	-1	-1	-1	-1	-1	-1	-1	-1	-1	-1	-1	-1	-1	-1	-1	-1	-1	-1	-1	-1	-1	-1	-1	-1	-1	-1	-1	-1	-1	-1	-1	-1	-1	-1	-1	-1	-1	-1	207	-1	-1	-1	-1	-1	-1	-1	-1	-1	-1	-1	-1	-1	-1	-1	-1	-1	-1	-1	-1	FFFFFF66	命运宝石	6	2004	1
50613009	5	6	13	9	LiJinGem6_1_7	75	绿宝石·红利(6级)	绿色的宝石，可以镶嵌在防御性装备(衣服、手套、帽子、护肩、鞋、腰带、项链、暗器、武魂、龙纹、令牌、豪侠印)上，使用后不可再镶嵌同类宝石。#r#G命运宝石	75000	1	-1	-1	-1	-1	-1	-1	-1	-1	-1	-1	-1	-1	-1	-1	-1	-1	-1	-1	-1	-1	-1	-1	-1	-1	-1	-1	-1	-1	-1	-1	-1	-1	-1	-1	-1	-1	-1	-1	-1	-1	-1	-1	-1	-1	-1	-1	112	-1	-1	-1	-1	-1	-1	-1	-1	-1	-1	-1	-1	-1	-1	-1	-1	-1	FFFFFF66	命运宝石	9	2004	1
50613010	5	6	13	10	LiJinGem6_2_2	75	红宝石·红利(6级)	红色的宝石，可以镶嵌在防御性装备(衣服、手套、帽子、护肩、鞋、腰带、项链、暗器、武魂、龙纹、令牌、豪侠印)上，使用后不可再镶嵌同类宝石。#r#G命运宝石	75000	1	-1	-1	-1	-1	-1	-1	-1	-1	-1	-1	-1	-1	-1	-1	-1	-1	-1	-1	-1	-1	-1	-1	-1	-1	-1	-1	-1	-1	-1	-1	-1	-1	-1	-1	-1	-1	-1	-1	-1	-1	-1	-1	-1	-1	206	-1	-1	-1	-1	-1	-1	-1	-1	-1	-1	-1	-1	-1	-1	-1	-1	-1	-1	-1	FFFFFF66	命运宝石	10	2004	1
50613011	5	6	13	11	LiJinGem6_2_3	75	黑宝石·红利(6级)	黑色的宝石，可以镶嵌在防御性装备(衣服、手套、帽子、护肩、鞋、腰带、项链、暗器、武魂、龙纹、令牌、豪侠印)上，使用后不可再镶嵌同类宝石。#r#G命运宝石	75000	1	-1	-1	-1	-1	-1	-1	-1	-1	-1	-1	-1	-1	-1	-1	-1	-1	-1	-1	-1	-1	-1	-1	-1	-1	-1	-1	-1	-1	-1	-1	-1	-1	-1	-1	-1	-1	-1	-1	-1	-1	-1	-1	-1	-1	-1	206	-1	-1	-1	-1	-1	-1	-1	-1	-1	-1	-1	-1	-1	-1	-1	-1	-1	-1	FFFFFF66	命运宝石	1	2004	1
50613012	5	6	13	12	LiJinGem6_2_7	75	血精石·红利(6级)	布满血丝红精的宝石，可以镶嵌在防御性装备(衣服、手套、帽子、护肩、鞋、腰带、项链、暗器、武魂、龙纹、令牌、豪侠印)上，使用后不可再镶嵌同类宝石。#r#G命运宝石	75000	1	11314	-1	-1	-1	-1	-1	-1	-1	-1	-1	-1	-1	-1	-1	-1	-1	-1	-1	-1	-1	-1	-1	-1	-1	-1	-1	-1	-1	-1	-1	-1	-1	-1	-1	-1	-1	-1	-1	-1	-1	-1	-1	-1	-1	-1	-1	-1	-1	-1	-1	-1	-1	-1	-1	-1	-1	-1	-1	-1	-1	-1	-1	-1	-1	FFFFFF66	命运宝石	13	2004	1
50614001	5	6	14	1	Gem6_1_14	1	祖母绿(6级)	翠绿如滴，顶级翡翠，可以镶嵌在防御性装备(衣服、手套、帽子、护肩、鞋、腰带、项链、暗器、武魂、龙纹、令牌、豪侠印)上，使用后不可再镶嵌同类宝石。#r#G天机宝石	100000	1000	-1	-1	-1	-1	-1	-1	-1	-1	-1	-1	-1	-1	-1	-1	-1	-1	-1	-1	-1	-1	-1	-1	-1	-1	-1	-1	-1	-1	-1	-1	-1	-1	-1	-1	-1	-1	741	-1	-1	-1	-1	-1	-1	-1	-1	-1	-1	-1	-1	-1	-1	-1	-1	-1	-1	-1	-1	-1	-1	-1	-1	-1	-1	-1	FFFFFF66	天机宝石	8	2004	1
50614002	5	6	14	2	LiJinGem6_1_14	75	祖母绿·红利(6级)	翠绿如滴，顶级翡翠，可以镶嵌在防御性装备(衣服、手套、帽子、护肩、鞋、腰带、项链、暗器、武魂、龙纹、令牌、豪侠印)上，使用后不可再镶嵌同类宝石。#r#G天机宝石	100000	1	-1	-1	-1	-1	-1	-1	-1	-1	-1	-1	-1	-1	-1	-1	-1	-1	-1	-1	-1	-1	-1	-1	-1	-1	-1	-1	-1	-1	-1	-1	-1	-1	-1	-1	-1	-1	741	-1	-1	-1	-1	-1	-1	-1	-1	-1	-1	-1	-1	-1	-1	-1	-1	-1	-1	-1	-1	-1	-1	-1	-1	-1	-1	-1	FFFFFF66	天机宝石	8	2004	1
50616001	5	6	16	1	Gem6_1_9	1	石榴石(6级)	因其外形酷似成熟的石榴籽而得名的宝石，可以镶嵌在防御性装备(衣服、手套、帽子、护肩、鞋、腰带、项链、暗器、武魂、龙纹、令牌、豪侠印)上，使用后不可再镶嵌同类宝石。#r#G生命宝石	50000	1000	-1	-1	-1	-1	-1	-1	-1	-1	-1	-1	-1	-1	-1	-1	-1	-1	-1	-1	-1	-1	-1	-1	-1	-1	-1	-1	-1	-1	-1	1988	-1	-1	-1	-1	-1	-1	-1	-1	-1	-1	-1	-1	-1	-1	-1	-1	-1	-1	-1	-1	-1	-1	-1	-1	-1	-1	-1	-1	-1	-1	-1	-1	-1	-1	FFFFFF66	生命宝石	7	2004	1
50616002	5	6	16	2	Gem6_1_12	1	尖晶石(6级)	颜色繁多且艳丽的宝石，可以镶嵌在防御性装备(衣服、手套、帽子、护肩、鞋、腰带、项链、暗器、武魂、龙纹、令牌、豪侠印)上，使用后不可再镶嵌同类宝石。#r#G生命宝石	50000	1000	-1	-1	-1	-1	-1	-1	-1	-1	-1	-1	-1	-1	-1	-1	-1	-1	-1	-1	-1	-1	-1	-1	1988	-1	-1	-1	-1	-1	-1	-1	-1	-1	-1	-1	-1	-1	-1	-1	-1	-1	-1	-1	-1	-1	-1	-1	-1	-1	-1	-1	-1	-1	-1	-1	-1	-1	-1	-1	-1	-1	-1	-1	-1	-1	FFFFFF66	生命宝石	11	2004	1
50617005	5	6	17	5	Gem6_2_10	1	纯净黄玉(6级)	纯净的黄玉，可以镶嵌在防御性装备(衣服、手套、帽子、护肩、鞋、腰带、项链、暗器、武魂、龙纹、令牌、豪侠印)上，使用后不可再镶嵌同类宝石。#r#G魅力宝石#r#cff9900雕琢过的宝石不能再雕琢。	300000	2000	-1	-1	-1	-1	-1	-1	-1	-1	-1	-1	-1	-1	-1	70	-1	-1	-1	-1	-1	-1	-1	-1	-1	-1	-1	-1	-1	-1	-1	-1	-1	-1	-1	-1	-1	-1	-1	-1	-1	-1	-1	-1	-1	-1	-1	-1	-1	-1	-1	-1	-1	-1	-1	-1	-1	-1	-1	-1	-1	-1	-1	-1	-1	-1	FFFFFFB2	魅力宝石	16	2004	1
50617006	5	6	17	6	Gem6_2_14	1	纯净皓石(6级)	纯净的皓石，可以镶嵌在防御性装备(衣服、手套、帽子、护肩、鞋、腰带、项链、暗器、武魂、龙纹、令牌、豪侠印)上，使用后不可再镶嵌同类宝石。#r#G魅力宝石#r#cff9900雕琢过的宝石不能再雕琢。	300000	2000	-1	-1	-1	-1	-1	-1	-1	70	-1	-1	-1	-1	-1	-1	-1	-1	-1	-1	-1	-1	-1	-1	-1	-1	-1	-1	-1	-1	-1	-1	-1	-1	-1	-1	-1	-1	-1	-1	-1	-1	-1	-1	-1	-1	-1	-1	-1	-1	-1	-1	-1	-1	-1	-1	-1	-1	-1	-1	-1	-1	-1	-1	-1	-1	FFFFFFB2	魅力宝石	17	2004	1
50617007	5	6	17	7	Gem6_2_11	1	纯净月光石(6级)	纯净的月光石，可以镶嵌在防御性装备(衣服、手套、帽子、护肩、鞋、腰带、项链、暗器、武魂、龙纹、令牌、豪侠印)上，使用后不可再镶嵌同类宝石。#r#G魅力宝石#r#cff9900雕琢过的宝石不能再雕琢。	300000	2000	-1	-1	-1	-1	-1	-1	-1	-1	-1	-1	70	-1	-1	-1	-1	-1	-1	-1	-1	-1	-1	-1	-1	-1	-1	-1	-1	-1	-1	-1	-1	-1	-1	-1	-1	-1	-1	-1	-1	-1	-1	-1	-1	-1	-1	-1	-1	-1	-1	-1	-1	-1	-1	-1	-1	-1	-1	-1	-1	-1	-1	-1	-1	-1	FFFFFFB2	魅力宝石	15	2004	1
50617008	5	6	17	8	Gem6_2_15	1	纯净碧玺(6级)	纯净的碧玺，可以镶嵌在防御性装备(衣服、手套、帽子、护肩、鞋、腰带、项链、暗器、武魂、龙纹、令牌、豪侠印)上，使用后不可再镶嵌同类宝石。#r#G魅力宝石#r#cff9900雕琢过的宝石不能再雕琢。	300000	2000	-1	-1	-1	-1	-1	-1	-1	-1	-1	-1	-1	-1	-1	-1	-1	-1	70	-1	-1	-1	-1	-1	-1	-1	-1	-1	-1	-1	-1	-1	-1	-1	-1	-1	-1	-1	-1	-1	-1	-1	-1	-1	-1	-1	-1	-1	-1	-1	-1	-1	-1	-1	-1	-1	-1	-1	-1	-1	-1	-1	-1	-1	-1	-1	FFFFFFB2	魅力宝石	14	2004	1
50618001	5	6	18	1	Gem6_1_15	1	黄宝石(6级)	黄色的宝石，可以镶嵌在防御性装备(衣服、手套、帽子、护肩、鞋、腰带、项链、暗器、武魂、龙纹、令牌、豪侠印)上，使用后不可再镶嵌同类宝石。#r#G命运宝石	75000	1000	-1	-1	-1	-1	-1	-1	-1	-1	-1	-1	-1	-1	-1	-1	-1	-1	-1	-1	-1	-1	-1	-1	-1	-1	-1	-1	-1	-1	-1	-1	-1	-1	-1	-1	-1	-1	-1	-1	-1	-1	-1	-1	207	-1	-1	-1	-1	-1	-1	-1	-1	-1	-1	-1	-1	-1	-1	-1	-1	-1	-1	-1	-1	-1	FFFFFF66	命运宝石	5	2004	1
50618002	5	6	18	2	Gem6_1_16	1	蓝宝石(6级)	蓝色的宝石，可以镶嵌在防御性装备(衣服、手套、帽子、护肩、鞋、腰带、项链、暗器、武魂、龙纹、令牌、豪侠印)上，使用后不可再镶嵌同类宝石。#r#G命运宝石	75000	1000	-1	-1	-1	-1	-1	-1	-1	-1	-1	-1	-1	-1	-1	-1	-1	-1	-1	-1	-1	-1	-1	-1	-1	-1	-1	-1	-1	-1	-1	-1	-1	-1	-1	-1	-1	-1	-1	-1	-1	-1	-1	-1	-1	207	-1	-1	-1	-1	-1	-1	-1	-1	-1	-1	-1	-1	-1	-1	-1	-1	-1	-1	-1	-1	FFFFFF66	命运宝石	6	2004	1
50618003	5	6	18	3	Gem6_1_7	1	绿宝石(6级)	绿色的宝石，可以镶嵌在防御性装备(衣服、手套、帽子、护肩、鞋、腰带、项链、暗器、武魂、龙纹、令牌、豪侠印)上，使用后不可再镶嵌同类宝石。#r#G命运宝石	75000	1000	-1	-1	-1	-1	-1	-1	-1	-1	-1	-1	-1	-1	-1	-1	-1	-1	-1	-1	-1	-1	-1	-1	-1	-1	-1	-1	-1	-1	-1	-1	-1	-1	-1	-1	-1	-1	-1	-1	-1	-1	-1	-1	-1	-1	-1	-1	112	-1	-1	-1	-1	-1	-1	-1	-1	-1	-1	-1	-1	-1	-1	-1	-1	-1	FFFFFF66	命运宝石	9	2004	1
50618004	5	6	18	4	Gem6_2_2	1	红宝石(6级)	红色的宝石，可以镶嵌在防御性装备(衣服、手套、帽子、护肩、鞋、腰带、项链、暗器、武魂、龙纹、令牌、豪侠印)上，使用后不可再镶嵌同类宝石。#r#G命运宝石	75000	1000	-1	-1	-1	-1	-1	-1	-1	-1	-1	-1	-1	-1	-1	-1	-1	-1	-1	-1	-1	-1	-1	-1	-1	-1	-1	-1	-1	-1	-1	-1	-1	-1	-1	-1	-1	-1	-1	-1	-1	-1	-1	-1	-1	-1	206	-1	-1	-1	-1	-1	-1	-1	-1	-1	-1	-1	-1	-1	-1	-1	-1	-1	-1	-1	FFFFFF66	命运宝石	10	2004	1
50618005	5	6	18	5	Gem6_2_3	1	黑宝石(6级)	黑色的宝石，可以镶嵌在防御性装备(衣服、手套、帽子、护肩、鞋、腰带、项链、暗器、武魂、龙纹、令牌、豪侠印)上，使用后不可再镶嵌同类宝石。#r#G命运宝石	75000	1000	-1	-1	-1	-1	-1	-1	-1	-1	-1	-1	-1	-1	-1	-1	-1	-1	-1	-1	-1	-1	-1	-1	-1	-1	-1	-1	-1	-1	-1	-1	-1	-1	-1	-1	-1	-1	-1	-1	-1	-1	-1	-1	-1	-1	-1	206	-1	-1	-1	-1	-1	-1	-1	-1	-1	-1	-1	-1	-1	-1	-1	-1	-1	-1	FFFFFF66	命运宝石	1	2004	1
50618006	5	6	18	6	Gem6_2_7	1	血精石(6级)	布满血丝红精的宝石，可以镶嵌在防御性装备(衣服、手套、帽子、护肩、鞋、腰带、项链、暗器、武魂、龙纹、令牌、豪侠印)上，使用后不可再镶嵌同类宝石。#r#G命运宝石	75000	1000	11314	-1	-1	-1	-1	-1	-1	-1	-1	-1	-1	-1	-1	-1	-1	-1	-1	-1	-1	-1	-1	-1	-1	-1	-1	-1	-1	-1	-1	-1	-1	-1	-1	-1	-1	-1	-1	-1	-1	-1	-1	-1	-1	-1	-1	-1	-1	-1	-1	-1	-1	-1	-1	-1	-1	-1	-1	-1	-1	-1	-1	-1	-1	-1	FFFFFF66	命运宝石	13	2004	1
50619001	5	6	19	1	Gem6_1_14	1	祖母绿(6级)	翠绿如滴，顶级翡翠，可以镶嵌在防御性装备(衣服、手套、帽子、护肩、鞋、腰带、项链、暗器、武魂、龙纹、令牌、豪侠印)上，使用后不可再镶嵌同类宝石。#r#G天机宝石	100000	1000	-1	-1	-1	-1	-1	-1	-1	-1	-1	-1	-1	-1	-1	-1	-1	-1	-1	-1	-1	-1	-1	-1	-1	-1	-1	-1	-1	-1	-1	-1	-1	-1	-1	-1	-1	-1	741	-1	-1	-1	-1	-1	-1	-1	-1	-1	-1	-1	-1	-1	-1	-1	-1	-1	-1	-1	-1	-1	-1	-1	-1	-1	-1	-1	FFFFFF66	天机宝石	8	2004	1
50621001	5	6	21	1	Gemjiankang_3	1	黄冥石(6级)	黄色的冥石，可以镶嵌在攻击性装备(武器、护腕、戒指、护符、项链、暗器、武魂、龙纹、令牌、豪侠印)上，使用后不可再镶嵌同类宝石。#r可在洛阳（280，322）彭怀玉、楼兰（279，198）克里木、束河古镇（134，85）荆嵌实处琢刻为黄冥晶石。琢刻后的宝石将可同时拥有忽略目标玄抗和玄攻击两种属性。#r#G无法将目标的抗性降低至负值#r#G胜利宝石	300000	2000	-1	-1	-1	-1	-1	-1	-1	-1	-1	-1	-1	-1	-1	-1	-1	-1	-1	-1	-1	-1	-1	-1	-1	-1	-1	-1	-1	-1	-1	-1	-1	-1	-1	-1	-1	-1	-1	-1	-1	-1	-1	-1	-1	-1	-1	-1	-1	-1	-1	-1	-1	-1	-1	-1	-1	-1	70	-1	-1	-1	-1	-1	-1	-1	FFFFFFB2	胜利宝石	31	2004	1
50621002	5	6	21	2	Gemjiankang_15	1	蓝冥石(6级)	蓝色的冥石，可以镶嵌在攻击性装备(武器、护腕、戒指、护符、项链、暗器、武魂、龙纹、令牌、豪侠印)上，使用后不可再镶嵌同类宝石。#r可在洛阳（280，322）彭怀玉、楼兰（279，198）克里木、束河古镇（134，85）荆嵌实处琢刻为蓝冥晶石。琢刻后的宝石将可同时拥有忽略目标冰抗和冰攻击两种属性。#r#G无法将目标的抗性降低至负值#r#G胜利宝石	300000	2000	-1	-1	-1	-1	-1	-1	-1	-1	-1	-1	-1	-1	-1	-1	-1	-1	-1	-1	-1	-1	-1	-1	-1	-1	-1	-1	-1	-1	-1	-1	-1	-1	-1	-1	-1	-1	-1	-1	-1	-1	-1	-1	-1	-1	-1	-1	-1	-1	-1	-1	-1	-1	-1	-1	70	-1	-1	-1	-1	-1	-1	-1	-1	-1	FFFFFFB2	胜利宝石	32	2004	1
50621003	5	6	21	3	Gemjiankang_11	1	红冥石(6级)	红色的冥石，可以镶嵌在攻击性装备(武器、护腕、戒指、护符、项链、暗器、武魂、龙纹、令牌、豪侠印)上，使用后不可再镶嵌同类宝石。#r可在洛阳（280，322）彭怀玉、楼兰（279，198）克里木、束河古镇（134，85）荆嵌实处琢刻为红冥晶石。琢刻后的宝石将可同时拥有忽略目标火抗和火攻击两种属性。#r#G无法将目标的抗性降低至负值#r#G胜利宝石	300000	2000	-1	-1	-1	-1	-1	-1	-1	-1	-1	-1	-1	-1	-1	-1	-1	-1	-1	-1	-1	-1	-1	-1	-1	-1	-1	-1	-1	-1	-1	-1	-1	-1	-1	-1	-1	-1	-1	-1	-1	-1	-1	-1	-1	-1	-1	-1	-1	-1	-1	-1	-1	-1	-1	-1	-1	70	-1	-1	-1	-1	-1	-1	-1	-1	FFFFFFB2	胜利宝石	33	2004	1
50621004	5	6	21	4	Gemjiankang_7	1	绿冥石(6级)	绿色的冥石，可以镶嵌在攻击性装备(武器、护腕、戒指、护符、项链、暗器、武魂、龙纹、令牌、豪侠印)上，使用后不可再镶嵌同类宝石。#r可在洛阳（280，322）彭怀玉、楼兰（279，198）克里木、束河古镇（134，85）荆嵌实处琢刻为绿冥晶石。琢刻后的宝石将可同时拥有忽略目标毒抗和毒攻击两种属性。#r#G无法将目标的抗性降低至负值#r#G胜利宝石	300000	2000	-1	-1	-1	-1	-1	-1	-1	-1	-1	-1	-1	-1	-1	-1	-1	-1	-1	-1	-1	-1	-1	-1	-1	-1	-1	-1	-1	-1	-1	-1	-1	-1	-1	-1	-1	-1	-1	-1	-1	-1	-1	-1	-1	-1	-1	-1	-1	-1	-1	-1	-1	-1	-1	-1	-1	-1	-1	70	-1	-1	-1	-1	-1	-1	FFFFFFB2	胜利宝石	34	2004	1
50621005	5	6	21	5	LiJinGemjiankang_3	75	黄冥石·红利(6级)	黄色的冥石，可以镶嵌在攻击性装备(武器、护腕、戒指、护符、项链、暗器、武魂、龙纹、令牌、豪侠印)上，使用后不可再镶嵌同类宝石。#r可在洛阳（280，322）彭怀玉、楼兰（279，198）克里木、束河古镇（134，85）荆嵌实处琢刻为黄冥晶石·红利。琢刻后的宝石将可同时拥有忽略目标玄抗和玄攻击两种属性。#r#G无法将目标的抗性降低至负值#r#G胜利宝石	300000	1	-1	-1	-1	-1	-1	-1	-1	-1	-1	-1	-1	-1	-1	-1	-1	-1	-1	-1	-1	-1	-1	-1	-1	-1	-1	-1	-1	-1	-1	-1	-1	-1	-1	-1	-1	-1	-1	-1	-1	-1	-1	-1	-1	-1	-1	-1	-1	-1	-1	-1	-1	-1	-1	-1	-1	-1	70	-1	-1	-1	-1	-1	-1	-1	FFFFFFB2	胜利宝石	31	2004	1
50621006	5	6	21	6	LiJinGemjiankang_15	75	蓝冥石·红利(6级)	蓝色的冥石，可以镶嵌在攻击性装备(武器、护腕、戒指、护符、项链、暗器、武魂、龙纹、令牌、豪侠印)上，使用后不可再镶嵌同类宝石。#r可在洛阳（280，322）彭怀玉、楼兰（279，198）克里木、束河古镇（134，85）荆嵌实处琢刻为蓝冥晶石·红利。琢刻后的宝石将可同时拥有忽略目标冰抗和冰攻击两种属性。#r#G无法将目标的抗性降低至负值#r#G胜利宝石	300000	1	-1	-1	-1	-1	-1	-1	-1	-1	-1	-1	-1	-1	-1	-1	-1	-1	-1	-1	-1	-1	-1	-1	-1	-1	-1	-1	-1	-1	-1	-1	-1	-1	-1	-1	-1	-1	-1	-1	-1	-1	-1	-1	-1	-1	-1	-1	-1	-1	-1	-1	-1	-1	-1	-1	70	-1	-1	-1	-1	-1	-1	-1	-1	-1	FFFFFFB2	胜利宝石	32	2004	1
50621007	5	6	21	7	LiJinGemjiankang_11	75	红冥石·红利(6级)	红色的冥石，可以镶嵌在攻击性装备(武器、护腕、戒指、护符、项链、暗器、武魂、龙纹、令牌、豪侠印)上，使用后不可再镶嵌同类宝石。#r可在洛阳（280，322）彭怀玉、楼兰（279，198）克里木、束河古镇（134，85）荆嵌实处琢刻为红冥晶石·红利。琢刻后的宝石将可同时拥有忽略目标火抗和火攻击两种属性。#r#G无法将目标的抗性降低至负值#r#G胜利宝石	300000	1	-1	-1	-1	-1	-1	-1	-1	-1	-1	-1	-1	-1	-1	-1	-1	-1	-1	-1	-1	-1	-1	-1	-1	-1	-1	-1	-1	-1	-1	-1	-1	-1	-1	-1	-1	-1	-1	-1	-1	-1	-1	-1	-1	-1	-1	-1	-1	-1	-1	-1	-1	-1	-1	-1	-1	70	-1	-1	-1	-1	-1	-1	-1	-1	FFFFFFB2	胜利宝石	33	2004	1
50621008	5	6	21	8	LiJinGemjiankang_7	75	绿冥石·红利(6级)	绿色的冥石，可以镶嵌在攻击性装备(武器、护腕、戒指、护符、项链、暗器、武魂、龙纹、令牌、豪侠印)上，使用后不可再镶嵌同类宝石。#r可在洛阳（280，322）彭怀玉、楼兰（279，198）克里木、束河古镇（134，85）荆嵌实处琢刻为绿冥晶石·红利。琢刻后的宝石将可同时拥有忽略目标毒抗和毒攻击两种属性。#r#G无法将目标的抗性降低至负值#r#G胜利宝石	300000	1	-1	-1	-1	-1	-1	-1	-1	-1	-1	-1	-1	-1	-1	-1	-1	-1	-1	-1	-1	-1	-1	-1	-1	-1	-1	-1	-1	-1	-1	-1	-1	-1	-1	-1	-1	-1	-1	-1	-1	-1	-1	-1	-1	-1	-1	-1	-1	-1	-1	-1	-1	-1	-1	-1	-1	-1	-1	70	-1	-1	-1	-1	-1	-1	FFFFFFB2	胜利宝石	34	2004	1
50621101	5	6	21	101	Gemzhuoke_5	75	黄冥晶石(6级·1级)	琢刻了纯净黄晶石后的黄冥石，可以镶嵌在攻击性装备(武器、护腕、戒指、护符、项链、暗器、武魂、龙纹、令牌、豪侠印)上，使用后不可再镶嵌同类宝石。#r#W可在洛阳（280，322）彭怀玉、楼兰（279，198）克里木、束河古镇（134，85）荆嵌实处进行#G琢刻分离#W。#r#G琢刻后的宝石无法进行合成操作#r#G无法将目标的抗性降低至负值#r#G胜利宝石	300000	2000	-1	-1	-1	-1	-1	-1	-1	-1	-1	-1	-1	-1	23	-1	-1	-1	-1	-1	-1	-1	-1	-1	-1	-1	-1	-1	-1	-1	-1	-1	-1	-1	-1	-1	-1	-1	-1	-1	-1	-1	-1	-1	-1	-1	-1	-1	-1	-1	-1	-1	-1	-1	-1	-1	-1	-1	70	-1	-1	-1	-1	-1	-1	-1	FFFFFFB2	胜利宝石	31	2004	1
50621102	5	6	21	102	Gemzhuoke_5	75	黄冥晶石(6级·2级)	琢刻了纯净黄晶石后的黄冥石，可以镶嵌在攻击性装备(武器、护腕、戒指、护符、项链、暗器、武魂、龙纹、令牌、豪侠印)上，使用后不可再镶嵌同类宝石。#r#W可在洛阳（280，322）彭怀玉、楼兰（279，198）克里木、束河古镇（134，85）荆嵌实处进行#G琢刻分离#W。#r#G琢刻后的宝石无法进行合成操作#r#G无法将目标的抗性降低至负值#r#G胜利宝石	300000	2000	-1	-1	-1	-1	-1	-1	-1	-1	-1	-1	-1	-1	33	-1	-1	-1	-1	-1	-1	-1	-1	-1	-1	-1	-1	-1	-1	-1	-1	-1	-1	-1	-1	-1	-1	-1	-1	-1	-1	-1	-1	-1	-1	-1	-1	-1	-1	-1	-1	-1	-1	-1	-1	-1	-1	-1	70	-1	-1	-1	-1	-1	-1	-1	FFFFFFB2	胜利宝石	31	2004	1
50621103	5	6	21	103	Gemzhuoke_5	75	黄冥晶石(6级·3级)	琢刻了纯净黄晶石后的黄冥石，可以镶嵌在攻击性装备(武器、护腕、戒指、护符、项链、暗器、武魂、龙纹、令牌、豪侠印)上，使用后不可再镶嵌同类宝石。#r#W可在洛阳（280，322）彭怀玉、楼兰（279，198）克里木、束河古镇（134，85）荆嵌实处进行#G琢刻分离#W。#r#G琢刻后的宝石无法进行合成操作#r#G无法将目标的抗性降低至负值#r#G胜利宝石	300000	2000	-1	-1	-1	-1	-1	-1	-1	-1	-1	-1	-1	-1	60	-1	-1	-1	-1	-1	-1	-1	-1	-1	-1	-1	-1	-1	-1	-1	-1	-1	-1	-1	-1	-1	-1	-1	-1	-1	-1	-1	-1	-1	-1	-1	-1	-1	-1	-1	-1	-1	-1	-1	-1	-1	-1	-1	70	-1	-1	-1	-1	-1	-1	-1	FFFFFFB2	胜利宝石	31	2004	1
50621104	5	6	21	104	Gemzhuoke_5	75	黄冥晶石(6级·4级)	琢刻了纯净黄晶石后的黄冥石，可以镶嵌在攻击性装备(武器、护腕、戒指、护符、项链、暗器、武魂、龙纹、令牌、豪侠印)上，使用后不可再镶嵌同类宝石。#r#W可在洛阳（280，322）彭怀玉、楼兰（279，198）克里木、束河古镇（134，85）荆嵌实处进行#G琢刻分离#W。#r#G琢刻后的宝石无法进行合成操作#r#G无法将目标的抗性降低至负值#r#G胜利宝石	300000	2000	-1	-1	-1	-1	-1	-1	-1	-1	-1	-1	-1	-1	120	-1	-1	-1	-1	-1	-1	-1	-1	-1	-1	-1	-1	-1	-1	-1	-1	-1	-1	-1	-1	-1	-1	-1	-1	-1	-1	-1	-1	-1	-1	-1	-1	-1	-1	-1	-1	-1	-1	-1	-1	-1	-1	-1	70	-1	-1	-1	-1	-1	-1	-1	FFFFFFB2	胜利宝石	31	2004	1
50621105	5	6	21	105	Gemzhuoke_5	75	黄冥晶石(6级·5级)	琢刻了纯净黄晶石后的黄冥石，可以镶嵌在攻击性装备(武器、护腕、戒指、护符、项链、暗器、武魂、龙纹、令牌、豪侠印)上，使用后不可再镶嵌同类宝石。#r#W可在洛阳（280，322）彭怀玉、楼兰（279，198）克里木、束河古镇（134，85）荆嵌实处进行#G琢刻分离#W。#r#G琢刻后的宝石无法进行合成操作#r#G无法将目标的抗性降低至负值#r#G胜利宝石	300000	2000	-1	-1	-1	-1	-1	-1	-1	-1	-1	-1	-1	-1	170	-1	-1	-1	-1	-1	-1	-1	-1	-1	-1	-1	-1	-1	-1	-1	-1	-1	-1	-1	-1	-1	-1	-1	-1	-1	-1	-1	-1	-1	-1	-1	-1	-1	-1	-1	-1	-1	-1	-1	-1	-1	-1	-1	70	-1	-1	-1	-1	-1	-1	-1	FFFFFFB2	胜利宝石	31	2004	1
50621106	5	6	21	106	Gemzhuoke_5	75	黄冥晶石(6级·6级)	琢刻了纯净黄晶石后的黄冥石，可以镶嵌在攻击性装备(武器、护腕、戒指、护符、项链、暗器、武魂、龙纹、令牌、豪侠印)上，使用后不可再镶嵌同类宝石。#r#W可在洛阳（280，322）彭怀玉、楼兰（279，198）克里木、束河古镇（134，85）荆嵌实处进行#G琢刻分离#W。#r#G琢刻后的宝石无法进行合成操作#r#G无法将目标的抗性降低至负值#r#G胜利宝石	300000	2000	-1	-1	-1	-1	-1	-1	-1	-1	-1	-1	-1	-1	230	-1	-1	-1	-1	-1	-1	-1	-1	-1	-1	-1	-1	-1	-1	-1	-1	-1	-1	-1	-1	-1	-1	-1	-1	-1	-1	-1	-1	-1	-1	-1	-1	-1	-1	-1	-1	-1	-1	-1	-1	-1	-1	-1	70	-1	-1	-1	-1	-1	-1	-1	FFFFFFB2	胜利宝石	31	2004	1
50621107	5	6	21	107	LiJinGemzhuoke_5	75	黄冥晶石·红利(6级·1级)	琢刻了纯净黄晶石·红利后的黄冥石·红利，可以镶嵌在攻击性装备(武器、护腕、戒指、护符、项链、暗器、武魂、龙纹、令牌、豪侠印)上，使用后不可再镶嵌同类宝石。#r#W可在洛阳（280，322）彭怀玉、楼兰（279，198）克里木、束河古镇（134，85）荆嵌实处进行#G琢刻分离#W。#r#G琢刻后的宝石无法进行合成操作#r#G无法将目标的抗性降低至负值#r#G胜利宝石	300000	2000	-1	-1	-1	-1	-1	-1	-1	-1	-1	-1	-1	-1	23	-1	-1	-1	-1	-1	-1	-1	-1	-1	-1	-1	-1	-1	-1	-1	-1	-1	-1	-1	-1	-1	-1	-1	-1	-1	-1	-1	-1	-1	-1	-1	-1	-1	-1	-1	-1	-1	-1	-1	-1	-1	-1	-1	70	-1	-1	-1	-1	-1	-1	-1	FFFFFFB2	胜利宝石	31	2004	1
50621108	5	6	21	108	LiJinGemzhuoke_5	75	黄冥晶石·红利(6级·2级)	琢刻了纯净黄晶石·红利后的黄冥石·红利，可以镶嵌在攻击性装备(武器、护腕、戒指、护符、项链、暗器、武魂、龙纹、令牌、豪侠印)上，使用后不可再镶嵌同类宝石。#r#W可在洛阳（280，322）彭怀玉、楼兰（279，198）克里木、束河古镇（134，85）荆嵌实处进行#G琢刻分离#W。#r#G琢刻后的宝石无法进行合成操作#r#G无法将目标的抗性降低至负值#r#G胜利宝石	300000	2000	-1	-1	-1	-1	-1	-1	-1	-1	-1	-1	-1	-1	33	-1	-1	-1	-1	-1	-1	-1	-1	-1	-1	-1	-1	-1	-1	-1	-1	-1	-1	-1	-1	-1	-1	-1	-1	-1	-1	-1	-1	-1	-1	-1	-1	-1	-1	-1	-1	-1	-1	-1	-1	-1	-1	-1	70	-1	-1	-1	-1	-1	-1	-1	FFFFFFB2	胜利宝石	31	2004	1
50621109	5	6	21	109	LiJinGemzhuoke_5	75	黄冥晶石·红利(6级·3级)	琢刻了纯净黄晶石·红利后的黄冥石·红利，可以镶嵌在攻击性装备(武器、护腕、戒指、护符、项链、暗器、武魂、龙纹、令牌、豪侠印)上，使用后不可再镶嵌同类宝石。#r#W可在洛阳（280，322）彭怀玉、楼兰（279，198）克里木、束河古镇（134，85）荆嵌实处进行#G琢刻分离#W。#r#G琢刻后的宝石无法进行合成操作#r#G无法将目标的抗性降低至负值#r#G胜利宝石	300000	2000	-1	-1	-1	-1	-1	-1	-1	-1	-1	-1	-1	-1	60	-1	-1	-1	-1	-1	-1	-1	-1	-1	-1	-1	-1	-1	-1	-1	-1	-1	-1	-1	-1	-1	-1	-1	-1	-1	-1	-1	-1	-1	-1	-1	-1	-1	-1	-1	-1	-1	-1	-1	-1	-1	-1	-1	70	-1	-1	-1	-1	-1	-1	-1	FFFFFFB2	胜利宝石	31	2004	1
50621110	5	6	21	110	LiJinGemzhuoke_5	75	黄冥晶石·红利(6级·4级)	琢刻了纯净黄晶石·红利后的黄冥石·红利，可以镶嵌在攻击性装备(武器、护腕、戒指、护符、项链、暗器、武魂、龙纹、令牌、豪侠印)上，使用后不可再镶嵌同类宝石。#r#W可在洛阳（280，322）彭怀玉、楼兰（279，198）克里木、束河古镇（134，85）荆嵌实处进行#G琢刻分离#W。#r#G琢刻后的宝石无法进行合成操作#r#G无法将目标的抗性降低至负值#r#G胜利宝石	300000	2000	-1	-1	-1	-1	-1	-1	-1	-1	-1	-1	-1	-1	120	-1	-1	-1	-1	-1	-1	-1	-1	-1	-1	-1	-1	-1	-1	-1	-1	-1	-1	-1	-1	-1	-1	-1	-1	-1	-1	-1	-1	-1	-1	-1	-1	-1	-1	-1	-1	-1	-1	-1	-1	-1	-1	-1	70	-1	-1	-1	-1	-1	-1	-1	FFFFFFB2	胜利宝石	31	2004	1
50621111	5	6	21	111	LiJinGemzhuoke_5	75	黄冥晶石·红利(6级·5级)	琢刻了纯净黄晶石·红利后的黄冥石·红利，可以镶嵌在攻击性装备(武器、护腕、戒指、护符、项链、暗器、武魂、龙纹、令牌、豪侠印)上，使用后不可再镶嵌同类宝石。#r#W可在洛阳（280，322）彭怀玉、楼兰（279，198）克里木、束河古镇（134，85）荆嵌实处进行#G琢刻分离#W。#r#G琢刻后的宝石无法进行合成操作#r#G无法将目标的抗性降低至负值#r#G胜利宝石	300000	2000	-1	-1	-1	-1	-1	-1	-1	-1	-1	-1	-1	-1	170	-1	-1	-1	-1	-1	-1	-1	-1	-1	-1	-1	-1	-1	-1	-1	-1	-1	-1	-1	-1	-1	-1	-1	-1	-1	-1	-1	-1	-1	-1	-1	-1	-1	-1	-1	-1	-1	-1	-1	-1	-1	-1	-1	70	-1	-1	-1	-1	-1	-1	-1	FFFFFFB2	胜利宝石	31	2004	1
50621112	5	6	21	112	LiJinGemzhuoke_5	75	黄冥晶石·红利(6级·6级)	琢刻了纯净黄晶石·红利后的黄冥石·红利，可以镶嵌在攻击性装备(武器、护腕、戒指、护符、项链、暗器、武魂、龙纹、令牌、豪侠印)上，使用后不可再镶嵌同类宝石。#r#W可在洛阳（280，322）彭怀玉、楼兰（279，198）克里木、束河古镇（134，85）荆嵌实处进行#G琢刻分离#W。#r#G琢刻后的宝石无法进行合成操作#r#G无法将目标的抗性降低至负值#r#G胜利宝石	300000	2000	-1	-1	-1	-1	-1	-1	-1	-1	-1	-1	-1	-1	230	-1	-1	-1	-1	-1	-1	-1	-1	-1	-1	-1	-1	-1	-1	-1	-1	-1	-1	-1	-1	-1	-1	-1	-1	-1	-1	-1	-1	-1	-1	-1	-1	-1	-1	-1	-1	-1	-1	-1	-1	-1	-1	-1	70	-1	-1	-1	-1	-1	-1	-1	FFFFFFB2	胜利宝石	31	2004	1
50621201	5	6	21	201	Gemzhuoke_8	75	蓝冥晶石(6级·1级)	琢刻了纯净蓝晶石后的蓝冥石，可以镶嵌在攻击性装备(武器、护腕、戒指、护符、项链、暗器、武魂、龙纹、令牌、豪侠印)上，使用后不可再镶嵌同类宝石。#r#W可在洛阳（280，322）彭怀玉、楼兰（279，198）克里木、束河古镇（134，85）荆嵌实处进行#G琢刻分离#W。#r#G琢刻后的宝石无法进行合成操作#r#G无法将目标的抗性降低至负值#r#G胜利宝石	300000	2000	-1	-1	-1	-1	-1	-1	23	-1	-1	-1	-1	-1	-1	-1	-1	-1	-1	-1	-1	-1	-1	-1	-1	-1	-1	-1	-1	-1	-1	-1	-1	-1	-1	-1	-1	-1	-1	-1	-1	-1	-1	-1	-1	-1	-1	-1	-1	-1	-1	-1	-1	-1	-1	-1	70	-1	-1	-1	-1	-1	-1	-1	-1	-1	FFFFFFB2	胜利宝石	32	2004	1
50621202	5	6	21	202	Gemzhuoke_8	75	蓝冥晶石(6级·2级)	琢刻了纯净蓝晶石后的蓝冥石，可以镶嵌在攻击性装备(武器、护腕、戒指、护符、项链、暗器、武魂、龙纹、令牌、豪侠印)上，使用后不可再镶嵌同类宝石。#r#W可在洛阳（280，322）彭怀玉、楼兰（279，198）克里木、束河古镇（134，85）荆嵌实处进行#G琢刻分离#W。#r#G琢刻后的宝石无法进行合成操作#r#G无法将目标的抗性降低至负值#r#G胜利宝石	300000	2000	-1	-1	-1	-1	-1	-1	33	-1	-1	-1	-1	-1	-1	-1	-1	-1	-1	-1	-1	-1	-1	-1	-1	-1	-1	-1	-1	-1	-1	-1	-1	-1	-1	-1	-1	-1	-1	-1	-1	-1	-1	-1	-1	-1	-1	-1	-1	-1	-1	-1	-1	-1	-1	-1	70	-1	-1	-1	-1	-1	-1	-1	-1	-1	FFFFFFB2	胜利宝石	32	2004	1
50621203	5	6	21	203	Gemzhuoke_8	75	蓝冥晶石(6级·3级)	琢刻了纯净蓝晶石后的蓝冥石，可以镶嵌在攻击性装备(武器、护腕、戒指、护符、项链、暗器、武魂、龙纹、令牌、豪侠印)上，使用后不可再镶嵌同类宝石。#r#W可在洛阳（280，322）彭怀玉、楼兰（279，198）克里木、束河古镇（134，85）荆嵌实处进行#G琢刻分离#W。#r#G琢刻后的宝石无法进行合成操作#r#G无法将目标的抗性降低至负值#r#G胜利宝石	300000	2000	-1	-1	-1	-1	-1	-1	60	-1	-1	-1	-1	-1	-1	-1	-1	-1	-1	-1	-1	-1	-1	-1	-1	-1	-1	-1	-1	-1	-1	-1	-1	-1	-1	-1	-1	-1	-1	-1	-1	-1	-1	-1	-1	-1	-1	-1	-1	-1	-1	-1	-1	-1	-1	-1	70	-1	-1	-1	-1	-1	-1	-1	-1	-1	FFFFFFB2	胜利宝石	32	2004	1
50621204	5	6	21	204	Gemzhuoke_8	75	蓝冥晶石(6级·4级)	琢刻了纯净蓝晶石后的蓝冥石，可以镶嵌在攻击性装备(武器、护腕、戒指、护符、项链、暗器、武魂、龙纹、令牌、豪侠印)上，使用后不可再镶嵌同类宝石。#r#W可在洛阳（280，322）彭怀玉、楼兰（279，198）克里木、束河古镇（134，85）荆嵌实处进行#G琢刻分离#W。#r#G琢刻后的宝石无法进行合成操作#r#G无法将目标的抗性降低至负值#r#G胜利宝石	300000	2000	-1	-1	-1	-1	-1	-1	120	-1	-1	-1	-1	-1	-1	-1	-1	-1	-1	-1	-1	-1	-1	-1	-1	-1	-1	-1	-1	-1	-1	-1	-1	-1	-1	-1	-1	-1	-1	-1	-1	-1	-1	-1	-1	-1	-1	-1	-1	-1	-1	-1	-1	-1	-1	-1	70	-1	-1	-1	-1	-1	-1	-1	-1	-1	FFFFFFB2	胜利宝石	32	2004	1
50621205	5	6	21	205	Gemzhuoke_8	75	蓝冥晶石(6级·5级)	琢刻了纯净蓝晶石后的蓝冥石，可以镶嵌在攻击性装备(武器、护腕、戒指、护符、项链、暗器、武魂、龙纹、令牌、豪侠印)上，使用后不可再镶嵌同类宝石。#r#W可在洛阳（280，322）彭怀玉、楼兰（279，198）克里木、束河古镇（134，85）荆嵌实处进行#G琢刻分离#W。#r#G琢刻后的宝石无法进行合成操作#r#G无法将目标的抗性降低至负值#r#G胜利宝石	300000	2000	-1	-1	-1	-1	-1	-1	170	-1	-1	-1	-1	-1	-1	-1	-1	-1	-1	-1	-1	-1	-1	-1	-1	-1	-1	-1	-1	-1	-1	-1	-1	-1	-1	-1	-1	-1	-1	-1	-1	-1	-1	-1	-1	-1	-1	-1	-1	-1	-1	-1	-1	-1	-1	-1	70	-1	-1	-1	-1	-1	-1	-1	-1	-1	FFFFFFB2	胜利宝石	32	2004	1
50621206	5	6	21	206	Gemzhuoke_8	75	蓝冥晶石(6级·6级)	琢刻了纯净蓝晶石后的蓝冥石，可以镶嵌在攻击性装备(武器、护腕、戒指、护符、项链、暗器、武魂、龙纹、令牌、豪侠印)上，使用后不可再镶嵌同类宝石。#r#W可在洛阳（280，322）彭怀玉、楼兰（279，198）克里木、束河古镇（134，85）荆嵌实处进行#G琢刻分离#W。#r#G琢刻后的宝石无法进行合成操作#r#G无法将目标的抗性降低至负值#r#G胜利宝石	300000	2000	-1	-1	-1	-1	-1	-1	230	-1	-1	-1	-1	-1	-1	-1	-1	-1	-1	-1	-1	-1	-1	-1	-1	-1	-1	-1	-1	-1	-1	-1	-1	-1	-1	-1	-1	-1	-1	-1	-1	-1	-1	-1	-1	-1	-1	-1	-1	-1	-1	-1	-1	-1	-1	-1	70	-1	-1	-1	-1	-1	-1	-1	-1	-1	FFFFFFB2	胜利宝石	32	2004	1
50621207	5	6	21	207	LiJinGemzhuoke_8	75	蓝冥晶石·红利(6级·1级)	琢刻了纯净蓝晶石·红利后的蓝冥石·红利，可以镶嵌在攻击性装备(武器、护腕、戒指、护符、项链、暗器、武魂、龙纹、令牌、豪侠印)上，使用后不可再镶嵌同类宝石。#r#W可在洛阳（280，322）彭怀玉、楼兰（279，198）克里木、束河古镇（134，85）荆嵌实处进行#G琢刻分离#W。#r#G琢刻后的宝石无法进行合成操作#r#G无法将目标的抗性降低至负值#r#G胜利宝石	300000	2000	-1	-1	-1	-1	-1	-1	23	-1	-1	-1	-1	-1	-1	-1	-1	-1	-1	-1	-1	-1	-1	-1	-1	-1	-1	-1	-1	-1	-1	-1	-1	-1	-1	-1	-1	-1	-1	-1	-1	-1	-1	-1	-1	-1	-1	-1	-1	-1	-1	-1	-1	-1	-1	-1	70	-1	-1	-1	-1	-1	-1	-1	-1	-1	FFFFFFB2	胜利宝石	32	2004	1
50621208	5	6	21	208	LiJinGemzhuoke_8	75	蓝冥晶石·红利(6级·2级)	琢刻了纯净蓝晶石·红利后的蓝冥石·红利，可以镶嵌在攻击性装备(武器、护腕、戒指、护符、项链、暗器、武魂、龙纹、令牌、豪侠印)上，使用后不可再镶嵌同类宝石。#r#W可在洛阳（280，322）彭怀玉、楼兰（279，198）克里木、束河古镇（134，85）荆嵌实处进行#G琢刻分离#W。#r#G琢刻后的宝石无法进行合成操作#r#G无法将目标的抗性降低至负值#r#G胜利宝石	300000	2000	-1	-1	-1	-1	-1	-1	33	-1	-1	-1	-1	-1	-1	-1	-1	-1	-1	-1	-1	-1	-1	-1	-1	-1	-1	-1	-1	-1	-1	-1	-1	-1	-1	-1	-1	-1	-1	-1	-1	-1	-1	-1	-1	-1	-1	-1	-1	-1	-1	-1	-1	-1	-1	-1	70	-1	-1	-1	-1	-1	-1	-1	-1	-1	FFFFFFB2	胜利宝石	32	2004	1
50621209	5	6	21	209	LiJinGemzhuoke_8	75	蓝冥晶石·红利(6级·3级)	琢刻了纯净蓝晶石·红利后的蓝冥石·红利，可以镶嵌在攻击性装备(武器、护腕、戒指、护符、项链、暗器、武魂、龙纹、令牌、豪侠印)上，使用后不可再镶嵌同类宝石。#r#W可在洛阳（280，322）彭怀玉、楼兰（279，198）克里木、束河古镇（134，85）荆嵌实处进行#G琢刻分离#W。#r#G琢刻后的宝石无法进行合成操作#r#G无法将目标的抗性降低至负值#r#G胜利宝石	300000	2000	-1	-1	-1	-1	-1	-1	60	-1	-1	-1	-1	-1	-1	-1	-1	-1	-1	-1	-1	-1	-1	-1	-1	-1	-1	-1	-1	-1	-1	-1	-1	-1	-1	-1	-1	-1	-1	-1	-1	-1	-1	-1	-1	-1	-1	-1	-1	-1	-1	-1	-1	-1	-1	-1	70	-1	-1	-1	-1	-1	-1	-1	-1	-1	FFFFFFB2	胜利宝石	32	2004	1
50621210	5	6	21	210	LiJinGemzhuoke_8	75	蓝冥晶石·红利(6级·4级)	琢刻了纯净蓝晶石·红利后的蓝冥石·红利，可以镶嵌在攻击性装备(武器、护腕、戒指、护符、项链、暗器、武魂、龙纹、令牌、豪侠印)上，使用后不可再镶嵌同类宝石。#r#W可在洛阳（280，322）彭怀玉、楼兰（279，198）克里木、束河古镇（134，85）荆嵌实处进行#G琢刻分离#W。#r#G琢刻后的宝石无法进行合成操作#r#G无法将目标的抗性降低至负值#r#G胜利宝石	300000	2000	-1	-1	-1	-1	-1	-1	120	-1	-1	-1	-1	-1	-1	-1	-1	-1	-1	-1	-1	-1	-1	-1	-1	-1	-1	-1	-1	-1	-1	-1	-1	-1	-1	-1	-1	-1	-1	-1	-1	-1	-1	-1	-1	-1	-1	-1	-1	-1	-1	-1	-1	-1	-1	-1	70	-1	-1	-1	-1	-1	-1	-1	-1	-1	FFFFFFB2	胜利宝石	32	2004	1
50621211	5	6	21	211	LiJinGemzhuoke_8	75	蓝冥晶石·红利(6级·5级)	琢刻了纯净蓝晶石·红利后的蓝冥石·红利，可以镶嵌在攻击性装备(武器、护腕、戒指、护符、项链、暗器、武魂、龙纹、令牌、豪侠印)上，使用后不可再镶嵌同类宝石。#r#W可在洛阳（280，322）彭怀玉、楼兰（279，198）克里木、束河古镇（134，85）荆嵌实处进行#G琢刻分离#W。#r#G琢刻后的宝石无法进行合成操作#r#G无法将目标的抗性降低至负值#r#G胜利宝石	300000	2000	-1	-1	-1	-1	-1	-1	170	-1	-1	-1	-1	-1	-1	-1	-1	-1	-1	-1	-1	-1	-1	-1	-1	-1	-1	-1	-1	-1	-1	-1	-1	-1	-1	-1	-1	-1	-1	-1	-1	-1	-1	-1	-1	-1	-1	-1	-1	-1	-1	-1	-1	-1	-1	-1	70	-1	-1	-1	-1	-1	-1	-1	-1	-1	FFFFFFB2	胜利宝石	32	2004	1
50621212	5	6	21	212	LiJinGemzhuoke_8	75	蓝冥晶石·红利(6级·6级)	琢刻了纯净蓝晶石·红利后的蓝冥石·红利，可以镶嵌在攻击性装备(武器、护腕、戒指、护符、项链、暗器、武魂、龙纹、令牌、豪侠印)上，使用后不可再镶嵌同类宝石。#r#W可在洛阳（280，322）彭怀玉、楼兰（279，198）克里木、束河古镇（134，85）荆嵌实处进行#G琢刻分离#W。#r#G琢刻后的宝石无法进行合成操作#r#G无法将目标的抗性降低至负值#r#G胜利宝石	300000	2000	-1	-1	-1	-1	-1	-1	230	-1	-1	-1	-1	-1	-1	-1	-1	-1	-1	-1	-1	-1	-1	-1	-1	-1	-1	-1	-1	-1	-1	-1	-1	-1	-1	-1	-1	-1	-1	-1	-1	-1	-1	-1	-1	-1	-1	-1	-1	-1	-1	-1	-1	-1	-1	-1	70	-1	-1	-1	-1	-1	-1	-1	-1	-1	FFFFFFB2	胜利宝石	32	2004	1
50621301	5	6	21	301	Gemzhuoke_2	75	红冥晶石(6级·1级)	琢刻了纯净红晶石后的红冥石，可以镶嵌在攻击性装备(武器、护腕、戒指、护符、项链、暗器、武魂、龙纹、令牌、豪侠印)上，使用后不可再镶嵌同类宝石。#r#W可在洛阳（280，322）彭怀玉、楼兰（279，198）克里木、束河古镇（134，85）荆嵌实处进行#G琢刻分离#W。#r#G琢刻后的宝石无法进行合成操作#r#G无法将目标的抗性降低至负值#r#G胜利宝石	300000	2000	-1	-1	-1	-1	-1	-1	-1	-1	-1	23	-1	-1	-1	-1	-1	-1	-1	-1	-1	-1	-1	-1	-1	-1	-1	-1	-1	-1	-1	-1	-1	-1	-1	-1	-1	-1	-1	-1	-1	-1	-1	-1	-1	-1	-1	-1	-1	-1	-1	-1	-1	-1	-1	-1	-1	70	-1	-1	-1	-1	-1	-1	-1	-1	FFFFFFB2	胜利宝石	33	2004	1
50621302	5	6	21	302	Gemzhuoke_2	75	红冥晶石(6级·2级)	琢刻了纯净红晶石后的红冥石，可以镶嵌在攻击性装备(武器、护腕、戒指、护符、项链、暗器、武魂、龙纹、令牌、豪侠印)上，使用后不可再镶嵌同类宝石。#r#W可在洛阳（280，322）彭怀玉、楼兰（279，198）克里木、束河古镇（134，85）荆嵌实处进行#G琢刻分离#W。#r#G琢刻后的宝石无法进行合成操作#r#G无法将目标的抗性降低至负值#r#G胜利宝石	300000	2000	-1	-1	-1	-1	-1	-1	-1	-1	-1	33	-1	-1	-1	-1	-1	-1	-1	-1	-1	-1	-1	-1	-1	-1	-1	-1	-1	-1	-1	-1	-1	-1	-1	-1	-1	-1	-1	-1	-1	-1	-1	-1	-1	-1	-1	-1	-1	-1	-1	-1	-1	-1	-1	-1	-1	70	-1	-1	-1	-1	-1	-1	-1	-1	FFFFFFB2	胜利宝石	33	2004	1
50621303	5	6	21	303	Gemzhuoke_2	75	红冥晶石(6级·3级)	琢刻了纯净红晶石后的红冥石，可以镶嵌在攻击性装备(武器、护腕、戒指、护符、项链、暗器、武魂、龙纹、令牌、豪侠印)上，使用后不可再镶嵌同类宝石。#r#W可在洛阳（280，322）彭怀玉、楼兰（279，198）克里木、束河古镇（134，85）荆嵌实处进行#G琢刻分离#W。#r#G琢刻后的宝石无法进行合成操作#r#G无法将目标的抗性降低至负值#r#G胜利宝石	300000	2000	-1	-1	-1	-1	-1	-1	-1	-1	-1	60	-1	-1	-1	-1	-1	-1	-1	-1	-1	-1	-1	-1	-1	-1	-1	-1	-1	-1	-1	-1	-1	-1	-1	-1	-1	-1	-1	-1	-1	-1	-1	-1	-1	-1	-1	-1	-1	-1	-1	-1	-1	-1	-1	-1	-1	70	-1	-1	-1	-1	-1	-1	-1	-1	FFFFFFB2	胜利宝石	33	2004	1
50621304	5	6	21	304	Gemzhuoke_2	75	红冥晶石(6级·4级)	琢刻了纯净红晶石后的红冥石，可以镶嵌在攻击性装备(武器、护腕、戒指、护符、项链、暗器、武魂、龙纹、令牌、豪侠印)上，使用后不可再镶嵌同类宝石。#r#W可在洛阳（280，322）彭怀玉、楼兰（279，198）克里木、束河古镇（134，85）荆嵌实处进行#G琢刻分离#W。#r#G琢刻后的宝石无法进行合成操作#r#G无法将目标的抗性降低至负值#r#G胜利宝石	300000	2000	-1	-1	-1	-1	-1	-1	-1	-1	-1	120	-1	-1	-1	-1	-1	-1	-1	-1	-1	-1	-1	-1	-1	-1	-1	-1	-1	-1	-1	-1	-1	-1	-1	-1	-1	-1	-1	-1	-1	-1	-1	-1	-1	-1	-1	-1	-1	-1	-1	-1	-1	-1	-1	-1	-1	70	-1	-1	-1	-1	-1	-1	-1	-1	FFFFFFB2	胜利宝石	33	2004	1
50621305	5	6	21	305	Gemzhuoke_2	75	红冥晶石(6级·5级)	琢刻了纯净红晶石后的红冥石，可以镶嵌在攻击性装备(武器、护腕、戒指、护符、项链、暗器、武魂、龙纹、令牌、豪侠印)上，使用后不可再镶嵌同类宝石。#r#W可在洛阳（280，322）彭怀玉、楼兰（279，198）克里木、束河古镇（134，85）荆嵌实处进行#G琢刻分离#W。#r#G琢刻后的宝石无法进行合成操作#r#G无法将目标的抗性降低至负值#r#G胜利宝石	300000	2000	-1	-1	-1	-1	-1	-1	-1	-1	-1	170	-1	-1	-1	-1	-1	-1	-1	-1	-1	-1	-1	-1	-1	-1	-1	-1	-1	-1	-1	-1	-1	-1	-1	-1	-1	-1	-1	-1	-1	-1	-1	-1	-1	-1	-1	-1	-1	-1	-1	-1	-1	-1	-1	-1	-1	70	-1	-1	-1	-1	-1	-1	-1	-1	FFFFFFB2	胜利宝石	33	2004	1
50621306	5	6	21	306	Gemzhuoke_2	75	红冥晶石(6级·6级)	琢刻了纯净红晶石后的红冥石，可以镶嵌在攻击性装备(武器、护腕、戒指、护符、项链、暗器、武魂、龙纹、令牌、豪侠印)上，使用后不可再镶嵌同类宝石。#r#W可在洛阳（280，322）彭怀玉、楼兰（279，198）克里木、束河古镇（134，85）荆嵌实处进行#G琢刻分离#W。#r#G琢刻后的宝石无法进行合成操作#r#G无法将目标的抗性降低至负值#r#G胜利宝石	300000	2000	-1	-1	-1	-1	-1	-1	-1	-1	-1	230	-1	-1	-1	-1	-1	-1	-1	-1	-1	-1	-1	-1	-1	-1	-1	-1	-1	-1	-1	-1	-1	-1	-1	-1	-1	-1	-1	-1	-1	-1	-1	-1	-1	-1	-1	-1	-1	-1	-1	-1	-1	-1	-1	-1	-1	70	-1	-1	-1	-1	-1	-1	-1	-1	FFFFFFB2	胜利宝石	33	2004	1
50621307	5	6	21	307	LiJinGemzhuoke_2	75	红冥晶石·红利(6级·1级)	琢刻了纯净红晶石·红利后的红冥石·红利，可以镶嵌在攻击性装备(武器、护腕、戒指、护符、项链、暗器、武魂、龙纹、令牌、豪侠印)上，使用后不可再镶嵌同类宝石。#r#W可在洛阳（280，322）彭怀玉、楼兰（279，198）克里木、束河古镇（134，85）荆嵌实处进行#G琢刻分离#W。#r#G琢刻后的宝石无法进行合成操作#r#G无法将目标的抗性降低至负值#r#G胜利宝石	300000	2000	-1	-1	-1	-1	-1	-1	-1	-1	-1	23	-1	-1	-1	-1	-1	-1	-1	-1	-1	-1	-1	-1	-1	-1	-1	-1	-1	-1	-1	-1	-1	-1	-1	-1	-1	-1	-1	-1	-1	-1	-1	-1	-1	-1	-1	-1	-1	-1	-1	-1	-1	-1	-1	-1	-1	70	-1	-1	-1	-1	-1	-1	-1	-1	FFFFFFB2	胜利宝石	33	2004	1
50621308	5	6	21	308	LiJinGemzhuoke_2	75	红冥晶石·红利(6级·2级)	琢刻了纯净红晶石·红利后的红冥石·红利，可以镶嵌在攻击性装备(武器、护腕、戒指、护符、项链、暗器、武魂、龙纹、令牌、豪侠印)上，使用后不可再镶嵌同类宝石。#r#W可在洛阳（280，322）彭怀玉、楼兰（279，198）克里木、束河古镇（134，85）荆嵌实处进行#G琢刻分离#W。#r#G琢刻后的宝石无法进行合成操作#r#G无法将目标的抗性降低至负值#r#G胜利宝石	300000	2000	-1	-1	-1	-1	-1	-1	-1	-1	-1	33	-1	-1	-1	-1	-1	-1	-1	-1	-1	-1	-1	-1	-1	-1	-1	-1	-1	-1	-1	-1	-1	-1	-1	-1	-1	-1	-1	-1	-1	-1	-1	-1	-1	-1	-1	-1	-1	-1	-1	-1	-1	-1	-1	-1	-1	70	-1	-1	-1	-1	-1	-1	-1	-1	FFFFFFB2	胜利宝石	33	2004	1
50621309	5	6	21	309	LiJinGemzhuoke_2	75	红冥晶石·红利(6级·3级)	琢刻了纯净红晶石·红利后的红冥石·红利，可以镶嵌在攻击性装备(武器、护腕、戒指、护符、项链、暗器、武魂、龙纹、令牌、豪侠印)上，使用后不可再镶嵌同类宝石。#r#W可在洛阳（280，322）彭怀玉、楼兰（279，198）克里木、束河古镇（134，85）荆嵌实处进行#G琢刻分离#W。#r#G琢刻后的宝石无法进行合成操作#r#G无法将目标的抗性降低至负值#r#G胜利宝石	300000	2000	-1	-1	-1	-1	-1	-1	-1	-1	-1	60	-1	-1	-1	-1	-1	-1	-1	-1	-1	-1	-1	-1	-1	-1	-1	-1	-1	-1	-1	-1	-1	-1	-1	-1	-1	-1	-1	-1	-1	-1	-1	-1	-1	-1	-1	-1	-1	-1	-1	-1	-1	-1	-1	-1	-1	70	-1	-1	-1	-1	-1	-1	-1	-1	FFFFFFB2	胜利宝石	33	2004	1
50621310	5	6	21	310	LiJinGemzhuoke_2	75	红冥晶石·红利(6级·4级)	琢刻了纯净红晶石·红利后的红冥石·红利，可以镶嵌在攻击性装备(武器、护腕、戒指、护符、项链、暗器、武魂、龙纹、令牌、豪侠印)上，使用后不可再镶嵌同类宝石。#r#W可在洛阳（280，322）彭怀玉、楼兰（279，198）克里木、束河古镇（134，85）荆嵌实处进行#G琢刻分离#W。#r#G琢刻后的宝石无法进行合成操作#r#G无法将目标的抗性降低至负值#r#G胜利宝石	300000	2000	-1	-1	-1	-1	-1	-1	-1	-1	-1	120	-1	-1	-1	-1	-1	-1	-1	-1	-1	-1	-1	-1	-1	-1	-1	-1	-1	-1	-1	-1	-1	-1	-1	-1	-1	-1	-1	-1	-1	-1	-1	-1	-1	-1	-1	-1	-1	-1	-1	-1	-1	-1	-1	-1	-1	70	-1	-1	-1	-1	-1	-1	-1	-1	FFFFFFB2	胜利宝石	33	2004	1
50621311	5	6	21	311	LiJinGemzhuoke_2	75	红冥晶石·红利(6级·5级)	琢刻了纯净红晶石·红利后的红冥石·红利，可以镶嵌在攻击性装备(武器、护腕、戒指、护符、项链、暗器、武魂、龙纹、令牌、豪侠印)上，使用后不可再镶嵌同类宝石。#r#W可在洛阳（280，322）彭怀玉、楼兰（279，198）克里木、束河古镇（134，85）荆嵌实处进行#G琢刻分离#W。#r#G琢刻后的宝石无法进行合成操作#r#G无法将目标的抗性降低至负值#r#G胜利宝石	300000	2000	-1	-1	-1	-1	-1	-1	-1	-1	-1	170	-1	-1	-1	-1	-1	-1	-1	-1	-1	-1	-1	-1	-1	-1	-1	-1	-1	-1	-1	-1	-1	-1	-1	-1	-1	-1	-1	-1	-1	-1	-1	-1	-1	-1	-1	-1	-1	-1	-1	-1	-1	-1	-1	-1	-1	70	-1	-1	-1	-1	-1	-1	-1	-1	FFFFFFB2	胜利宝石	33	2004	1
50621312	5	6	21	312	LiJinGemzhuoke_2	75	红冥晶石·红利(6级·6级)	琢刻了纯净红晶石·红利后的红冥石·红利，可以镶嵌在攻击性装备(武器、护腕、戒指、护符、项链、暗器、武魂、龙纹、令牌、豪侠印)上，使用后不可再镶嵌同类宝石。#r#W可在洛阳（280，322）彭怀玉、楼兰（279，198）克里木、束河古镇（134，85）荆嵌实处进行#G琢刻分离#W。#r#G琢刻后的宝石无法进行合成操作#r#G无法将目标的抗性降低至负值#r#G胜利宝石	300000	2000	-1	-1	-1	-1	-1	-1	-1	-1	-1	230	-1	-1	-1	-1	-1	-1	-1	-1	-1	-1	-1	-1	-1	-1	-1	-1	-1	-1	-1	-1	-1	-1	-1	-1	-1	-1	-1	-1	-1	-1	-1	-1	-1	-1	-1	-1	-1	-1	-1	-1	-1	-1	-1	-1	-1	70	-1	-1	-1	-1	-1	-1	-1	-1	FFFFFFB2	胜利宝石	33	2004	1
50621401	5	6	21	401	Gemzhuoke_11	75	绿冥晶石(6级·1级)	琢刻了纯净绿晶石后的绿冥石，可以镶嵌在攻击性装备(武器、护腕、戒指、护符、项链、暗器、武魂、龙纹、令牌、豪侠印)上，使用后不可再镶嵌同类宝石。#r#W可在洛阳（280，322）彭怀玉、楼兰（279，198）克里木、束河古镇（134，85）荆嵌实处进行#G琢刻分离#W。#r#G琢刻后的宝石无法进行合成操作#r#G无法将目标的抗性降低至负值#r#G胜利宝石	300000	2000	-1	-1	-1	-1	-1	-1	-1	-1	-1	-1	-1	-1	-1	-1	-1	23	-1	-1	-1	-1	-1	-1	-1	-1	-1	-1	-1	-1	-1	-1	-1	-1	-1	-1	-1	-1	-1	-1	-1	-1	-1	-1	-1	-1	-1	-1	-1	-1	-1	-1	-1	-1	-1	-1	-1	-1	-1	70	-1	-1	-1	-1	-1	-1	FFFFFFB2	胜利宝石	34	2004	1
50621402	5	6	21	402	Gemzhuoke_11	75	绿冥晶石(6级·2级)	琢刻了纯净绿晶石后的绿冥石，可以镶嵌在攻击性装备(武器、护腕、戒指、护符、项链、暗器、武魂、龙纹、令牌、豪侠印)上，使用后不可再镶嵌同类宝石。#r#W可在洛阳（280，322）彭怀玉、楼兰（279，198）克里木、束河古镇（134，85）荆嵌实处进行#G琢刻分离#W。#r#G琢刻后的宝石无法进行合成操作#r#G无法将目标的抗性降低至负值#r#G胜利宝石	300000	2000	-1	-1	-1	-1	-1	-1	-1	-1	-1	-1	-1	-1	-1	-1	-1	33	-1	-1	-1	-1	-1	-1	-1	-1	-1	-1	-1	-1	-1	-1	-1	-1	-1	-1	-1	-1	-1	-1	-1	-1	-1	-1	-1	-1	-1	-1	-1	-1	-1	-1	-1	-1	-1	-1	-1	-1	-1	70	-1	-1	-1	-1	-1	-1	FFFFFFB2	胜利宝石	34	2004	1
50621403	5	6	21	403	Gemzhuoke_11	75	绿冥晶石(6级·3级)	琢刻了纯净绿晶石后的绿冥石，可以镶嵌在攻击性装备(武器、护腕、戒指、护符、项链、暗器、武魂、龙纹、令牌、豪侠印)上，使用后不可再镶嵌同类宝石。#r#W可在洛阳（280，322）彭怀玉、楼兰（279，198）克里木、束河古镇（134，85）荆嵌实处进行#G琢刻分离#W。#r#G琢刻后的宝石无法进行合成操作#r#G无法将目标的抗性降低至负值#r#G胜利宝石	300000	2000	-1	-1	-1	-1	-1	-1	-1	-1	-1	-1	-1	-1	-1	-1	-1	60	-1	-1	-1	-1	-1	-1	-1	-1	-1	-1	-1	-1	-1	-1	-1	-1	-1	-1	-1	-1	-1	-1	-1	-1	-1	-1	-1	-1	-1	-1	-1	-1	-1	-1	-1	-1	-1	-1	-1	-1	-1	70	-1	-1	-1	-1	-1	-1	FFFFFFB2	胜利宝石	34	2004	1
50621404	5	6	21	404	Gemzhuoke_11	75	绿冥晶石(6级·4级)	琢刻了纯净绿晶石后的绿冥石，可以镶嵌在攻击性装备(武器、护腕、戒指、护符、项链、暗器、武魂、龙纹、令牌、豪侠印)上，使用后不可再镶嵌同类宝石。#r#W可在洛阳（280，322）彭怀玉、楼兰（279，198）克里木、束河古镇（134，85）荆嵌实处进行#G琢刻分离#W。#r#G琢刻后的宝石无法进行合成操作#r#G无法将目标的抗性降低至负值#r#G胜利宝石	300000	2000	-1	-1	-1	-1	-1	-1	-1	-1	-1	-1	-1	-1	-1	-1	-1	120	-1	-1	-1	-1	-1	-1	-1	-1	-1	-1	-1	-1	-1	-1	-1	-1	-1	-1	-1	-1	-1	-1	-1	-1	-1	-1	-1	-1	-1	-1	-1	-1	-1	-1	-1	-1	-1	-1	-1	-1	-1	70	-1	-1	-1	-1	-1	-1	FFFFFFB2	胜利宝石	34	2004	1
50621405	5	6	21	405	Gemzhuoke_11	75	绿冥晶石(6级·5级)	琢刻了纯净绿晶石后的绿冥石，可以镶嵌在攻击性装备(武器、护腕、戒指、护符、项链、暗器、武魂、龙纹、令牌、豪侠印)上，使用后不可再镶嵌同类宝石。#r#W可在洛阳（280，322）彭怀玉、楼兰（279，198）克里木、束河古镇（134，85）荆嵌实处进行#G琢刻分离#W。#r#G琢刻后的宝石无法进行合成操作#r#G无法将目标的抗性降低至负值#r#G胜利宝石	300000	2000	-1	-1	-1	-1	-1	-1	-1	-1	-1	-1	-1	-1	-1	-1	-1	170	-1	-1	-1	-1	-1	-1	-1	-1	-1	-1	-1	-1	-1	-1	-1	-1	-1	-1	-1	-1	-1	-1	-1	-1	-1	-1	-1	-1	-1	-1	-1	-1	-1	-1	-1	-1	-1	-1	-1	-1	-1	70	-1	-1	-1	-1	-1	-1	FFFFFFB2	胜利宝石	34	2004	1
50621406	5	6	21	406	Gemzhuoke_11	75	绿冥晶石(6级·6级)	琢刻了纯净绿晶石后的绿冥石，可以镶嵌在攻击性装备(武器、护腕、戒指、护符、项链、暗器、武魂、龙纹、令牌、豪侠印)上，使用后不可再镶嵌同类宝石。#r#W可在洛阳（280，322）彭怀玉、楼兰（279，198）克里木、束河古镇（134，85）荆嵌实处进行#G琢刻分离#W。#r#G琢刻后的宝石无法进行合成操作#r#G无法将目标的抗性降低至负值#r#G胜利宝石	300000	2000	-1	-1	-1	-1	-1	-1	-1	-1	-1	-1	-1	-1	-1	-1	-1	230	-1	-1	-1	-1	-1	-1	-1	-1	-1	-1	-1	-1	-1	-1	-1	-1	-1	-1	-1	-1	-1	-1	-1	-1	-1	-1	-1	-1	-1	-1	-1	-1	-1	-1	-1	-1	-1	-1	-1	-1	-1	70	-1	-1	-1	-1	-1	-1	FFFFFFB2	胜利宝石	34	2004	1
50621407	5	6	21	407	LiJinGemzhuoke_11	75	绿冥晶石·红利(6级·1级)	琢刻了纯净绿晶石·红利后的绿冥石·红利，可以镶嵌在攻击性装备(武器、护腕、戒指、护符、项链、暗器、武魂、龙纹、令牌、豪侠印)上，使用后不可再镶嵌同类宝石。#r#W可在洛阳（280，322）彭怀玉、楼兰（279，198）克里木、束河古镇（134，85）荆嵌实处进行#G琢刻分离#W。#r#G琢刻后的宝石无法进行合成操作#r#G无法将目标的抗性降低至负值#r#G胜利宝石	300000	2000	-1	-1	-1	-1	-1	-1	-1	-1	-1	-1	-1	-1	-1	-1	-1	23	-1	-1	-1	-1	-1	-1	-1	-1	-1	-1	-1	-1	-1	-1	-1	-1	-1	-1	-1	-1	-1	-1	-1	-1	-1	-1	-1	-1	-1	-1	-1	-1	-1	-1	-1	-1	-1	-1	-1	-1	-1	70	-1	-1	-1	-1	-1	-1	FFFFFFB2	胜利宝石	34	2004	1
50621408	5	6	21	408	LiJinGemzhuoke_11	75	绿冥晶石·红利(6级·2级)	琢刻了纯净绿晶石·红利后的绿冥石·红利，可以镶嵌在攻击性装备(武器、护腕、戒指、护符、项链、暗器、武魂、龙纹、令牌、豪侠印)上，使用后不可再镶嵌同类宝石。#r#W可在洛阳（280，322）彭怀玉、楼兰（279，198）克里木、束河古镇（134，85）荆嵌实处进行#G琢刻分离#W。#r#G琢刻后的宝石无法进行合成操作#r#G无法将目标的抗性降低至负值#r#G胜利宝石	300000	2000	-1	-1	-1	-1	-1	-1	-1	-1	-1	-1	-1	-1	-1	-1	-1	33	-1	-1	-1	-1	-1	-1	-1	-1	-1	-1	-1	-1	-1	-1	-1	-1	-1	-1	-1	-1	-1	-1	-1	-1	-1	-1	-1	-1	-1	-1	-1	-1	-1	-1	-1	-1	-1	-1	-1	-1	-1	70	-1	-1	-1	-1	-1	-1	FFFFFFB2	胜利宝石	34	2004	1
50621409	5	6	21	409	LiJinGemzhuoke_11	75	绿冥晶石·红利(6级·3级)	琢刻了纯净绿晶石·红利后的绿冥石·红利，可以镶嵌在攻击性装备(武器、护腕、戒指、护符、项链、暗器、武魂、龙纹、令牌、豪侠印)上，使用后不可再镶嵌同类宝石。#r#W可在洛阳（280，322）彭怀玉、楼兰（279，198）克里木、束河古镇（134，85）荆嵌实处进行#G琢刻分离#W。#r#G琢刻后的宝石无法进行合成操作#r#G无法将目标的抗性降低至负值#r#G胜利宝石	300000	2000	-1	-1	-1	-1	-1	-1	-1	-1	-1	-1	-1	-1	-1	-1	-1	60	-1	-1	-1	-1	-1	-1	-1	-1	-1	-1	-1	-1	-1	-1	-1	-1	-1	-1	-1	-1	-1	-1	-1	-1	-1	-1	-1	-1	-1	-1	-1	-1	-1	-1	-1	-1	-1	-1	-1	-1	-1	70	-1	-1	-1	-1	-1	-1	FFFFFFB2	胜利宝石	34	2004	1
50621410	5	6	21	410	LiJinGemzhuoke_11	75	绿冥晶石·红利(6级·4级)	琢刻了纯净绿晶石·红利后的绿冥石·红利，可以镶嵌在攻击性装备(武器、护腕、戒指、护符、项链、暗器、武魂、龙纹、令牌、豪侠印)上，使用后不可再镶嵌同类宝石。#r#W可在洛阳（280，322）彭怀玉、楼兰（279，198）克里木、束河古镇（134，85）荆嵌实处进行#G琢刻分离#W。#r#G琢刻后的宝石无法进行合成操作#r#G无法将目标的抗性降低至负值#r#G胜利宝石	300000	2000	-1	-1	-1	-1	-1	-1	-1	-1	-1	-1	-1	-1	-1	-1	-1	120	-1	-1	-1	-1	-1	-1	-1	-1	-1	-1	-1	-1	-1	-1	-1	-1	-1	-1	-1	-1	-1	-1	-1	-1	-1	-1	-1	-1	-1	-1	-1	-1	-1	-1	-1	-1	-1	-1	-1	-1	-1	70	-1	-1	-1	-1	-1	-1	FFFFFFB2	胜利宝石	34	2004	1
50621411	5	6	21	411	LiJinGemzhuoke_11	75	绿冥晶石·红利(6级·5级)	琢刻了纯净绿晶石·红利后的绿冥石·红利，可以镶嵌在攻击性装备(武器、护腕、戒指、护符、项链、暗器、武魂、龙纹、令牌、豪侠印)上，使用后不可再镶嵌同类宝石。#r#W可在洛阳（280，322）彭怀玉、楼兰（279，198）克里木、束河古镇（134，85）荆嵌实处进行#G琢刻分离#W。#r#G琢刻后的宝石无法进行合成操作#r#G无法将目标的抗性降低至负值#r#G胜利宝石	300000	2000	-1	-1	-1	-1	-1	-1	-1	-1	-1	-1	-1	-1	-1	-1	-1	170	-1	-1	-1	-1	-1	-1	-1	-1	-1	-1	-1	-1	-1	-1	-1	-1	-1	-1	-1	-1	-1	-1	-1	-1	-1	-1	-1	-1	-1	-1	-1	-1	-1	-1	-1	-1	-1	-1	-1	-1	-1	70	-1	-1	-1	-1	-1	-1	FFFFFFB2	胜利宝石	34	2004	1
50621412	5	6	21	412	LiJinGemzhuoke_11	75	绿冥晶石·红利(6级·6级)	琢刻了纯净绿晶石·红利后的绿冥石·红利，可以镶嵌在攻击性装备(武器、护腕、戒指、护符、项链、暗器、武魂、龙纹、令牌、豪侠印)上，使用后不可再镶嵌同类宝石。#r#W可在洛阳（280，322）彭怀玉、楼兰（279，198）克里木、束河古镇（134，85）荆嵌实处进行#G琢刻分离#W。#r#G琢刻后的宝石无法进行合成操作#r#G无法将目标的抗性降低至负值#r#G胜利宝石	300000	2000	-1	-1	-1	-1	-1	-1	-1	-1	-1	-1	-1	-1	-1	-1	-1	230	-1	-1	-1	-1	-1	-1	-1	-1	-1	-1	-1	-1	-1	-1	-1	-1	-1	-1	-1	-1	-1	-1	-1	-1	-1	-1	-1	-1	-1	-1	-1	-1	-1	-1	-1	-1	-1	-1	-1	-1	-1	70	-1	-1	-1	-1	-1	-1	FFFFFFB2	胜利宝石	34	2004	1
50626001	5	6	26	1	Gemjiankang_3	1	黄冥石(6级)	黄色的冥石，可以镶嵌在攻击性装备(武器、护腕、戒指、护符、项链、暗器、武魂、龙纹、令牌、豪侠印)上，使用后不可再镶嵌同类宝石。#r分期购买的宝石，在余款全部还清前，暂时无法进行琢刻。#r#G无法将目标的抗性降低至负值#r#G胜利宝石	300000	2000	-1	-1	-1	-1	-1	-1	-1	-1	-1	-1	-1	-1	-1	-1	-1	-1	-1	-1	-1	-1	-1	-1	-1	-1	-1	-1	-1	-1	-1	-1	-1	-1	-1	-1	-1	-1	-1	-1	-1	-1	-1	-1	-1	-1	-1	-1	-1	-1	-1	-1	-1	-1	-1	-1	-1	-1	70	-1	-1	-1	-1	-1	-1	-1	FFFFFFB2	胜利宝石	31	2004	1
50626002	5	6	26	2	Gemjiankang_15	1	蓝冥石(6级)	蓝色的冥石，可以镶嵌在攻击性装备(武器、护腕、戒指、护符、项链、暗器、武魂、龙纹、令牌、豪侠印)上，使用后不可再镶嵌同类宝石。#r分期购买的宝石，在余款全部还清前，暂时无法进行琢刻。#r#G无法将目标的抗性降低至负值#r#G胜利宝石	300000	2000	-1	-1	-1	-1	-1	-1	-1	-1	-1	-1	-1	-1	-1	-1	-1	-1	-1	-1	-1	-1	-1	-1	-1	-1	-1	-1	-1	-1	-1	-1	-1	-1	-1	-1	-1	-1	-1	-1	-1	-1	-1	-1	-1	-1	-1	-1	-1	-1	-1	-1	-1	-1	-1	-1	70	-1	-1	-1	-1	-1	-1	-1	-1	-1	FFFFFFB2	胜利宝石	32	2004	1
50626003	5	6	26	3	Gemjiankang_11	1	红冥石(6级)	红色的冥石，可以镶嵌在攻击性装备(武器、护腕、戒指、护符、项链、暗器、武魂、龙纹、令牌、豪侠印)上，使用后不可再镶嵌同类宝石。#r分期购买的宝石，在余款全部还清前，暂时无法进行琢刻。#r#G无法将目标的抗性降低至负值#r#G胜利宝石	300000	2000	-1	-1	-1	-1	-1	-1	-1	-1	-1	-1	-1	-1	-1	-1	-1	-1	-1	-1	-1	-1	-1	-1	-1	-1	-1	-1	-1	-1	-1	-1	-1	-1	-1	-1	-1	-1	-1	-1	-1	-1	-1	-1	-1	-1	-1	-1	-1	-1	-1	-1	-1	-1	-1	-1	-1	70	-1	-1	-1	-1	-1	-1	-1	-1	FFFFFFB2	胜利宝石	33	2004	1
50626004	5	6	26	4	Gemjiankang_7	1	绿冥石(6级)	绿色的冥石，可以镶嵌在攻击性装备(武器、护腕、戒指、护符、项链、暗器、武魂、龙纹、令牌、豪侠印)上，使用后不可再镶嵌同类宝石。#r分期购买的宝石，在余款全部还清前，暂时无法进行琢刻。#r#G无法将目标的抗性降低至负值#r#G胜利宝石	300000	2000	-1	-1	-1	-1	-1	-1	-1	-1	-1	-1	-1	-1	-1	-1	-1	-1	-1	-1	-1	-1	-1	-1	-1	-1	-1	-1	-1	-1	-1	-1	-1	-1	-1	-1	-1	-1	-1	-1	-1	-1	-1	-1	-1	-1	-1	-1	-1	-1	-1	-1	-1	-1	-1	-1	-1	-1	-1	70	-1	-1	-1	-1	-1	-1	FFFFFFB2	胜利宝石	34	2004	1
50701001	5	7	1	1	Gem6_2_4	1	猫眼石(7级)	像猫眼一样的宝石，可以镶嵌在攻击性装备(武器、护腕、戒指、护符、项链、暗器、武魂、龙纹、令牌、豪侠印)上，使用后不可再镶嵌同类宝石。#r#G希望宝石	50000	1000	-1	-1	-1	-1	-1	-1	-1	-1	-1	-1	-1	-1	-1	-1	-1	-1	-1	-1	-1	-1	-1	-1	-1	-1	-1	-1	2596	-1	-1	-1	-1	-1	-1	-1	-1	-1	-1	-1	-1	-1	-1	-1	-1	-1	-1	-1	-1	-1	-1	-1	-1	-1	-1	-1	-1	-1	-1	-1	-1	-1	-1	-1	-1	-1	FFFFFFCC	希望宝石	1	2004	1
50701002	5	7	1	2	Gem6_1_1	1	虎眼石(7级)	像虎眼一样的宝石，可以镶嵌在攻击性装备(武器、护腕、戒指、护符、项链、暗器、武魂、龙纹、令牌、豪侠印)上，使用后不可再镶嵌同类宝石。#r#G希望宝石	50000	1000	-1	-1	-1	-1	-1	-1	-1	-1	-1	-1	-1	-1	-1	-1	-1	-1	-1	-1	-1	2596	-1	-1	-1	-1	-1	-1	-1	-1	-1	-1	-1	-1	-1	-1	-1	-1	-1	-1	-1	-1	-1	-1	-1	-1	-1	-1	-1	-1	-1	-1	-1	-1	-1	-1	-1	-1	-1	-1	-1	-1	-1	-1	-1	-1	FFFFFFCC	希望宝石	2	2004	1
50701003	5	7	1	3	LiJinGem6_2_4	75	猫眼石·红利(7级)	像猫眼一样的宝石，可以镶嵌在攻击性装备(武器、护腕、戒指、护符、项链、暗器、武魂、龙纹、令牌、豪侠印)上，使用后不可再镶嵌同类宝石。#r#G希望宝石	50000	1	-1	-1	-1	-1	-1	-1	-1	-1	-1	-1	-1	-1	-1	-1	-1	-1	-1	-1	-1	-1	-1	-1	-1	-1	-1	-1	2596	-1	-1	-1	-1	-1	-1	-1	-1	-1	-1	-1	-1	-1	-1	-1	-1	-1	-1	-1	-1	-1	-1	-1	-1	-1	-1	-1	-1	-1	-1	-1	-1	-1	-1	-1	-1	-1	FFFFFFCC	希望宝石	1	2004	1
50701004	5	7	1	4	LiJinGem6_1_1	75	虎眼石·红利(7级)	像虎眼一样的宝石，可以镶嵌在攻击性装备(武器、护腕、戒指、护符、项链、暗器、武魂、龙纹、令牌、豪侠印)上，使用后不可再镶嵌同类宝石。#r#G希望宝石	50000	1	-1	-1	-1	-1	-1	-1	-1	-1	-1	-1	-1	-1	-1	-1	-1	-1	-1	-1	-1	2596	-1	-1	-1	-1	-1	-1	-1	-1	-1	-1	-1	-1	-1	-1	-1	-1	-1	-1	-1	-1	-1	-1	-1	-1	-1	-1	-1	-1	-1	-1	-1	-1	-1	-1	-1	-1	-1	-1	-1	-1	-1	-1	-1	-1	FFFFFFCC	希望宝石	2	2004	1
50702001	5	7	2	1	Gem6_1_3	1	黄晶石(7级)	黄色的晶石，可以镶嵌在攻击性装备(武器、护腕、戒指、护符、项链、暗器、武魂、龙纹、令牌、豪侠印)上，使用后不可再镶嵌同类宝石。#r#G智慧宝石#W#r可在#G洛阳（280，322）#R宝石工匠彭怀玉#W或#G楼兰（279，198）#R宝石工匠克里木#W处使用#G7级宝石雕琢符#W提升宝石属性。#r#cff9900本宝石只能雕琢一次。#r#W使用三颗雕琢后的宝石，和一个#G宝石熔炼符#W，能够熔炼成一颗对应的同等级胜利宝石。	150000	1000	-1	-1	-1	-1	-1	-1	-1	-1	-1	-1	-1	-1	40	-1	-1	-1	-1	-1	-1	-1	-1	-1	-1	-1	-1	-1	-1	-1	-1	-1	-1	-1	-1	-1	-1	-1	-1	-1	-1	-1	-1	-1	-1	-1	-1	-1	-1	-1	-1	-1	-1	-1	-1	-1	-1	-1	-1	-1	-1	-1	-1	-1	-1	-1	FFFFFFCC	智慧宝石	3	2004	1
50702002	5	7	2	2	Gem6_1_4	1	蓝晶石(7级)	蓝色的晶石，可以镶嵌在攻击性装备(武器、护腕、戒指、护符、项链、暗器、武魂、龙纹、令牌、豪侠印)上，使用后不可再镶嵌同类宝石。#r#G智慧宝石#W#r可在#G洛阳（280，322）#R宝石工匠彭怀玉#W或#G楼兰（279，198）#R宝石工匠克里木#W处使用#G7级宝石雕琢符#W提升宝石属性。#r#cff9900本宝石只能雕琢一次。#r#W使用三颗雕琢后的宝石，和一个#G宝石熔炼符#W，能够熔炼成一颗对应的同等级胜利宝石。	150000	1000	-1	-1	-1	-1	-1	-1	40	-1	-1	-1	-1	-1	-1	-1	-1	-1	-1	-1	-1	-1	-1	-1	-1	-1	-1	-1	-1	-1	-1	-1	-1	-1	-1	-1	-1	-1	-1	-1	-1	-1	-1	-1	-1	-1	-1	-1	-1	-1	-1	-1	-1	-1	-1	-1	-1	-1	-1	-1	-1	-1	-1	-1	-1	-1	FFFFFFCC	智慧宝石	4	2004	1
50702003	5	7	2	3	Gem6_1_5	1	红晶石(7级)	红色的晶石，可以镶嵌在攻击性装备(武器、护腕、戒指、护符、项链、暗器、武魂、龙纹、令牌、豪侠印)上，使用后不可再镶嵌同类宝石。#r#G智慧宝石#W#r可在#G洛阳（280，322）#R宝石工匠彭怀玉#W或#G楼兰（279，198）#R宝石工匠克里木#W处使用#G7级宝石雕琢符#W提升宝石属性。#r#cff9900本宝石只能雕琢一次。#r#W使用三颗雕琢后的宝石，和一个#G宝石熔炼符#W，能够熔炼成一颗对应的同等级胜利宝石。	150000	1000	-1	-1	-1	-1	-1	-1	-1	-1	-1	40	-1	-1	-1	-1	-1	-1	-1	-1	-1	-1	-1	-1	-1	-1	-1	-1	-1	-1	-1	-1	-1	-1	-1	-1	-1	-1	-1	-1	-1	-1	-1	-1	-1	-1	-1	-1	-1	-1	-1	-1	-1	-1	-1	-1	-1	-1	-1	-1	-1	-1	-1	-1	-1	-1	FFFFFFCC	智慧宝石	5	2004	1
50702004	5	7	2	4	Gem6_1_6	1	绿晶石(7级)	绿色的晶石，可以镶嵌在攻击性装备(武器、护腕、戒指、护符、项链、暗器、武魂、龙纹、令牌、豪侠印)上，使用后不可再镶嵌同类宝石。#r#G智慧宝石#W#r可在#G洛阳（280，322）#R宝石工匠彭怀玉#W或#G楼兰（279，198）#R宝石工匠克里木#W处使用#G7级宝石雕琢符#W提升宝石属性。#r#cff9900本宝石只能雕琢一次。#r#W使用三颗雕琢后的宝石，和一个#G宝石熔炼符#W，能够熔炼成一颗对应的同等级胜利宝石。	150000	1000	-1	-1	-1	-1	-1	-1	-1	-1	-1	-1	-1	-1	-1	-1	-1	40	-1	-1	-1	-1	-1	-1	-1	-1	-1	-1	-1	-1	-1	-1	-1	-1	-1	-1	-1	-1	-1	-1	-1	-1	-1	-1	-1	-1	-1	-1	-1	-1	-1	-1	-1	-1	-1	-1	-1	-1	-1	-1	-1	-1	-1	-1	-1	-1	FFFFFFCC	智慧宝石	6	2004	1
50702005	5	7	2	5	Gem6_2_5	1	纯净黄晶石(7级)	纯净的黄晶石，可以镶嵌在攻击性装备(武器、护腕、戒指、护符、项链、暗器、武魂、龙纹、令牌、豪侠印)上，使用后不可再镶嵌同类宝石。#r可在洛阳（280，322）彭怀玉、楼兰（279，198）克里木、束河古镇（134，85）荆嵌实处，将三颗此种宝石琢刻至7级及以上等级的黄冥石之上。琢刻后的黄冥晶石将可同时拥有忽略目标玄抗及玄攻击效果。#r#G智慧宝石#r#cff9900雕琢过的宝石不能再雕琢。#r#W使用三颗此种宝石，和一个#G宝石熔炼符#W，能够熔炼成一颗对应的同等级胜利宝石。#r在#G帮会城市#W做#G炼金任务#W时，会有一定几率获得#G宝石熔炼符#W。	300000	2000	-1	-1	-1	-1	-1	-1	-1	-1	-1	-1	-1	-1	230	-1	-1	-1	-1	-1	-1	-1	-1	-1	-1	-1	-1	-1	-1	-1	-1	-1	-1	-1	-1	-1	-1	-1	-1	-1	-1	-1	-1	-1	-1	-1	-1	-1	-1	-1	-1	-1	-1	-1	-1	-1	-1	-1	-1	-1	-1	-1	-1	-1	-1	-1	FFFFFFCC	智慧宝石	14	2004	1
50702006	5	7	2	6	Gem6_2_9	1	纯净蓝晶石(7级)	纯净的蓝晶石，可以镶嵌在攻击性装备(武器、护腕、戒指、护符、项链、暗器、武魂、龙纹、令牌、豪侠印)上，使用后不可再镶嵌同类宝石。#r可在洛阳（280，322）彭怀玉、楼兰（279，198）克里木、束河古镇（134，85）荆嵌实处，将三颗此种宝石琢刻至7级及以上等级的蓝冥石之上。琢刻后的蓝冥晶石将可同时拥有忽略目标冰抗及冰攻击效果。#r#G智慧宝石#r#cff9900雕琢过的宝石不能再雕琢。#r#W使用三颗此种宝石，和一个#G宝石熔炼符#W，能够熔炼成一颗对应的同等级胜利宝石。#r在#G帮会城市#W做#G炼金任务#W时，会有一定几率获得#G宝石熔炼符#W。	300000	2000	-1	-1	-1	-1	-1	-1	230	-1	-1	-1	-1	-1	-1	-1	-1	-1	-1	-1	-1	-1	-1	-1	-1	-1	-1	-1	-1	-1	-1	-1	-1	-1	-1	-1	-1	-1	-1	-1	-1	-1	-1	-1	-1	-1	-1	-1	-1	-1	-1	-1	-1	-1	-1	-1	-1	-1	-1	-1	-1	-1	-1	-1	-1	-1	FFFFFFCC	智慧宝石	15	2004	1
50702007	5	7	2	7	Gem6_2_13	1	纯净红晶石(7级)	纯净的红晶石，可以镶嵌在攻击性装备(武器、护腕、戒指、护符、项链、暗器、武魂、龙纹、令牌、豪侠印)上，使用后不可再镶嵌同类宝石。#r可在洛阳（280，322）彭怀玉、楼兰（279，198）克里木、束河古镇（134，85）荆嵌实处，将三颗此种宝石琢刻至7级及以上等级的红冥石之上。琢刻后的红冥晶石将可同时拥有忽略目标火抗及火攻击效果。#r#G智慧宝石#r#cff9900雕琢过的宝石不能再雕琢。#r#W使用三颗此种宝石，和一个#G宝石熔炼符#W，能够熔炼成一颗对应的同等级胜利宝石。#r在#G帮会城市#W做#G炼金任务#W时，会有一定几率获得#G宝石熔炼符#W。	300000	2000	-1	-1	-1	-1	-1	-1	-1	-1	-1	230	-1	-1	-1	-1	-1	-1	-1	-1	-1	-1	-1	-1	-1	-1	-1	-1	-1	-1	-1	-1	-1	-1	-1	-1	-1	-1	-1	-1	-1	-1	-1	-1	-1	-1	-1	-1	-1	-1	-1	-1	-1	-1	-1	-1	-1	-1	-1	-1	-1	-1	-1	-1	-1	-1	FFFFFFCC	智慧宝石	16	2004	1
50702008	5	7	2	8	Gem6_2_6	1	纯净绿晶石(7级)	纯净的绿晶石，可以镶嵌在攻击性装备(武器、护腕、戒指、护符、项链、暗器、武魂、龙纹、令牌、豪侠印)上，使用后不可再镶嵌同类宝石。#r可在洛阳（280，322）彭怀玉、楼兰（279，198）克里木、束河古镇（134，85）荆嵌实处，将三颗此种宝石琢刻至7级及以上等级的绿冥石之上。琢刻后的绿冥晶石将可同时拥有忽略目标毒抗及毒攻击效果。#r#G智慧宝石#r#cff9900雕琢过的宝石不能再雕琢。#r#W使用三颗此种宝石，和一个#G宝石熔炼符#W，能够熔炼成一颗对应的同等级胜利宝石。#r在#G帮会城市#W做#G炼金任务#W时，会有一定几率获得#G宝石熔炼符#W。	300000	2000	-1	-1	-1	-1	-1	-1	-1	-1	-1	-1	-1	-1	-1	-1	-1	230	-1	-1	-1	-1	-1	-1	-1	-1	-1	-1	-1	-1	-1	-1	-1	-1	-1	-1	-1	-1	-1	-1	-1	-1	-1	-1	-1	-1	-1	-1	-1	-1	-1	-1	-1	-1	-1	-1	-1	-1	-1	-1	-1	-1	-1	-1	-1	-1	FFFFFFCC	智慧宝石	17	2004	1
50702009	5	7	2	9	LiJinGem6_1_3	75	黄晶石·红利(7级)	黄色的晶石，可以镶嵌在攻击性装备(武器、护腕、戒指、护符、项链、暗器、武魂、龙纹、令牌、豪侠印)上，使用后不可再镶嵌同类宝石。#r#G智慧宝石#W#r可在#G洛阳（280，322）#R宝石工匠彭怀玉#W或#G楼兰（279，198）#R宝石工匠克里木#W处使用#G7级宝石雕琢符#W提升宝石属性。#r#cff9900本宝石只能雕琢一次。#r#W使用三颗雕琢后的宝石，和一个#G宝石熔炼符#W，能够熔炼成一颗对应的同等级胜利宝石。	150000	1	-1	-1	-1	-1	-1	-1	-1	-1	-1	-1	-1	-1	40	-1	-1	-1	-1	-1	-1	-1	-1	-1	-1	-1	-1	-1	-1	-1	-1	-1	-1	-1	-1	-1	-1	-1	-1	-1	-1	-1	-1	-1	-1	-1	-1	-1	-1	-1	-1	-1	-1	-1	-1	-1	-1	-1	-1	-1	-1	-1	-1	-1	-1	-1	FFFFFFCC	智慧宝石	3	2004	1
50702010	5	7	2	10	LiJinGem6_1_4	75	蓝晶石·红利(7级)	蓝色的晶石，可以镶嵌在攻击性装备(武器、护腕、戒指、护符、项链、暗器、武魂、龙纹、令牌、豪侠印)上，使用后不可再镶嵌同类宝石。#r#G智慧宝石#W#r可在#G洛阳（280，322）#R宝石工匠彭怀玉#W或#G楼兰（279，198）#R宝石工匠克里木#W处使用#G7级宝石雕琢符#W提升宝石属性。#r#cff9900本宝石只能雕琢一次。#r#W使用三颗雕琢后的宝石，和一个#G宝石熔炼符#W，能够熔炼成一颗对应的同等级胜利宝石。	150000	1	-1	-1	-1	-1	-1	-1	40	-1	-1	-1	-1	-1	-1	-1	-1	-1	-1	-1	-1	-1	-1	-1	-1	-1	-1	-1	-1	-1	-1	-1	-1	-1	-1	-1	-1	-1	-1	-1	-1	-1	-1	-1	-1	-1	-1	-1	-1	-1	-1	-1	-1	-1	-1	-1	-1	-1	-1	-1	-1	-1	-1	-1	-1	-1	FFFFFFCC	智慧宝石	4	2004	1
50702011	5	7	2	11	LiJinGem6_1_5	75	红晶石·红利(7级)	红色的晶石，可以镶嵌在攻击性装备(武器、护腕、戒指、护符、项链、暗器、武魂、龙纹、令牌、豪侠印)上，使用后不可再镶嵌同类宝石。#r#G智慧宝石#W#r可在#G洛阳（280，322）#R宝石工匠彭怀玉#W或#G楼兰（279，198）#R宝石工匠克里木#W处使用#G7级宝石雕琢符#W提升宝石属性。#r#cff9900本宝石只能雕琢一次。#r#W使用三颗雕琢后的宝石，和一个#G宝石熔炼符#W，能够熔炼成一颗对应的同等级胜利宝石。	150000	1	-1	-1	-1	-1	-1	-1	-1	-1	-1	40	-1	-1	-1	-1	-1	-1	-1	-1	-1	-1	-1	-1	-1	-1	-1	-1	-1	-1	-1	-1	-1	-1	-1	-1	-1	-1	-1	-1	-1	-1	-1	-1	-1	-1	-1	-1	-1	-1	-1	-1	-1	-1	-1	-1	-1	-1	-1	-1	-1	-1	-1	-1	-1	-1	FFFFFFCC	智慧宝石	5	2004	1
50702012	5	7	2	12	LiJinGem6_1_6	75	绿晶石·红利(7级)	绿色的晶石，可以镶嵌在攻击性装备(武器、护腕、戒指、护符、项链、暗器、武魂、龙纹、令牌、豪侠印)上，使用后不可再镶嵌同类宝石。#r#G智慧宝石#W#r可在#G洛阳（280，322）#R宝石工匠彭怀玉#W或#G楼兰（279，198）#R宝石工匠克里木#W处使用#G7级宝石雕琢符#W提升宝石属性。#r#cff9900本宝石只能雕琢一次。#r#W使用三颗雕琢后的宝石，和一个#G宝石熔炼符#W，能够熔炼成一颗对应的同等级胜利宝石。	150000	1	-1	-1	-1	-1	-1	-1	-1	-1	-1	-1	-1	-1	-1	-1	-1	40	-1	-1	-1	-1	-1	-1	-1	-1	-1	-1	-1	-1	-1	-1	-1	-1	-1	-1	-1	-1	-1	-1	-1	-1	-1	-1	-1	-1	-1	-1	-1	-1	-1	-1	-1	-1	-1	-1	-1	-1	-1	-1	-1	-1	-1	-1	-1	-1	FFFFFFCC	智慧宝石	6	2004	1
50702013	5	7	2	13	LiJinGem6_2_5	75	纯净黄晶石·红利(7级)	纯净的黄晶石，可以镶嵌在攻击性装备(武器、护腕、戒指、护符、项链、暗器、武魂、龙纹、令牌、豪侠印)上，使用后不可再镶嵌同类宝石。#r可在洛阳（280，322）彭怀玉、楼兰（279，198）克里木、束河古镇（134，85）荆嵌实处，将三颗此种宝石琢刻至7级及以上等级的黄冥石·红利之上。琢刻后的黄冥晶石·红利将可同时拥有忽略目标玄抗及玄攻击效果。#r#G智慧宝石#r#cff9900雕琢过的宝石不能再雕琢。#r#W使用三颗此种宝石，和一个#G宝石熔炼符#W，能够熔炼成一颗对应的同等级胜利宝石。#r在#G帮会城市#W做#G炼金任务#W时，会有一定几率获得#G宝石熔炼符#W。	300000	1	-1	-1	-1	-1	-1	-1	-1	-1	-1	-1	-1	-1	230	-1	-1	-1	-1	-1	-1	-1	-1	-1	-1	-1	-1	-1	-1	-1	-1	-1	-1	-1	-1	-1	-1	-1	-1	-1	-1	-1	-1	-1	-1	-1	-1	-1	-1	-1	-1	-1	-1	-1	-1	-1	-1	-1	-1	-1	-1	-1	-1	-1	-1	-1	FFFFFFCC	智慧宝石	14	2004	1
50702014	5	7	2	14	LiJinGem6_2_9	75	纯净蓝晶石·红利(7级)	纯净的蓝晶石，可以镶嵌在攻击性装备(武器、护腕、戒指、护符、项链、暗器、武魂、龙纹、令牌、豪侠印)上，使用后不可再镶嵌同类宝石。#r可在洛阳（280，322）彭怀玉、楼兰（279，198）克里木、束河古镇（134，85）荆嵌实处，将三颗此种宝石琢刻至7级及以上等级的蓝冥石·红利之上。琢刻后的蓝冥晶石·红利将可同时拥有忽略目标冰抗及冰攻击效果。#r#G智慧宝石#r#cff9900雕琢过的宝石不能再雕琢。#r#W使用三颗此种宝石，和一个#G宝石熔炼符#W，能够熔炼成一颗对应的同等级胜利宝石。#r在#G帮会城市#W做#G炼金任务#W时，会有一定几率获得#G宝石熔炼符#W。	300000	1	-1	-1	-1	-1	-1	-1	230	-1	-1	-1	-1	-1	-1	-1	-1	-1	-1	-1	-1	-1	-1	-1	-1	-1	-1	-1	-1	-1	-1	-1	-1	-1	-1	-1	-1	-1	-1	-1	-1	-1	-1	-1	-1	-1	-1	-1	-1	-1	-1	-1	-1	-1	-1	-1	-1	-1	-1	-1	-1	-1	-1	-1	-1	-1	FFFFFFCC	智慧宝石	15	2004	1
50702015	5	7	2	15	LiJinGem6_2_13	75	纯净红晶石·红利(7级)	纯净的红晶石，可以镶嵌在攻击性装备(武器、护腕、戒指、护符、项链、暗器、武魂、龙纹、令牌、豪侠印)上，使用后不可再镶嵌同类宝石。#r可在洛阳（280，322）彭怀玉、楼兰（279，198）克里木、束河古镇（134，85）荆嵌实处，将三颗此种宝石琢刻至7级及以上等级的红冥石·红利之上。琢刻后的红冥晶石·红利将可同时拥有忽略目标火抗及火攻击效果。#r#G智慧宝石#r#cff9900雕琢过的宝石不能再雕琢。#r#W使用三颗此种宝石，和一个#G宝石熔炼符#W，能够熔炼成一颗对应的同等级胜利宝石。#r在#G帮会城市#W做#G炼金任务#W时，会有一定几率获得#G宝石熔炼符#W。	300000	1	-1	-1	-1	-1	-1	-1	-1	-1	-1	230	-1	-1	-1	-1	-1	-1	-1	-1	-1	-1	-1	-1	-1	-1	-1	-1	-1	-1	-1	-1	-1	-1	-1	-1	-1	-1	-1	-1	-1	-1	-1	-1	-1	-1	-1	-1	-1	-1	-1	-1	-1	-1	-1	-1	-1	-1	-1	-1	-1	-1	-1	-1	-1	-1	FFFFFFCC	智慧宝石	16	2004	1
50702016	5	7	2	16	LiJinGem6_2_6	75	纯净绿晶石·红利(7级)	纯净的绿晶石，可以镶嵌在攻击性装备(武器、护腕、戒指、护符、项链、暗器、武魂、龙纹、令牌、豪侠印)上，使用后不可再镶嵌同类宝石。#r可在洛阳（280，322）彭怀玉、楼兰（279，198）克里木、束河古镇（134，85）荆嵌实处，将三颗此种宝石琢刻至7级及以上等级的绿冥石·红利之上。琢刻后的绿冥晶石·红利将可同时拥有忽略目标毒抗及毒攻击效果。#r#G智慧宝石#r#cff9900雕琢过的宝石不能再雕琢。#r#W使用三颗此种宝石，和一个#G宝石熔炼符#W，能够熔炼成一颗对应的同等级胜利宝石。#r在#G帮会城市#W做#G炼金任务#W时，会有一定几率获得#G宝石熔炼符#W。	300000	1	-1	-1	-1	-1	-1	-1	-1	-1	-1	-1	-1	-1	-1	-1	-1	230	-1	-1	-1	-1	-1	-1	-1	-1	-1	-1	-1	-1	-1	-1	-1	-1	-1	-1	-1	-1	-1	-1	-1	-1	-1	-1	-1	-1	-1	-1	-1	-1	-1	-1	-1	-1	-1	-1	-1	-1	-1	-1	-1	-1	-1	-1	-1	-1	FFFFFFCC	智慧宝石	17	2004	1
50703001	5	7	3	1	Gem6_1_2	1	紫玉(7级)	紫色玉石，可以镶嵌在攻击性装备(武器、护腕、戒指、护符、项链、暗器、武魂、龙纹、令牌、豪侠印)上，使用后不可再镶嵌同类宝石。#r#G玄微宝石	100000	1000	-1	-1	-1	-1	-1	-1	-1	-1	-1	-1	-1	-1	-1	-1	-1	-1	-1	-1	-1	-1	-1	-1	-1	-1	-1	-1	-1	-1	-1	-1	-1	-1	-1	-1	-1	2889	-1	-1	-1	-1	-1	-1	-1	-1	-1	-1	-1	-1	-1	-1	-1	-1	-1	-1	-1	-1	-1	-1	-1	-1	-1	-1	-1	-1	FFFFFFCC	玄微宝石	7	2004	1
50703002	5	7	3	2	LiJinGem6_1_2	75	紫玉·红利(7级)	紫色玉石，可以镶嵌在攻击性装备(武器、护腕、戒指、护符、项链、暗器、武魂、龙纹、令牌、豪侠印)上，使用后不可再镶嵌同类宝石。#r#G玄微宝石	100000	1	-1	-1	-1	-1	-1	-1	-1	-1	-1	-1	-1	-1	-1	-1	-1	-1	-1	-1	-1	-1	-1	-1	-1	-1	-1	-1	-1	-1	-1	-1	-1	-1	-1	-1	-1	2889	-1	-1	-1	-1	-1	-1	-1	-1	-1	-1	-1	-1	-1	-1	-1	-1	-1	-1	-1	-1	-1	-1	-1	-1	-1	-1	-1	-1	FFFFFFCC	玄微宝石	7	2004	1
50704002	5	7	4	2	Gem6_1_8	1	变石(7级)	在阳光下呈绿色，在烛光下呈红色，可变色的宝石，可以镶嵌在攻击性装备(武器、护腕、戒指、护符、项链、暗器、武魂、龙纹、令牌、豪侠印)上，使用后不可再镶嵌同类宝石。#r#G幻冥宝石	250000	1000	-1	-1	-1	-1	-1	-1	-1	-1	-1	-1	-1	-1	-1	-1	-1	-1	-1	-1	-1	-1	-1	-1	-1	-1	-1	-1	-1	-1	-1	-1	-1	-1	-1	-1	-1	-1	-1	18	-1	-1	-1	-1	-1	-1	-1	-1	-1	-1	-1	-1	-1	-1	-1	-1	-1	-1	-1	-1	-1	-1	-1	-1	-1	-1	FFFFFFCC	幻冥宝石	8	2004	1
50704003	5	7	4	3	LiJinGem6_1_8	75	变石·红利(7级)	在阳光下呈绿色，在烛光下呈红色，可变色的宝石，可以镶嵌在攻击性装备(武器、护腕、戒指、护符、项链、暗器、武魂、龙纹、令牌、豪侠印)上，使用后不可再镶嵌同类宝石。#r#G幻冥宝石	250000	1	-1	-1	-1	-1	-1	-1	-1	-1	-1	-1	-1	-1	-1	-1	-1	-1	-1	-1	-1	-1	-1	-1	-1	-1	-1	-1	-1	-1	-1	-1	-1	-1	-1	-1	-1	-1	-1	18	-1	-1	-1	-1	-1	-1	-1	-1	-1	-1	-1	-1	-1	-1	-1	-1	-1	-1	-1	-1	-1	-1	-1	-1	-1	-1	FFFFFFCC	幻冥宝石	8	2004	1
50706001	5	7	6	1	Gem6_2_4	1	猫眼石(7级)	像猫眼一样的宝石，可以镶嵌在攻击性装备(武器、护腕、戒指、护符、项链、暗器、武魂、龙纹、令牌、豪侠印)上，使用后不可再镶嵌同类宝石。#r#G希望宝石	50000	1000	-1	-1	-1	-1	-1	-1	-1	-1	-1	-1	-1	-1	-1	-1	-1	-1	-1	-1	-1	-1	-1	-1	-1	-1	-1	-1	2596	-1	-1	-1	-1	-1	-1	-1	-1	-1	-1	-1	-1	-1	-1	-1	-1	-1	-1	-1	-1	-1	-1	-1	-1	-1	-1	-1	-1	-1	-1	-1	-1	-1	-1	-1	-1	-1	FFFFFFCC	希望宝石	1	2004	1
50706002	5	7	6	2	Gem6_1_1	1	虎眼石(7级)	像虎眼一样的宝石，可以镶嵌在攻击性装备(武器、护腕、戒指、护符、项链、暗器、武魂、龙纹、令牌、豪侠印)上，使用后不可再镶嵌同类宝石。#r#G希望宝石	50000	1000	-1	-1	-1	-1	-1	-1	-1	-1	-1	-1	-1	-1	-1	-1	-1	-1	-1	-1	-1	2596	-1	-1	-1	-1	-1	-1	-1	-1	-1	-1	-1	-1	-1	-1	-1	-1	-1	-1	-1	-1	-1	-1	-1	-1	-1	-1	-1	-1	-1	-1	-1	-1	-1	-1	-1	-1	-1	-1	-1	-1	-1	-1	-1	-1	FFFFFFCC	希望宝石	2	2004	1
50707005	5	7	7	5	Gem6_2_5	1	纯净黄晶石(7级)	纯净的黄晶石，可以镶嵌在攻击性装备(武器、护腕、戒指、护符、项链、暗器、武魂、龙纹、令牌、豪侠印)上，使用后不可再镶嵌同类宝石。#r分期购买的宝石，在余款全部还清前，暂时无法进行琢刻和熔炼。#r#G智慧宝石#W	300000	2000	-1	-1	-1	-1	-1	-1	-1	-1	-1	-1	-1	-1	230	-1	-1	-1	-1	-1	-1	-1	-1	-1	-1	-1	-1	-1	-1	-1	-1	-1	-1	-1	-1	-1	-1	-1	-1	-1	-1	-1	-1	-1	-1	-1	-1	-1	-1	-1	-1	-1	-1	-1	-1	-1	-1	-1	-1	-1	-1	-1	-1	-1	-1	-1	FFFFFFCC	智慧宝石	14	2004	1
50707006	5	7	7	6	Gem6_2_9	1	纯净蓝晶石(7级)	纯净的蓝晶石，可以镶嵌在攻击性装备(武器、护腕、戒指、护符、项链、暗器、武魂、龙纹、令牌、豪侠印)上，使用后不可再镶嵌同类宝石。#r分期购买的宝石，在余款全部还清前，暂时无法进行琢刻和熔炼。#r#G智慧宝石#W	300000	2000	-1	-1	-1	-1	-1	-1	230	-1	-1	-1	-1	-1	-1	-1	-1	-1	-1	-1	-1	-1	-1	-1	-1	-1	-1	-1	-1	-1	-1	-1	-1	-1	-1	-1	-1	-1	-1	-1	-1	-1	-1	-1	-1	-1	-1	-1	-1	-1	-1	-1	-1	-1	-1	-1	-1	-1	-1	-1	-1	-1	-1	-1	-1	-1	FFFFFFCC	智慧宝石	15	2004	1
50707007	5	7	7	7	Gem6_2_13	1	纯净红晶石(7级)	纯净的红晶石，可以镶嵌在攻击性装备(武器、护腕、戒指、护符、项链、暗器、武魂、龙纹、令牌、豪侠印)上，使用后不可再镶嵌同类宝石。#r分期购买的宝石，在余款全部还清前，暂时无法进行琢刻和熔炼。#r#G智慧宝石#W	300000	2000	-1	-1	-1	-1	-1	-1	-1	-1	-1	230	-1	-1	-1	-1	-1	-1	-1	-1	-1	-1	-1	-1	-1	-1	-1	-1	-1	-1	-1	-1	-1	-1	-1	-1	-1	-1	-1	-1	-1	-1	-1	-1	-1	-1	-1	-1	-1	-1	-1	-1	-1	-1	-1	-1	-1	-1	-1	-1	-1	-1	-1	-1	-1	-1	FFFFFFCC	智慧宝石	16	2004	1
50707008	5	7	7	8	Gem6_2_6	1	纯净绿晶石(7级)	纯净的绿晶石，可以镶嵌在攻击性装备(武器、护腕、戒指、护符、项链、暗器、武魂、龙纹、令牌、豪侠印)上，使用后不可再镶嵌同类宝石。#r分期购买的宝石，在余款全部还清前，暂时无法进行琢刻和熔炼。#r#G智慧宝石#W	300000	2000	-1	-1	-1	-1	-1	-1	-1	-1	-1	-1	-1	-1	-1	-1	-1	230	-1	-1	-1	-1	-1	-1	-1	-1	-1	-1	-1	-1	-1	-1	-1	-1	-1	-1	-1	-1	-1	-1	-1	-1	-1	-1	-1	-1	-1	-1	-1	-1	-1	-1	-1	-1	-1	-1	-1	-1	-1	-1	-1	-1	-1	-1	-1	-1	FFFFFFCC	智慧宝石	17	2004	1
50708001	5	7	8	1	Gem6_1_2	1	紫玉(7级)	紫色玉石，可以镶嵌在攻击性装备(武器、护腕、戒指、护符、项链、暗器、武魂、龙纹、令牌、豪侠印)上，使用后不可再镶嵌同类宝石。#r#G玄微宝石	100000	1000	-1	-1	-1	-1	-1	-1	-1	-1	-1	-1	-1	-1	-1	-1	-1	-1	-1	-1	-1	-1	-1	-1	-1	-1	-1	-1	-1	-1	-1	-1	-1	-1	-1	-1	-1	2889	-1	-1	-1	-1	-1	-1	-1	-1	-1	-1	-1	-1	-1	-1	-1	-1	-1	-1	-1	-1	-1	-1	-1	-1	-1	-1	-1	-1	FFFFFFCC	玄微宝石	7	2004	1
50709002	5	7	9	2	Gem6_1_8	1	变石(7级)	在阳光下呈绿色，在烛光下呈红色，可变色的宝石，可以镶嵌在攻击性装备(武器、护腕、戒指、护符、项链、暗器、武魂、龙纹、令牌、豪侠印)上，使用后不可再镶嵌同类宝石。#r#G幻冥宝石	250000	1000	-1	-1	-1	-1	-1	-1	-1	-1	-1	-1	-1	-1	-1	-1	-1	-1	-1	-1	-1	-1	-1	-1	-1	-1	-1	-1	-1	-1	-1	-1	-1	-1	-1	-1	-1	-1	-1	18	-1	-1	-1	-1	-1	-1	-1	-1	-1	-1	-1	-1	-1	-1	-1	-1	-1	-1	-1	-1	-1	-1	-1	-1	-1	-1	FFFFFFCC	幻冥宝石	8	2004	1
50711001	5	7	11	1	Gem6_1_9	1	石榴石(7级)	因其外形酷似成熟的石榴籽而得名的宝石，可以镶嵌在防御性装备(衣服、手套、帽子、护肩、鞋、腰带、项链、暗器、武魂、龙纹、令牌、豪侠印)上，使用后不可再镶嵌同类宝石。#r#G生命宝石	50000	1000	-1	-1	-1	-1	-1	-1	-1	-1	-1	-1	-1	-1	-1	-1	-1	-1	-1	-1	-1	-1	-1	-1	-1	-1	-1	-1	-1	-1	-1	2584	-1	-1	-1	-1	-1	-1	-1	-1	-1	-1	-1	-1	-1	-1	-1	-1	-1	-1	-1	-1	-1	-1	-1	-1	-1	-1	-1	-1	-1	-1	-1	-1	-1	-1	FFFFFF66	生命宝石	7	2004	1
50711002	5	7	11	2	Gem6_1_12	1	尖晶石(7级)	颜色繁多且艳丽的宝石，可以镶嵌在防御性装备(衣服、手套、帽子、护肩、鞋、腰带、项链、暗器、武魂、龙纹、令牌、豪侠印)上，使用后不可再镶嵌同类宝石。#r#G生命宝石	50000	1000	-1	-1	-1	-1	-1	-1	-1	-1	-1	-1	-1	-1	-1	-1	-1	-1	-1	-1	-1	-1	-1	-1	2584	-1	-1	-1	-1	-1	-1	-1	-1	-1	-1	-1	-1	-1	-1	-1	-1	-1	-1	-1	-1	-1	-1	-1	-1	-1	-1	-1	-1	-1	-1	-1	-1	-1	-1	-1	-1	-1	-1	-1	-1	-1	FFFFFF66	生命宝石	11	2004	1
50711003	5	7	11	3	LiJinGem6_1_9	75	石榴石·红利(7级)	因其外形酷似成熟的石榴籽而得名的宝石，可以镶嵌在防御性装备(衣服、手套、帽子、护肩、鞋、腰带、项链、暗器、武魂、龙纹、令牌、豪侠印)上，使用后不可再镶嵌同类宝石。#r#G生命宝石	50000	1	-1	-1	-1	-1	-1	-1	-1	-1	-1	-1	-1	-1	-1	-1	-1	-1	-1	-1	-1	-1	-1	-1	-1	-1	-1	-1	-1	-1	-1	2584	-1	-1	-1	-1	-1	-1	-1	-1	-1	-1	-1	-1	-1	-1	-1	-1	-1	-1	-1	-1	-1	-1	-1	-1	-1	-1	-1	-1	-1	-1	-1	-1	-1	-1	FFFFFF66	生命宝石	7	2004	1
50711004	5	7	11	4	LiJinGem6_1_12	75	尖晶石·红利(7级)	颜色繁多且艳丽的宝石，可以镶嵌在防御性装备(衣服、手套、帽子、护肩、鞋、腰带、项链、暗器、武魂、龙纹、令牌、豪侠印)上，使用后不可再镶嵌同类宝石。#r#G生命宝石	50000	1	-1	-1	-1	-1	-1	-1	-1	-1	-1	-1	-1	-1	-1	-1	-1	-1	-1	-1	-1	-1	-1	-1	2584	-1	-1	-1	-1	-1	-1	-1	-1	-1	-1	-1	-1	-1	-1	-1	-1	-1	-1	-1	-1	-1	-1	-1	-1	-1	-1	-1	-1	-1	-1	-1	-1	-1	-1	-1	-1	-1	-1	-1	-1	-1	FFFFFF66	生命宝石	11	2004	1
50712001	5	7	12	1	Gem6_1_11	1	黄玉(7级)	黄色的玉石，可以镶嵌在防御性装备(衣服、手套、帽子、护肩、鞋、腰带、项链、暗器、武魂、龙纹、令牌、豪侠印)上，使用后不可再镶嵌同类宝石。#r#G魅力宝石#W#r可在#G洛阳（280，322）#R宝石工匠彭怀玉#W或#G楼兰（279，198）#R宝石工匠克里木#W处使用#G7级宝石雕琢符#W提升宝石属性。#r#cff9900本宝石只能雕琢一次。	150000	1000	-1	-1	-1	-1	-1	-1	-1	-1	-1	-1	-1	-1	-1	16	-1	-1	-1	-1	-1	-1	-1	-1	-1	-1	-1	-1	-1	-1	-1	-1	-1	-1	-1	-1	-1	-1	-1	-1	-1	-1	-1	-1	-1	-1	-1	-1	-1	-1	-1	-1	-1	-1	-1	-1	-1	-1	-1	-1	-1	-1	-1	-1	-1	-1	FFFFFF66	魅力宝石	12	2004	1
50712002	5	7	12	2	Gem6_1_10	1	皓石(7级)	闪闪发亮的宝石，可以镶嵌在防御性装备(衣服、手套、帽子、护肩、鞋、腰带、项链、暗器、武魂、龙纹、令牌、豪侠印)上，使用后不可再镶嵌同类宝石。#r#G魅力宝石#W#r可在#G洛阳（280，322）#R宝石工匠彭怀玉#W或#G楼兰（279，198）#R宝石工匠克里木#W处使用#G7级宝石雕琢符#W提升宝石属性。#r#cff9900本宝石只能雕琢一次。	150000	1000	-1	-1	-1	-1	-1	-1	-1	16	-1	-1	-1	-1	-1	-1	-1	-1	-1	-1	-1	-1	-1	-1	-1	-1	-1	-1	-1	-1	-1	-1	-1	-1	-1	-1	-1	-1	-1	-1	-1	-1	-1	-1	-1	-1	-1	-1	-1	-1	-1	-1	-1	-1	-1	-1	-1	-1	-1	-1	-1	-1	-1	-1	-1	-1	FFFFFF66	魅力宝石	2	2004	1
50712003	5	7	12	3	Gem6_1_13	1	月光石(7级)	具淡蓝色的晕彩，如同朦胧的月光的宝石，可以镶嵌在防御性装备(衣服、手套、帽子、护肩、鞋、腰带、项链、暗器、武魂、龙纹、令牌、豪侠印)上，使用后不可再镶嵌同类宝石。#r#G魅力宝石#W#r可在#G洛阳（280，322）#R宝石工匠彭怀玉#W或#G楼兰（279，198）#R宝石工匠克里木#W处使用#G7级宝石雕琢符#W提升宝石属性。#r#cff9900本宝石只能雕琢一次。	150000	1000	-1	-1	-1	-1	-1	-1	-1	-1	-1	-1	16	-1	-1	-1	-1	-1	-1	-1	-1	-1	-1	-1	-1	-1	-1	-1	-1	-1	-1	-1	-1	-1	-1	-1	-1	-1	-1	-1	-1	-1	-1	-1	-1	-1	-1	-1	-1	-1	-1	-1	-1	-1	-1	-1	-1	-1	-1	-1	-1	-1	-1	-1	-1	-1	FFFFFF66	魅力宝石	4	2004	1
50712004	5	7	12	4	Gem6_2_1	1	碧玺(7级)	颜色繁多且艳丽的宝石，可以镶嵌在防御性装备(衣服、手套、帽子、护肩、鞋、腰带、项链、暗器、武魂、龙纹、令牌、豪侠印)上，使用后不可再镶嵌同类宝石。#r#G魅力宝石#W#r可在#G洛阳（280，322）#R宝石工匠彭怀玉#W或#G楼兰（279，198）#R宝石工匠克里木#W处使用#G7级宝石雕琢符#W提升宝石属性。#r#cff9900本宝石只能雕琢一次。	150000	1000	-1	-1	-1	-1	-1	-1	-1	-1	-1	-1	-1	-1	-1	-1	-1	-1	16	-1	-1	-1	-1	-1	-1	-1	-1	-1	-1	-1	-1	-1	-1	-1	-1	-1	-1	-1	-1	-1	-1	-1	-1	-1	-1	-1	-1	-1	-1	-1	-1	-1	-1	-1	-1	-1	-1	-1	-1	-1	-1	-1	-1	-1	-1	-1	FFFFFF66	魅力宝石	3	2004	1
50712005	5	7	12	5	Gem6_2_10	1	纯净黄玉(7级)	纯净的黄玉，可以镶嵌在防御性装备(衣服、手套、帽子、护肩、鞋、腰带、项链、暗器、武魂、龙纹、令牌、豪侠印)上，使用后不可再镶嵌同类宝石。#r#G魅力宝石#r#cff9900雕琢过的宝石不能再雕琢。	300000	2000	-1	-1	-1	-1	-1	-1	-1	-1	-1	-1	-1	-1	-1	90	-1	-1	-1	-1	-1	-1	-1	-1	-1	-1	-1	-1	-1	-1	-1	-1	-1	-1	-1	-1	-1	-1	-1	-1	-1	-1	-1	-1	-1	-1	-1	-1	-1	-1	-1	-1	-1	-1	-1	-1	-1	-1	-1	-1	-1	-1	-1	-1	-1	-1	FFFFFFCC	魅力宝石	16	2004	1
50712006	5	7	12	6	Gem6_2_14	1	纯净皓石(7级)	纯净的皓石，可以镶嵌在防御性装备(衣服、手套、帽子、护肩、鞋、腰带、项链、暗器、武魂、龙纹、令牌、豪侠印)上，使用后不可再镶嵌同类宝石。#r#G魅力宝石#r#cff9900雕琢过的宝石不能再雕琢。	300000	2000	-1	-1	-1	-1	-1	-1	-1	90	-1	-1	-1	-1	-1	-1	-1	-1	-1	-1	-1	-1	-1	-1	-1	-1	-1	-1	-1	-1	-1	-1	-1	-1	-1	-1	-1	-1	-1	-1	-1	-1	-1	-1	-1	-1	-1	-1	-1	-1	-1	-1	-1	-1	-1	-1	-1	-1	-1	-1	-1	-1	-1	-1	-1	-1	FFFFFFCC	魅力宝石	17	2004	1
50712007	5	7	12	7	Gem6_2_11	1	纯净月光石(7级)	纯净的月光石，可以镶嵌在防御性装备(衣服、手套、帽子、护肩、鞋、腰带、项链、暗器、武魂、龙纹、令牌、豪侠印)上，使用后不可再镶嵌同类宝石。#r#G魅力宝石#r#cff9900雕琢过的宝石不能再雕琢。	300000	2000	-1	-1	-1	-1	-1	-1	-1	-1	-1	-1	90	-1	-1	-1	-1	-1	-1	-1	-1	-1	-1	-1	-1	-1	-1	-1	-1	-1	-1	-1	-1	-1	-1	-1	-1	-1	-1	-1	-1	-1	-1	-1	-1	-1	-1	-1	-1	-1	-1	-1	-1	-1	-1	-1	-1	-1	-1	-1	-1	-1	-1	-1	-1	-1	FFFFFFCC	魅力宝石	15	2004	1
50712008	5	7	12	8	Gem6_2_15	1	纯净碧玺(7级)	纯净的碧玺，可以镶嵌在防御性装备(衣服、手套、帽子、护肩、鞋、腰带、项链、暗器、武魂、龙纹、令牌、豪侠印)上，使用后不可再镶嵌同类宝石。#r#G魅力宝石#r#cff9900雕琢过的宝石不能再雕琢。	300000	2000	-1	-1	-1	-1	-1	-1	-1	-1	-1	-1	-1	-1	-1	-1	-1	-1	90	-1	-1	-1	-1	-1	-1	-1	-1	-1	-1	-1	-1	-1	-1	-1	-1	-1	-1	-1	-1	-1	-1	-1	-1	-1	-1	-1	-1	-1	-1	-1	-1	-1	-1	-1	-1	-1	-1	-1	-1	-1	-1	-1	-1	-1	-1	-1	FFFFFFCC	魅力宝石	14	2004	1
50712009	5	7	12	9	LiJinGem6_1_11	75	黄玉·红利(7级)	黄色的玉石，可以镶嵌在防御性装备(衣服、手套、帽子、护肩、鞋、腰带、项链、暗器、武魂、龙纹、令牌、豪侠印)上，使用后不可再镶嵌同类宝石。#r#G魅力宝石#W#r可在#G洛阳（280，322）#R宝石工匠彭怀玉#W或#G楼兰（279，198）#R宝石工匠克里木#W处使用#G7级宝石雕琢符#W提升宝石属性。#r#cff9900本宝石只能雕琢一次。	150000	1	-1	-1	-1	-1	-1	-1	-1	-1	-1	-1	-1	-1	-1	16	-1	-1	-1	-1	-1	-1	-1	-1	-1	-1	-1	-1	-1	-1	-1	-1	-1	-1	-1	-1	-1	-1	-1	-1	-1	-1	-1	-1	-1	-1	-1	-1	-1	-1	-1	-1	-1	-1	-1	-1	-1	-1	-1	-1	-1	-1	-1	-1	-1	-1	FFFFFF66	魅力宝石	12	2004	1
50712010	5	7	12	10	LiJinGem6_1_10	75	皓石·红利(7级)	闪闪发亮的宝石，可以镶嵌在防御性装备(衣服、手套、帽子、护肩、鞋、腰带、项链、暗器、武魂、龙纹、令牌、豪侠印)上，使用后不可再镶嵌同类宝石。#r#G魅力宝石#W#r可在#G洛阳（280，322）#R宝石工匠彭怀玉#W或#G楼兰（279，198）#R宝石工匠克里木#W处使用#G7级宝石雕琢符#W提升宝石属性。#r#cff9900本宝石只能雕琢一次。	150000	1	-1	-1	-1	-1	-1	-1	-1	16	-1	-1	-1	-1	-1	-1	-1	-1	-1	-1	-1	-1	-1	-1	-1	-1	-1	-1	-1	-1	-1	-1	-1	-1	-1	-1	-1	-1	-1	-1	-1	-1	-1	-1	-1	-1	-1	-1	-1	-1	-1	-1	-1	-1	-1	-1	-1	-1	-1	-1	-1	-1	-1	-1	-1	-1	FFFFFF66	魅力宝石	2	2004	1
50712011	5	7	12	11	LiJinGem6_1_13	75	月光石·红利(7级)	具淡蓝色的晕彩，如同朦胧的月光的宝石，可以镶嵌在防御性装备(衣服、手套、帽子、护肩、鞋、腰带、项链、暗器、武魂、龙纹、令牌、豪侠印)上，使用后不可再镶嵌同类宝石。#r#G魅力宝石#W#r可在#G洛阳（280，322）#R宝石工匠彭怀玉#W或#G楼兰（279，198）#R宝石工匠克里木#W处使用#G7级宝石雕琢符#W提升宝石属性。#r#cff9900本宝石只能雕琢一次。	150000	1	-1	-1	-1	-1	-1	-1	-1	-1	-1	-1	16	-1	-1	-1	-1	-1	-1	-1	-1	-1	-1	-1	-1	-1	-1	-1	-1	-1	-1	-1	-1	-1	-1	-1	-1	-1	-1	-1	-1	-1	-1	-1	-1	-1	-1	-1	-1	-1	-1	-1	-1	-1	-1	-1	-1	-1	-1	-1	-1	-1	-1	-1	-1	-1	FFFFFF66	魅力宝石	4	2004	1
50712012	5	7	12	12	LiJinGem6_2_1	75	碧玺·红利(7级)	颜色繁多且艳丽的宝石，可以镶嵌在防御性装备(衣服、手套、帽子、护肩、鞋、腰带、项链、暗器、武魂、龙纹、令牌、豪侠印)上，使用后不可再镶嵌同类宝石。#r#G魅力宝石#W#r可在#G洛阳（280，322）#R宝石工匠彭怀玉#W或#G楼兰（279，198）#R宝石工匠克里木#W处使用#G7级宝石雕琢符#W提升宝石属性。#r#cff9900本宝石只能雕琢一次。	150000	1	-1	-1	-1	-1	-1	-1	-1	-1	-1	-1	-1	-1	-1	-1	-1	-1	16	-1	-1	-1	-1	-1	-1	-1	-1	-1	-1	-1	-1	-1	-1	-1	-1	-1	-1	-1	-1	-1	-1	-1	-1	-1	-1	-1	-1	-1	-1	-1	-1	-1	-1	-1	-1	-1	-1	-1	-1	-1	-1	-1	-1	-1	-1	-1	FFFFFF66	魅力宝石	3	2004	1
50712013	5	7	12	13	LiJinGem6_2_10	75	纯净黄玉·红利(7级)	纯净的黄玉，可以镶嵌在防御性装备(衣服、手套、帽子、护肩、鞋、腰带、项链、暗器、武魂、龙纹、令牌、豪侠印)上，使用后不可再镶嵌同类宝石。#r#G魅力宝石#r#cff9900雕琢过的宝石不能再雕琢。	300000	1	-1	-1	-1	-1	-1	-1	-1	-1	-1	-1	-1	-1	-1	90	-1	-1	-1	-1	-1	-1	-1	-1	-1	-1	-1	-1	-1	-1	-1	-1	-1	-1	-1	-1	-1	-1	-1	-1	-1	-1	-1	-1	-1	-1	-1	-1	-1	-1	-1	-1	-1	-1	-1	-1	-1	-1	-1	-1	-1	-1	-1	-1	-1	-1	FFFFFFCC	魅力宝石	16	2004	1
50712014	5	7	12	14	LiJinGem6_2_14	75	纯净皓石·红利(7级)	纯净的皓石，可以镶嵌在防御性装备(衣服、手套、帽子、护肩、鞋、腰带、项链、暗器、武魂、龙纹、令牌、豪侠印)上，使用后不可再镶嵌同类宝石。#r#G魅力宝石#r#cff9900雕琢过的宝石不能再雕琢。	300000	1	-1	-1	-1	-1	-1	-1	-1	90	-1	-1	-1	-1	-1	-1	-1	-1	-1	-1	-1	-1	-1	-1	-1	-1	-1	-1	-1	-1	-1	-1	-1	-1	-1	-1	-1	-1	-1	-1	-1	-1	-1	-1	-1	-1	-1	-1	-1	-1	-1	-1	-1	-1	-1	-1	-1	-1	-1	-1	-1	-1	-1	-1	-1	-1	FFFFFFCC	魅力宝石	17	2004	1
50712015	5	7	12	15	LiJinGem6_2_11	75	纯净月光石·红利(7级)	纯净的月光石，可以镶嵌在防御性装备(衣服、手套、帽子、护肩、鞋、腰带、项链、暗器、武魂、龙纹、令牌、豪侠印)上，使用后不可再镶嵌同类宝石。#r#G魅力宝石#r#cff9900雕琢过的宝石不能再雕琢。	300000	1	-1	-1	-1	-1	-1	-1	-1	-1	-1	-1	90	-1	-1	-1	-1	-1	-1	-1	-1	-1	-1	-1	-1	-1	-1	-1	-1	-1	-1	-1	-1	-1	-1	-1	-1	-1	-1	-1	-1	-1	-1	-1	-1	-1	-1	-1	-1	-1	-1	-1	-1	-1	-1	-1	-1	-1	-1	-1	-1	-1	-1	-1	-1	-1	FFFFFFCC	魅力宝石	15	2004	1
50712016	5	7	12	16	LiJinGem6_2_15	75	纯净碧玺·红利(7级)	纯净的碧玺，可以镶嵌在防御性装备(衣服、手套、帽子、护肩、鞋、腰带、项链、暗器、武魂、龙纹、令牌、豪侠印)上，使用后不可再镶嵌同类宝石。#r#G魅力宝石#r#cff9900雕琢过的宝石不能再雕琢。	300000	1	-1	-1	-1	-1	-1	-1	-1	-1	-1	-1	-1	-1	-1	-1	-1	-1	90	-1	-1	-1	-1	-1	-1	-1	-1	-1	-1	-1	-1	-1	-1	-1	-1	-1	-1	-1	-1	-1	-1	-1	-1	-1	-1	-1	-1	-1	-1	-1	-1	-1	-1	-1	-1	-1	-1	-1	-1	-1	-1	-1	-1	-1	-1	-1	FFFFFFCC	魅力宝石	14	2004	1
50713001	5	7	13	1	Gem6_1_15	1	黄宝石(7级)	黄色的宝石，可以镶嵌在防御性装备(衣服、手套、帽子、护肩、鞋、腰带、项链、暗器、武魂、龙纹、令牌、豪侠印)上，使用后不可再镶嵌同类宝石。#r#G命运宝石	75000	1000	-1	-1	-1	-1	-1	-1	-1	-1	-1	-1	-1	-1	-1	-1	-1	-1	-1	-1	-1	-1	-1	-1	-1	-1	-1	-1	-1	-1	-1	-1	-1	-1	-1	-1	-1	-1	-1	-1	-1	-1	-1	-1	270	-1	-1	-1	-1	-1	-1	-1	-1	-1	-1	-1	-1	-1	-1	-1	-1	-1	-1	-1	-1	-1	FFFFFF66	命运宝石	5	2004	1
50713002	5	7	13	2	Gem6_1_16	1	蓝宝石(7级)	蓝色的宝石，可以镶嵌在防御性装备(衣服、手套、帽子、护肩、鞋、腰带、项链、暗器、武魂、龙纹、令牌、豪侠印)上，使用后不可再镶嵌同类宝石。#r#G命运宝石	75000	1000	-1	-1	-1	-1	-1	-1	-1	-1	-1	-1	-1	-1	-1	-1	-1	-1	-1	-1	-1	-1	-1	-1	-1	-1	-1	-1	-1	-1	-1	-1	-1	-1	-1	-1	-1	-1	-1	-1	-1	-1	-1	-1	-1	270	-1	-1	-1	-1	-1	-1	-1	-1	-1	-1	-1	-1	-1	-1	-1	-1	-1	-1	-1	-1	FFFFFF66	命运宝石	6	2004	1
50713003	5	7	13	3	Gem6_1_7	1	绿宝石(7级)	绿色的宝石，可以镶嵌在防御性装备(衣服、手套、帽子、护肩、鞋、腰带、项链、暗器、武魂、龙纹、令牌、豪侠印)上，使用后不可再镶嵌同类宝石。#r#G命运宝石	75000	1000	-1	-1	-1	-1	-1	-1	-1	-1	-1	-1	-1	-1	-1	-1	-1	-1	-1	-1	-1	-1	-1	-1	-1	-1	-1	-1	-1	-1	-1	-1	-1	-1	-1	-1	-1	-1	-1	-1	-1	-1	-1	-1	-1	-1	-1	-1	145	-1	-1	-1	-1	-1	-1	-1	-1	-1	-1	-1	-1	-1	-1	-1	-1	-1	FFFFFF66	命运宝石	9	2004	1
50713004	5	7	13	4	Gem6_2_2	1	红宝石(7级)	红色的宝石，可以镶嵌在防御性装备(衣服、手套、帽子、护肩、鞋、腰带、项链、暗器、武魂、龙纹、令牌、豪侠印)上，使用后不可再镶嵌同类宝石。#r#G命运宝石	75000	1000	-1	-1	-1	-1	-1	-1	-1	-1	-1	-1	-1	-1	-1	-1	-1	-1	-1	-1	-1	-1	-1	-1	-1	-1	-1	-1	-1	-1	-1	-1	-1	-1	-1	-1	-1	-1	-1	-1	-1	-1	-1	-1	-1	-1	267	-1	-1	-1	-1	-1	-1	-1	-1	-1	-1	-1	-1	-1	-1	-1	-1	-1	-1	-1	FFFFFF66	命运宝石	10	2004	1
50713005	5	7	13	5	Gem6_2_3	1	黑宝石(7级)	黑色的宝石，可以镶嵌在防御性装备(衣服、手套、帽子、护肩、鞋、腰带、项链、暗器、武魂、龙纹、令牌、豪侠印)上，使用后不可再镶嵌同类宝石。#r#G命运宝石	75000	1000	-1	-1	-1	-1	-1	-1	-1	-1	-1	-1	-1	-1	-1	-1	-1	-1	-1	-1	-1	-1	-1	-1	-1	-1	-1	-1	-1	-1	-1	-1	-1	-1	-1	-1	-1	-1	-1	-1	-1	-1	-1	-1	-1	-1	-1	267	-1	-1	-1	-1	-1	-1	-1	-1	-1	-1	-1	-1	-1	-1	-1	-1	-1	-1	FFFFFF66	命运宝石	1	2004	1
50713006	5	7	13	6	Gem6_2_7	1	血精石(7级)	布满血丝红精的宝石，可以镶嵌在防御性装备(衣服、手套、帽子、护肩、鞋、腰带、项链、暗器、武魂、龙纹、令牌、豪侠印)上，使用后不可再镶嵌同类宝石。#r#G命运宝石	75000	1000	14706	-1	-1	-1	-1	-1	-1	-1	-1	-1	-1	-1	-1	-1	-1	-1	-1	-1	-1	-1	-1	-1	-1	-1	-1	-1	-1	-1	-1	-1	-1	-1	-1	-1	-1	-1	-1	-1	-1	-1	-1	-1	-1	-1	-1	-1	-1	-1	-1	-1	-1	-1	-1	-1	-1	-1	-1	-1	-1	-1	-1	-1	-1	-1	FFFFFF66	命运宝石	13	2004	1
50713007	5	7	13	7	LiJinGem6_1_15	75	黄宝石·红利(7级)	黄色的宝石，可以镶嵌在防御性装备(衣服、手套、帽子、护肩、鞋、腰带、项链、暗器、武魂、龙纹、令牌、豪侠印)上，使用后不可再镶嵌同类宝石。#r#G命运宝石	75000	1	-1	-1	-1	-1	-1	-1	-1	-1	-1	-1	-1	-1	-1	-1	-1	-1	-1	-1	-1	-1	-1	-1	-1	-1	-1	-1	-1	-1	-1	-1	-1	-1	-1	-1	-1	-1	-1	-1	-1	-1	-1	-1	270	-1	-1	-1	-1	-1	-1	-1	-1	-1	-1	-1	-1	-1	-1	-1	-1	-1	-1	-1	-1	-1	FFFFFF66	命运宝石	5	2004	1
50713008	5	7	13	8	LiJinGem6_1_16	75	蓝宝石·红利(7级)	蓝色的宝石，可以镶嵌在防御性装备(衣服、手套、帽子、护肩、鞋、腰带、项链、暗器、武魂、龙纹、令牌、豪侠印)上，使用后不可再镶嵌同类宝石。#r#G命运宝石	75000	1	-1	-1	-1	-1	-1	-1	-1	-1	-1	-1	-1	-1	-1	-1	-1	-1	-1	-1	-1	-1	-1	-1	-1	-1	-1	-1	-1	-1	-1	-1	-1	-1	-1	-1	-1	-1	-1	-1	-1	-1	-1	-1	-1	270	-1	-1	-1	-1	-1	-1	-1	-1	-1	-1	-1	-1	-1	-1	-1	-1	-1	-1	-1	-1	FFFFFF66	命运宝石	6	2004	1
50713009	5	7	13	9	LiJinGem6_1_7	75	绿宝石·红利(7级)	绿色的宝石，可以镶嵌在防御性装备(衣服、手套、帽子、护肩、鞋、腰带、项链、暗器、武魂、龙纹、令牌、豪侠印)上，使用后不可再镶嵌同类宝石。#r#G命运宝石	75000	1	-1	-1	-1	-1	-1	-1	-1	-1	-1	-1	-1	-1	-1	-1	-1	-1	-1	-1	-1	-1	-1	-1	-1	-1	-1	-1	-1	-1	-1	-1	-1	-1	-1	-1	-1	-1	-1	-1	-1	-1	-1	-1	-1	-1	-1	-1	145	-1	-1	-1	-1	-1	-1	-1	-1	-1	-1	-1	-1	-1	-1	-1	-1	-1	FFFFFF66	命运宝石	9	2004	1
50713010	5	7	13	10	LiJinGem6_2_2	75	红宝石·红利(7级)	红色的宝石，可以镶嵌在防御性装备(衣服、手套、帽子、护肩、鞋、腰带、项链、暗器、武魂、龙纹、令牌、豪侠印)上，使用后不可再镶嵌同类宝石。#r#G命运宝石	75000	1	-1	-1	-1	-1	-1	-1	-1	-1	-1	-1	-1	-1	-1	-1	-1	-1	-1	-1	-1	-1	-1	-1	-1	-1	-1	-1	-1	-1	-1	-1	-1	-1	-1	-1	-1	-1	-1	-1	-1	-1	-1	-1	-1	-1	267	-1	-1	-1	-1	-1	-1	-1	-1	-1	-1	-1	-1	-1	-1	-1	-1	-1	-1	-1	FFFFFF66	命运宝石	10	2004	1
50713011	5	7	13	11	LiJinGem6_2_3	75	黑宝石·红利(7级)	黑色的宝石，可以镶嵌在防御性装备(衣服、手套、帽子、护肩、鞋、腰带、项链、暗器、武魂、龙纹、令牌、豪侠印)上，使用后不可再镶嵌同类宝石。#r#G命运宝石	75000	1	-1	-1	-1	-1	-1	-1	-1	-1	-1	-1	-1	-1	-1	-1	-1	-1	-1	-1	-1	-1	-1	-1	-1	-1	-1	-1	-1	-1	-1	-1	-1	-1	-1	-1	-1	-1	-1	-1	-1	-1	-1	-1	-1	-1	-1	267	-1	-1	-1	-1	-1	-1	-1	-1	-1	-1	-1	-1	-1	-1	-1	-1	-1	-1	FFFFFF66	命运宝石	1	2004	1
50713012	5	7	13	12	LiJinGem6_2_7	75	血精石·红利(7级)	布满血丝红精的宝石，可以镶嵌在防御性装备(衣服、手套、帽子、护肩、鞋、腰带、项链、暗器、武魂、龙纹、令牌、豪侠印)上，使用后不可再镶嵌同类宝石。#r#G命运宝石	75000	1	14706	-1	-1	-1	-1	-1	-1	-1	-1	-1	-1	-1	-1	-1	-1	-1	-1	-1	-1	-1	-1	-1	-1	-1	-1	-1	-1	-1	-1	-1	-1	-1	-1	-1	-1	-1	-1	-1	-1	-1	-1	-1	-1	-1	-1	-1	-1	-1	-1	-1	-1	-1	-1	-1	-1	-1	-1	-1	-1	-1	-1	-1	-1	-1	FFFFFF66	命运宝石	13	2004	1
50714001	5	7	14	1	Gem6_1_14	1	祖母绿(7级)	翠绿如滴，顶级翡翠，可以镶嵌在防御性装备(衣服、手套、帽子、护肩、鞋、腰带、项链、暗器、武魂、龙纹、令牌、豪侠印)上，使用后不可再镶嵌同类宝石。#r#G天机宝石	100000	1000	-1	-1	-1	-1	-1	-1	-1	-1	-1	-1	-1	-1	-1	-1	-1	-1	-1	-1	-1	-1	-1	-1	-1	-1	-1	-1	-1	-1	-1	-1	-1	-1	-1	-1	-1	-1	963	-1	-1	-1	-1	-1	-1	-1	-1	-1	-1	-1	-1	-1	-1	-1	-1	-1	-1	-1	-1	-1	-1	-1	-1	-1	-1	-1	FFFFFF66	天机宝石	8	2004	1
50714002	5	7	14	2	LiJinGem6_1_14	75	祖母绿·红利(7级)	翠绿如滴，顶级翡翠，可以镶嵌在防御性装备(衣服、手套、帽子、护肩、鞋、腰带、项链、暗器、武魂、龙纹、令牌、豪侠印)上，使用后不可再镶嵌同类宝石。#r#G天机宝石	100000	1	-1	-1	-1	-1	-1	-1	-1	-1	-1	-1	-1	-1	-1	-1	-1	-1	-1	-1	-1	-1	-1	-1	-1	-1	-1	-1	-1	-1	-1	-1	-1	-1	-1	-1	-1	-1	963	-1	-1	-1	-1	-1	-1	-1	-1	-1	-1	-1	-1	-1	-1	-1	-1	-1	-1	-1	-1	-1	-1	-1	-1	-1	-1	-1	FFFFFF66	天机宝石	8	2004	1
50716001	5	7	16	1	Gem6_1_9	1	石榴石(7级)	因其外形酷似成熟的石榴籽而得名的宝石，可以镶嵌在防御性装备(衣服、手套、帽子、护肩、鞋、腰带、项链、暗器、武魂、龙纹、令牌、豪侠印)上，使用后不可再镶嵌同类宝石。#r#G生命宝石	50000	1000	-1	-1	-1	-1	-1	-1	-1	-1	-1	-1	-1	-1	-1	-1	-1	-1	-1	-1	-1	-1	-1	-1	-1	-1	-1	-1	-1	-1	-1	2584	-1	-1	-1	-1	-1	-1	-1	-1	-1	-1	-1	-1	-1	-1	-1	-1	-1	-1	-1	-1	-1	-1	-1	-1	-1	-1	-1	-1	-1	-1	-1	-1	-1	-1	FFFFFF66	生命宝石	7	2004	1
50716002	5	7	16	2	Gem6_1_12	1	尖晶石(7级)	颜色繁多且艳丽的宝石，可以镶嵌在防御性装备(衣服、手套、帽子、护肩、鞋、腰带、项链、暗器、武魂、龙纹、令牌、豪侠印)上，使用后不可再镶嵌同类宝石。#r#G生命宝石	50000	1000	-1	-1	-1	-1	-1	-1	-1	-1	-1	-1	-1	-1	-1	-1	-1	-1	-1	-1	-1	-1	-1	-1	2584	-1	-1	-1	-1	-1	-1	-1	-1	-1	-1	-1	-1	-1	-1	-1	-1	-1	-1	-1	-1	-1	-1	-1	-1	-1	-1	-1	-1	-1	-1	-1	-1	-1	-1	-1	-1	-1	-1	-1	-1	-1	FFFFFF66	生命宝石	11	2004	1
50717005	5	7	17	5	Gem6_2_10	1	纯净黄玉(7级)	纯净的黄玉，可以镶嵌在防御性装备(衣服、手套、帽子、护肩、鞋、腰带、项链、暗器、武魂、龙纹、令牌、豪侠印)上，使用后不可再镶嵌同类宝石。#r#G魅力宝石#r#cff9900雕琢过的宝石不能再雕琢。	300000	2000	-1	-1	-1	-1	-1	-1	-1	-1	-1	-1	-1	-1	-1	90	-1	-1	-1	-1	-1	-1	-1	-1	-1	-1	-1	-1	-1	-1	-1	-1	-1	-1	-1	-1	-1	-1	-1	-1	-1	-1	-1	-1	-1	-1	-1	-1	-1	-1	-1	-1	-1	-1	-1	-1	-1	-1	-1	-1	-1	-1	-1	-1	-1	-1	FFFFFFCC	魅力宝石	16	2004	1
50717006	5	7	17	6	Gem6_2_14	1	纯净皓石(7级)	纯净的皓石，可以镶嵌在防御性装备(衣服、手套、帽子、护肩、鞋、腰带、项链、暗器、武魂、龙纹、令牌、豪侠印)上，使用后不可再镶嵌同类宝石。#r#G魅力宝石#r#cff9900雕琢过的宝石不能再雕琢。	300000	2000	-1	-1	-1	-1	-1	-1	-1	90	-1	-1	-1	-1	-1	-1	-1	-1	-1	-1	-1	-1	-1	-1	-1	-1	-1	-1	-1	-1	-1	-1	-1	-1	-1	-1	-1	-1	-1	-1	-1	-1	-1	-1	-1	-1	-1	-1	-1	-1	-1	-1	-1	-1	-1	-1	-1	-1	-1	-1	-1	-1	-1	-1	-1	-1	FFFFFFCC	魅力宝石	17	2004	1
50717007	5	7	17	7	Gem6_2_11	1	纯净月光石(7级)	纯净的月光石，可以镶嵌在防御性装备(衣服、手套、帽子、护肩、鞋、腰带、项链、暗器、武魂、龙纹、令牌、豪侠印)上，使用后不可再镶嵌同类宝石。#r#G魅力宝石#r#cff9900雕琢过的宝石不能再雕琢。	300000	2000	-1	-1	-1	-1	-1	-1	-1	-1	-1	-1	90	-1	-1	-1	-1	-1	-1	-1	-1	-1	-1	-1	-1	-1	-1	-1	-1	-1	-1	-1	-1	-1	-1	-1	-1	-1	-1	-1	-1	-1	-1	-1	-1	-1	-1	-1	-1	-1	-1	-1	-1	-1	-1	-1	-1	-1	-1	-1	-1	-1	-1	-1	-1	-1	FFFFFFCC	魅力宝石	15	2004	1
50717008	5	7	17	8	Gem6_2_15	1	纯净碧玺(7级)	纯净的碧玺，可以镶嵌在防御性装备(衣服、手套、帽子、护肩、鞋、腰带、项链、暗器、武魂、龙纹、令牌、豪侠印)上，使用后不可再镶嵌同类宝石。#r#G魅力宝石#r#cff9900雕琢过的宝石不能再雕琢。	300000	2000	-1	-1	-1	-1	-1	-1	-1	-1	-1	-1	-1	-1	-1	-1	-1	-1	90	-1	-1	-1	-1	-1	-1	-1	-1	-1	-1	-1	-1	-1	-1	-1	-1	-1	-1	-1	-1	-1	-1	-1	-1	-1	-1	-1	-1	-1	-1	-1	-1	-1	-1	-1	-1	-1	-1	-1	-1	-1	-1	-1	-1	-1	-1	-1	FFFFFFCC	魅力宝石	14	2004	1
50718001	5	7	18	1	Gem6_1_15	1	黄宝石(7级)	黄色的宝石，可以镶嵌在防御性装备(衣服、手套、帽子、护肩、鞋、腰带、项链、暗器、武魂、龙纹、令牌、豪侠印)上，使用后不可再镶嵌同类宝石。#r#G命运宝石	75000	1000	-1	-1	-1	-1	-1	-1	-1	-1	-1	-1	-1	-1	-1	-1	-1	-1	-1	-1	-1	-1	-1	-1	-1	-1	-1	-1	-1	-1	-1	-1	-1	-1	-1	-1	-1	-1	-1	-1	-1	-1	-1	-1	270	-1	-1	-1	-1	-1	-1	-1	-1	-1	-1	-1	-1	-1	-1	-1	-1	-1	-1	-1	-1	-1	FFFFFF66	命运宝石	5	2004	1
50718002	5	7	18	2	Gem6_1_16	1	蓝宝石(7级)	蓝色的宝石，可以镶嵌在防御性装备(衣服、手套、帽子、护肩、鞋、腰带、项链、暗器、武魂、龙纹、令牌、豪侠印)上，使用后不可再镶嵌同类宝石。#r#G命运宝石	75000	1000	-1	-1	-1	-1	-1	-1	-1	-1	-1	-1	-1	-1	-1	-1	-1	-1	-1	-1	-1	-1	-1	-1	-1	-1	-1	-1	-1	-1	-1	-1	-1	-1	-1	-1	-1	-1	-1	-1	-1	-1	-1	-1	-1	270	-1	-1	-1	-1	-1	-1	-1	-1	-1	-1	-1	-1	-1	-1	-1	-1	-1	-1	-1	-1	FFFFFF66	命运宝石	6	2004	1
50718003	5	7	18	3	Gem6_1_7	1	绿宝石(7级)	绿色的宝石，可以镶嵌在防御性装备(衣服、手套、帽子、护肩、鞋、腰带、项链、暗器、武魂、龙纹、令牌、豪侠印)上，使用后不可再镶嵌同类宝石。#r#G命运宝石	75000	1000	-1	-1	-1	-1	-1	-1	-1	-1	-1	-1	-1	-1	-1	-1	-1	-1	-1	-1	-1	-1	-1	-1	-1	-1	-1	-1	-1	-1	-1	-1	-1	-1	-1	-1	-1	-1	-1	-1	-1	-1	-1	-1	-1	-1	-1	-1	145	-1	-1	-1	-1	-1	-1	-1	-1	-1	-1	-1	-1	-1	-1	-1	-1	-1	FFFFFF66	命运宝石	9	2004	1
50718004	5	7	18	4	Gem6_2_2	1	红宝石(7级)	红色的宝石，可以镶嵌在防御性装备(衣服、手套、帽子、护肩、鞋、腰带、项链、暗器、武魂、龙纹、令牌、豪侠印)上，使用后不可再镶嵌同类宝石。#r#G命运宝石	75000	1000	-1	-1	-1	-1	-1	-1	-1	-1	-1	-1	-1	-1	-1	-1	-1	-1	-1	-1	-1	-1	-1	-1	-1	-1	-1	-1	-1	-1	-1	-1	-1	-1	-1	-1	-1	-1	-1	-1	-1	-1	-1	-1	-1	-1	267	-1	-1	-1	-1	-1	-1	-1	-1	-1	-1	-1	-1	-1	-1	-1	-1	-1	-1	-1	FFFFFF66	命运宝石	10	2004	1
50718005	5	7	18	5	Gem6_2_3	1	黑宝石(7级)	黑色的宝石，可以镶嵌在防御性装备(衣服、手套、帽子、护肩、鞋、腰带、项链、暗器、武魂、龙纹、令牌、豪侠印)上，使用后不可再镶嵌同类宝石。#r#G命运宝石	75000	1000	-1	-1	-1	-1	-1	-1	-1	-1	-1	-1	-1	-1	-1	-1	-1	-1	-1	-1	-1	-1	-1	-1	-1	-1	-1	-1	-1	-1	-1	-1	-1	-1	-1	-1	-1	-1	-1	-1	-1	-1	-1	-1	-1	-1	-1	267	-1	-1	-1	-1	-1	-1	-1	-1	-1	-1	-1	-1	-1	-1	-1	-1	-1	-1	FFFFFF66	命运宝石	1	2004	1
50718006	5	7	18	6	Gem6_2_7	1	血精石(7级)	布满血丝红精的宝石，可以镶嵌在防御性装备(衣服、手套、帽子、护肩、鞋、腰带、项链、暗器、武魂、龙纹、令牌、豪侠印)上，使用后不可再镶嵌同类宝石。#r#G命运宝石	75000	1000	14706	-1	-1	-1	-1	-1	-1	-1	-1	-1	-1	-1	-1	-1	-1	-1	-1	-1	-1	-1	-1	-1	-1	-1	-1	-1	-1	-1	-1	-1	-1	-1	-1	-1	-1	-1	-1	-1	-1	-1	-1	-1	-1	-1	-1	-1	-1	-1	-1	-1	-1	-1	-1	-1	-1	-1	-1	-1	-1	-1	-1	-1	-1	-1	FFFFFF66	命运宝石	13	2004	1
50719001	5	7	19	1	Gem6_1_14	1	祖母绿(7级)	翠绿如滴，顶级翡翠，可以镶嵌在防御性装备(衣服、手套、帽子、护肩、鞋、腰带、项链、暗器、武魂、龙纹、令牌、豪侠印)上，使用后不可再镶嵌同类宝石。#r#G天机宝石	100000	1000	-1	-1	-1	-1	-1	-1	-1	-1	-1	-1	-1	-1	-1	-1	-1	-1	-1	-1	-1	-1	-1	-1	-1	-1	-1	-1	-1	-1	-1	-1	-1	-1	-1	-1	-1	-1	963	-1	-1	-1	-1	-1	-1	-1	-1	-1	-1	-1	-1	-1	-1	-1	-1	-1	-1	-1	-1	-1	-1	-1	-1	-1	-1	-1	FFFFFF66	天机宝石	8	2004	1
50721001	5	7	21	1	Gemjiankang_3	1	黄冥石(7级)	黄色的冥石，可以镶嵌在攻击性装备(武器、护腕、戒指、护符、项链、暗器、武魂、龙纹、令牌、豪侠印)上，使用后不可再镶嵌同类宝石。#r可在洛阳（280，322）彭怀玉、楼兰（279，198）克里木、束河古镇（134，85）荆嵌实处琢刻为黄冥晶石。琢刻后的宝石将可同时拥有忽略目标玄抗和玄攻击两种属性。#r#G无法将目标的抗性降低至负值#r#G胜利宝石	300000	2000	-1	-1	-1	-1	-1	-1	-1	-1	-1	-1	-1	-1	-1	-1	-1	-1	-1	-1	-1	-1	-1	-1	-1	-1	-1	-1	-1	-1	-1	-1	-1	-1	-1	-1	-1	-1	-1	-1	-1	-1	-1	-1	-1	-1	-1	-1	-1	-1	-1	-1	-1	-1	-1	-1	-1	-1	90	-1	-1	-1	-1	-1	-1	-1	FFFFFFCC	胜利宝石	31	2004	1
50721002	5	7	21	2	Gemjiankang_15	1	蓝冥石(7级)	蓝色的冥石，可以镶嵌在攻击性装备(武器、护腕、戒指、护符、项链、暗器、武魂、龙纹、令牌、豪侠印)上，使用后不可再镶嵌同类宝石。#r可在洛阳（280，322）彭怀玉、楼兰（279，198）克里木、束河古镇（134，85）荆嵌实处琢刻为蓝冥晶石。琢刻后的宝石将可同时拥有忽略目标冰抗和冰攻击两种属性。#r#G无法将目标的抗性降低至负值#r#G胜利宝石	300000	2000	-1	-1	-1	-1	-1	-1	-1	-1	-1	-1	-1	-1	-1	-1	-1	-1	-1	-1	-1	-1	-1	-1	-1	-1	-1	-1	-1	-1	-1	-1	-1	-1	-1	-1	-1	-1	-1	-1	-1	-1	-1	-1	-1	-1	-1	-1	-1	-1	-1	-1	-1	-1	-1	-1	90	-1	-1	-1	-1	-1	-1	-1	-1	-1	FFFFFFCC	胜利宝石	32	2004	1
50721003	5	7	21	3	Gemjiankang_11	1	红冥石(7级)	红色的冥石，可以镶嵌在攻击性装备(武器、护腕、戒指、护符、项链、暗器、武魂、龙纹、令牌、豪侠印)上，使用后不可再镶嵌同类宝石。#r可在洛阳（280，322）彭怀玉、楼兰（279，198）克里木、束河古镇（134，85）荆嵌实处琢刻为红冥晶石。琢刻后的宝石将可同时拥有忽略目标火抗和火攻击两种属性。#r#G无法将目标的抗性降低至负值#r#G胜利宝石	300000	2000	-1	-1	-1	-1	-1	-1	-1	-1	-1	-1	-1	-1	-1	-1	-1	-1	-1	-1	-1	-1	-1	-1	-1	-1	-1	-1	-1	-1	-1	-1	-1	-1	-1	-1	-1	-1	-1	-1	-1	-1	-1	-1	-1	-1	-1	-1	-1	-1	-1	-1	-1	-1	-1	-1	-1	90	-1	-1	-1	-1	-1	-1	-1	-1	FFFFFFCC	胜利宝石	33	2004	1
50721004	5	7	21	4	Gemjiankang_7	1	绿冥石(7级)	绿色的冥石，可以镶嵌在攻击性装备(武器、护腕、戒指、护符、项链、暗器、武魂、龙纹、令牌、豪侠印)上，使用后不可再镶嵌同类宝石。#r可在洛阳（280，322）彭怀玉、楼兰（279，198）克里木、束河古镇（134，85）荆嵌实处琢刻为绿冥晶石。琢刻后的宝石将可同时拥有忽略目标毒抗和毒攻击两种属性。#r#G无法将目标的抗性降低至负值#r#G胜利宝石	300000	2000	-1	-1	-1	-1	-1	-1	-1	-1	-1	-1	-1	-1	-1	-1	-1	-1	-1	-1	-1	-1	-1	-1	-1	-1	-1	-1	-1	-1	-1	-1	-1	-1	-1	-1	-1	-1	-1	-1	-1	-1	-1	-1	-1	-1	-1	-1	-1	-1	-1	-1	-1	-1	-1	-1	-1	-1	-1	90	-1	-1	-1	-1	-1	-1	FFFFFFCC	胜利宝石	34	2004	1
50721005	5	7	21	5	LiJinGemjiankang_3	75	黄冥石·红利(7级)	黄色的冥石，可以镶嵌在攻击性装备(武器、护腕、戒指、护符、项链、暗器、武魂、龙纹、令牌、豪侠印)上，使用后不可再镶嵌同类宝石。#r可在洛阳（280，322）彭怀玉、楼兰（279，198）克里木、束河古镇（134，85）荆嵌实处琢刻为黄冥晶石·红利。琢刻后的宝石将可同时拥有忽略目标玄抗和玄攻击两种属性。#r#G无法将目标的抗性降低至负值#r#G胜利宝石	300000	1	-1	-1	-1	-1	-1	-1	-1	-1	-1	-1	-1	-1	-1	-1	-1	-1	-1	-1	-1	-1	-1	-1	-1	-1	-1	-1	-1	-1	-1	-1	-1	-1	-1	-1	-1	-1	-1	-1	-1	-1	-1	-1	-1	-1	-1	-1	-1	-1	-1	-1	-1	-1	-1	-1	-1	-1	90	-1	-1	-1	-1	-1	-1	-1	FFFFFFCC	胜利宝石	31	2004	1
50721006	5	7	21	6	LiJinGemjiankang_15	75	蓝冥石·红利(7级)	蓝色的冥石，可以镶嵌在攻击性装备(武器、护腕、戒指、护符、项链、暗器、武魂、龙纹、令牌、豪侠印)上，使用后不可再镶嵌同类宝石。#r可在洛阳（280，322）彭怀玉、楼兰（279，198）克里木、束河古镇（134，85）荆嵌实处琢刻为蓝冥晶石·红利。琢刻后的宝石将可同时拥有忽略目标冰抗和冰攻击两种属性。#r#G无法将目标的抗性降低至负值#r#G胜利宝石	300000	1	-1	-1	-1	-1	-1	-1	-1	-1	-1	-1	-1	-1	-1	-1	-1	-1	-1	-1	-1	-1	-1	-1	-1	-1	-1	-1	-1	-1	-1	-1	-1	-1	-1	-1	-1	-1	-1	-1	-1	-1	-1	-1	-1	-1	-1	-1	-1	-1	-1	-1	-1	-1	-1	-1	90	-1	-1	-1	-1	-1	-1	-1	-1	-1	FFFFFFCC	胜利宝石	32	2004	1
50721007	5	7	21	7	LiJinGemjiankang_11	75	红冥石·红利(7级)	红色的冥石，可以镶嵌在攻击性装备(武器、护腕、戒指、护符、项链、暗器、武魂、龙纹、令牌、豪侠印)上，使用后不可再镶嵌同类宝石。#r可在洛阳（280，322）彭怀玉、楼兰（279，198）克里木、束河古镇（134，85）荆嵌实处琢刻为红冥晶石·红利。琢刻后的宝石将可同时拥有忽略目标火抗和火攻击两种属性。#r#G无法将目标的抗性降低至负值#r#G胜利宝石	300000	1	-1	-1	-1	-1	-1	-1	-1	-1	-1	-1	-1	-1	-1	-1	-1	-1	-1	-1	-1	-1	-1	-1	-1	-1	-1	-1	-1	-1	-1	-1	-1	-1	-1	-1	-1	-1	-1	-1	-1	-1	-1	-1	-1	-1	-1	-1	-1	-1	-1	-1	-1	-1	-1	-1	-1	90	-1	-1	-1	-1	-1	-1	-1	-1	FFFFFFCC	胜利宝石	33	2004	1
50721008	5	7	21	8	LiJinGemjiankang_7	75	绿冥石·红利(7级)	绿色的冥石，可以镶嵌在攻击性装备(武器、护腕、戒指、护符、项链、暗器、武魂、龙纹、令牌、豪侠印)上，使用后不可再镶嵌同类宝石。#r可在洛阳（280，322）彭怀玉、楼兰（279，198）克里木、束河古镇（134，85）荆嵌实处琢刻为绿冥晶石·红利。琢刻后的宝石将可同时拥有忽略目标毒抗和毒攻击两种属性。#r#G无法将目标的抗性降低至负值#r#G胜利宝石	300000	1	-1	-1	-1	-1	-1	-1	-1	-1	-1	-1	-1	-1	-1	-1	-1	-1	-1	-1	-1	-1	-1	-1	-1	-1	-1	-1	-1	-1	-1	-1	-1	-1	-1	-1	-1	-1	-1	-1	-1	-1	-1	-1	-1	-1	-1	-1	-1	-1	-1	-1	-1	-1	-1	-1	-1	-1	-1	90	-1	-1	-1	-1	-1	-1	FFFFFFCC	胜利宝石	34	2004	1
50721101	5	7	21	101	Gemzhuoke_5	1	黄冥晶石(7级·1级)	琢刻了纯净黄晶石后的黄冥石，可以镶嵌在攻击性装备(武器、护腕、戒指、护符、项链、暗器、武魂、龙纹、令牌、豪侠印)上，使用后不可再镶嵌同类宝石。#r#W可在洛阳（280，322）彭怀玉、楼兰（279，198）克里木、束河古镇（134，85）荆嵌实处进行#G琢刻分离#W。#r#G琢刻后的宝石无法进行合成操作#r#G无法将目标的抗性降低至负值#r#G胜利宝石	300000	2000	-1	-1	-1	-1	-1	-1	-1	-1	-1	-1	-1	-1	23	-1	-1	-1	-1	-1	-1	-1	-1	-1	-1	-1	-1	-1	-1	-1	-1	-1	-1	-1	-1	-1	-1	-1	-1	-1	-1	-1	-1	-1	-1	-1	-1	-1	-1	-1	-1	-1	-1	-1	-1	-1	-1	-1	90	-1	-1	-1	-1	-1	-1	-1	FFFFFFCC	胜利宝石	31	2004	1
50721102	5	7	21	102	Gemzhuoke_5	1	黄冥晶石(7级·2级)	琢刻了纯净黄晶石后的黄冥石，可以镶嵌在攻击性装备(武器、护腕、戒指、护符、项链、暗器、武魂、龙纹、令牌、豪侠印)上，使用后不可再镶嵌同类宝石。#r#W可在洛阳（280，322）彭怀玉、楼兰（279，198）克里木、束河古镇（134，85）荆嵌实处进行#G琢刻分离#W。#r#G琢刻后的宝石无法进行合成操作#r#G无法将目标的抗性降低至负值#r#G胜利宝石	300000	2000	-1	-1	-1	-1	-1	-1	-1	-1	-1	-1	-1	-1	33	-1	-1	-1	-1	-1	-1	-1	-1	-1	-1	-1	-1	-1	-1	-1	-1	-1	-1	-1	-1	-1	-1	-1	-1	-1	-1	-1	-1	-1	-1	-1	-1	-1	-1	-1	-1	-1	-1	-1	-1	-1	-1	-1	90	-1	-1	-1	-1	-1	-1	-1	FFFFFFCC	胜利宝石	31	2004	1
50721103	5	7	21	103	Gemzhuoke_5	1	黄冥晶石(7级·3级)	琢刻了纯净黄晶石后的黄冥石，可以镶嵌在攻击性装备(武器、护腕、戒指、护符、项链、暗器、武魂、龙纹、令牌、豪侠印)上，使用后不可再镶嵌同类宝石。#r#W可在洛阳（280，322）彭怀玉、楼兰（279，198）克里木、束河古镇（134，85）荆嵌实处进行#G琢刻分离#W。#r#G琢刻后的宝石无法进行合成操作#r#G无法将目标的抗性降低至负值#r#G胜利宝石	300000	2000	-1	-1	-1	-1	-1	-1	-1	-1	-1	-1	-1	-1	60	-1	-1	-1	-1	-1	-1	-1	-1	-1	-1	-1	-1	-1	-1	-1	-1	-1	-1	-1	-1	-1	-1	-1	-1	-1	-1	-1	-1	-1	-1	-1	-1	-1	-1	-1	-1	-1	-1	-1	-1	-1	-1	-1	90	-1	-1	-1	-1	-1	-1	-1	FFFFFFCC	胜利宝石	31	2004	1
50721104	5	7	21	104	Gemzhuoke_5	1	黄冥晶石(7级·4级)	琢刻了纯净黄晶石后的黄冥石，可以镶嵌在攻击性装备(武器、护腕、戒指、护符、项链、暗器、武魂、龙纹、令牌、豪侠印)上，使用后不可再镶嵌同类宝石。#r#W可在洛阳（280，322）彭怀玉、楼兰（279，198）克里木、束河古镇（134，85）荆嵌实处进行#G琢刻分离#W。#r#G琢刻后的宝石无法进行合成操作#r#G无法将目标的抗性降低至负值#r#G胜利宝石	300000	2000	-1	-1	-1	-1	-1	-1	-1	-1	-1	-1	-1	-1	120	-1	-1	-1	-1	-1	-1	-1	-1	-1	-1	-1	-1	-1	-1	-1	-1	-1	-1	-1	-1	-1	-1	-1	-1	-1	-1	-1	-1	-1	-1	-1	-1	-1	-1	-1	-1	-1	-1	-1	-1	-1	-1	-1	90	-1	-1	-1	-1	-1	-1	-1	FFFFFFCC	胜利宝石	31	2004	1
50721105	5	7	21	105	Gemzhuoke_5	1	黄冥晶石(7级·5级)	琢刻了纯净黄晶石后的黄冥石，可以镶嵌在攻击性装备(武器、护腕、戒指、护符、项链、暗器、武魂、龙纹、令牌、豪侠印)上，使用后不可再镶嵌同类宝石。#r#W可在洛阳（280，322）彭怀玉、楼兰（279，198）克里木、束河古镇（134，85）荆嵌实处进行#G琢刻分离#W。#r#G琢刻后的宝石无法进行合成操作#r#G无法将目标的抗性降低至负值#r#G胜利宝石	300000	2000	-1	-1	-1	-1	-1	-1	-1	-1	-1	-1	-1	-1	170	-1	-1	-1	-1	-1	-1	-1	-1	-1	-1	-1	-1	-1	-1	-1	-1	-1	-1	-1	-1	-1	-1	-1	-1	-1	-1	-1	-1	-1	-1	-1	-1	-1	-1	-1	-1	-1	-1	-1	-1	-1	-1	-1	90	-1	-1	-1	-1	-1	-1	-1	FFFFFFCC	胜利宝石	31	2004	1
50721106	5	7	21	106	Gemzhuoke_5	1	黄冥晶石(7级·6级)	琢刻了纯净黄晶石后的黄冥石，可以镶嵌在攻击性装备(武器、护腕、戒指、护符、项链、暗器、武魂、龙纹、令牌、豪侠印)上，使用后不可再镶嵌同类宝石。#r#W可在洛阳（280，322）彭怀玉、楼兰（279，198）克里木、束河古镇（134，85）荆嵌实处进行#G琢刻分离#W。#r#G琢刻后的宝石无法进行合成操作#r#G无法将目标的抗性降低至负值#r#G胜利宝石	300000	2000	-1	-1	-1	-1	-1	-1	-1	-1	-1	-1	-1	-1	230	-1	-1	-1	-1	-1	-1	-1	-1	-1	-1	-1	-1	-1	-1	-1	-1	-1	-1	-1	-1	-1	-1	-1	-1	-1	-1	-1	-1	-1	-1	-1	-1	-1	-1	-1	-1	-1	-1	-1	-1	-1	-1	-1	90	-1	-1	-1	-1	-1	-1	-1	FFFFFFCC	胜利宝石	31	2004	1
50721107	5	7	21	107	Gemzhuoke_5	1	黄冥晶石(7级·7级)	琢刻了纯净黄晶石后的黄冥石，可以镶嵌在攻击性装备(武器、护腕、戒指、护符、项链、暗器、武魂、龙纹、令牌、豪侠印)上，使用后不可再镶嵌同类宝石。#r#W可在洛阳（280，322）彭怀玉、楼兰（279，198）克里木、束河古镇（134，85）荆嵌实处进行#G琢刻分离#W。#r#G琢刻后的宝石无法进行合成操作#r#G无法将目标的抗性降低至负值#r#G胜利宝石	300000	2000	-1	-1	-1	-1	-1	-1	-1	-1	-1	-1	-1	-1	290	-1	-1	-1	-1	-1	-1	-1	-1	-1	-1	-1	-1	-1	-1	-1	-1	-1	-1	-1	-1	-1	-1	-1	-1	-1	-1	-1	-1	-1	-1	-1	-1	-1	-1	-1	-1	-1	-1	-1	-1	-1	-1	-1	90	-1	-1	-1	-1	-1	-1	-1	FFFFFFCC	胜利宝石	31	2004	1
50721108	5	7	21	108	LiJinGemzhuoke_5	75	黄冥晶石·红利(7级·1级)	琢刻了纯净黄晶石·红利后的黄冥石·红利，可以镶嵌在攻击性装备(武器、护腕、戒指、护符、项链、暗器、武魂、龙纹、令牌、豪侠印)上，使用后不可再镶嵌同类宝石。#r#W可在洛阳（280，322）彭怀玉、楼兰（279，198）克里木、束河古镇（134，85）荆嵌实处进行#G琢刻分离#W。#r#G琢刻后的宝石无法进行合成操作#r#G无法将目标的抗性降低至负值#r#G胜利宝石	300000	2000	-1	-1	-1	-1	-1	-1	-1	-1	-1	-1	-1	-1	23	-1	-1	-1	-1	-1	-1	-1	-1	-1	-1	-1	-1	-1	-1	-1	-1	-1	-1	-1	-1	-1	-1	-1	-1	-1	-1	-1	-1	-1	-1	-1	-1	-1	-1	-1	-1	-1	-1	-1	-1	-1	-1	-1	90	-1	-1	-1	-1	-1	-1	-1	FFFFFFCC	胜利宝石	31	2004	1
50721109	5	7	21	109	LiJinGemzhuoke_5	75	黄冥晶石·红利(7级·2级)	琢刻了纯净黄晶石·红利后的黄冥石·红利，可以镶嵌在攻击性装备(武器、护腕、戒指、护符、项链、暗器、武魂、龙纹、令牌、豪侠印)上，使用后不可再镶嵌同类宝石。#r#W可在洛阳（280，322）彭怀玉、楼兰（279，198）克里木、束河古镇（134，85）荆嵌实处进行#G琢刻分离#W。#r#G琢刻后的宝石无法进行合成操作#r#G无法将目标的抗性降低至负值#r#G胜利宝石	300000	2000	-1	-1	-1	-1	-1	-1	-1	-1	-1	-1	-1	-1	33	-1	-1	-1	-1	-1	-1	-1	-1	-1	-1	-1	-1	-1	-1	-1	-1	-1	-1	-1	-1	-1	-1	-1	-1	-1	-1	-1	-1	-1	-1	-1	-1	-1	-1	-1	-1	-1	-1	-1	-1	-1	-1	-1	90	-1	-1	-1	-1	-1	-1	-1	FFFFFFCC	胜利宝石	31	2004	1
50721110	5	7	21	110	LiJinGemzhuoke_5	75	黄冥晶石·红利(7级·3级)	琢刻了纯净黄晶石·红利后的黄冥石·红利，可以镶嵌在攻击性装备(武器、护腕、戒指、护符、项链、暗器、武魂、龙纹、令牌、豪侠印)上，使用后不可再镶嵌同类宝石。#r#W可在洛阳（280，322）彭怀玉、楼兰（279，198）克里木、束河古镇（134，85）荆嵌实处进行#G琢刻分离#W。#r#G琢刻后的宝石无法进行合成操作#r#G无法将目标的抗性降低至负值#r#G胜利宝石	300000	2000	-1	-1	-1	-1	-1	-1	-1	-1	-1	-1	-1	-1	60	-1	-1	-1	-1	-1	-1	-1	-1	-1	-1	-1	-1	-1	-1	-1	-1	-1	-1	-1	-1	-1	-1	-1	-1	-1	-1	-1	-1	-1	-1	-1	-1	-1	-1	-1	-1	-1	-1	-1	-1	-1	-1	-1	90	-1	-1	-1	-1	-1	-1	-1	FFFFFFCC	胜利宝石	31	2004	1
50721111	5	7	21	111	LiJinGemzhuoke_5	75	黄冥晶石·红利(7级·4级)	琢刻了纯净黄晶石·红利后的黄冥石·红利，可以镶嵌在攻击性装备(武器、护腕、戒指、护符、项链、暗器、武魂、龙纹、令牌、豪侠印)上，使用后不可再镶嵌同类宝石。#r#W可在洛阳（280，322）彭怀玉、楼兰（279，198）克里木、束河古镇（134，85）荆嵌实处进行#G琢刻分离#W。#r#G琢刻后的宝石无法进行合成操作#r#G无法将目标的抗性降低至负值#r#G胜利宝石	300000	2000	-1	-1	-1	-1	-1	-1	-1	-1	-1	-1	-1	-1	120	-1	-1	-1	-1	-1	-1	-1	-1	-1	-1	-1	-1	-1	-1	-1	-1	-1	-1	-1	-1	-1	-1	-1	-1	-1	-1	-1	-1	-1	-1	-1	-1	-1	-1	-1	-1	-1	-1	-1	-1	-1	-1	-1	90	-1	-1	-1	-1	-1	-1	-1	FFFFFFCC	胜利宝石	31	2004	1
50721112	5	7	21	112	LiJinGemzhuoke_5	75	黄冥晶石·红利(7级·5级)	琢刻了纯净黄晶石·红利后的黄冥石·红利，可以镶嵌在攻击性装备(武器、护腕、戒指、护符、项链、暗器、武魂、龙纹、令牌、豪侠印)上，使用后不可再镶嵌同类宝石。#r#W可在洛阳（280，322）彭怀玉、楼兰（279，198）克里木、束河古镇（134，85）荆嵌实处进行#G琢刻分离#W。#r#G琢刻后的宝石无法进行合成操作#r#G无法将目标的抗性降低至负值#r#G胜利宝石	300000	2000	-1	-1	-1	-1	-1	-1	-1	-1	-1	-1	-1	-1	170	-1	-1	-1	-1	-1	-1	-1	-1	-1	-1	-1	-1	-1	-1	-1	-1	-1	-1	-1	-1	-1	-1	-1	-1	-1	-1	-1	-1	-1	-1	-1	-1	-1	-1	-1	-1	-1	-1	-1	-1	-1	-1	-1	90	-1	-1	-1	-1	-1	-1	-1	FFFFFFCC	胜利宝石	31	2004	1
50721113	5	7	21	113	LiJinGemzhuoke_5	75	黄冥晶石·红利(7级·6级)	琢刻了纯净黄晶石·红利后的黄冥石·红利，可以镶嵌在攻击性装备(武器、护腕、戒指、护符、项链、暗器、武魂、龙纹、令牌、豪侠印)上，使用后不可再镶嵌同类宝石。#r#W可在洛阳（280，322）彭怀玉、楼兰（279，198）克里木、束河古镇（134，85）荆嵌实处进行#G琢刻分离#W。#r#G琢刻后的宝石无法进行合成操作#r#G无法将目标的抗性降低至负值#r#G胜利宝石	300000	2000	-1	-1	-1	-1	-1	-1	-1	-1	-1	-1	-1	-1	230	-1	-1	-1	-1	-1	-1	-1	-1	-1	-1	-1	-1	-1	-1	-1	-1	-1	-1	-1	-1	-1	-1	-1	-1	-1	-1	-1	-1	-1	-1	-1	-1	-1	-1	-1	-1	-1	-1	-1	-1	-1	-1	-1	90	-1	-1	-1	-1	-1	-1	-1	FFFFFFCC	胜利宝石	31	2004	1
50721114	5	7	21	114	LiJinGemzhuoke_5	75	黄冥晶石·红利(7级·7级)	琢刻了纯净黄晶石·红利后的黄冥石·红利，可以镶嵌在攻击性装备(武器、护腕、戒指、护符、项链、暗器、武魂、龙纹、令牌、豪侠印)上，使用后不可再镶嵌同类宝石。#r#W可在洛阳（280，322）彭怀玉、楼兰（279，198）克里木、束河古镇（134，85）荆嵌实处进行#G琢刻分离#W。#r#G琢刻后的宝石无法进行合成操作#r#G无法将目标的抗性降低至负值#r#G胜利宝石	300000	2000	-1	-1	-1	-1	-1	-1	-1	-1	-1	-1	-1	-1	290	-1	-1	-1	-1	-1	-1	-1	-1	-1	-1	-1	-1	-1	-1	-1	-1	-1	-1	-1	-1	-1	-1	-1	-1	-1	-1	-1	-1	-1	-1	-1	-1	-1	-1	-1	-1	-1	-1	-1	-1	-1	-1	-1	90	-1	-1	-1	-1	-1	-1	-1	FFFFFFCC	胜利宝石	31	2004	1
50721201	5	7	21	201	Gemzhuoke_8	1	蓝冥晶石(7级·1级)	琢刻了纯净蓝晶石后的蓝冥石，可以镶嵌在攻击性装备(武器、护腕、戒指、护符、项链、暗器、武魂、龙纹、令牌、豪侠印)上，使用后不可再镶嵌同类宝石。#r#W可在洛阳（280，322）彭怀玉、楼兰（279，198）克里木、束河古镇（134，85）荆嵌实处进行#G琢刻分离#W。#r#G琢刻后的宝石无法进行合成操作#r#G无法将目标的抗性降低至负值#r#G胜利宝石	300000	2000	-1	-1	-1	-1	-1	-1	23	-1	-1	-1	-1	-1	-1	-1	-1	-1	-1	-1	-1	-1	-1	-1	-1	-1	-1	-1	-1	-1	-1	-1	-1	-1	-1	-1	-1	-1	-1	-1	-1	-1	-1	-1	-1	-1	-1	-1	-1	-1	-1	-1	-1	-1	-1	-1	90	-1	-1	-1	-1	-1	-1	-1	-1	-1	FFFFFFCC	胜利宝石	32	2004	1
50721202	5	7	21	202	Gemzhuoke_8	1	蓝冥晶石(7级·2级)	琢刻了纯净蓝晶石后的蓝冥石，可以镶嵌在攻击性装备(武器、护腕、戒指、护符、项链、暗器、武魂、龙纹、令牌、豪侠印)上，使用后不可再镶嵌同类宝石。#r#W可在洛阳（280，322）彭怀玉、楼兰（279，198）克里木、束河古镇（134，85）荆嵌实处进行#G琢刻分离#W。#r#G琢刻后的宝石无法进行合成操作#r#G无法将目标的抗性降低至负值#r#G胜利宝石	300000	2000	-1	-1	-1	-1	-1	-1	33	-1	-1	-1	-1	-1	-1	-1	-1	-1	-1	-1	-1	-1	-1	-1	-1	-1	-1	-1	-1	-1	-1	-1	-1	-1	-1	-1	-1	-1	-1	-1	-1	-1	-1	-1	-1	-1	-1	-1	-1	-1	-1	-1	-1	-1	-1	-1	90	-1	-1	-1	-1	-1	-1	-1	-1	-1	FFFFFFCC	胜利宝石	32	2004	1
50721203	5	7	21	203	Gemzhuoke_8	1	蓝冥晶石(7级·3级)	琢刻了纯净蓝晶石后的蓝冥石，可以镶嵌在攻击性装备(武器、护腕、戒指、护符、项链、暗器、武魂、龙纹、令牌、豪侠印)上，使用后不可再镶嵌同类宝石。#r#W可在洛阳（280，322）彭怀玉、楼兰（279，198）克里木、束河古镇（134，85）荆嵌实处进行#G琢刻分离#W。#r#G琢刻后的宝石无法进行合成操作#r#G无法将目标的抗性降低至负值#r#G胜利宝石	300000	2000	-1	-1	-1	-1	-1	-1	60	-1	-1	-1	-1	-1	-1	-1	-1	-1	-1	-1	-1	-1	-1	-1	-1	-1	-1	-1	-1	-1	-1	-1	-1	-1	-1	-1	-1	-1	-1	-1	-1	-1	-1	-1	-1	-1	-1	-1	-1	-1	-1	-1	-1	-1	-1	-1	90	-1	-1	-1	-1	-1	-1	-1	-1	-1	FFFFFFCC	胜利宝石	32	2004	1
50721204	5	7	21	204	Gemzhuoke_8	1	蓝冥晶石(7级·4级)	琢刻了纯净蓝晶石后的蓝冥石，可以镶嵌在攻击性装备(武器、护腕、戒指、护符、项链、暗器、武魂、龙纹、令牌、豪侠印)上，使用后不可再镶嵌同类宝石。#r#W可在洛阳（280，322）彭怀玉、楼兰（279，198）克里木、束河古镇（134，85）荆嵌实处进行#G琢刻分离#W。#r#G琢刻后的宝石无法进行合成操作#r#G无法将目标的抗性降低至负值#r#G胜利宝石	300000	2000	-1	-1	-1	-1	-1	-1	120	-1	-1	-1	-1	-1	-1	-1	-1	-1	-1	-1	-1	-1	-1	-1	-1	-1	-1	-1	-1	-1	-1	-1	-1	-1	-1	-1	-1	-1	-1	-1	-1	-1	-1	-1	-1	-1	-1	-1	-1	-1	-1	-1	-1	-1	-1	-1	90	-1	-1	-1	-1	-1	-1	-1	-1	-1	FFFFFFCC	胜利宝石	32	2004	1
50721205	5	7	21	205	Gemzhuoke_8	1	蓝冥晶石(7级·5级)	琢刻了纯净蓝晶石后的蓝冥石，可以镶嵌在攻击性装备(武器、护腕、戒指、护符、项链、暗器、武魂、龙纹、令牌、豪侠印)上，使用后不可再镶嵌同类宝石。#r#W可在洛阳（280，322）彭怀玉、楼兰（279，198）克里木、束河古镇（134，85）荆嵌实处进行#G琢刻分离#W。#r#G琢刻后的宝石无法进行合成操作#r#G无法将目标的抗性降低至负值#r#G胜利宝石	300000	2000	-1	-1	-1	-1	-1	-1	170	-1	-1	-1	-1	-1	-1	-1	-1	-1	-1	-1	-1	-1	-1	-1	-1	-1	-1	-1	-1	-1	-1	-1	-1	-1	-1	-1	-1	-1	-1	-1	-1	-1	-1	-1	-1	-1	-1	-1	-1	-1	-1	-1	-1	-1	-1	-1	90	-1	-1	-1	-1	-1	-1	-1	-1	-1	FFFFFFCC	胜利宝石	32	2004	1
50721206	5	7	21	206	Gemzhuoke_8	1	蓝冥晶石(7级·6级)	琢刻了纯净蓝晶石后的蓝冥石，可以镶嵌在攻击性装备(武器、护腕、戒指、护符、项链、暗器、武魂、龙纹、令牌、豪侠印)上，使用后不可再镶嵌同类宝石。#r#W可在洛阳（280，322）彭怀玉、楼兰（279，198）克里木、束河古镇（134，85）荆嵌实处进行#G琢刻分离#W。#r#G琢刻后的宝石无法进行合成操作#r#G无法将目标的抗性降低至负值#r#G胜利宝石	300000	2000	-1	-1	-1	-1	-1	-1	230	-1	-1	-1	-1	-1	-1	-1	-1	-1	-1	-1	-1	-1	-1	-1	-1	-1	-1	-1	-1	-1	-1	-1	-1	-1	-1	-1	-1	-1	-1	-1	-1	-1	-1	-1	-1	-1	-1	-1	-1	-1	-1	-1	-1	-1	-1	-1	90	-1	-1	-1	-1	-1	-1	-1	-1	-1	FFFFFFCC	胜利宝石	32	2004	1
50721207	5	7	21	207	Gemzhuoke_8	1	蓝冥晶石(7级·7级)	琢刻了纯净蓝晶石后的蓝冥石，可以镶嵌在攻击性装备(武器、护腕、戒指、护符、项链、暗器、武魂、龙纹、令牌、豪侠印)上，使用后不可再镶嵌同类宝石。#r#W可在洛阳（280，322）彭怀玉、楼兰（279，198）克里木、束河古镇（134，85）荆嵌实处进行#G琢刻分离#W。#r#G琢刻后的宝石无法进行合成操作#r#G无法将目标的抗性降低至负值#r#G胜利宝石	300000	2000	-1	-1	-1	-1	-1	-1	290	-1	-1	-1	-1	-1	-1	-1	-1	-1	-1	-1	-1	-1	-1	-1	-1	-1	-1	-1	-1	-1	-1	-1	-1	-1	-1	-1	-1	-1	-1	-1	-1	-1	-1	-1	-1	-1	-1	-1	-1	-1	-1	-1	-1	-1	-1	-1	90	-1	-1	-1	-1	-1	-1	-1	-1	-1	FFFFFFCC	胜利宝石	32	2004	1
50721208	5	7	21	208	LiJinGemzhuoke_8	75	蓝冥晶石·红利(7级·1级)	琢刻了纯净蓝晶石·红利后的蓝冥石·红利，可以镶嵌在攻击性装备(武器、护腕、戒指、护符、项链、暗器、武魂、龙纹、令牌、豪侠印)上，使用后不可再镶嵌同类宝石。#r#W可在洛阳（280，322）彭怀玉、楼兰（279，198）克里木、束河古镇（134，85）荆嵌实处进行#G琢刻分离#W。#r#G琢刻后的宝石无法进行合成操作#r#G无法将目标的抗性降低至负值#r#G胜利宝石	300000	2000	-1	-1	-1	-1	-1	-1	23	-1	-1	-1	-1	-1	-1	-1	-1	-1	-1	-1	-1	-1	-1	-1	-1	-1	-1	-1	-1	-1	-1	-1	-1	-1	-1	-1	-1	-1	-1	-1	-1	-1	-1	-1	-1	-1	-1	-1	-1	-1	-1	-1	-1	-1	-1	-1	90	-1	-1	-1	-1	-1	-1	-1	-1	-1	FFFFFFCC	胜利宝石	32	2004	1
50721209	5	7	21	209	LiJinGemzhuoke_8	75	蓝冥晶石·红利(7级·2级)	琢刻了纯净蓝晶石·红利后的蓝冥石·红利，可以镶嵌在攻击性装备(武器、护腕、戒指、护符、项链、暗器、武魂、龙纹、令牌、豪侠印)上，使用后不可再镶嵌同类宝石。#r#W可在洛阳（280，322）彭怀玉、楼兰（279，198）克里木、束河古镇（134，85）荆嵌实处进行#G琢刻分离#W。#r#G琢刻后的宝石无法进行合成操作#r#G无法将目标的抗性降低至负值#r#G胜利宝石	300000	2000	-1	-1	-1	-1	-1	-1	33	-1	-1	-1	-1	-1	-1	-1	-1	-1	-1	-1	-1	-1	-1	-1	-1	-1	-1	-1	-1	-1	-1	-1	-1	-1	-1	-1	-1	-1	-1	-1	-1	-1	-1	-1	-1	-1	-1	-1	-1	-1	-1	-1	-1	-1	-1	-1	90	-1	-1	-1	-1	-1	-1	-1	-1	-1	FFFFFFCC	胜利宝石	32	2004	1
50721210	5	7	21	210	LiJinGemzhuoke_8	75	蓝冥晶石·红利(7级·3级)	琢刻了纯净蓝晶石·红利后的蓝冥石·红利，可以镶嵌在攻击性装备(武器、护腕、戒指、护符、项链、暗器、武魂、龙纹、令牌、豪侠印)上，使用后不可再镶嵌同类宝石。#r#W可在洛阳（280，322）彭怀玉、楼兰（279，198）克里木、束河古镇（134，85）荆嵌实处进行#G琢刻分离#W。#r#G琢刻后的宝石无法进行合成操作#r#G无法将目标的抗性降低至负值#r#G胜利宝石	300000	2000	-1	-1	-1	-1	-1	-1	60	-1	-1	-1	-1	-1	-1	-1	-1	-1	-1	-1	-1	-1	-1	-1	-1	-1	-1	-1	-1	-1	-1	-1	-1	-1	-1	-1	-1	-1	-1	-1	-1	-1	-1	-1	-1	-1	-1	-1	-1	-1	-1	-1	-1	-1	-1	-1	90	-1	-1	-1	-1	-1	-1	-1	-1	-1	FFFFFFCC	胜利宝石	32	2004	1
50721211	5	7	21	211	LiJinGemzhuoke_8	75	蓝冥晶石·红利(7级·4级)	琢刻了纯净蓝晶石·红利后的蓝冥石·红利，可以镶嵌在攻击性装备(武器、护腕、戒指、护符、项链、暗器、武魂、龙纹、令牌、豪侠印)上，使用后不可再镶嵌同类宝石。#r#W可在洛阳（280，322）彭怀玉、楼兰（279，198）克里木、束河古镇（134，85）荆嵌实处进行#G琢刻分离#W。#r#G琢刻后的宝石无法进行合成操作#r#G无法将目标的抗性降低至负值#r#G胜利宝石	300000	2000	-1	-1	-1	-1	-1	-1	120	-1	-1	-1	-1	-1	-1	-1	-1	-1	-1	-1	-1	-1	-1	-1	-1	-1	-1	-1	-1	-1	-1	-1	-1	-1	-1	-1	-1	-1	-1	-1	-1	-1	-1	-1	-1	-1	-1	-1	-1	-1	-1	-1	-1	-1	-1	-1	90	-1	-1	-1	-1	-1	-1	-1	-1	-1	FFFFFFCC	胜利宝石	32	2004	1
50721212	5	7	21	212	LiJinGemzhuoke_8	75	蓝冥晶石·红利(7级·5级)	琢刻了纯净蓝晶石·红利后的蓝冥石·红利，可以镶嵌在攻击性装备(武器、护腕、戒指、护符、项链、暗器、武魂、龙纹、令牌、豪侠印)上，使用后不可再镶嵌同类宝石。#r#W可在洛阳（280，322）彭怀玉、楼兰（279，198）克里木、束河古镇（134，85）荆嵌实处进行#G琢刻分离#W。#r#G琢刻后的宝石无法进行合成操作#r#G无法将目标的抗性降低至负值#r#G胜利宝石	300000	2000	-1	-1	-1	-1	-1	-1	170	-1	-1	-1	-1	-1	-1	-1	-1	-1	-1	-1	-1	-1	-1	-1	-1	-1	-1	-1	-1	-1	-1	-1	-1	-1	-1	-1	-1	-1	-1	-1	-1	-1	-1	-1	-1	-1	-1	-1	-1	-1	-1	-1	-1	-1	-1	-1	90	-1	-1	-1	-1	-1	-1	-1	-1	-1	FFFFFFCC	胜利宝石	32	2004	1
50721213	5	7	21	213	LiJinGemzhuoke_8	75	蓝冥晶石·红利(7级·6级)	琢刻了纯净蓝晶石·红利后的蓝冥石·红利，可以镶嵌在攻击性装备(武器、护腕、戒指、护符、项链、暗器、武魂、龙纹、令牌、豪侠印)上，使用后不可再镶嵌同类宝石。#r#W可在洛阳（280，322）彭怀玉、楼兰（279，198）克里木、束河古镇（134，85）荆嵌实处进行#G琢刻分离#W。#r#G琢刻后的宝石无法进行合成操作#r#G无法将目标的抗性降低至负值#r#G胜利宝石	300000	2000	-1	-1	-1	-1	-1	-1	230	-1	-1	-1	-1	-1	-1	-1	-1	-1	-1	-1	-1	-1	-1	-1	-1	-1	-1	-1	-1	-1	-1	-1	-1	-1	-1	-1	-1	-1	-1	-1	-1	-1	-1	-1	-1	-1	-1	-1	-1	-1	-1	-1	-1	-1	-1	-1	90	-1	-1	-1	-1	-1	-1	-1	-1	-1	FFFFFFCC	胜利宝石	32	2004	1
50721214	5	7	21	214	LiJinGemzhuoke_8	75	蓝冥晶石·红利(7级·7级)	琢刻了纯净蓝晶石·红利后的蓝冥石·红利，可以镶嵌在攻击性装备(武器、护腕、戒指、护符、项链、暗器、武魂、龙纹、令牌、豪侠印)上，使用后不可再镶嵌同类宝石。#r#W可在洛阳（280，322）彭怀玉、楼兰（279，198）克里木、束河古镇（134，85）荆嵌实处进行#G琢刻分离#W。#r#G琢刻后的宝石无法进行合成操作#r#G无法将目标的抗性降低至负值#r#G胜利宝石	300000	2000	-1	-1	-1	-1	-1	-1	290	-1	-1	-1	-1	-1	-1	-1	-1	-1	-1	-1	-1	-1	-1	-1	-1	-1	-1	-1	-1	-1	-1	-1	-1	-1	-1	-1	-1	-1	-1	-1	-1	-1	-1	-1	-1	-1	-1	-1	-1	-1	-1	-1	-1	-1	-1	-1	90	-1	-1	-1	-1	-1	-1	-1	-1	-1	FFFFFFCC	胜利宝石	32	2004	1
50721301	5	7	21	301	Gemzhuoke_2	1	红冥晶石(7级·1级)	琢刻了纯净红晶石后的红冥石，可以镶嵌在攻击性装备(武器、护腕、戒指、护符、项链、暗器、武魂、龙纹、令牌、豪侠印)上，使用后不可再镶嵌同类宝石。#r#W可在洛阳（280，322）彭怀玉、楼兰（279，198）克里木、束河古镇（134，85）荆嵌实处进行#G琢刻分离#W。#r#G琢刻后的宝石无法进行合成操作#r#G无法将目标的抗性降低至负值#r#G胜利宝石	300000	2000	-1	-1	-1	-1	-1	-1	-1	-1	-1	23	-1	-1	-1	-1	-1	-1	-1	-1	-1	-1	-1	-1	-1	-1	-1	-1	-1	-1	-1	-1	-1	-1	-1	-1	-1	-1	-1	-1	-1	-1	-1	-1	-1	-1	-1	-1	-1	-1	-1	-1	-1	-1	-1	-1	-1	90	-1	-1	-1	-1	-1	-1	-1	-1	FFFFFFCC	胜利宝石	33	2004	1
50721302	5	7	21	302	Gemzhuoke_2	1	红冥晶石(7级·2级)	琢刻了纯净红晶石后的红冥石，可以镶嵌在攻击性装备(武器、护腕、戒指、护符、项链、暗器、武魂、龙纹、令牌、豪侠印)上，使用后不可再镶嵌同类宝石。#r#W可在洛阳（280，322）彭怀玉、楼兰（279，198）克里木、束河古镇（134，85）荆嵌实处进行#G琢刻分离#W。#r#G琢刻后的宝石无法进行合成操作#r#G无法将目标的抗性降低至负值#r#G胜利宝石	300000	2000	-1	-1	-1	-1	-1	-1	-1	-1	-1	33	-1	-1	-1	-1	-1	-1	-1	-1	-1	-1	-1	-1	-1	-1	-1	-1	-1	-1	-1	-1	-1	-1	-1	-1	-1	-1	-1	-1	-1	-1	-1	-1	-1	-1	-1	-1	-1	-1	-1	-1	-1	-1	-1	-1	-1	90	-1	-1	-1	-1	-1	-1	-1	-1	FFFFFFCC	胜利宝石	33	2004	1
50721303	5	7	21	303	Gemzhuoke_2	1	红冥晶石(7级·3级)	琢刻了纯净红晶石后的红冥石，可以镶嵌在攻击性装备(武器、护腕、戒指、护符、项链、暗器、武魂、龙纹、令牌、豪侠印)上，使用后不可再镶嵌同类宝石。#r#W可在洛阳（280，322）彭怀玉、楼兰（279，198）克里木、束河古镇（134，85）荆嵌实处进行#G琢刻分离#W。#r#G琢刻后的宝石无法进行合成操作#r#G无法将目标的抗性降低至负值#r#G胜利宝石	300000	2000	-1	-1	-1	-1	-1	-1	-1	-1	-1	60	-1	-1	-1	-1	-1	-1	-1	-1	-1	-1	-1	-1	-1	-1	-1	-1	-1	-1	-1	-1	-1	-1	-1	-1	-1	-1	-1	-1	-1	-1	-1	-1	-1	-1	-1	-1	-1	-1	-1	-1	-1	-1	-1	-1	-1	90	-1	-1	-1	-1	-1	-1	-1	-1	FFFFFFCC	胜利宝石	33	2004	1
50721304	5	7	21	304	Gemzhuoke_2	1	红冥晶石(7级·4级)	琢刻了纯净红晶石后的红冥石，可以镶嵌在攻击性装备(武器、护腕、戒指、护符、项链、暗器、武魂、龙纹、令牌、豪侠印)上，使用后不可再镶嵌同类宝石。#r#W可在洛阳（280，322）彭怀玉、楼兰（279，198）克里木、束河古镇（134，85）荆嵌实处进行#G琢刻分离#W。#r#G琢刻后的宝石无法进行合成操作#r#G无法将目标的抗性降低至负值#r#G胜利宝石	300000	2000	-1	-1	-1	-1	-1	-1	-1	-1	-1	120	-1	-1	-1	-1	-1	-1	-1	-1	-1	-1	-1	-1	-1	-1	-1	-1	-1	-1	-1	-1	-1	-1	-1	-1	-1	-1	-1	-1	-1	-1	-1	-1	-1	-1	-1	-1	-1	-1	-1	-1	-1	-1	-1	-1	-1	90	-1	-1	-1	-1	-1	-1	-1	-1	FFFFFFCC	胜利宝石	33	2004	1
50721305	5	7	21	305	Gemzhuoke_2	1	红冥晶石(7级·5级)	琢刻了纯净红晶石后的红冥石，可以镶嵌在攻击性装备(武器、护腕、戒指、护符、项链、暗器、武魂、龙纹、令牌、豪侠印)上，使用后不可再镶嵌同类宝石。#r#W可在洛阳（280，322）彭怀玉、楼兰（279，198）克里木、束河古镇（134，85）荆嵌实处进行#G琢刻分离#W。#r#G琢刻后的宝石无法进行合成操作#r#G无法将目标的抗性降低至负值#r#G胜利宝石	300000	2000	-1	-1	-1	-1	-1	-1	-1	-1	-1	170	-1	-1	-1	-1	-1	-1	-1	-1	-1	-1	-1	-1	-1	-1	-1	-1	-1	-1	-1	-1	-1	-1	-1	-1	-1	-1	-1	-1	-1	-1	-1	-1	-1	-1	-1	-1	-1	-1	-1	-1	-1	-1	-1	-1	-1	90	-1	-1	-1	-1	-1	-1	-1	-1	FFFFFFCC	胜利宝石	33	2004	1
50721306	5	7	21	306	Gemzhuoke_2	1	红冥晶石(7级·6级)	琢刻了纯净红晶石后的红冥石，可以镶嵌在攻击性装备(武器、护腕、戒指、护符、项链、暗器、武魂、龙纹、令牌、豪侠印)上，使用后不可再镶嵌同类宝石。#r#W可在洛阳（280，322）彭怀玉、楼兰（279，198）克里木、束河古镇（134，85）荆嵌实处进行#G琢刻分离#W。#r#G琢刻后的宝石无法进行合成操作#r#G无法将目标的抗性降低至负值#r#G胜利宝石	300000	2000	-1	-1	-1	-1	-1	-1	-1	-1	-1	230	-1	-1	-1	-1	-1	-1	-1	-1	-1	-1	-1	-1	-1	-1	-1	-1	-1	-1	-1	-1	-1	-1	-1	-1	-1	-1	-1	-1	-1	-1	-1	-1	-1	-1	-1	-1	-1	-1	-1	-1	-1	-1	-1	-1	-1	90	-1	-1	-1	-1	-1	-1	-1	-1	FFFFFFCC	胜利宝石	33	2004	1
50721307	5	7	21	307	Gemzhuoke_2	1	红冥晶石(7级·7级)	琢刻了纯净红晶石后的红冥石，可以镶嵌在攻击性装备(武器、护腕、戒指、护符、项链、暗器、武魂、龙纹、令牌、豪侠印)上，使用后不可再镶嵌同类宝石。#r#W可在洛阳（280，322）彭怀玉、楼兰（279，198）克里木、束河古镇（134，85）荆嵌实处进行#G琢刻分离#W。#r#G琢刻后的宝石无法进行合成操作#r#G无法将目标的抗性降低至负值#r#G胜利宝石	300000	2000	-1	-1	-1	-1	-1	-1	-1	-1	-1	290	-1	-1	-1	-1	-1	-1	-1	-1	-1	-1	-1	-1	-1	-1	-1	-1	-1	-1	-1	-1	-1	-1	-1	-1	-1	-1	-1	-1	-1	-1	-1	-1	-1	-1	-1	-1	-1	-1	-1	-1	-1	-1	-1	-1	-1	90	-1	-1	-1	-1	-1	-1	-1	-1	FFFFFFCC	胜利宝石	33	2004	1
50721308	5	7	21	308	LiJinGemzhuoke_2	75	红冥晶石·红利(7级·1级)	琢刻了纯净红晶石·红利后的红冥石·红利，可以镶嵌在攻击性装备(武器、护腕、戒指、护符、项链、暗器、武魂、龙纹、令牌、豪侠印)上，使用后不可再镶嵌同类宝石。#r#W可在洛阳（280，322）彭怀玉、楼兰（279，198）克里木、束河古镇（134，85）荆嵌实处进行#G琢刻分离#W。#r#G琢刻后的宝石无法进行合成操作#r#G无法将目标的抗性降低至负值#r#G胜利宝石	300000	2000	-1	-1	-1	-1	-1	-1	-1	-1	-1	23	-1	-1	-1	-1	-1	-1	-1	-1	-1	-1	-1	-1	-1	-1	-1	-1	-1	-1	-1	-1	-1	-1	-1	-1	-1	-1	-1	-1	-1	-1	-1	-1	-1	-1	-1	-1	-1	-1	-1	-1	-1	-1	-1	-1	-1	90	-1	-1	-1	-1	-1	-1	-1	-1	FFFFFFCC	胜利宝石	33	2004	1
50721309	5	7	21	309	LiJinGemzhuoke_2	75	红冥晶石·红利(7级·2级)	琢刻了纯净红晶石·红利后的红冥石·红利，可以镶嵌在攻击性装备(武器、护腕、戒指、护符、项链、暗器、武魂、龙纹、令牌、豪侠印)上，使用后不可再镶嵌同类宝石。#r#W可在洛阳（280，322）彭怀玉、楼兰（279，198）克里木、束河古镇（134，85）荆嵌实处进行#G琢刻分离#W。#r#G琢刻后的宝石无法进行合成操作#r#G无法将目标的抗性降低至负值#r#G胜利宝石	300000	2000	-1	-1	-1	-1	-1	-1	-1	-1	-1	33	-1	-1	-1	-1	-1	-1	-1	-1	-1	-1	-1	-1	-1	-1	-1	-1	-1	-1	-1	-1	-1	-1	-1	-1	-1	-1	-1	-1	-1	-1	-1	-1	-1	-1	-1	-1	-1	-1	-1	-1	-1	-1	-1	-1	-1	90	-1	-1	-1	-1	-1	-1	-1	-1	FFFFFFCC	胜利宝石	33	2004	1
50721310	5	7	21	310	LiJinGemzhuoke_2	75	红冥晶石·红利(7级·3级)	琢刻了纯净红晶石·红利后的红冥石·红利，可以镶嵌在攻击性装备(武器、护腕、戒指、护符、项链、暗器、武魂、龙纹、令牌、豪侠印)上，使用后不可再镶嵌同类宝石。#r#W可在洛阳（280，322）彭怀玉、楼兰（279，198）克里木、束河古镇（134，85）荆嵌实处进行#G琢刻分离#W。#r#G琢刻后的宝石无法进行合成操作#r#G无法将目标的抗性降低至负值#r#G胜利宝石	300000	2000	-1	-1	-1	-1	-1	-1	-1	-1	-1	60	-1	-1	-1	-1	-1	-1	-1	-1	-1	-1	-1	-1	-1	-1	-1	-1	-1	-1	-1	-1	-1	-1	-1	-1	-1	-1	-1	-1	-1	-1	-1	-1	-1	-1	-1	-1	-1	-1	-1	-1	-1	-1	-1	-1	-1	90	-1	-1	-1	-1	-1	-1	-1	-1	FFFFFFCC	胜利宝石	33	2004	1
50721311	5	7	21	311	LiJinGemzhuoke_2	75	红冥晶石·红利(7级·4级)	琢刻了纯净红晶石·红利后的红冥石·红利，可以镶嵌在攻击性装备(武器、护腕、戒指、护符、项链、暗器、武魂、龙纹、令牌、豪侠印)上，使用后不可再镶嵌同类宝石。#r#W可在洛阳（280，322）彭怀玉、楼兰（279，198）克里木、束河古镇（134，85）荆嵌实处进行#G琢刻分离#W。#r#G琢刻后的宝石无法进行合成操作#r#G无法将目标的抗性降低至负值#r#G胜利宝石	300000	2000	-1	-1	-1	-1	-1	-1	-1	-1	-1	120	-1	-1	-1	-1	-1	-1	-1	-1	-1	-1	-1	-1	-1	-1	-1	-1	-1	-1	-1	-1	-1	-1	-1	-1	-1	-1	-1	-1	-1	-1	-1	-1	-1	-1	-1	-1	-1	-1	-1	-1	-1	-1	-1	-1	-1	90	-1	-1	-1	-1	-1	-1	-1	-1	FFFFFFCC	胜利宝石	33	2004	1
50721312	5	7	21	312	LiJinGemzhuoke_2	75	红冥晶石·红利(7级·5级)	琢刻了纯净红晶石·红利后的红冥石·红利，可以镶嵌在攻击性装备(武器、护腕、戒指、护符、项链、暗器、武魂、龙纹、令牌、豪侠印)上，使用后不可再镶嵌同类宝石。#r#W可在洛阳（280，322）彭怀玉、楼兰（279，198）克里木、束河古镇（134，85）荆嵌实处进行#G琢刻分离#W。#r#G琢刻后的宝石无法进行合成操作#r#G无法将目标的抗性降低至负值#r#G胜利宝石	300000	2000	-1	-1	-1	-1	-1	-1	-1	-1	-1	170	-1	-1	-1	-1	-1	-1	-1	-1	-1	-1	-1	-1	-1	-1	-1	-1	-1	-1	-1	-1	-1	-1	-1	-1	-1	-1	-1	-1	-1	-1	-1	-1	-1	-1	-1	-1	-1	-1	-1	-1	-1	-1	-1	-1	-1	90	-1	-1	-1	-1	-1	-1	-1	-1	FFFFFFCC	胜利宝石	33	2004	1
50721313	5	7	21	313	LiJinGemzhuoke_2	75	红冥晶石·红利(7级·6级)	琢刻了纯净红晶石·红利后的红冥石·红利，可以镶嵌在攻击性装备(武器、护腕、戒指、护符、项链、暗器、武魂、龙纹、令牌、豪侠印)上，使用后不可再镶嵌同类宝石。#r#W可在洛阳（280，322）彭怀玉、楼兰（279，198）克里木、束河古镇（134，85）荆嵌实处进行#G琢刻分离#W。#r#G琢刻后的宝石无法进行合成操作#r#G无法将目标的抗性降低至负值#r#G胜利宝石	300000	2000	-1	-1	-1	-1	-1	-1	-1	-1	-1	230	-1	-1	-1	-1	-1	-1	-1	-1	-1	-1	-1	-1	-1	-1	-1	-1	-1	-1	-1	-1	-1	-1	-1	-1	-1	-1	-1	-1	-1	-1	-1	-1	-1	-1	-1	-1	-1	-1	-1	-1	-1	-1	-1	-1	-1	90	-1	-1	-1	-1	-1	-1	-1	-1	FFFFFFCC	胜利宝石	33	2004	1
50721314	5	7	21	314	LiJinGemzhuoke_2	75	红冥晶石·红利(7级·7级)	琢刻了纯净红晶石·红利后的红冥石·红利，可以镶嵌在攻击性装备(武器、护腕、戒指、护符、项链、暗器、武魂、龙纹、令牌、豪侠印)上，使用后不可再镶嵌同类宝石。#r#W可在洛阳（280，322）彭怀玉、楼兰（279，198）克里木、束河古镇（134，85）荆嵌实处进行#G琢刻分离#W。#r#G琢刻后的宝石无法进行合成操作#r#G无法将目标的抗性降低至负值#r#G胜利宝石	300000	2000	-1	-1	-1	-1	-1	-1	-1	-1	-1	290	-1	-1	-1	-1	-1	-1	-1	-1	-1	-1	-1	-1	-1	-1	-1	-1	-1	-1	-1	-1	-1	-1	-1	-1	-1	-1	-1	-1	-1	-1	-1	-1	-1	-1	-1	-1	-1	-1	-1	-1	-1	-1	-1	-1	-1	90	-1	-1	-1	-1	-1	-1	-1	-1	FFFFFFCC	胜利宝石	33	2004	1
50721401	5	7	21	401	Gemzhuoke_11	1	绿冥晶石(7级·1级)	琢刻了纯净绿晶石后的绿冥石，可以镶嵌在攻击性装备(武器、护腕、戒指、护符、项链、暗器、武魂、龙纹、令牌、豪侠印)上，使用后不可再镶嵌同类宝石。#r#W可在洛阳（280，322）彭怀玉、楼兰（279，198）克里木、束河古镇（134，85）荆嵌实处进行#G琢刻分离#W。#r#G琢刻后的宝石无法进行合成操作#r#G无法将目标的抗性降低至负值#r#G胜利宝石	300000	2000	-1	-1	-1	-1	-1	-1	-1	-1	-1	-1	-1	-1	-1	-1	-1	23	-1	-1	-1	-1	-1	-1	-1	-1	-1	-1	-1	-1	-1	-1	-1	-1	-1	-1	-1	-1	-1	-1	-1	-1	-1	-1	-1	-1	-1	-1	-1	-1	-1	-1	-1	-1	-1	-1	-1	-1	-1	90	-1	-1	-1	-1	-1	-1	FFFFFFCC	胜利宝石	34	2004	1
50721402	5	7	21	402	Gemzhuoke_11	1	绿冥晶石(7级·2级)	琢刻了纯净绿晶石后的绿冥石，可以镶嵌在攻击性装备(武器、护腕、戒指、护符、项链、暗器、武魂、龙纹、令牌、豪侠印)上，使用后不可再镶嵌同类宝石。#r#W可在洛阳（280，322）彭怀玉、楼兰（279，198）克里木、束河古镇（134，85）荆嵌实处进行#G琢刻分离#W。#r#G琢刻后的宝石无法进行合成操作#r#G无法将目标的抗性降低至负值#r#G胜利宝石	300000	2000	-1	-1	-1	-1	-1	-1	-1	-1	-1	-1	-1	-1	-1	-1	-1	33	-1	-1	-1	-1	-1	-1	-1	-1	-1	-1	-1	-1	-1	-1	-1	-1	-1	-1	-1	-1	-1	-1	-1	-1	-1	-1	-1	-1	-1	-1	-1	-1	-1	-1	-1	-1	-1	-1	-1	-1	-1	90	-1	-1	-1	-1	-1	-1	FFFFFFCC	胜利宝石	34	2004	1
50721403	5	7	21	403	Gemzhuoke_11	1	绿冥晶石(7级·3级)	琢刻了纯净绿晶石后的绿冥石，可以镶嵌在攻击性装备(武器、护腕、戒指、护符、项链、暗器、武魂、龙纹、令牌、豪侠印)上，使用后不可再镶嵌同类宝石。#r#W可在洛阳（280，322）彭怀玉、楼兰（279，198）克里木、束河古镇（134，85）荆嵌实处进行#G琢刻分离#W。#r#G琢刻后的宝石无法进行合成操作#r#G无法将目标的抗性降低至负值#r#G胜利宝石	300000	2000	-1	-1	-1	-1	-1	-1	-1	-1	-1	-1	-1	-1	-1	-1	-1	60	-1	-1	-1	-1	-1	-1	-1	-1	-1	-1	-1	-1	-1	-1	-1	-1	-1	-1	-1	-1	-1	-1	-1	-1	-1	-1	-1	-1	-1	-1	-1	-1	-1	-1	-1	-1	-1	-1	-1	-1	-1	90	-1	-1	-1	-1	-1	-1	FFFFFFCC	胜利宝石	34	2004	1
50721404	5	7	21	404	Gemzhuoke_11	1	绿冥晶石(7级·4级)	琢刻了纯净绿晶石后的绿冥石，可以镶嵌在攻击性装备(武器、护腕、戒指、护符、项链、暗器、武魂、龙纹、令牌、豪侠印)上，使用后不可再镶嵌同类宝石。#r#W可在洛阳（280，322）彭怀玉、楼兰（279，198）克里木、束河古镇（134，85）荆嵌实处进行#G琢刻分离#W。#r#G琢刻后的宝石无法进行合成操作#r#G无法将目标的抗性降低至负值#r#G胜利宝石	300000	2000	-1	-1	-1	-1	-1	-1	-1	-1	-1	-1	-1	-1	-1	-1	-1	120	-1	-1	-1	-1	-1	-1	-1	-1	-1	-1	-1	-1	-1	-1	-1	-1	-1	-1	-1	-1	-1	-1	-1	-1	-1	-1	-1	-1	-1	-1	-1	-1	-1	-1	-1	-1	-1	-1	-1	-1	-1	90	-1	-1	-1	-1	-1	-1	FFFFFFCC	胜利宝石	34	2004	1
50721405	5	7	21	405	Gemzhuoke_11	1	绿冥晶石(7级·5级)	琢刻了纯净绿晶石后的绿冥石，可以镶嵌在攻击性装备(武器、护腕、戒指、护符、项链、暗器、武魂、龙纹、令牌、豪侠印)上，使用后不可再镶嵌同类宝石。#r#W可在洛阳（280，322）彭怀玉、楼兰（279，198）克里木、束河古镇（134，85）荆嵌实处进行#G琢刻分离#W。#r#G琢刻后的宝石无法进行合成操作#r#G无法将目标的抗性降低至负值#r#G胜利宝石	300000	2000	-1	-1	-1	-1	-1	-1	-1	-1	-1	-1	-1	-1	-1	-1	-1	170	-1	-1	-1	-1	-1	-1	-1	-1	-1	-1	-1	-1	-1	-1	-1	-1	-1	-1	-1	-1	-1	-1	-1	-1	-1	-1	-1	-1	-1	-1	-1	-1	-1	-1	-1	-1	-1	-1	-1	-1	-1	90	-1	-1	-1	-1	-1	-1	FFFFFFCC	胜利宝石	34	2004	1
50721406	5	7	21	406	Gemzhuoke_11	1	绿冥晶石(7级·6级)	琢刻了纯净绿晶石后的绿冥石，可以镶嵌在攻击性装备(武器、护腕、戒指、护符、项链、暗器、武魂、龙纹、令牌、豪侠印)上，使用后不可再镶嵌同类宝石。#r#W可在洛阳（280，322）彭怀玉、楼兰（279，198）克里木、束河古镇（134，85）荆嵌实处进行#G琢刻分离#W。#r#G琢刻后的宝石无法进行合成操作#r#G无法将目标的抗性降低至负值#r#G胜利宝石	300000	2000	-1	-1	-1	-1	-1	-1	-1	-1	-1	-1	-1	-1	-1	-1	-1	230	-1	-1	-1	-1	-1	-1	-1	-1	-1	-1	-1	-1	-1	-1	-1	-1	-1	-1	-1	-1	-1	-1	-1	-1	-1	-1	-1	-1	-1	-1	-1	-1	-1	-1	-1	-1	-1	-1	-1	-1	-1	90	-1	-1	-1	-1	-1	-1	FFFFFFCC	胜利宝石	34	2004	1
50721407	5	7	21	407	Gemzhuoke_11	1	绿冥晶石(7级·7级)	琢刻了纯净绿晶石后的绿冥石，可以镶嵌在攻击性装备(武器、护腕、戒指、护符、项链、暗器、武魂、龙纹、令牌、豪侠印)上，使用后不可再镶嵌同类宝石。#r#W可在洛阳（280，322）彭怀玉、楼兰（279，198）克里木、束河古镇（134，85）荆嵌实处进行#G琢刻分离#W。#r#G琢刻后的宝石无法进行合成操作#r#G无法将目标的抗性降低至负值#r#G胜利宝石	300000	2000	-1	-1	-1	-1	-1	-1	-1	-1	-1	-1	-1	-1	-1	-1	-1	290	-1	-1	-1	-1	-1	-1	-1	-1	-1	-1	-1	-1	-1	-1	-1	-1	-1	-1	-1	-1	-1	-1	-1	-1	-1	-1	-1	-1	-1	-1	-1	-1	-1	-1	-1	-1	-1	-1	-1	-1	-1	90	-1	-1	-1	-1	-1	-1	FFFFFFCC	胜利宝石	34	2004	1
50721408	5	7	21	408	LiJinGemzhuoke_11	75	绿冥晶石·红利(7级·1级)	琢刻了纯净绿晶石·红利后的绿冥石·红利，可以镶嵌在攻击性装备(武器、护腕、戒指、护符、项链、暗器、武魂、龙纹、令牌、豪侠印)上，使用后不可再镶嵌同类宝石。#r#W可在洛阳（280，322）彭怀玉、楼兰（279，198）克里木、束河古镇（134，85）荆嵌实处进行#G琢刻分离#W。#r#G琢刻后的宝石无法进行合成操作#r#G无法将目标的抗性降低至负值#r#G胜利宝石	300000	2000	-1	-1	-1	-1	-1	-1	-1	-1	-1	-1	-1	-1	-1	-1	-1	23	-1	-1	-1	-1	-1	-1	-1	-1	-1	-1	-1	-1	-1	-1	-1	-1	-1	-1	-1	-1	-1	-1	-1	-1	-1	-1	-1	-1	-1	-1	-1	-1	-1	-1	-1	-1	-1	-1	-1	-1	-1	90	-1	-1	-1	-1	-1	-1	FFFFFFCC	胜利宝石	34	2004	1
50721409	5	7	21	409	LiJinGemzhuoke_11	75	绿冥晶石·红利(7级·2级)	琢刻了纯净绿晶石·红利后的绿冥石·红利，可以镶嵌在攻击性装备(武器、护腕、戒指、护符、项链、暗器、武魂、龙纹、令牌、豪侠印)上，使用后不可再镶嵌同类宝石。#r#W可在洛阳（280，322）彭怀玉、楼兰（279，198）克里木、束河古镇（134，85）荆嵌实处进行#G琢刻分离#W。#r#G琢刻后的宝石无法进行合成操作#r#G无法将目标的抗性降低至负值#r#G胜利宝石	300000	2000	-1	-1	-1	-1	-1	-1	-1	-1	-1	-1	-1	-1	-1	-1	-1	33	-1	-1	-1	-1	-1	-1	-1	-1	-1	-1	-1	-1	-1	-1	-1	-1	-1	-1	-1	-1	-1	-1	-1	-1	-1	-1	-1	-1	-1	-1	-1	-1	-1	-1	-1	-1	-1	-1	-1	-1	-1	90	-1	-1	-1	-1	-1	-1	FFFFFFCC	胜利宝石	34	2004	1
50721410	5	7	21	410	LiJinGemzhuoke_11	75	绿冥晶石·红利(7级·3级)	琢刻了纯净绿晶石·红利后的绿冥石·红利，可以镶嵌在攻击性装备(武器、护腕、戒指、护符、项链、暗器、武魂、龙纹、令牌、豪侠印)上，使用后不可再镶嵌同类宝石。#r#W可在洛阳（280，322）彭怀玉、楼兰（279，198）克里木、束河古镇（134，85）荆嵌实处进行#G琢刻分离#W。#r#G琢刻后的宝石无法进行合成操作#r#G无法将目标的抗性降低至负值#r#G胜利宝石	300000	2000	-1	-1	-1	-1	-1	-1	-1	-1	-1	-1	-1	-1	-1	-1	-1	60	-1	-1	-1	-1	-1	-1	-1	-1	-1	-1	-1	-1	-1	-1	-1	-1	-1	-1	-1	-1	-1	-1	-1	-1	-1	-1	-1	-1	-1	-1	-1	-1	-1	-1	-1	-1	-1	-1	-1	-1	-1	90	-1	-1	-1	-1	-1	-1	FFFFFFCC	胜利宝石	34	2004	1
50721411	5	7	21	411	LiJinGemzhuoke_11	75	绿冥晶石·红利(7级·4级)	琢刻了纯净绿晶石·红利后的绿冥石·红利，可以镶嵌在攻击性装备(武器、护腕、戒指、护符、项链、暗器、武魂、龙纹、令牌、豪侠印)上，使用后不可再镶嵌同类宝石。#r#W可在洛阳（280，322）彭怀玉、楼兰（279，198）克里木、束河古镇（134，85）荆嵌实处进行#G琢刻分离#W。#r#G琢刻后的宝石无法进行合成操作#r#G无法将目标的抗性降低至负值#r#G胜利宝石	300000	2000	-1	-1	-1	-1	-1	-1	-1	-1	-1	-1	-1	-1	-1	-1	-1	120	-1	-1	-1	-1	-1	-1	-1	-1	-1	-1	-1	-1	-1	-1	-1	-1	-1	-1	-1	-1	-1	-1	-1	-1	-1	-1	-1	-1	-1	-1	-1	-1	-1	-1	-1	-1	-1	-1	-1	-1	-1	90	-1	-1	-1	-1	-1	-1	FFFFFFCC	胜利宝石	34	2004	1
50721412	5	7	21	412	LiJinGemzhuoke_11	75	绿冥晶石·红利(7级·5级)	琢刻了纯净绿晶石·红利后的绿冥石·红利，可以镶嵌在攻击性装备(武器、护腕、戒指、护符、项链、暗器、武魂、龙纹、令牌、豪侠印)上，使用后不可再镶嵌同类宝石。#r#W可在洛阳（280，322）彭怀玉、楼兰（279，198）克里木、束河古镇（134，85）荆嵌实处进行#G琢刻分离#W。#r#G琢刻后的宝石无法进行合成操作#r#G无法将目标的抗性降低至负值#r#G胜利宝石	300000	2000	-1	-1	-1	-1	-1	-1	-1	-1	-1	-1	-1	-1	-1	-1	-1	170	-1	-1	-1	-1	-1	-1	-1	-1	-1	-1	-1	-1	-1	-1	-1	-1	-1	-1	-1	-1	-1	-1	-1	-1	-1	-1	-1	-1	-1	-1	-1	-1	-1	-1	-1	-1	-1	-1	-1	-1	-1	90	-1	-1	-1	-1	-1	-1	FFFFFFCC	胜利宝石	34	2004	1
50721413	5	7	21	413	LiJinGemzhuoke_11	75	绿冥晶石·红利(7级·6级)	琢刻了纯净绿晶石·红利后的绿冥石·红利，可以镶嵌在攻击性装备(武器、护腕、戒指、护符、项链、暗器、武魂、龙纹、令牌、豪侠印)上，使用后不可再镶嵌同类宝石。#r#W可在洛阳（280，322）彭怀玉、楼兰（279，198）克里木、束河古镇（134，85）荆嵌实处进行#G琢刻分离#W。#r#G琢刻后的宝石无法进行合成操作#r#G无法将目标的抗性降低至负值#r#G胜利宝石	300000	2000	-1	-1	-1	-1	-1	-1	-1	-1	-1	-1	-1	-1	-1	-1	-1	230	-1	-1	-1	-1	-1	-1	-1	-1	-1	-1	-1	-1	-1	-1	-1	-1	-1	-1	-1	-1	-1	-1	-1	-1	-1	-1	-1	-1	-1	-1	-1	-1	-1	-1	-1	-1	-1	-1	-1	-1	-1	90	-1	-1	-1	-1	-1	-1	FFFFFFCC	胜利宝石	34	2004	1
50721414	5	7	21	414	LiJinGemzhuoke_11	75	绿冥晶石·红利(7级·7级)	琢刻了纯净绿晶石·红利后的绿冥石·红利，可以镶嵌在攻击性装备(武器、护腕、戒指、护符、项链、暗器、武魂、龙纹、令牌、豪侠印)上，使用后不可再镶嵌同类宝石。#r#W可在洛阳（280，322）彭怀玉、楼兰（279，198）克里木、束河古镇（134，85）荆嵌实处进行#G琢刻分离#W。#r#G琢刻后的宝石无法进行合成操作#r#G无法将目标的抗性降低至负值#r#G胜利宝石	300000	2000	-1	-1	-1	-1	-1	-1	-1	-1	-1	-1	-1	-1	-1	-1	-1	290	-1	-1	-1	-1	-1	-1	-1	-1	-1	-1	-1	-1	-1	-1	-1	-1	-1	-1	-1	-1	-1	-1	-1	-1	-1	-1	-1	-1	-1	-1	-1	-1	-1	-1	-1	-1	-1	-1	-1	-1	-1	90	-1	-1	-1	-1	-1	-1	FFFFFFCC	胜利宝石	34	2004	1
50726001	5	7	26	1	Gemjiankang_3	1	黄冥石(7级)	黄色的冥石，可以镶嵌在攻击性装备(武器、护腕、戒指、护符、项链、暗器、武魂、龙纹、令牌、豪侠印)上，使用后不可再镶嵌同类宝石。#r分期购买的宝石，在余款全部还清前，暂时无法进行琢刻。#r#G无法将目标的抗性降低至负值#r#G胜利宝石	300000	2000	-1	-1	-1	-1	-1	-1	-1	-1	-1	-1	-1	-1	-1	-1	-1	-1	-1	-1	-1	-1	-1	-1	-1	-1	-1	-1	-1	-1	-1	-1	-1	-1	-1	-1	-1	-1	-1	-1	-1	-1	-1	-1	-1	-1	-1	-1	-1	-1	-1	-1	-1	-1	-1	-1	-1	-1	90	-1	-1	-1	-1	-1	-1	-1	FFFFFFCC	胜利宝石	31	2004	1
50726002	5	7	26	2	Gemjiankang_15	1	蓝冥石(7级)	蓝色的冥石，可以镶嵌在攻击性装备(武器、护腕、戒指、护符、项链、暗器、武魂、龙纹、令牌、豪侠印)上，使用后不可再镶嵌同类宝石。#r分期购买的宝石，在余款全部还清前，暂时无法进行琢刻。#r#G无法将目标的抗性降低至负值#r#G胜利宝石	300000	2000	-1	-1	-1	-1	-1	-1	-1	-1	-1	-1	-1	-1	-1	-1	-1	-1	-1	-1	-1	-1	-1	-1	-1	-1	-1	-1	-1	-1	-1	-1	-1	-1	-1	-1	-1	-1	-1	-1	-1	-1	-1	-1	-1	-1	-1	-1	-1	-1	-1	-1	-1	-1	-1	-1	90	-1	-1	-1	-1	-1	-1	-1	-1	-1	FFFFFFCC	胜利宝石	32	2004	1
50726003	5	7	26	3	Gemjiankang_11	1	红冥石(7级)	红色的冥石，可以镶嵌在攻击性装备(武器、护腕、戒指、护符、项链、暗器、武魂、龙纹、令牌、豪侠印)上，使用后不可再镶嵌同类宝石。#r分期购买的宝石，在余款全部还清前，暂时无法进行琢刻。#r#G无法将目标的抗性降低至负值#r#G胜利宝石	300000	2000	-1	-1	-1	-1	-1	-1	-1	-1	-1	-1	-1	-1	-1	-1	-1	-1	-1	-1	-1	-1	-1	-1	-1	-1	-1	-1	-1	-1	-1	-1	-1	-1	-1	-1	-1	-1	-1	-1	-1	-1	-1	-1	-1	-1	-1	-1	-1	-1	-1	-1	-1	-1	-1	-1	-1	90	-1	-1	-1	-1	-1	-1	-1	-1	FFFFFFCC	胜利宝石	33	2004	1
50726004	5	7	26	4	Gemjiankang_7	1	绿冥石(7级)	绿色的冥石，可以镶嵌在攻击性装备(武器、护腕、戒指、护符、项链、暗器、武魂、龙纹、令牌、豪侠印)上，使用后不可再镶嵌同类宝石。#r分期购买的宝石，在余款全部还清前，暂时无法进行琢刻。#r#G无法将目标的抗性降低至负值#r#G胜利宝石	300000	2000	-1	-1	-1	-1	-1	-1	-1	-1	-1	-1	-1	-1	-1	-1	-1	-1	-1	-1	-1	-1	-1	-1	-1	-1	-1	-1	-1	-1	-1	-1	-1	-1	-1	-1	-1	-1	-1	-1	-1	-1	-1	-1	-1	-1	-1	-1	-1	-1	-1	-1	-1	-1	-1	-1	-1	-1	-1	90	-1	-1	-1	-1	-1	-1	FFFFFFCC	胜利宝石	34	2004	1
50801001	5	8	1	1	Gem6_2_4	1	猫眼石(8级)	像猫眼一样的宝石，可以镶嵌在攻击性装备(武器、护腕、戒指、护符、项链、暗器、武魂、龙纹、令牌、豪侠印)上，使用后不可再镶嵌同类宝石。#r#G希望宝石	50000	1000	-1	-1	-1	-1	-1	-1	-1	-1	-1	-1	-1	-1	-1	-1	-1	-1	-1	-1	-1	-1	-1	-1	-1	-1	-1	-1	3198	-1	-1	-1	-1	-1	-1	-1	-1	-1	-1	-1	-1	-1	-1	-1	-1	-1	-1	-1	-1	-1	-1	-1	-1	-1	-1	-1	-1	-1	-1	-1	-1	-1	-1	-1	-1	-1	FFFFFFE5	希望宝石	1	2004	1
50801002	5	8	1	2	Gem6_1_1	1	虎眼石(8级)	像虎眼一样的宝石，可以镶嵌在攻击性装备(武器、护腕、戒指、护符、项链、暗器、武魂、龙纹、令牌、豪侠印)上，使用后不可再镶嵌同类宝石。#r#G希望宝石	50000	1000	-1	-1	-1	-1	-1	-1	-1	-1	-1	-1	-1	-1	-1	-1	-1	-1	-1	-1	-1	3198	-1	-1	-1	-1	-1	-1	-1	-1	-1	-1	-1	-1	-1	-1	-1	-1	-1	-1	-1	-1	-1	-1	-1	-1	-1	-1	-1	-1	-1	-1	-1	-1	-1	-1	-1	-1	-1	-1	-1	-1	-1	-1	-1	-1	FFFFFFE5	希望宝石	2	2004	1
50801003	5	8	1	3	LiJinGem6_2_4	75	猫眼石·红利(8级)	像猫眼一样的宝石，可以镶嵌在攻击性装备(武器、护腕、戒指、护符、项链、暗器、武魂、龙纹、令牌、豪侠印)上，使用后不可再镶嵌同类宝石。#r#G希望宝石	50000	1	-1	-1	-1	-1	-1	-1	-1	-1	-1	-1	-1	-1	-1	-1	-1	-1	-1	-1	-1	-1	-1	-1	-1	-1	-1	-1	3198	-1	-1	-1	-1	-1	-1	-1	-1	-1	-1	-1	-1	-1	-1	-1	-1	-1	-1	-1	-1	-1	-1	-1	-1	-1	-1	-1	-1	-1	-1	-1	-1	-1	-1	-1	-1	-1	FFFFFFE5	希望宝石	1	2004	1
50801004	5	8	1	4	LiJinGem6_1_1	75	虎眼石·红利(8级)	像虎眼一样的宝石，可以镶嵌在攻击性装备(武器、护腕、戒指、护符、项链、暗器、武魂、龙纹、令牌、豪侠印)上，使用后不可再镶嵌同类宝石。#r#G希望宝石	50000	1	-1	-1	-1	-1	-1	-1	-1	-1	-1	-1	-1	-1	-1	-1	-1	-1	-1	-1	-1	3198	-1	-1	-1	-1	-1	-1	-1	-1	-1	-1	-1	-1	-1	-1	-1	-1	-1	-1	-1	-1	-1	-1	-1	-1	-1	-1	-1	-1	-1	-1	-1	-1	-1	-1	-1	-1	-1	-1	-1	-1	-1	-1	-1	-1	FFFFFFE5	希望宝石	2	2004	1
50802001	5	8	2	1	Gem6_1_3	1	黄晶石(8级)	黄色的晶石，可以镶嵌在攻击性装备(武器、护腕、戒指、护符、项链、暗器、武魂、龙纹、令牌、豪侠印)上，使用后不可再镶嵌同类宝石。#r#G智慧宝石#W#r可在#G洛阳（280，322）#R宝石工匠彭怀玉#W或#G楼兰（279，198）#R宝石工匠克里木#W处使用#G8级宝石雕琢符#W提升宝石属性。#r#cff9900本宝石只能雕琢一次。#r#W使用三颗雕琢后的宝石，和一个#G宝石熔炼符#W，能够熔炼成一颗对应的同等级胜利宝石。	150000	1000	-1	-1	-1	-1	-1	-1	-1	-1	-1	-1	-1	-1	45	-1	-1	-1	-1	-1	-1	-1	-1	-1	-1	-1	-1	-1	-1	-1	-1	-1	-1	-1	-1	-1	-1	-1	-1	-1	-1	-1	-1	-1	-1	-1	-1	-1	-1	-1	-1	-1	-1	-1	-1	-1	-1	-1	-1	-1	-1	-1	-1	-1	-1	-1	FFFFFFE5	智慧宝石	3	2004	1
50802002	5	8	2	2	Gem6_1_4	1	蓝晶石(8级)	蓝色的晶石，可以镶嵌在攻击性装备(武器、护腕、戒指、护符、项链、暗器、武魂、龙纹、令牌、豪侠印)上，使用后不可再镶嵌同类宝石。#r#G智慧宝石#W#r可在#G洛阳（280，322）#R宝石工匠彭怀玉#W或#G楼兰（279，198）#R宝石工匠克里木#W处使用#G8级宝石雕琢符#W提升宝石属性。#r#cff9900本宝石只能雕琢一次。#r#W使用三颗雕琢后的宝石，和一个#G宝石熔炼符#W，能够熔炼成一颗对应的同等级胜利宝石。	150000	1000	-1	-1	-1	-1	-1	-1	45	-1	-1	-1	-1	-1	-1	-1	-1	-1	-1	-1	-1	-1	-1	-1	-1	-1	-1	-1	-1	-1	-1	-1	-1	-1	-1	-1	-1	-1	-1	-1	-1	-1	-1	-1	-1	-1	-1	-1	-1	-1	-1	-1	-1	-1	-1	-1	-1	-1	-1	-1	-1	-1	-1	-1	-1	-1	FFFFFFE5	智慧宝石	4	2004	1
50802003	5	8	2	3	Gem6_1_5	1	红晶石(8级)	红色的晶石，可以镶嵌在攻击性装备(武器、护腕、戒指、护符、项链、暗器、武魂、龙纹、令牌、豪侠印)上，使用后不可再镶嵌同类宝石。#r#G智慧宝石#W#r可在#G洛阳（280，322）#R宝石工匠彭怀玉#W或#G楼兰（279，198）#R宝石工匠克里木#W处使用#G8级宝石雕琢符#W提升宝石属性。#r#cff9900本宝石只能雕琢一次。#r#W使用三颗雕琢后的宝石，和一个#G宝石熔炼符#W，能够熔炼成一颗对应的同等级胜利宝石。	150000	1000	-1	-1	-1	-1	-1	-1	-1	-1	-1	45	-1	-1	-1	-1	-1	-1	-1	-1	-1	-1	-1	-1	-1	-1	-1	-1	-1	-1	-1	-1	-1	-1	-1	-1	-1	-1	-1	-1	-1	-1	-1	-1	-1	-1	-1	-1	-1	-1	-1	-1	-1	-1	-1	-1	-1	-1	-1	-1	-1	-1	-1	-1	-1	-1	FFFFFFE5	智慧宝石	5	2004	1
50802004	5	8	2	4	Gem6_1_6	1	绿晶石(8级)	绿色的晶石，可以镶嵌在攻击性装备(武器、护腕、戒指、护符、项链、暗器、武魂、龙纹、令牌、豪侠印)上，使用后不可再镶嵌同类宝石。#r#G智慧宝石#W#r可在#G洛阳（280，322）#R宝石工匠彭怀玉#W或#G楼兰（279，198）#R宝石工匠克里木#W处使用#G8级宝石雕琢符#W提升宝石属性。#r#cff9900本宝石只能雕琢一次。#r#W使用三颗雕琢后的宝石，和一个#G宝石熔炼符#W，能够熔炼成一颗对应的同等级胜利宝石。	150000	1000	-1	-1	-1	-1	-1	-1	-1	-1	-1	-1	-1	-1	-1	-1	-1	45	-1	-1	-1	-1	-1	-1	-1	-1	-1	-1	-1	-1	-1	-1	-1	-1	-1	-1	-1	-1	-1	-1	-1	-1	-1	-1	-1	-1	-1	-1	-1	-1	-1	-1	-1	-1	-1	-1	-1	-1	-1	-1	-1	-1	-1	-1	-1	-1	FFFFFFE5	智慧宝石	6	2004	1
50802005	5	8	2	5	Gem6_2_5	1	纯净黄晶石(8级)	纯净的黄晶石，可以镶嵌在攻击性装备(武器、护腕、戒指、护符、项链、暗器、武魂、龙纹、令牌、豪侠印)上，使用后不可再镶嵌同类宝石。#r可在洛阳（280，322）彭怀玉、楼兰（279，198）克里木、束河古镇（134，85）荆嵌实处，将三颗此种宝石琢刻至8级及以上等级的黄冥石之上。琢刻后的黄冥晶石将可同时拥有忽略目标玄抗及玄攻击效果。#r#G智慧宝石#r#cff9900雕琢过的宝石不能再雕琢。#r#W使用三颗此种宝石，和一个#G宝石熔炼符#W，能够熔炼成一颗对应的同等级胜利宝石。#r在#G帮会城市#W做#G炼金任务#W时，会有一定几率获得#G宝石熔炼符#W。	300000	2000	-1	-1	-1	-1	-1	-1	-1	-1	-1	-1	-1	-1	290	-1	-1	-1	-1	-1	-1	-1	-1	-1	-1	-1	-1	-1	-1	-1	-1	-1	-1	-1	-1	-1	-1	-1	-1	-1	-1	-1	-1	-1	-1	-1	-1	-1	-1	-1	-1	-1	-1	-1	-1	-1	-1	-1	-1	-1	-1	-1	-1	-1	-1	-1	FFFFFFE5	智慧宝石	14	2004	1
50802006	5	8	2	6	Gem6_2_9	1	纯净蓝晶石(8级)	纯净的蓝晶石，可以镶嵌在攻击性装备(武器、护腕、戒指、护符、项链、暗器、武魂、龙纹、令牌、豪侠印)上，使用后不可再镶嵌同类宝石。#r可在洛阳（280，322）彭怀玉、楼兰（279，198）克里木、束河古镇（134，85）荆嵌实处，将三颗此种宝石琢刻至8级及以上等级的蓝冥石之上。琢刻后的蓝冥晶石将可同时拥有忽略目标冰抗及冰攻击效果。#r#G智慧宝石#r#cff9900雕琢过的宝石不能再雕琢。#r#W使用三颗此种宝石，和一个#G宝石熔炼符#W，能够熔炼成一颗对应的同等级胜利宝石。#r在#G帮会城市#W做#G炼金任务#W时，会有一定几率获得#G宝石熔炼符#W。	300000	2000	-1	-1	-1	-1	-1	-1	290	-1	-1	-1	-1	-1	-1	-1	-1	-1	-1	-1	-1	-1	-1	-1	-1	-1	-1	-1	-1	-1	-1	-1	-1	-1	-1	-1	-1	-1	-1	-1	-1	-1	-1	-1	-1	-1	-1	-1	-1	-1	-1	-1	-1	-1	-1	-1	-1	-1	-1	-1	-1	-1	-1	-1	-1	-1	FFFFFFE5	智慧宝石	15	2004	1
50802007	5	8	2	7	Gem6_2_13	1	纯净红晶石(8级)	纯净的红晶石，可以镶嵌在攻击性装备(武器、护腕、戒指、护符、项链、暗器、武魂、龙纹、令牌、豪侠印)上，使用后不可再镶嵌同类宝石。#r可在洛阳（280，322）彭怀玉、楼兰（279，198）克里木、束河古镇（134，85）荆嵌实处，将三颗此种宝石琢刻至8级及以上等级的红冥石之上。琢刻后的红冥晶石将可同时拥有忽略目标火抗及火攻击效果。#r#G智慧宝石#r#cff9900雕琢过的宝石不能再雕琢。#r#W使用三颗此种宝石，和一个#G宝石熔炼符#W，能够熔炼成一颗对应的同等级胜利宝石。#r在#G帮会城市#W做#G炼金任务#W时，会有一定几率获得#G宝石熔炼符#W。	300000	2000	-1	-1	-1	-1	-1	-1	-1	-1	-1	290	-1	-1	-1	-1	-1	-1	-1	-1	-1	-1	-1	-1	-1	-1	-1	-1	-1	-1	-1	-1	-1	-1	-1	-1	-1	-1	-1	-1	-1	-1	-1	-1	-1	-1	-1	-1	-1	-1	-1	-1	-1	-1	-1	-1	-1	-1	-1	-1	-1	-1	-1	-1	-1	-1	FFFFFFE5	智慧宝石	16	2004	1
50802008	5	8	2	8	Gem6_2_6	1	纯净绿晶石(8级)	纯净的绿晶石，可以镶嵌在攻击性装备(武器、护腕、戒指、护符、项链、暗器、武魂、龙纹、令牌、豪侠印)上，使用后不可再镶嵌同类宝石。#r可在洛阳（280，322）彭怀玉、楼兰（279，198）克里木、束河古镇（134，85）荆嵌实处，将三颗此种宝石琢刻至8级及以上等级的绿冥石之上。琢刻后的绿冥晶石将可同时拥有忽略目标毒抗及毒攻击效果。#r#G智慧宝石#r#cff9900雕琢过的宝石不能再雕琢。#r#W使用三颗此种宝石，和一个#G宝石熔炼符#W，能够熔炼成一颗对应的同等级胜利宝石。#r在#G帮会城市#W做#G炼金任务#W时，会有一定几率获得#G宝石熔炼符#W。	300000	2000	-1	-1	-1	-1	-1	-1	-1	-1	-1	-1	-1	-1	-1	-1	-1	290	-1	-1	-1	-1	-1	-1	-1	-1	-1	-1	-1	-1	-1	-1	-1	-1	-1	-1	-1	-1	-1	-1	-1	-1	-1	-1	-1	-1	-1	-1	-1	-1	-1	-1	-1	-1	-1	-1	-1	-1	-1	-1	-1	-1	-1	-1	-1	-1	FFFFFFE5	智慧宝石	17	2004	1
50802009	5	8	2	9	LiJinGem6_1_3	75	黄晶石·红利(8级)	黄色的晶石，可以镶嵌在攻击性装备(武器、护腕、戒指、护符、项链、暗器、武魂、龙纹、令牌、豪侠印)上，使用后不可再镶嵌同类宝石。#r#G智慧宝石#W#r可在#G洛阳（280，322）#R宝石工匠彭怀玉#W或#G楼兰（279，198）#R宝石工匠克里木#W处使用#G8级宝石雕琢符#W提升宝石属性。#r#cff9900本宝石只能雕琢一次。#r#W使用三颗雕琢后的宝石，和一个#G宝石熔炼符#W，能够熔炼成一颗对应的同等级胜利宝石。	150000	1	-1	-1	-1	-1	-1	-1	-1	-1	-1	-1	-1	-1	45	-1	-1	-1	-1	-1	-1	-1	-1	-1	-1	-1	-1	-1	-1	-1	-1	-1	-1	-1	-1	-1	-1	-1	-1	-1	-1	-1	-1	-1	-1	-1	-1	-1	-1	-1	-1	-1	-1	-1	-1	-1	-1	-1	-1	-1	-1	-1	-1	-1	-1	-1	FFFFFFE5	智慧宝石	3	2004	1
50802010	5	8	2	10	LiJinGem6_1_4	75	蓝晶石·红利(8级)	蓝色的晶石，可以镶嵌在攻击性装备(武器、护腕、戒指、护符、项链、暗器、武魂、龙纹、令牌、豪侠印)上，使用后不可再镶嵌同类宝石。#r#G智慧宝石#W#r可在#G洛阳（280，322）#R宝石工匠彭怀玉#W或#G楼兰（279，198）#R宝石工匠克里木#W处使用#G8级宝石雕琢符#W提升宝石属性。#r#cff9900本宝石只能雕琢一次。#r#W使用三颗雕琢后的宝石，和一个#G宝石熔炼符#W，能够熔炼成一颗对应的同等级胜利宝石。	150000	1	-1	-1	-1	-1	-1	-1	45	-1	-1	-1	-1	-1	-1	-1	-1	-1	-1	-1	-1	-1	-1	-1	-1	-1	-1	-1	-1	-1	-1	-1	-1	-1	-1	-1	-1	-1	-1	-1	-1	-1	-1	-1	-1	-1	-1	-1	-1	-1	-1	-1	-1	-1	-1	-1	-1	-1	-1	-1	-1	-1	-1	-1	-1	-1	FFFFFFE5	智慧宝石	4	2004	1
50802011	5	8	2	11	LiJinGem6_1_5	75	红晶石·红利(8级)	红色的晶石，可以镶嵌在攻击性装备(武器、护腕、戒指、护符、项链、暗器、武魂、龙纹、令牌、豪侠印)上，使用后不可再镶嵌同类宝石。#r#G智慧宝石#W#r可在#G洛阳（280，322）#R宝石工匠彭怀玉#W或#G楼兰（279，198）#R宝石工匠克里木#W处使用#G8级宝石雕琢符#W提升宝石属性。#r#cff9900本宝石只能雕琢一次。#r#W使用三颗雕琢后的宝石，和一个#G宝石熔炼符#W，能够熔炼成一颗对应的同等级胜利宝石。	150000	1	-1	-1	-1	-1	-1	-1	-1	-1	-1	45	-1	-1	-1	-1	-1	-1	-1	-1	-1	-1	-1	-1	-1	-1	-1	-1	-1	-1	-1	-1	-1	-1	-1	-1	-1	-1	-1	-1	-1	-1	-1	-1	-1	-1	-1	-1	-1	-1	-1	-1	-1	-1	-1	-1	-1	-1	-1	-1	-1	-1	-1	-1	-1	-1	FFFFFFE5	智慧宝石	5	2004	1
50802012	5	8	2	12	LiJinGem6_1_6	75	绿晶石·红利(8级)	绿色的晶石，可以镶嵌在攻击性装备(武器、护腕、戒指、护符、项链、暗器、武魂、龙纹、令牌、豪侠印)上，使用后不可再镶嵌同类宝石。#r#G智慧宝石#W#r可在#G洛阳（280，322）#R宝石工匠彭怀玉#W或#G楼兰（279，198）#R宝石工匠克里木#W处使用#G8级宝石雕琢符#W提升宝石属性。#r#cff9900本宝石只能雕琢一次。#r#W使用三颗雕琢后的宝石，和一个#G宝石熔炼符#W，能够熔炼成一颗对应的同等级胜利宝石。	150000	1	-1	-1	-1	-1	-1	-1	-1	-1	-1	-1	-1	-1	-1	-1	-1	45	-1	-1	-1	-1	-1	-1	-1	-1	-1	-1	-1	-1	-1	-1	-1	-1	-1	-1	-1	-1	-1	-1	-1	-1	-1	-1	-1	-1	-1	-1	-1	-1	-1	-1	-1	-1	-1	-1	-1	-1	-1	-1	-1	-1	-1	-1	-1	-1	FFFFFFE5	智慧宝石	6	2004	1
50802013	5	8	2	13	LiJinGem6_2_5	75	纯净黄晶石·红利(8级)	纯净的黄晶石，可以镶嵌在攻击性装备(武器、护腕、戒指、护符、项链、暗器、武魂、龙纹、令牌、豪侠印)上，使用后不可再镶嵌同类宝石。#r可在洛阳（280，322）彭怀玉、楼兰（279，198）克里木、束河古镇（134，85）荆嵌实处，将三颗此种宝石琢刻至8级及以上等级的黄冥石·红利之上。琢刻后的黄冥晶石·红利将可同时拥有忽略目标玄抗及玄攻击效果。#r#G智慧宝石#r#cff9900雕琢过的宝石不能再雕琢。#r#W使用三颗此种宝石，和一个#G宝石熔炼符#W，能够熔炼成一颗对应的同等级胜利宝石。#r在#G帮会城市#W做#G炼金任务#W时，会有一定几率获得#G宝石熔炼符#W。	300000	1	-1	-1	-1	-1	-1	-1	-1	-1	-1	-1	-1	-1	290	-1	-1	-1	-1	-1	-1	-1	-1	-1	-1	-1	-1	-1	-1	-1	-1	-1	-1	-1	-1	-1	-1	-1	-1	-1	-1	-1	-1	-1	-1	-1	-1	-1	-1	-1	-1	-1	-1	-1	-1	-1	-1	-1	-1	-1	-1	-1	-1	-1	-1	-1	FFFFFFE5	智慧宝石	14	2004	1
50802014	5	8	2	14	LiJinGem6_2_9	75	纯净蓝晶石·红利(8级)	纯净的蓝晶石，可以镶嵌在攻击性装备(武器、护腕、戒指、护符、项链、暗器、武魂、龙纹、令牌、豪侠印)上，使用后不可再镶嵌同类宝石。#r可在洛阳（280，322）彭怀玉、楼兰（279，198）克里木、束河古镇（134，85）荆嵌实处，将三颗此种宝石琢刻至8级及以上等级的蓝冥石·红利之上。琢刻后的蓝冥晶石·红利将可同时拥有忽略目标冰抗及冰攻击效果。#r#G智慧宝石#r#cff9900雕琢过的宝石不能再雕琢。#r#W使用三颗此种宝石，和一个#G宝石熔炼符#W，能够熔炼成一颗对应的同等级胜利宝石。#r在#G帮会城市#W做#G炼金任务#W时，会有一定几率获得#G宝石熔炼符#W。	300000	1	-1	-1	-1	-1	-1	-1	290	-1	-1	-1	-1	-1	-1	-1	-1	-1	-1	-1	-1	-1	-1	-1	-1	-1	-1	-1	-1	-1	-1	-1	-1	-1	-1	-1	-1	-1	-1	-1	-1	-1	-1	-1	-1	-1	-1	-1	-1	-1	-1	-1	-1	-1	-1	-1	-1	-1	-1	-1	-1	-1	-1	-1	-1	-1	FFFFFFE5	智慧宝石	15	2004	1
50802015	5	8	2	15	LiJinGem6_2_13	75	纯净红晶石·红利(8级)	纯净的红晶石，可以镶嵌在攻击性装备(武器、护腕、戒指、护符、项链、暗器、武魂、龙纹、令牌、豪侠印)上，使用后不可再镶嵌同类宝石。#r可在洛阳（280，322）彭怀玉、楼兰（279，198）克里木、束河古镇（134，85）荆嵌实处，将三颗此种宝石琢刻至8级及以上等级的红冥石·红利之上。琢刻后的红冥晶石·红利将可同时拥有忽略目标火抗及火攻击效果。#r#G智慧宝石#r#cff9900雕琢过的宝石不能再雕琢。#r#W使用三颗此种宝石，和一个#G宝石熔炼符#W，能够熔炼成一颗对应的同等级胜利宝石。#r在#G帮会城市#W做#G炼金任务#W时，会有一定几率获得#G宝石熔炼符#W。	300000	1	-1	-1	-1	-1	-1	-1	-1	-1	-1	290	-1	-1	-1	-1	-1	-1	-1	-1	-1	-1	-1	-1	-1	-1	-1	-1	-1	-1	-1	-1	-1	-1	-1	-1	-1	-1	-1	-1	-1	-1	-1	-1	-1	-1	-1	-1	-1	-1	-1	-1	-1	-1	-1	-1	-1	-1	-1	-1	-1	-1	-1	-1	-1	-1	FFFFFFE5	智慧宝石	16	2004	1
50802016	5	8	2	16	LiJinGem6_2_6	75	纯净绿晶石·红利(8级)	纯净的绿晶石，可以镶嵌在攻击性装备(武器、护腕、戒指、护符、项链、暗器、武魂、龙纹、令牌、豪侠印)上，使用后不可再镶嵌同类宝石。#r可在洛阳（280，322）彭怀玉、楼兰（279，198）克里木、束河古镇（134，85）荆嵌实处，将三颗此种宝石琢刻至8级及以上等级的绿冥石·红利之上。琢刻后的绿冥晶石·红利将可同时拥有忽略目标毒抗及毒攻击效果。#r#G智慧宝石#r#cff9900雕琢过的宝石不能再雕琢。#r#W使用三颗此种宝石，和一个#G宝石熔炼符#W，能够熔炼成一颗对应的同等级胜利宝石。#r在#G帮会城市#W做#G炼金任务#W时，会有一定几率获得#G宝石熔炼符#W。	300000	1	-1	-1	-1	-1	-1	-1	-1	-1	-1	-1	-1	-1	-1	-1	-1	290	-1	-1	-1	-1	-1	-1	-1	-1	-1	-1	-1	-1	-1	-1	-1	-1	-1	-1	-1	-1	-1	-1	-1	-1	-1	-1	-1	-1	-1	-1	-1	-1	-1	-1	-1	-1	-1	-1	-1	-1	-1	-1	-1	-1	-1	-1	-1	-1	FFFFFFE5	智慧宝石	17	2004	1
50803001	5	8	3	1	Gem6_1_2	1	紫玉(8级)	紫色玉石，可以镶嵌在攻击性装备(武器、护腕、戒指、护符、项链、暗器、武魂、龙纹、令牌、豪侠印)上，使用后不可再镶嵌同类宝石。#r#G玄微宝石	100000	1000	-1	-1	-1	-1	-1	-1	-1	-1	-1	-1	-1	-1	-1	-1	-1	-1	-1	-1	-1	-1	-1	-1	-1	-1	-1	-1	-1	-1	-1	-1	-1	-1	-1	-1	-1	3559	-1	-1	-1	-1	-1	-1	-1	-1	-1	-1	-1	-1	-1	-1	-1	-1	-1	-1	-1	-1	-1	-1	-1	-1	-1	-1	-1	-1	FFFFFFE5	玄微宝石	7	2004	1
50803002	5	8	3	2	LiJinGem6_1_2	75	紫玉·红利(8级)	紫色玉石，可以镶嵌在攻击性装备(武器、护腕、戒指、护符、项链、暗器、武魂、龙纹、令牌、豪侠印)上，使用后不可再镶嵌同类宝石。#r#G玄微宝石	100000	1	-1	-1	-1	-1	-1	-1	-1	-1	-1	-1	-1	-1	-1	-1	-1	-1	-1	-1	-1	-1	-1	-1	-1	-1	-1	-1	-1	-1	-1	-1	-1	-1	-1	-1	-1	3559	-1	-1	-1	-1	-1	-1	-1	-1	-1	-1	-1	-1	-1	-1	-1	-1	-1	-1	-1	-1	-1	-1	-1	-1	-1	-1	-1	-1	FFFFFFE5	玄微宝石	7	2004	1
50804002	5	8	4	2	Gem6_1_8	1	变石(8级)	在阳光下呈绿色，在烛光下呈红色，可变色的宝石，可以镶嵌在攻击性装备(武器、护腕、戒指、护符、项链、暗器、武魂、龙纹、令牌、豪侠印)上，使用后不可再镶嵌同类宝石。#r#G幻冥宝石	250000	1000	-1	-1	-1	-1	-1	-1	-1	-1	-1	-1	-1	-1	-1	-1	-1	-1	-1	-1	-1	-1	-1	-1	-1	-1	-1	-1	-1	-1	-1	-1	-1	-1	-1	-1	-1	-1	-1	25	-1	-1	-1	-1	-1	-1	-1	-1	-1	-1	-1	-1	-1	-1	-1	-1	-1	-1	-1	-1	-1	-1	-1	-1	-1	-1	FFFFFFE5	幻冥宝石	8	2004	1
50804003	5	8	4	3	LiJinGem6_1_8	75	变石·红利(8级)	在阳光下呈绿色，在烛光下呈红色，可变色的宝石，可以镶嵌在攻击性装备(武器、护腕、戒指、护符、项链、暗器、武魂、龙纹、令牌、豪侠印)上，使用后不可再镶嵌同类宝石。#r#G幻冥宝石	250000	1	-1	-1	-1	-1	-1	-1	-1	-1	-1	-1	-1	-1	-1	-1	-1	-1	-1	-1	-1	-1	-1	-1	-1	-1	-1	-1	-1	-1	-1	-1	-1	-1	-1	-1	-1	-1	-1	25	-1	-1	-1	-1	-1	-1	-1	-1	-1	-1	-1	-1	-1	-1	-1	-1	-1	-1	-1	-1	-1	-1	-1	-1	-1	-1	FFFFFFE5	幻冥宝石	8	2004	1
50811001	5	8	11	1	Gem6_1_9	1	石榴石(8级)	因其外形酷似成熟的石榴籽而得名的宝石，可以镶嵌在防御性装备(衣服、手套、帽子、护肩、鞋、腰带、项链、暗器、武魂、龙纹、令牌、豪侠印)上，使用后不可再镶嵌同类宝石。#r#G生命宝石	50000	1000	-1	-1	-1	-1	-1	-1	-1	-1	-1	-1	-1	-1	-1	-1	-1	-1	-1	-1	-1	-1	-1	-1	-1	-1	-1	-1	-1	-1	-1	3183	-1	-1	-1	-1	-1	-1	-1	-1	-1	-1	-1	-1	-1	-1	-1	-1	-1	-1	-1	-1	-1	-1	-1	-1	-1	-1	-1	-1	-1	-1	-1	-1	-1	-1	FFFFFF66	生命宝石	7	2004	1
50811002	5	8	11	2	Gem6_1_12	1	尖晶石(8级)	颜色繁多且艳丽的宝石，可以镶嵌在防御性装备(衣服、手套、帽子、护肩、鞋、腰带、项链、暗器、武魂、龙纹、令牌、豪侠印)上，使用后不可再镶嵌同类宝石。#r#G生命宝石	50000	1000	-1	-1	-1	-1	-1	-1	-1	-1	-1	-1	-1	-1	-1	-1	-1	-1	-1	-1	-1	-1	-1	-1	3183	-1	-1	-1	-1	-1	-1	-1	-1	-1	-1	-1	-1	-1	-1	-1	-1	-1	-1	-1	-1	-1	-1	-1	-1	-1	-1	-1	-1	-1	-1	-1	-1	-1	-1	-1	-1	-1	-1	-1	-1	-1	FFFFFF66	生命宝石	11	2004	1
50811003	5	8	11	3	LiJinGem6_1_9	75	石榴石·红利(8级)	因其外形酷似成熟的石榴籽而得名的宝石，可以镶嵌在防御性装备(衣服、手套、帽子、护肩、鞋、腰带、项链、暗器、武魂、龙纹、令牌、豪侠印)上，使用后不可再镶嵌同类宝石。#r#G生命宝石	50000	1	-1	-1	-1	-1	-1	-1	-1	-1	-1	-1	-1	-1	-1	-1	-1	-1	-1	-1	-1	-1	-1	-1	-1	-1	-1	-1	-1	-1	-1	3183	-1	-1	-1	-1	-1	-1	-1	-1	-1	-1	-1	-1	-1	-1	-1	-1	-1	-1	-1	-1	-1	-1	-1	-1	-1	-1	-1	-1	-1	-1	-1	-1	-1	-1	FFFFFF66	生命宝石	7	2004	1
50811004	5	8	11	4	LiJinGem6_1_12	75	尖晶石·红利(8级)	颜色繁多且艳丽的宝石，可以镶嵌在防御性装备(衣服、手套、帽子、护肩、鞋、腰带、项链、暗器、武魂、龙纹、令牌、豪侠印)上，使用后不可再镶嵌同类宝石。#r#G生命宝石	50000	1	-1	-1	-1	-1	-1	-1	-1	-1	-1	-1	-1	-1	-1	-1	-1	-1	-1	-1	-1	-1	-1	-1	3183	-1	-1	-1	-1	-1	-1	-1	-1	-1	-1	-1	-1	-1	-1	-1	-1	-1	-1	-1	-1	-1	-1	-1	-1	-1	-1	-1	-1	-1	-1	-1	-1	-1	-1	-1	-1	-1	-1	-1	-1	-1	FFFFFF66	生命宝石	11	2004	1
50812001	5	8	12	1	Gem6_1_11	1	黄玉(8级)	黄色的玉石，可以镶嵌在防御性装备(衣服、手套、帽子、护肩、鞋、腰带、项链、暗器、武魂、龙纹、令牌、豪侠印)上，使用后不可再镶嵌同类宝石。#r#G魅力宝石#W#r可在#G洛阳（280，322）#R宝石工匠彭怀玉#W或#G楼兰（279，198）#R宝石工匠克里木#W处使用#G8级宝石雕琢符#W提升宝石属性。#r#cff9900本宝石只能雕琢一次。	150000	1000	-1	-1	-1	-1	-1	-1	-1	-1	-1	-1	-1	-1	-1	18	-1	-1	-1	-1	-1	-1	-1	-1	-1	-1	-1	-1	-1	-1	-1	-1	-1	-1	-1	-1	-1	-1	-1	-1	-1	-1	-1	-1	-1	-1	-1	-1	-1	-1	-1	-1	-1	-1	-1	-1	-1	-1	-1	-1	-1	-1	-1	-1	-1	-1	FFFFFF66	魅力宝石	12	2004	1
50812002	5	8	12	2	Gem6_1_10	1	皓石(8级)	闪闪发亮的宝石，可以镶嵌在防御性装备(衣服、手套、帽子、护肩、鞋、腰带、项链、暗器、武魂、龙纹、令牌、豪侠印)上，使用后不可再镶嵌同类宝石。#r#G魅力宝石#W#r可在#G洛阳（280，322）#R宝石工匠彭怀玉#W或#G楼兰（279，198）#R宝石工匠克里木#W处使用#G8级宝石雕琢符#W提升宝石属性。#r#cff9900本宝石只能雕琢一次。	150000	1000	-1	-1	-1	-1	-1	-1	-1	18	-1	-1	-1	-1	-1	-1	-1	-1	-1	-1	-1	-1	-1	-1	-1	-1	-1	-1	-1	-1	-1	-1	-1	-1	-1	-1	-1	-1	-1	-1	-1	-1	-1	-1	-1	-1	-1	-1	-1	-1	-1	-1	-1	-1	-1	-1	-1	-1	-1	-1	-1	-1	-1	-1	-1	-1	FFFFFF66	魅力宝石	2	2004	1
50812003	5	8	12	3	Gem6_1_13	1	月光石(8级)	具淡蓝色的晕彩，如同朦胧的月光的宝石，可以镶嵌在防御性装备(衣服、手套、帽子、护肩、鞋、腰带、项链、暗器、武魂、龙纹、令牌、豪侠印)上，使用后不可再镶嵌同类宝石。#r#G魅力宝石#W#r可在#G洛阳（280，322）#R宝石工匠彭怀玉#W或#G楼兰（279，198）#R宝石工匠克里木#W处使用#G8级宝石雕琢符#W提升宝石属性。#r#cff9900本宝石只能雕琢一次。	150000	1000	-1	-1	-1	-1	-1	-1	-1	-1	-1	-1	18	-1	-1	-1	-1	-1	-1	-1	-1	-1	-1	-1	-1	-1	-1	-1	-1	-1	-1	-1	-1	-1	-1	-1	-1	-1	-1	-1	-1	-1	-1	-1	-1	-1	-1	-1	-1	-1	-1	-1	-1	-1	-1	-1	-1	-1	-1	-1	-1	-1	-1	-1	-1	-1	FFFFFF66	魅力宝石	4	2004	1
50812004	5	8	12	4	Gem6_2_1	1	碧玺(8级)	颜色繁多且艳丽的宝石，可以镶嵌在防御性装备(衣服、手套、帽子、护肩、鞋、腰带、项链、暗器、武魂、龙纹、令牌、豪侠印)上，使用后不可再镶嵌同类宝石。#r#G魅力宝石#W#r可在#G洛阳（280，322）#R宝石工匠彭怀玉#W或#G楼兰（279，198）#R宝石工匠克里木#W处使用#G8级宝石雕琢符#W提升宝石属性。#r#cff9900本宝石只能雕琢一次。	150000	1000	-1	-1	-1	-1	-1	-1	-1	-1	-1	-1	-1	-1	-1	-1	-1	-1	18	-1	-1	-1	-1	-1	-1	-1	-1	-1	-1	-1	-1	-1	-1	-1	-1	-1	-1	-1	-1	-1	-1	-1	-1	-1	-1	-1	-1	-1	-1	-1	-1	-1	-1	-1	-1	-1	-1	-1	-1	-1	-1	-1	-1	-1	-1	-1	FFFFFF66	魅力宝石	3	2004	1
50812005	5	8	12	5	Gem6_2_10	1	纯净黄玉(8级)	纯净的黄玉，可以镶嵌在防御性装备(衣服、手套、帽子、护肩、鞋、腰带、项链、暗器、武魂、龙纹、令牌、豪侠印)上，使用后不可再镶嵌同类宝石。#r#G魅力宝石#r#cff9900雕琢过的宝石不能再雕琢。	300000	2000	-1	-1	-1	-1	-1	-1	-1	-1	-1	-1	-1	-1	-1	120	-1	-1	-1	-1	-1	-1	-1	-1	-1	-1	-1	-1	-1	-1	-1	-1	-1	-1	-1	-1	-1	-1	-1	-1	-1	-1	-1	-1	-1	-1	-1	-1	-1	-1	-1	-1	-1	-1	-1	-1	-1	-1	-1	-1	-1	-1	-1	-1	-1	-1	FFFFFFE5	魅力宝石	16	2004	1
50812006	5	8	12	6	Gem6_2_14	1	纯净皓石(8级)	纯净的皓石，可以镶嵌在防御性装备(衣服、手套、帽子、护肩、鞋、腰带、项链、暗器、武魂、龙纹、令牌、豪侠印)上，使用后不可再镶嵌同类宝石。#r#G魅力宝石#r#cff9900雕琢过的宝石不能再雕琢。	300000	2000	-1	-1	-1	-1	-1	-1	-1	120	-1	-1	-1	-1	-1	-1	-1	-1	-1	-1	-1	-1	-1	-1	-1	-1	-1	-1	-1	-1	-1	-1	-1	-1	-1	-1	-1	-1	-1	-1	-1	-1	-1	-1	-1	-1	-1	-1	-1	-1	-1	-1	-1	-1	-1	-1	-1	-1	-1	-1	-1	-1	-1	-1	-1	-1	FFFFFFE5	魅力宝石	17	2004	1
50812007	5	8	12	7	Gem6_2_11	1	纯净月光石(8级)	纯净的月光石，可以镶嵌在防御性装备(衣服、手套、帽子、护肩、鞋、腰带、项链、暗器、武魂、龙纹、令牌、豪侠印)上，使用后不可再镶嵌同类宝石。#r#G魅力宝石#r#cff9900雕琢过的宝石不能再雕琢。	300000	2000	-1	-1	-1	-1	-1	-1	-1	-1	-1	-1	120	-1	-1	-1	-1	-1	-1	-1	-1	-1	-1	-1	-1	-1	-1	-1	-1	-1	-1	-1	-1	-1	-1	-1	-1	-1	-1	-1	-1	-1	-1	-1	-1	-1	-1	-1	-1	-1	-1	-1	-1	-1	-1	-1	-1	-1	-1	-1	-1	-1	-1	-1	-1	-1	FFFFFFE5	魅力宝石	15	2004	1
50812008	5	8	12	8	Gem6_2_15	1	纯净碧玺(8级)	纯净的碧玺，可以镶嵌在防御性装备(衣服、手套、帽子、护肩、鞋、腰带、项链、暗器、武魂、龙纹、令牌、豪侠印)上，使用后不可再镶嵌同类宝石。#r#G魅力宝石#r#cff9900雕琢过的宝石不能再雕琢。	300000	2000	-1	-1	-1	-1	-1	-1	-1	-1	-1	-1	-1	-1	-1	-1	-1	-1	120	-1	-1	-1	-1	-1	-1	-1	-1	-1	-1	-1	-1	-1	-1	-1	-1	-1	-1	-1	-1	-1	-1	-1	-1	-1	-1	-1	-1	-1	-1	-1	-1	-1	-1	-1	-1	-1	-1	-1	-1	-1	-1	-1	-1	-1	-1	-1	FFFFFFE5	魅力宝石	14	2004	1
50812009	5	8	12	9	LiJinGem6_1_11	75	黄玉·红利(8级)	黄色的玉石，可以镶嵌在防御性装备(衣服、手套、帽子、护肩、鞋、腰带、项链、暗器、武魂、龙纹、令牌、豪侠印)上，使用后不可再镶嵌同类宝石。#r#G魅力宝石#W#r可在#G洛阳（280，322）#R宝石工匠彭怀玉#W或#G楼兰（279，198）#R宝石工匠克里木#W处使用#G8级宝石雕琢符#W提升宝石属性。#r#cff9900本宝石只能雕琢一次。	150000	1	-1	-1	-1	-1	-1	-1	-1	-1	-1	-1	-1	-1	-1	18	-1	-1	-1	-1	-1	-1	-1	-1	-1	-1	-1	-1	-1	-1	-1	-1	-1	-1	-1	-1	-1	-1	-1	-1	-1	-1	-1	-1	-1	-1	-1	-1	-1	-1	-1	-1	-1	-1	-1	-1	-1	-1	-1	-1	-1	-1	-1	-1	-1	-1	FFFFFF66	魅力宝石	12	2004	1
50812010	5	8	12	10	LiJinGem6_1_10	75	皓石·红利(8级)	闪闪发亮的宝石，可以镶嵌在防御性装备(衣服、手套、帽子、护肩、鞋、腰带、项链、暗器、武魂、龙纹、令牌、豪侠印)上，使用后不可再镶嵌同类宝石。#r#G魅力宝石#W#r可在#G洛阳（280，322）#R宝石工匠彭怀玉#W或#G楼兰（279，198）#R宝石工匠克里木#W处使用#G8级宝石雕琢符#W提升宝石属性。#r#cff9900本宝石只能雕琢一次。	150000	1	-1	-1	-1	-1	-1	-1	-1	18	-1	-1	-1	-1	-1	-1	-1	-1	-1	-1	-1	-1	-1	-1	-1	-1	-1	-1	-1	-1	-1	-1	-1	-1	-1	-1	-1	-1	-1	-1	-1	-1	-1	-1	-1	-1	-1	-1	-1	-1	-1	-1	-1	-1	-1	-1	-1	-1	-1	-1	-1	-1	-1	-1	-1	-1	FFFFFF66	魅力宝石	2	2004	1
50812011	5	8	12	11	LiJinGem6_1_13	75	月光石·红利(8级)	具淡蓝色的晕彩，如同朦胧的月光的宝石，可以镶嵌在防御性装备(衣服、手套、帽子、护肩、鞋、腰带、项链、暗器、武魂、龙纹、令牌、豪侠印)上，使用后不可再镶嵌同类宝石。#r#G魅力宝石#W#r可在#G洛阳（280，322）#R宝石工匠彭怀玉#W或#G楼兰（279，198）#R宝石工匠克里木#W处使用#G8级宝石雕琢符#W提升宝石属性。#r#cff9900本宝石只能雕琢一次。	150000	1	-1	-1	-1	-1	-1	-1	-1	-1	-1	-1	18	-1	-1	-1	-1	-1	-1	-1	-1	-1	-1	-1	-1	-1	-1	-1	-1	-1	-1	-1	-1	-1	-1	-1	-1	-1	-1	-1	-1	-1	-1	-1	-1	-1	-1	-1	-1	-1	-1	-1	-1	-1	-1	-1	-1	-1	-1	-1	-1	-1	-1	-1	-1	-1	FFFFFF66	魅力宝石	4	2004	1
50812012	5	8	12	12	LiJinGem6_2_1	75	碧玺·红利(8级)	颜色繁多且艳丽的宝石，可以镶嵌在防御性装备(衣服、手套、帽子、护肩、鞋、腰带、项链、暗器、武魂、龙纹、令牌、豪侠印)上，使用后不可再镶嵌同类宝石。#r#G魅力宝石#W#r可在#G洛阳（280，322）#R宝石工匠彭怀玉#W或#G楼兰（279，198）#R宝石工匠克里木#W处使用#G8级宝石雕琢符#W提升宝石属性。#r#cff9900本宝石只能雕琢一次。	150000	1	-1	-1	-1	-1	-1	-1	-1	-1	-1	-1	-1	-1	-1	-1	-1	-1	18	-1	-1	-1	-1	-1	-1	-1	-1	-1	-1	-1	-1	-1	-1	-1	-1	-1	-1	-1	-1	-1	-1	-1	-1	-1	-1	-1	-1	-1	-1	-1	-1	-1	-1	-1	-1	-1	-1	-1	-1	-1	-1	-1	-1	-1	-1	-1	FFFFFF66	魅力宝石	3	2004	1
50812013	5	8	12	13	LiJinGem6_2_10	75	纯净黄玉·红利(8级)	纯净的黄玉，可以镶嵌在防御性装备(衣服、手套、帽子、护肩、鞋、腰带、项链、暗器、武魂、龙纹、令牌、豪侠印)上，使用后不可再镶嵌同类宝石。#r#G魅力宝石#r#cff9900雕琢过的宝石不能再雕琢。	300000	1	-1	-1	-1	-1	-1	-1	-1	-1	-1	-1	-1	-1	-1	120	-1	-1	-1	-1	-1	-1	-1	-1	-1	-1	-1	-1	-1	-1	-1	-1	-1	-1	-1	-1	-1	-1	-1	-1	-1	-1	-1	-1	-1	-1	-1	-1	-1	-1	-1	-1	-1	-1	-1	-1	-1	-1	-1	-1	-1	-1	-1	-1	-1	-1	FFFFFFE5	魅力宝石	16	2004	1
50812014	5	8	12	14	LiJinGem6_2_14	75	纯净皓石·红利(8级)	纯净的皓石，可以镶嵌在防御性装备(衣服、手套、帽子、护肩、鞋、腰带、项链、暗器、武魂、龙纹、令牌、豪侠印)上，使用后不可再镶嵌同类宝石。#r#G魅力宝石#r#cff9900雕琢过的宝石不能再雕琢。	300000	1	-1	-1	-1	-1	-1	-1	-1	120	-1	-1	-1	-1	-1	-1	-1	-1	-1	-1	-1	-1	-1	-1	-1	-1	-1	-1	-1	-1	-1	-1	-1	-1	-1	-1	-1	-1	-1	-1	-1	-1	-1	-1	-1	-1	-1	-1	-1	-1	-1	-1	-1	-1	-1	-1	-1	-1	-1	-1	-1	-1	-1	-1	-1	-1	FFFFFFE5	魅力宝石	17	2004	1
50812015	5	8	12	15	LiJinGem6_2_11	75	纯净月光石·红利(8级)	纯净的月光石，可以镶嵌在防御性装备(衣服、手套、帽子、护肩、鞋、腰带、项链、暗器、武魂、龙纹、令牌、豪侠印)上，使用后不可再镶嵌同类宝石。#r#G魅力宝石#r#cff9900雕琢过的宝石不能再雕琢。	300000	1	-1	-1	-1	-1	-1	-1	-1	-1	-1	-1	120	-1	-1	-1	-1	-1	-1	-1	-1	-1	-1	-1	-1	-1	-1	-1	-1	-1	-1	-1	-1	-1	-1	-1	-1	-1	-1	-1	-1	-1	-1	-1	-1	-1	-1	-1	-1	-1	-1	-1	-1	-1	-1	-1	-1	-1	-1	-1	-1	-1	-1	-1	-1	-1	FFFFFFE5	魅力宝石	15	2004	1
50812016	5	8	12	16	LiJinGem6_2_15	75	纯净碧玺·红利(8级)	纯净的碧玺，可以镶嵌在防御性装备(衣服、手套、帽子、护肩、鞋、腰带、项链、暗器、武魂、龙纹、令牌、豪侠印)上，使用后不可再镶嵌同类宝石。#r#G魅力宝石#r#cff9900雕琢过的宝石不能再雕琢。	300000	1	-1	-1	-1	-1	-1	-1	-1	-1	-1	-1	-1	-1	-1	-1	-1	-1	120	-1	-1	-1	-1	-1	-1	-1	-1	-1	-1	-1	-1	-1	-1	-1	-1	-1	-1	-1	-1	-1	-1	-1	-1	-1	-1	-1	-1	-1	-1	-1	-1	-1	-1	-1	-1	-1	-1	-1	-1	-1	-1	-1	-1	-1	-1	-1	FFFFFFE5	魅力宝石	14	2004	1
50813001	5	8	13	1	Gem6_1_15	1	黄宝石(8级)	黄色的宝石，可以镶嵌在防御性装备(衣服、手套、帽子、护肩、鞋、腰带、项链、暗器、武魂、龙纹、令牌、豪侠印)上，使用后不可再镶嵌同类宝石。#r#G命运宝石	75000	1000	-1	-1	-1	-1	-1	-1	-1	-1	-1	-1	-1	-1	-1	-1	-1	-1	-1	-1	-1	-1	-1	-1	-1	-1	-1	-1	-1	-1	-1	-1	-1	-1	-1	-1	-1	-1	-1	-1	-1	-1	-1	-1	332	-1	-1	-1	-1	-1	-1	-1	-1	-1	-1	-1	-1	-1	-1	-1	-1	-1	-1	-1	-1	-1	FFFFFF66	命运宝石	5	2004	1
50813002	5	8	13	2	Gem6_1_16	1	蓝宝石(8级)	蓝色的宝石，可以镶嵌在防御性装备(衣服、手套、帽子、护肩、鞋、腰带、项链、暗器、武魂、龙纹、令牌、豪侠印)上，使用后不可再镶嵌同类宝石。#r#G命运宝石	75000	1000	-1	-1	-1	-1	-1	-1	-1	-1	-1	-1	-1	-1	-1	-1	-1	-1	-1	-1	-1	-1	-1	-1	-1	-1	-1	-1	-1	-1	-1	-1	-1	-1	-1	-1	-1	-1	-1	-1	-1	-1	-1	-1	-1	332	-1	-1	-1	-1	-1	-1	-1	-1	-1	-1	-1	-1	-1	-1	-1	-1	-1	-1	-1	-1	FFFFFF66	命运宝石	6	2004	1
50813003	5	8	13	3	Gem6_1_7	1	绿宝石(8级)	绿色的宝石，可以镶嵌在防御性装备(衣服、手套、帽子、护肩、鞋、腰带、项链、暗器、武魂、龙纹、令牌、豪侠印)上，使用后不可再镶嵌同类宝石。#r#G命运宝石	75000	1000	-1	-1	-1	-1	-1	-1	-1	-1	-1	-1	-1	-1	-1	-1	-1	-1	-1	-1	-1	-1	-1	-1	-1	-1	-1	-1	-1	-1	-1	-1	-1	-1	-1	-1	-1	-1	-1	-1	-1	-1	-1	-1	-1	-1	-1	-1	179	-1	-1	-1	-1	-1	-1	-1	-1	-1	-1	-1	-1	-1	-1	-1	-1	-1	FFFFFF66	命运宝石	9	2004	1
50813004	5	8	13	4	Gem6_2_2	1	红宝石(8级)	红色的宝石，可以镶嵌在防御性装备(衣服、手套、帽子、护肩、鞋、腰带、项链、暗器、武魂、龙纹、令牌、豪侠印)上，使用后不可再镶嵌同类宝石。#r#G命运宝石	75000	1000	-1	-1	-1	-1	-1	-1	-1	-1	-1	-1	-1	-1	-1	-1	-1	-1	-1	-1	-1	-1	-1	-1	-1	-1	-1	-1	-1	-1	-1	-1	-1	-1	-1	-1	-1	-1	-1	-1	-1	-1	-1	-1	-1	-1	329	-1	-1	-1	-1	-1	-1	-1	-1	-1	-1	-1	-1	-1	-1	-1	-1	-1	-1	-1	FFFFFF66	命运宝石	10	2004	1
50813005	5	8	13	5	Gem6_2_3	1	黑宝石(8级)	黑色的宝石，可以镶嵌在防御性装备(衣服、手套、帽子、护肩、鞋、腰带、项链、暗器、武魂、龙纹、令牌、豪侠印)上，使用后不可再镶嵌同类宝石。#r#G命运宝石	75000	1000	-1	-1	-1	-1	-1	-1	-1	-1	-1	-1	-1	-1	-1	-1	-1	-1	-1	-1	-1	-1	-1	-1	-1	-1	-1	-1	-1	-1	-1	-1	-1	-1	-1	-1	-1	-1	-1	-1	-1	-1	-1	-1	-1	-1	-1	329	-1	-1	-1	-1	-1	-1	-1	-1	-1	-1	-1	-1	-1	-1	-1	-1	-1	-1	FFFFFF66	命运宝石	1	2004	1
50813006	5	8	13	6	Gem6_2_7	1	血精石(8级)	布满血丝红精的宝石，可以镶嵌在防御性装备(衣服、手套、帽子、护肩、鞋、腰带、项链、暗器、武魂、龙纹、令牌、豪侠印)上，使用后不可再镶嵌同类宝石。#r#G命运宝石	75000	1000	18113	-1	-1	-1	-1	-1	-1	-1	-1	-1	-1	-1	-1	-1	-1	-1	-1	-1	-1	-1	-1	-1	-1	-1	-1	-1	-1	-1	-1	-1	-1	-1	-1	-1	-1	-1	-1	-1	-1	-1	-1	-1	-1	-1	-1	-1	-1	-1	-1	-1	-1	-1	-1	-1	-1	-1	-1	-1	-1	-1	-1	-1	-1	-1	FFFFFF66	命运宝石	13	2004	1
50813007	5	8	13	7	LiJinGem6_1_15	75	黄宝石·红利(8级)	黄色的宝石，可以镶嵌在防御性装备(衣服、手套、帽子、护肩、鞋、腰带、项链、暗器、武魂、龙纹、令牌、豪侠印)上，使用后不可再镶嵌同类宝石。#r#G命运宝石	75000	1	-1	-1	-1	-1	-1	-1	-1	-1	-1	-1	-1	-1	-1	-1	-1	-1	-1	-1	-1	-1	-1	-1	-1	-1	-1	-1	-1	-1	-1	-1	-1	-1	-1	-1	-1	-1	-1	-1	-1	-1	-1	-1	332	-1	-1	-1	-1	-1	-1	-1	-1	-1	-1	-1	-1	-1	-1	-1	-1	-1	-1	-1	-1	-1	FFFFFF66	命运宝石	5	2004	1
50813008	5	8	13	8	LiJinGem6_1_16	75	蓝宝石·红利(8级)	蓝色的宝石，可以镶嵌在防御性装备(衣服、手套、帽子、护肩、鞋、腰带、项链、暗器、武魂、龙纹、令牌、豪侠印)上，使用后不可再镶嵌同类宝石。#r#G命运宝石	75000	1	-1	-1	-1	-1	-1	-1	-1	-1	-1	-1	-1	-1	-1	-1	-1	-1	-1	-1	-1	-1	-1	-1	-1	-1	-1	-1	-1	-1	-1	-1	-1	-1	-1	-1	-1	-1	-1	-1	-1	-1	-1	-1	-1	332	-1	-1	-1	-1	-1	-1	-1	-1	-1	-1	-1	-1	-1	-1	-1	-1	-1	-1	-1	-1	FFFFFF66	命运宝石	6	2004	1
50813009	5	8	13	9	LiJinGem6_1_7	75	绿宝石·红利(8级)	绿色的宝石，可以镶嵌在防御性装备(衣服、手套、帽子、护肩、鞋、腰带、项链、暗器、武魂、龙纹、令牌、豪侠印)上，使用后不可再镶嵌同类宝石。#r#G命运宝石	75000	1	-1	-1	-1	-1	-1	-1	-1	-1	-1	-1	-1	-1	-1	-1	-1	-1	-1	-1	-1	-1	-1	-1	-1	-1	-1	-1	-1	-1	-1	-1	-1	-1	-1	-1	-1	-1	-1	-1	-1	-1	-1	-1	-1	-1	-1	-1	179	-1	-1	-1	-1	-1	-1	-1	-1	-1	-1	-1	-1	-1	-1	-1	-1	-1	FFFFFF66	命运宝石	9	2004	1
50813010	5	8	13	10	LiJinGem6_2_2	75	红宝石·红利(8级)	红色的宝石，可以镶嵌在防御性装备(衣服、手套、帽子、护肩、鞋、腰带、项链、暗器、武魂、龙纹、令牌、豪侠印)上，使用后不可再镶嵌同类宝石。#r#G命运宝石	75000	1	-1	-1	-1	-1	-1	-1	-1	-1	-1	-1	-1	-1	-1	-1	-1	-1	-1	-1	-1	-1	-1	-1	-1	-1	-1	-1	-1	-1	-1	-1	-1	-1	-1	-1	-1	-1	-1	-1	-1	-1	-1	-1	-1	-1	329	-1	-1	-1	-1	-1	-1	-1	-1	-1	-1	-1	-1	-1	-1	-1	-1	-1	-1	-1	FFFFFF66	命运宝石	10	2004	1
50813011	5	8	13	11	LiJinGem6_2_3	75	黑宝石·红利(8级)	黑色的宝石，可以镶嵌在防御性装备(衣服、手套、帽子、护肩、鞋、腰带、项链、暗器、武魂、龙纹、令牌、豪侠印)上，使用后不可再镶嵌同类宝石。#r#G命运宝石	75000	1	-1	-1	-1	-1	-1	-1	-1	-1	-1	-1	-1	-1	-1	-1	-1	-1	-1	-1	-1	-1	-1	-1	-1	-1	-1	-1	-1	-1	-1	-1	-1	-1	-1	-1	-1	-1	-1	-1	-1	-1	-1	-1	-1	-1	-1	329	-1	-1	-1	-1	-1	-1	-1	-1	-1	-1	-1	-1	-1	-1	-1	-1	-1	-1	FFFFFF66	命运宝石	1	2004	1
50813012	5	8	13	12	LiJinGem6_2_7	75	血精石·红利(8级)	布满血丝红精的宝石，可以镶嵌在防御性装备(衣服、手套、帽子、护肩、鞋、腰带、项链、暗器、武魂、龙纹、令牌、豪侠印)上，使用后不可再镶嵌同类宝石。#r#G命运宝石	75000	1	18113	-1	-1	-1	-1	-1	-1	-1	-1	-1	-1	-1	-1	-1	-1	-1	-1	-1	-1	-1	-1	-1	-1	-1	-1	-1	-1	-1	-1	-1	-1	-1	-1	-1	-1	-1	-1	-1	-1	-1	-1	-1	-1	-1	-1	-1	-1	-1	-1	-1	-1	-1	-1	-1	-1	-1	-1	-1	-1	-1	-1	-1	-1	-1	FFFFFF66	命运宝石	13	2004	1
50814001	5	8	14	1	Gem6_1_14	1	祖母绿(8级)	翠绿如滴，顶级翡翠，可以镶嵌在防御性装备(衣服、手套、帽子、护肩、鞋、腰带、项链、暗器、武魂、龙纹、令牌、豪侠印)上，使用后不可再镶嵌同类宝石。#r#G天机宝石	100000	1000	-1	-1	-1	-1	-1	-1	-1	-1	-1	-1	-1	-1	-1	-1	-1	-1	-1	-1	-1	-1	-1	-1	-1	-1	-1	-1	-1	-1	-1	-1	-1	-1	-1	-1	-1	-1	1186	-1	-1	-1	-1	-1	-1	-1	-1	-1	-1	-1	-1	-1	-1	-1	-1	-1	-1	-1	-1	-1	-1	-1	-1	-1	-1	-1	FFFFFF66	天机宝石	8	2004	1
50814002	5	8	14	2	LiJinGem6_1_14	75	祖母绿·红利(8级)	翠绿如滴，顶级翡翠，可以镶嵌在防御性装备(衣服、手套、帽子、护肩、鞋、腰带、项链、暗器、武魂、龙纹、令牌、豪侠印)上，使用后不可再镶嵌同类宝石。#r#G天机宝石	100000	1	-1	-1	-1	-1	-1	-1	-1	-1	-1	-1	-1	-1	-1	-1	-1	-1	-1	-1	-1	-1	-1	-1	-1	-1	-1	-1	-1	-1	-1	-1	-1	-1	-1	-1	-1	-1	1186	-1	-1	-1	-1	-1	-1	-1	-1	-1	-1	-1	-1	-1	-1	-1	-1	-1	-1	-1	-1	-1	-1	-1	-1	-1	-1	-1	FFFFFF66	天机宝石	8	2004	1
50821001	5	8	21	1	Gemjiankang_3	1	黄冥石(8级)	黄色的冥石，可以镶嵌在攻击性装备(武器、护腕、戒指、护符、项链、暗器、武魂、龙纹、令牌、豪侠印)上，使用后不可再镶嵌同类宝石。#r可在洛阳（280，322）彭怀玉、楼兰（279，198）克里木、束河古镇（134，85）荆嵌实处琢刻为黄冥晶石。琢刻后的宝石将可同时拥有忽略目标玄抗和玄攻击两种属性。#r#G无法将目标的抗性降低至负值#r#G胜利宝石	300000	2000	-1	-1	-1	-1	-1	-1	-1	-1	-1	-1	-1	-1	-1	-1	-1	-1	-1	-1	-1	-1	-1	-1	-1	-1	-1	-1	-1	-1	-1	-1	-1	-1	-1	-1	-1	-1	-1	-1	-1	-1	-1	-1	-1	-1	-1	-1	-1	-1	-1	-1	-1	-1	-1	-1	-1	-1	120	-1	-1	-1	-1	-1	-1	-1	FFFFFFE5	胜利宝石	31	2004	1
50821002	5	8	21	2	Gemjiankang_15	1	蓝冥石(8级)	蓝色的冥石，可以镶嵌在攻击性装备(武器、护腕、戒指、护符、项链、暗器、武魂、龙纹、令牌、豪侠印)上，使用后不可再镶嵌同类宝石。#r可在洛阳（280，322）彭怀玉、楼兰（279，198）克里木、束河古镇（134，85）荆嵌实处琢刻为蓝冥晶石。琢刻后的宝石将可同时拥有忽略目标冰抗和冰攻击两种属性。#r#G无法将目标的抗性降低至负值#r#G胜利宝石	300000	2000	-1	-1	-1	-1	-1	-1	-1	-1	-1	-1	-1	-1	-1	-1	-1	-1	-1	-1	-1	-1	-1	-1	-1	-1	-1	-1	-1	-1	-1	-1	-1	-1	-1	-1	-1	-1	-1	-1	-1	-1	-1	-1	-1	-1	-1	-1	-1	-1	-1	-1	-1	-1	-1	-1	120	-1	-1	-1	-1	-1	-1	-1	-1	-1	FFFFFFE5	胜利宝石	32	2004	1
50821003	5	8	21	3	Gemjiankang_11	1	红冥石(8级)	红色的冥石，可以镶嵌在攻击性装备(武器、护腕、戒指、护符、项链、暗器、武魂、龙纹、令牌、豪侠印)上，使用后不可再镶嵌同类宝石。#r可在洛阳（280，322）彭怀玉、楼兰（279，198）克里木、束河古镇（134，85）荆嵌实处琢刻为红冥晶石。琢刻后的宝石将可同时拥有忽略目标火抗和火攻击两种属性。#r#G无法将目标的抗性降低至负值#r#G胜利宝石	300000	2000	-1	-1	-1	-1	-1	-1	-1	-1	-1	-1	-1	-1	-1	-1	-1	-1	-1	-1	-1	-1	-1	-1	-1	-1	-1	-1	-1	-1	-1	-1	-1	-1	-1	-1	-1	-1	-1	-1	-1	-1	-1	-1	-1	-1	-1	-1	-1	-1	-1	-1	-1	-1	-1	-1	-1	120	-1	-1	-1	-1	-1	-1	-1	-1	FFFFFFE5	胜利宝石	33	2004	1
50821004	5	8	21	4	Gemjiankang_7	1	绿冥石(8级)	绿色的冥石，可以镶嵌在攻击性装备(武器、护腕、戒指、护符、项链、暗器、武魂、龙纹、令牌、豪侠印)上，使用后不可再镶嵌同类宝石。#r可在洛阳（280，322）彭怀玉、楼兰（279，198）克里木、束河古镇（134，85）荆嵌实处琢刻为绿冥晶石。琢刻后的宝石将可同时拥有忽略目标毒抗和毒攻击两种属性。#r#G无法将目标的抗性降低至负值#r#G胜利宝石	300000	2000	-1	-1	-1	-1	-1	-1	-1	-1	-1	-1	-1	-1	-1	-1	-1	-1	-1	-1	-1	-1	-1	-1	-1	-1	-1	-1	-1	-1	-1	-1	-1	-1	-1	-1	-1	-1	-1	-1	-1	-1	-1	-1	-1	-1	-1	-1	-1	-1	-1	-1	-1	-1	-1	-1	-1	-1	-1	120	-1	-1	-1	-1	-1	-1	FFFFFFE5	胜利宝石	34	2004	1
50821005	5	8	21	5	LiJinGemjiankang_3	75	黄冥石·红利(8级)	黄色的冥石，可以镶嵌在攻击性装备(武器、护腕、戒指、护符、项链、暗器、武魂、龙纹、令牌、豪侠印)上，使用后不可再镶嵌同类宝石。#r可在洛阳（280，322）彭怀玉、楼兰（279，198）克里木、束河古镇（134，85）荆嵌实处琢刻为黄冥晶石·红利。琢刻后的宝石将可同时拥有忽略目标玄抗和玄攻击两种属性。#r#G无法将目标的抗性降低至负值#r#G胜利宝石	300000	1	-1	-1	-1	-1	-1	-1	-1	-1	-1	-1	-1	-1	-1	-1	-1	-1	-1	-1	-1	-1	-1	-1	-1	-1	-1	-1	-1	-1	-1	-1	-1	-1	-1	-1	-1	-1	-1	-1	-1	-1	-1	-1	-1	-1	-1	-1	-1	-1	-1	-1	-1	-1	-1	-1	-1	-1	120	-1	-1	-1	-1	-1	-1	-1	FFFFFFE5	胜利宝石	31	2004	1
50821006	5	8	21	6	LiJinGemjiankang_15	75	蓝冥石·红利(8级)	蓝色的冥石，可以镶嵌在攻击性装备(武器、护腕、戒指、护符、项链、暗器、武魂、龙纹、令牌、豪侠印)上，使用后不可再镶嵌同类宝石。#r可在洛阳（280，322）彭怀玉、楼兰（279，198）克里木、束河古镇（134，85）荆嵌实处琢刻为蓝冥晶石·红利。琢刻后的宝石将可同时拥有忽略目标冰抗和冰攻击两种属性。#r#G无法将目标的抗性降低至负值#r#G胜利宝石	300000	1	-1	-1	-1	-1	-1	-1	-1	-1	-1	-1	-1	-1	-1	-1	-1	-1	-1	-1	-1	-1	-1	-1	-1	-1	-1	-1	-1	-1	-1	-1	-1	-1	-1	-1	-1	-1	-1	-1	-1	-1	-1	-1	-1	-1	-1	-1	-1	-1	-1	-1	-1	-1	-1	-1	120	-1	-1	-1	-1	-1	-1	-1	-1	-1	FFFFFFE5	胜利宝石	32	2004	1
50821007	5	8	21	7	LiJinGemjiankang_11	75	红冥石·红利(8级)	红色的冥石，可以镶嵌在攻击性装备(武器、护腕、戒指、护符、项链、暗器、武魂、龙纹、令牌、豪侠印)上，使用后不可再镶嵌同类宝石。#r可在洛阳（280，322）彭怀玉、楼兰（279，198）克里木、束河古镇（134，85）荆嵌实处琢刻为红冥晶石·红利。琢刻后的宝石将可同时拥有忽略目标火抗和火攻击两种属性。#r#G无法将目标的抗性降低至负值#r#G胜利宝石	300000	1	-1	-1	-1	-1	-1	-1	-1	-1	-1	-1	-1	-1	-1	-1	-1	-1	-1	-1	-1	-1	-1	-1	-1	-1	-1	-1	-1	-1	-1	-1	-1	-1	-1	-1	-1	-1	-1	-1	-1	-1	-1	-1	-1	-1	-1	-1	-1	-1	-1	-1	-1	-1	-1	-1	-1	120	-1	-1	-1	-1	-1	-1	-1	-1	FFFFFFE5	胜利宝石	33	2004	1
50821008	5	8	21	8	LiJinGemjiankang_7	75	绿冥石·红利(8级)	绿色的冥石，可以镶嵌在攻击性装备(武器、护腕、戒指、护符、项链、暗器、武魂、龙纹、令牌、豪侠印)上，使用后不可再镶嵌同类宝石。#r可在洛阳（280，322）彭怀玉、楼兰（279，198）克里木、束河古镇（134，85）荆嵌实处琢刻为绿冥晶石·红利。琢刻后的宝石将可同时拥有忽略目标毒抗和毒攻击两种属性。#r#G无法将目标的抗性降低至负值#r#G胜利宝石	300000	1	-1	-1	-1	-1	-1	-1	-1	-1	-1	-1	-1	-1	-1	-1	-1	-1	-1	-1	-1	-1	-1	-1	-1	-1	-1	-1	-1	-1	-1	-1	-1	-1	-1	-1	-1	-1	-1	-1	-1	-1	-1	-1	-1	-1	-1	-1	-1	-1	-1	-1	-1	-1	-1	-1	-1	-1	-1	120	-1	-1	-1	-1	-1	-1	FFFFFFE5	胜利宝石	34	2004	1
50821101	5	8	21	101	Gemzhuoke_5	1	黄冥晶石(8级·1级)	琢刻了纯净黄晶石后的黄冥石，可以镶嵌在攻击性装备(武器、护腕、戒指、护符、项链、暗器、武魂、龙纹、令牌、豪侠印)上，使用后不可再镶嵌同类宝石。#r#W可在洛阳（280，322）彭怀玉、楼兰（279，198）克里木、束河古镇（134，85）荆嵌实处进行#G琢刻分离#W。#r#G琢刻后的宝石无法进行合成操作#r#G无法将目标的抗性降低至负值#r#G胜利宝石	300000	2000	-1	-1	-1	-1	-1	-1	-1	-1	-1	-1	-1	-1	23	-1	-1	-1	-1	-1	-1	-1	-1	-1	-1	-1	-1	-1	-1	-1	-1	-1	-1	-1	-1	-1	-1	-1	-1	-1	-1	-1	-1	-1	-1	-1	-1	-1	-1	-1	-1	-1	-1	-1	-1	-1	-1	-1	120	-1	-1	-1	-1	-1	-1	-1	FFFFFFE5	胜利宝石	31	2004	1
50821102	5	8	21	102	Gemzhuoke_5	1	黄冥晶石(8级·2级)	琢刻了纯净黄晶石后的黄冥石，可以镶嵌在攻击性装备(武器、护腕、戒指、护符、项链、暗器、武魂、龙纹、令牌、豪侠印)上，使用后不可再镶嵌同类宝石。#r#W可在洛阳（280，322）彭怀玉、楼兰（279，198）克里木、束河古镇（134，85）荆嵌实处进行#G琢刻分离#W。#r#G琢刻后的宝石无法进行合成操作#r#G无法将目标的抗性降低至负值#r#G胜利宝石	300000	2000	-1	-1	-1	-1	-1	-1	-1	-1	-1	-1	-1	-1	33	-1	-1	-1	-1	-1	-1	-1	-1	-1	-1	-1	-1	-1	-1	-1	-1	-1	-1	-1	-1	-1	-1	-1	-1	-1	-1	-1	-1	-1	-1	-1	-1	-1	-1	-1	-1	-1	-1	-1	-1	-1	-1	-1	120	-1	-1	-1	-1	-1	-1	-1	FFFFFFE5	胜利宝石	31	2004	1
50821103	5	8	21	103	Gemzhuoke_5	1	黄冥晶石(8级·3级)	琢刻了纯净黄晶石后的黄冥石，可以镶嵌在攻击性装备(武器、护腕、戒指、护符、项链、暗器、武魂、龙纹、令牌、豪侠印)上，使用后不可再镶嵌同类宝石。#r#W可在洛阳（280，322）彭怀玉、楼兰（279，198）克里木、束河古镇（134，85）荆嵌实处进行#G琢刻分离#W。#r#G琢刻后的宝石无法进行合成操作#r#G无法将目标的抗性降低至负值#r#G胜利宝石	300000	2000	-1	-1	-1	-1	-1	-1	-1	-1	-1	-1	-1	-1	60	-1	-1	-1	-1	-1	-1	-1	-1	-1	-1	-1	-1	-1	-1	-1	-1	-1	-1	-1	-1	-1	-1	-1	-1	-1	-1	-1	-1	-1	-1	-1	-1	-1	-1	-1	-1	-1	-1	-1	-1	-1	-1	-1	120	-1	-1	-1	-1	-1	-1	-1	FFFFFFE5	胜利宝石	31	2004	1
50821104	5	8	21	104	Gemzhuoke_5	1	黄冥晶石(8级·4级)	琢刻了纯净黄晶石后的黄冥石，可以镶嵌在攻击性装备(武器、护腕、戒指、护符、项链、暗器、武魂、龙纹、令牌、豪侠印)上，使用后不可再镶嵌同类宝石。#r#W可在洛阳（280，322）彭怀玉、楼兰（279，198）克里木、束河古镇（134，85）荆嵌实处进行#G琢刻分离#W。#r#G琢刻后的宝石无法进行合成操作#r#G无法将目标的抗性降低至负值#r#G胜利宝石	300000	2000	-1	-1	-1	-1	-1	-1	-1	-1	-1	-1	-1	-1	120	-1	-1	-1	-1	-1	-1	-1	-1	-1	-1	-1	-1	-1	-1	-1	-1	-1	-1	-1	-1	-1	-1	-1	-1	-1	-1	-1	-1	-1	-1	-1	-1	-1	-1	-1	-1	-1	-1	-1	-1	-1	-1	-1	120	-1	-1	-1	-1	-1	-1	-1	FFFFFFE5	胜利宝石	31	2004	1
50821105	5	8	21	105	Gemzhuoke_5	1	黄冥晶石(8级·5级)	琢刻了纯净黄晶石后的黄冥石，可以镶嵌在攻击性装备(武器、护腕、戒指、护符、项链、暗器、武魂、龙纹、令牌、豪侠印)上，使用后不可再镶嵌同类宝石。#r#W可在洛阳（280，322）彭怀玉、楼兰（279，198）克里木、束河古镇（134，85）荆嵌实处进行#G琢刻分离#W。#r#G琢刻后的宝石无法进行合成操作#r#G无法将目标的抗性降低至负值#r#G胜利宝石	300000	2000	-1	-1	-1	-1	-1	-1	-1	-1	-1	-1	-1	-1	170	-1	-1	-1	-1	-1	-1	-1	-1	-1	-1	-1	-1	-1	-1	-1	-1	-1	-1	-1	-1	-1	-1	-1	-1	-1	-1	-1	-1	-1	-1	-1	-1	-1	-1	-1	-1	-1	-1	-1	-1	-1	-1	-1	120	-1	-1	-1	-1	-1	-1	-1	FFFFFFE5	胜利宝石	31	2004	1
50821106	5	8	21	106	Gemzhuoke_5	1	黄冥晶石(8级·6级)	琢刻了纯净黄晶石后的黄冥石，可以镶嵌在攻击性装备(武器、护腕、戒指、护符、项链、暗器、武魂、龙纹、令牌、豪侠印)上，使用后不可再镶嵌同类宝石。#r#W可在洛阳（280，322）彭怀玉、楼兰（279，198）克里木、束河古镇（134，85）荆嵌实处进行#G琢刻分离#W。#r#G琢刻后的宝石无法进行合成操作#r#G无法将目标的抗性降低至负值#r#G胜利宝石	300000	2000	-1	-1	-1	-1	-1	-1	-1	-1	-1	-1	-1	-1	230	-1	-1	-1	-1	-1	-1	-1	-1	-1	-1	-1	-1	-1	-1	-1	-1	-1	-1	-1	-1	-1	-1	-1	-1	-1	-1	-1	-1	-1	-1	-1	-1	-1	-1	-1	-1	-1	-1	-1	-1	-1	-1	-1	120	-1	-1	-1	-1	-1	-1	-1	FFFFFFE5	胜利宝石	31	2004	1
50821107	5	8	21	107	Gemzhuoke_5	1	黄冥晶石(8级·7级)	琢刻了纯净黄晶石后的黄冥石，可以镶嵌在攻击性装备(武器、护腕、戒指、护符、项链、暗器、武魂、龙纹、令牌、豪侠印)上，使用后不可再镶嵌同类宝石。#r#W可在洛阳（280，322）彭怀玉、楼兰（279，198）克里木、束河古镇（134，85）荆嵌实处进行#G琢刻分离#W。#r#G琢刻后的宝石无法进行合成操作#r#G无法将目标的抗性降低至负值#r#G胜利宝石	300000	2000	-1	-1	-1	-1	-1	-1	-1	-1	-1	-1	-1	-1	290	-1	-1	-1	-1	-1	-1	-1	-1	-1	-1	-1	-1	-1	-1	-1	-1	-1	-1	-1	-1	-1	-1	-1	-1	-1	-1	-1	-1	-1	-1	-1	-1	-1	-1	-1	-1	-1	-1	-1	-1	-1	-1	-1	120	-1	-1	-1	-1	-1	-1	-1	FFFFFFE5	胜利宝石	31	2004	1
50821108	5	8	21	108	Gemzhuoke_5	1	黄冥晶石(8级·8级)	琢刻了纯净黄晶石后的黄冥石，可以镶嵌在攻击性装备(武器、护腕、戒指、护符、项链、暗器、武魂、龙纹、令牌、豪侠印)上，使用后不可再镶嵌同类宝石。#r#W可在洛阳（280，322）彭怀玉、楼兰（279，198）克里木、束河古镇（134，85）荆嵌实处进行#G琢刻分离#W。#r#G琢刻后的宝石无法进行合成操作#r#G无法将目标的抗性降低至负值#r#G胜利宝石	300000	2000	-1	-1	-1	-1	-1	-1	-1	-1	-1	-1	-1	-1	350	-1	-1	-1	-1	-1	-1	-1	-1	-1	-1	-1	-1	-1	-1	-1	-1	-1	-1	-1	-1	-1	-1	-1	-1	-1	-1	-1	-1	-1	-1	-1	-1	-1	-1	-1	-1	-1	-1	-1	-1	-1	-1	-1	120	-1	-1	-1	-1	-1	-1	-1	FFFFFFE5	胜利宝石	31	2004	1
50821109	5	8	21	109	LiJinGemzhuoke_5	75	黄冥晶石·红利(8级·1级)	琢刻了纯净黄晶石·红利后的黄冥石·红利，可以镶嵌在攻击性装备(武器、护腕、戒指、护符、项链、暗器、武魂、龙纹、令牌、豪侠印)上，使用后不可再镶嵌同类宝石。#r#W可在洛阳（280，322）彭怀玉、楼兰（279，198）克里木、束河古镇（134，85）荆嵌实处进行#G琢刻分离#W。#r#G琢刻后的宝石无法进行合成操作#r#G无法将目标的抗性降低至负值#r#G胜利宝石	300000	2000	-1	-1	-1	-1	-1	-1	-1	-1	-1	-1	-1	-1	23	-1	-1	-1	-1	-1	-1	-1	-1	-1	-1	-1	-1	-1	-1	-1	-1	-1	-1	-1	-1	-1	-1	-1	-1	-1	-1	-1	-1	-1	-1	-1	-1	-1	-1	-1	-1	-1	-1	-1	-1	-1	-1	-1	120	-1	-1	-1	-1	-1	-1	-1	FFFFFFE5	胜利宝石	31	2004	1
50821110	5	8	21	110	LiJinGemzhuoke_5	75	黄冥晶石·红利(8级·2级)	琢刻了纯净黄晶石·红利后的黄冥石·红利，可以镶嵌在攻击性装备(武器、护腕、戒指、护符、项链、暗器、武魂、龙纹、令牌、豪侠印)上，使用后不可再镶嵌同类宝石。#r#W可在洛阳（280，322）彭怀玉、楼兰（279，198）克里木、束河古镇（134，85）荆嵌实处进行#G琢刻分离#W。#r#G琢刻后的宝石无法进行合成操作#r#G无法将目标的抗性降低至负值#r#G胜利宝石	300000	2000	-1	-1	-1	-1	-1	-1	-1	-1	-1	-1	-1	-1	33	-1	-1	-1	-1	-1	-1	-1	-1	-1	-1	-1	-1	-1	-1	-1	-1	-1	-1	-1	-1	-1	-1	-1	-1	-1	-1	-1	-1	-1	-1	-1	-1	-1	-1	-1	-1	-1	-1	-1	-1	-1	-1	-1	120	-1	-1	-1	-1	-1	-1	-1	FFFFFFE5	胜利宝石	31	2004	1
50821111	5	8	21	111	LiJinGemzhuoke_5	75	黄冥晶石·红利(8级·3级)	琢刻了纯净黄晶石·红利后的黄冥石·红利，可以镶嵌在攻击性装备(武器、护腕、戒指、护符、项链、暗器、武魂、龙纹、令牌、豪侠印)上，使用后不可再镶嵌同类宝石。#r#W可在洛阳（280，322）彭怀玉、楼兰（279，198）克里木、束河古镇（134，85）荆嵌实处进行#G琢刻分离#W。#r#G琢刻后的宝石无法进行合成操作#r#G无法将目标的抗性降低至负值#r#G胜利宝石	300000	2000	-1	-1	-1	-1	-1	-1	-1	-1	-1	-1	-1	-1	60	-1	-1	-1	-1	-1	-1	-1	-1	-1	-1	-1	-1	-1	-1	-1	-1	-1	-1	-1	-1	-1	-1	-1	-1	-1	-1	-1	-1	-1	-1	-1	-1	-1	-1	-1	-1	-1	-1	-1	-1	-1	-1	-1	120	-1	-1	-1	-1	-1	-1	-1	FFFFFFE5	胜利宝石	31	2004	1
50821112	5	8	21	112	LiJinGemzhuoke_5	75	黄冥晶石·红利(8级·4级)	琢刻了纯净黄晶石·红利后的黄冥石·红利，可以镶嵌在攻击性装备(武器、护腕、戒指、护符、项链、暗器、武魂、龙纹、令牌、豪侠印)上，使用后不可再镶嵌同类宝石。#r#W可在洛阳（280，322）彭怀玉、楼兰（279，198）克里木、束河古镇（134，85）荆嵌实处进行#G琢刻分离#W。#r#G琢刻后的宝石无法进行合成操作#r#G无法将目标的抗性降低至负值#r#G胜利宝石	300000	2000	-1	-1	-1	-1	-1	-1	-1	-1	-1	-1	-1	-1	120	-1	-1	-1	-1	-1	-1	-1	-1	-1	-1	-1	-1	-1	-1	-1	-1	-1	-1	-1	-1	-1	-1	-1	-1	-1	-1	-1	-1	-1	-1	-1	-1	-1	-1	-1	-1	-1	-1	-1	-1	-1	-1	-1	120	-1	-1	-1	-1	-1	-1	-1	FFFFFFE5	胜利宝石	31	2004	1
50821113	5	8	21	113	LiJinGemzhuoke_5	75	黄冥晶石·红利(8级·5级)	琢刻了纯净黄晶石·红利后的黄冥石·红利，可以镶嵌在攻击性装备(武器、护腕、戒指、护符、项链、暗器、武魂、龙纹、令牌、豪侠印)上，使用后不可再镶嵌同类宝石。#r#W可在洛阳（280，322）彭怀玉、楼兰（279，198）克里木、束河古镇（134，85）荆嵌实处进行#G琢刻分离#W。#r#G琢刻后的宝石无法进行合成操作#r#G无法将目标的抗性降低至负值#r#G胜利宝石	300000	2000	-1	-1	-1	-1	-1	-1	-1	-1	-1	-1	-1	-1	170	-1	-1	-1	-1	-1	-1	-1	-1	-1	-1	-1	-1	-1	-1	-1	-1	-1	-1	-1	-1	-1	-1	-1	-1	-1	-1	-1	-1	-1	-1	-1	-1	-1	-1	-1	-1	-1	-1	-1	-1	-1	-1	-1	120	-1	-1	-1	-1	-1	-1	-1	FFFFFFE5	胜利宝石	31	2004	1
50821114	5	8	21	114	LiJinGemzhuoke_5	75	黄冥晶石·红利(8级·6级)	琢刻了纯净黄晶石·红利后的黄冥石·红利，可以镶嵌在攻击性装备(武器、护腕、戒指、护符、项链、暗器、武魂、龙纹、令牌、豪侠印)上，使用后不可再镶嵌同类宝石。#r#W可在洛阳（280，322）彭怀玉、楼兰（279，198）克里木、束河古镇（134，85）荆嵌实处进行#G琢刻分离#W。#r#G琢刻后的宝石无法进行合成操作#r#G无法将目标的抗性降低至负值#r#G胜利宝石	300000	2000	-1	-1	-1	-1	-1	-1	-1	-1	-1	-1	-1	-1	230	-1	-1	-1	-1	-1	-1	-1	-1	-1	-1	-1	-1	-1	-1	-1	-1	-1	-1	-1	-1	-1	-1	-1	-1	-1	-1	-1	-1	-1	-1	-1	-1	-1	-1	-1	-1	-1	-1	-1	-1	-1	-1	-1	120	-1	-1	-1	-1	-1	-1	-1	FFFFFFE5	胜利宝石	31	2004	1
50821115	5	8	21	115	LiJinGemzhuoke_5	75	黄冥晶石·红利(8级·7级)	琢刻了纯净黄晶石·红利后的黄冥石·红利，可以镶嵌在攻击性装备(武器、护腕、戒指、护符、项链、暗器、武魂、龙纹、令牌、豪侠印)上，使用后不可再镶嵌同类宝石。#r#W可在洛阳（280，322）彭怀玉、楼兰（279，198）克里木、束河古镇（134，85）荆嵌实处进行#G琢刻分离#W。#r#G琢刻后的宝石无法进行合成操作#r#G无法将目标的抗性降低至负值#r#G胜利宝石	300000	2000	-1	-1	-1	-1	-1	-1	-1	-1	-1	-1	-1	-1	290	-1	-1	-1	-1	-1	-1	-1	-1	-1	-1	-1	-1	-1	-1	-1	-1	-1	-1	-1	-1	-1	-1	-1	-1	-1	-1	-1	-1	-1	-1	-1	-1	-1	-1	-1	-1	-1	-1	-1	-1	-1	-1	-1	120	-1	-1	-1	-1	-1	-1	-1	FFFFFFE5	胜利宝石	31	2004	1
50821116	5	8	21	116	LiJinGemzhuoke_5	75	黄冥晶石·红利(8级·8级)	琢刻了纯净黄晶石·红利后的黄冥石·红利，可以镶嵌在攻击性装备(武器、护腕、戒指、护符、项链、暗器、武魂、龙纹、令牌、豪侠印)上，使用后不可再镶嵌同类宝石。#r#W可在洛阳（280，322）彭怀玉、楼兰（279，198）克里木、束河古镇（134，85）荆嵌实处进行#G琢刻分离#W。#r#G琢刻后的宝石无法进行合成操作#r#G无法将目标的抗性降低至负值#r#G胜利宝石	300000	2000	-1	-1	-1	-1	-1	-1	-1	-1	-1	-1	-1	-1	350	-1	-1	-1	-1	-1	-1	-1	-1	-1	-1	-1	-1	-1	-1	-1	-1	-1	-1	-1	-1	-1	-1	-1	-1	-1	-1	-1	-1	-1	-1	-1	-1	-1	-1	-1	-1	-1	-1	-1	-1	-1	-1	-1	120	-1	-1	-1	-1	-1	-1	-1	FFFFFFE5	胜利宝石	31	2004	1
50821201	5	8	21	201	Gemzhuoke_8	1	蓝冥晶石(8级·1级)	琢刻了纯净蓝晶石后的蓝冥石，可以镶嵌在攻击性装备(武器、护腕、戒指、护符、项链、暗器、武魂、龙纹、令牌、豪侠印)上，使用后不可再镶嵌同类宝石。#r#W可在洛阳（280，322）彭怀玉、楼兰（279，198）克里木、束河古镇（134，85）荆嵌实处进行#G琢刻分离#W。#r#G琢刻后的宝石无法进行合成操作#r#G无法将目标的抗性降低至负值#r#G胜利宝石	300000	2000	-1	-1	-1	-1	-1	-1	23	-1	-1	-1	-1	-1	-1	-1	-1	-1	-1	-1	-1	-1	-1	-1	-1	-1	-1	-1	-1	-1	-1	-1	-1	-1	-1	-1	-1	-1	-1	-1	-1	-1	-1	-1	-1	-1	-1	-1	-1	-1	-1	-1	-1	-1	-1	-1	120	-1	-1	-1	-1	-1	-1	-1	-1	-1	FFFFFFE5	胜利宝石	32	2004	1
50821202	5	8	21	202	Gemzhuoke_8	1	蓝冥晶石(8级·2级)	琢刻了纯净蓝晶石后的蓝冥石，可以镶嵌在攻击性装备(武器、护腕、戒指、护符、项链、暗器、武魂、龙纹、令牌、豪侠印)上，使用后不可再镶嵌同类宝石。#r#W可在洛阳（280，322）彭怀玉、楼兰（279，198）克里木、束河古镇（134，85）荆嵌实处进行#G琢刻分离#W。#r#G琢刻后的宝石无法进行合成操作#r#G无法将目标的抗性降低至负值#r#G胜利宝石	300000	2000	-1	-1	-1	-1	-1	-1	33	-1	-1	-1	-1	-1	-1	-1	-1	-1	-1	-1	-1	-1	-1	-1	-1	-1	-1	-1	-1	-1	-1	-1	-1	-1	-1	-1	-1	-1	-1	-1	-1	-1	-1	-1	-1	-1	-1	-1	-1	-1	-1	-1	-1	-1	-1	-1	120	-1	-1	-1	-1	-1	-1	-1	-1	-1	FFFFFFE5	胜利宝石	32	2004	1
50821203	5	8	21	203	Gemzhuoke_8	1	蓝冥晶石(8级·3级)	琢刻了纯净蓝晶石后的蓝冥石，可以镶嵌在攻击性装备(武器、护腕、戒指、护符、项链、暗器、武魂、龙纹、令牌、豪侠印)上，使用后不可再镶嵌同类宝石。#r#W可在洛阳（280，322）彭怀玉、楼兰（279，198）克里木、束河古镇（134，85）荆嵌实处进行#G琢刻分离#W。#r#G琢刻后的宝石无法进行合成操作#r#G无法将目标的抗性降低至负值#r#G胜利宝石	300000	2000	-1	-1	-1	-1	-1	-1	60	-1	-1	-1	-1	-1	-1	-1	-1	-1	-1	-1	-1	-1	-1	-1	-1	-1	-1	-1	-1	-1	-1	-1	-1	-1	-1	-1	-1	-1	-1	-1	-1	-1	-1	-1	-1	-1	-1	-1	-1	-1	-1	-1	-1	-1	-1	-1	120	-1	-1	-1	-1	-1	-1	-1	-1	-1	FFFFFFE5	胜利宝石	32	2004	1
50821204	5	8	21	204	Gemzhuoke_8	1	蓝冥晶石(8级·4级)	琢刻了纯净蓝晶石后的蓝冥石，可以镶嵌在攻击性装备(武器、护腕、戒指、护符、项链、暗器、武魂、龙纹、令牌、豪侠印)上，使用后不可再镶嵌同类宝石。#r#W可在洛阳（280，322）彭怀玉、楼兰（279，198）克里木、束河古镇（134，85）荆嵌实处进行#G琢刻分离#W。#r#G琢刻后的宝石无法进行合成操作#r#G无法将目标的抗性降低至负值#r#G胜利宝石	300000	2000	-1	-1	-1	-1	-1	-1	120	-1	-1	-1	-1	-1	-1	-1	-1	-1	-1	-1	-1	-1	-1	-1	-1	-1	-1	-1	-1	-1	-1	-1	-1	-1	-1	-1	-1	-1	-1	-1	-1	-1	-1	-1	-1	-1	-1	-1	-1	-1	-1	-1	-1	-1	-1	-1	120	-1	-1	-1	-1	-1	-1	-1	-1	-1	FFFFFFE5	胜利宝石	32	2004	1
50821205	5	8	21	205	Gemzhuoke_8	1	蓝冥晶石(8级·5级)	琢刻了纯净蓝晶石后的蓝冥石，可以镶嵌在攻击性装备(武器、护腕、戒指、护符、项链、暗器、武魂、龙纹、令牌、豪侠印)上，使用后不可再镶嵌同类宝石。#r#W可在洛阳（280，322）彭怀玉、楼兰（279，198）克里木、束河古镇（134，85）荆嵌实处进行#G琢刻分离#W。#r#G琢刻后的宝石无法进行合成操作#r#G无法将目标的抗性降低至负值#r#G胜利宝石	300000	2000	-1	-1	-1	-1	-1	-1	170	-1	-1	-1	-1	-1	-1	-1	-1	-1	-1	-1	-1	-1	-1	-1	-1	-1	-1	-1	-1	-1	-1	-1	-1	-1	-1	-1	-1	-1	-1	-1	-1	-1	-1	-1	-1	-1	-1	-1	-1	-1	-1	-1	-1	-1	-1	-1	120	-1	-1	-1	-1	-1	-1	-1	-1	-1	FFFFFFE5	胜利宝石	32	2004	1
50821206	5	8	21	206	Gemzhuoke_8	1	蓝冥晶石(8级·6级)	琢刻了纯净蓝晶石后的蓝冥石，可以镶嵌在攻击性装备(武器、护腕、戒指、护符、项链、暗器、武魂、龙纹、令牌、豪侠印)上，使用后不可再镶嵌同类宝石。#r#W可在洛阳（280，322）彭怀玉、楼兰（279，198）克里木、束河古镇（134，85）荆嵌实处进行#G琢刻分离#W。#r#G琢刻后的宝石无法进行合成操作#r#G无法将目标的抗性降低至负值#r#G胜利宝石	300000	2000	-1	-1	-1	-1	-1	-1	230	-1	-1	-1	-1	-1	-1	-1	-1	-1	-1	-1	-1	-1	-1	-1	-1	-1	-1	-1	-1	-1	-1	-1	-1	-1	-1	-1	-1	-1	-1	-1	-1	-1	-1	-1	-1	-1	-1	-1	-1	-1	-1	-1	-1	-1	-1	-1	120	-1	-1	-1	-1	-1	-1	-1	-1	-1	FFFFFFE5	胜利宝石	32	2004	1
50821207	5	8	21	207	Gemzhuoke_8	1	蓝冥晶石(8级·7级)	琢刻了纯净蓝晶石后的蓝冥石，可以镶嵌在攻击性装备(武器、护腕、戒指、护符、项链、暗器、武魂、龙纹、令牌、豪侠印)上，使用后不可再镶嵌同类宝石。#r#W可在洛阳（280，322）彭怀玉、楼兰（279，198）克里木、束河古镇（134，85）荆嵌实处进行#G琢刻分离#W。#r#G琢刻后的宝石无法进行合成操作#r#G无法将目标的抗性降低至负值#r#G胜利宝石	300000	2000	-1	-1	-1	-1	-1	-1	290	-1	-1	-1	-1	-1	-1	-1	-1	-1	-1	-1	-1	-1	-1	-1	-1	-1	-1	-1	-1	-1	-1	-1	-1	-1	-1	-1	-1	-1	-1	-1	-1	-1	-1	-1	-1	-1	-1	-1	-1	-1	-1	-1	-1	-1	-1	-1	120	-1	-1	-1	-1	-1	-1	-1	-1	-1	FFFFFFE5	胜利宝石	32	2004	1
50821208	5	8	21	208	Gemzhuoke_8	1	蓝冥晶石(8级·8级)	琢刻了纯净蓝晶石后的蓝冥石，可以镶嵌在攻击性装备(武器、护腕、戒指、护符、项链、暗器、武魂、龙纹、令牌、豪侠印)上，使用后不可再镶嵌同类宝石。#r#W可在洛阳（280，322）彭怀玉、楼兰（279，198）克里木、束河古镇（134，85）荆嵌实处进行#G琢刻分离#W。#r#G琢刻后的宝石无法进行合成操作#r#G无法将目标的抗性降低至负值#r#G胜利宝石	300000	2000	-1	-1	-1	-1	-1	-1	350	-1	-1	-1	-1	-1	-1	-1	-1	-1	-1	-1	-1	-1	-1	-1	-1	-1	-1	-1	-1	-1	-1	-1	-1	-1	-1	-1	-1	-1	-1	-1	-1	-1	-1	-1	-1	-1	-1	-1	-1	-1	-1	-1	-1	-1	-1	-1	120	-1	-1	-1	-1	-1	-1	-1	-1	-1	FFFFFFE5	胜利宝石	32	2004	1
50821209	5	8	21	209	LiJinGemzhuoke_8	75	蓝冥晶石·红利(8级·1级)	琢刻了纯净蓝晶石·红利后的蓝冥石·红利，可以镶嵌在攻击性装备(武器、护腕、戒指、护符、项链、暗器、武魂、龙纹、令牌、豪侠印)上，使用后不可再镶嵌同类宝石。#r#W可在洛阳（280，322）彭怀玉、楼兰（279，198）克里木、束河古镇（134，85）荆嵌实处进行#G琢刻分离#W。#r#G琢刻后的宝石无法进行合成操作#r#G无法将目标的抗性降低至负值#r#G胜利宝石	300000	2000	-1	-1	-1	-1	-1	-1	23	-1	-1	-1	-1	-1	-1	-1	-1	-1	-1	-1	-1	-1	-1	-1	-1	-1	-1	-1	-1	-1	-1	-1	-1	-1	-1	-1	-1	-1	-1	-1	-1	-1	-1	-1	-1	-1	-1	-1	-1	-1	-1	-1	-1	-1	-1	-1	120	-1	-1	-1	-1	-1	-1	-1	-1	-1	FFFFFFE5	胜利宝石	32	2004	1
50821210	5	8	21	210	LiJinGemzhuoke_8	75	蓝冥晶石·红利(8级·2级)	琢刻了纯净蓝晶石·红利后的蓝冥石·红利，可以镶嵌在攻击性装备(武器、护腕、戒指、护符、项链、暗器、武魂、龙纹、令牌、豪侠印)上，使用后不可再镶嵌同类宝石。#r#W可在洛阳（280，322）彭怀玉、楼兰（279，198）克里木、束河古镇（134，85）荆嵌实处进行#G琢刻分离#W。#r#G琢刻后的宝石无法进行合成操作#r#G无法将目标的抗性降低至负值#r#G胜利宝石	300000	2000	-1	-1	-1	-1	-1	-1	33	-1	-1	-1	-1	-1	-1	-1	-1	-1	-1	-1	-1	-1	-1	-1	-1	-1	-1	-1	-1	-1	-1	-1	-1	-1	-1	-1	-1	-1	-1	-1	-1	-1	-1	-1	-1	-1	-1	-1	-1	-1	-1	-1	-1	-1	-1	-1	120	-1	-1	-1	-1	-1	-1	-1	-1	-1	FFFFFFE5	胜利宝石	32	2004	1
50821211	5	8	21	211	LiJinGemzhuoke_8	75	蓝冥晶石·红利(8级·3级)	琢刻了纯净蓝晶石·红利后的蓝冥石·红利，可以镶嵌在攻击性装备(武器、护腕、戒指、护符、项链、暗器、武魂、龙纹、令牌、豪侠印)上，使用后不可再镶嵌同类宝石。#r#W可在洛阳（280，322）彭怀玉、楼兰（279，198）克里木、束河古镇（134，85）荆嵌实处进行#G琢刻分离#W。#r#G琢刻后的宝石无法进行合成操作#r#G无法将目标的抗性降低至负值#r#G胜利宝石	300000	2000	-1	-1	-1	-1	-1	-1	60	-1	-1	-1	-1	-1	-1	-1	-1	-1	-1	-1	-1	-1	-1	-1	-1	-1	-1	-1	-1	-1	-1	-1	-1	-1	-1	-1	-1	-1	-1	-1	-1	-1	-1	-1	-1	-1	-1	-1	-1	-1	-1	-1	-1	-1	-1	-1	120	-1	-1	-1	-1	-1	-1	-1	-1	-1	FFFFFFE5	胜利宝石	32	2004	1
50821212	5	8	21	212	LiJinGemzhuoke_8	75	蓝冥晶石·红利(8级·4级)	琢刻了纯净蓝晶石·红利后的蓝冥石·红利，可以镶嵌在攻击性装备(武器、护腕、戒指、护符、项链、暗器、武魂、龙纹、令牌、豪侠印)上，使用后不可再镶嵌同类宝石。#r#W可在洛阳（280，322）彭怀玉、楼兰（279，198）克里木、束河古镇（134，85）荆嵌实处进行#G琢刻分离#W。#r#G琢刻后的宝石无法进行合成操作#r#G无法将目标的抗性降低至负值#r#G胜利宝石	300000	2000	-1	-1	-1	-1	-1	-1	120	-1	-1	-1	-1	-1	-1	-1	-1	-1	-1	-1	-1	-1	-1	-1	-1	-1	-1	-1	-1	-1	-1	-1	-1	-1	-1	-1	-1	-1	-1	-1	-1	-1	-1	-1	-1	-1	-1	-1	-1	-1	-1	-1	-1	-1	-1	-1	120	-1	-1	-1	-1	-1	-1	-1	-1	-1	FFFFFFE5	胜利宝石	32	2004	1
50821213	5	8	21	213	LiJinGemzhuoke_8	75	蓝冥晶石·红利(8级·5级)	琢刻了纯净蓝晶石·红利后的蓝冥石·红利，可以镶嵌在攻击性装备(武器、护腕、戒指、护符、项链、暗器、武魂、龙纹、令牌、豪侠印)上，使用后不可再镶嵌同类宝石。#r#W可在洛阳（280，322）彭怀玉、楼兰（279，198）克里木、束河古镇（134，85）荆嵌实处进行#G琢刻分离#W。#r#G琢刻后的宝石无法进行合成操作#r#G无法将目标的抗性降低至负值#r#G胜利宝石	300000	2000	-1	-1	-1	-1	-1	-1	170	-1	-1	-1	-1	-1	-1	-1	-1	-1	-1	-1	-1	-1	-1	-1	-1	-1	-1	-1	-1	-1	-1	-1	-1	-1	-1	-1	-1	-1	-1	-1	-1	-1	-1	-1	-1	-1	-1	-1	-1	-1	-1	-1	-1	-1	-1	-1	120	-1	-1	-1	-1	-1	-1	-1	-1	-1	FFFFFFE5	胜利宝石	32	2004	1
50821214	5	8	21	214	LiJinGemzhuoke_8	75	蓝冥晶石·红利(8级·6级)	琢刻了纯净蓝晶石·红利后的蓝冥石·红利，可以镶嵌在攻击性装备(武器、护腕、戒指、护符、项链、暗器、武魂、龙纹、令牌、豪侠印)上，使用后不可再镶嵌同类宝石。#r#W可在洛阳（280，322）彭怀玉、楼兰（279，198）克里木、束河古镇（134，85）荆嵌实处进行#G琢刻分离#W。#r#G琢刻后的宝石无法进行合成操作#r#G无法将目标的抗性降低至负值#r#G胜利宝石	300000	2000	-1	-1	-1	-1	-1	-1	230	-1	-1	-1	-1	-1	-1	-1	-1	-1	-1	-1	-1	-1	-1	-1	-1	-1	-1	-1	-1	-1	-1	-1	-1	-1	-1	-1	-1	-1	-1	-1	-1	-1	-1	-1	-1	-1	-1	-1	-1	-1	-1	-1	-1	-1	-1	-1	120	-1	-1	-1	-1	-1	-1	-1	-1	-1	FFFFFFE5	胜利宝石	32	2004	1
50821215	5	8	21	215	LiJinGemzhuoke_8	75	蓝冥晶石·红利(8级·7级)	琢刻了纯净蓝晶石·红利后的蓝冥石·红利，可以镶嵌在攻击性装备(武器、护腕、戒指、护符、项链、暗器、武魂、龙纹、令牌、豪侠印)上，使用后不可再镶嵌同类宝石。#r#W可在洛阳（280，322）彭怀玉、楼兰（279，198）克里木、束河古镇（134，85）荆嵌实处进行#G琢刻分离#W。#r#G琢刻后的宝石无法进行合成操作#r#G无法将目标的抗性降低至负值#r#G胜利宝石	300000	2000	-1	-1	-1	-1	-1	-1	290	-1	-1	-1	-1	-1	-1	-1	-1	-1	-1	-1	-1	-1	-1	-1	-1	-1	-1	-1	-1	-1	-1	-1	-1	-1	-1	-1	-1	-1	-1	-1	-1	-1	-1	-1	-1	-1	-1	-1	-1	-1	-1	-1	-1	-1	-1	-1	120	-1	-1	-1	-1	-1	-1	-1	-1	-1	FFFFFFE5	胜利宝石	32	2004	1
50821216	5	8	21	216	LiJinGemzhuoke_8	75	蓝冥晶石·红利(8级·8级)	琢刻了纯净蓝晶石·红利后的蓝冥石·红利，可以镶嵌在攻击性装备(武器、护腕、戒指、护符、项链、暗器、武魂、龙纹、令牌、豪侠印)上，使用后不可再镶嵌同类宝石。#r#W可在洛阳（280，322）彭怀玉、楼兰（279，198）克里木、束河古镇（134，85）荆嵌实处进行#G琢刻分离#W。#r#G琢刻后的宝石无法进行合成操作#r#G无法将目标的抗性降低至负值#r#G胜利宝石	300000	2000	-1	-1	-1	-1	-1	-1	350	-1	-1	-1	-1	-1	-1	-1	-1	-1	-1	-1	-1	-1	-1	-1	-1	-1	-1	-1	-1	-1	-1	-1	-1	-1	-1	-1	-1	-1	-1	-1	-1	-1	-1	-1	-1	-1	-1	-1	-1	-1	-1	-1	-1	-1	-1	-1	120	-1	-1	-1	-1	-1	-1	-1	-1	-1	FFFFFFE5	胜利宝石	32	2004	1
50821301	5	8	21	301	Gemzhuoke_2	1	红冥晶石(8级·1级)	琢刻了纯净红晶石后的红冥石，可以镶嵌在攻击性装备(武器、护腕、戒指、护符、项链、暗器、武魂、龙纹、令牌、豪侠印)上，使用后不可再镶嵌同类宝石。#r#W可在洛阳（280，322）彭怀玉、楼兰（279，198）克里木、束河古镇（134，85）荆嵌实处进行#G琢刻分离#W。#r#G琢刻后的宝石无法进行合成操作#r#G无法将目标的抗性降低至负值#r#G胜利宝石	300000	2000	-1	-1	-1	-1	-1	-1	-1	-1	-1	23	-1	-1	-1	-1	-1	-1	-1	-1	-1	-1	-1	-1	-1	-1	-1	-1	-1	-1	-1	-1	-1	-1	-1	-1	-1	-1	-1	-1	-1	-1	-1	-1	-1	-1	-1	-1	-1	-1	-1	-1	-1	-1	-1	-1	-1	120	-1	-1	-1	-1	-1	-1	-1	-1	FFFFFFE5	胜利宝石	33	2004	1
50821302	5	8	21	302	Gemzhuoke_2	1	红冥晶石(8级·2级)	琢刻了纯净红晶石后的红冥石，可以镶嵌在攻击性装备(武器、护腕、戒指、护符、项链、暗器、武魂、龙纹、令牌、豪侠印)上，使用后不可再镶嵌同类宝石。#r#W可在洛阳（280，322）彭怀玉、楼兰（279，198）克里木、束河古镇（134，85）荆嵌实处进行#G琢刻分离#W。#r#G琢刻后的宝石无法进行合成操作#r#G无法将目标的抗性降低至负值#r#G胜利宝石	300000	2000	-1	-1	-1	-1	-1	-1	-1	-1	-1	33	-1	-1	-1	-1	-1	-1	-1	-1	-1	-1	-1	-1	-1	-1	-1	-1	-1	-1	-1	-1	-1	-1	-1	-1	-1	-1	-1	-1	-1	-1	-1	-1	-1	-1	-1	-1	-1	-1	-1	-1	-1	-1	-1	-1	-1	120	-1	-1	-1	-1	-1	-1	-1	-1	FFFFFFE5	胜利宝石	33	2004	1
50821303	5	8	21	303	Gemzhuoke_2	1	红冥晶石(8级·3级)	琢刻了纯净红晶石后的红冥石，可以镶嵌在攻击性装备(武器、护腕、戒指、护符、项链、暗器、武魂、龙纹、令牌、豪侠印)上，使用后不可再镶嵌同类宝石。#r#W可在洛阳（280，322）彭怀玉、楼兰（279，198）克里木、束河古镇（134，85）荆嵌实处进行#G琢刻分离#W。#r#G琢刻后的宝石无法进行合成操作#r#G无法将目标的抗性降低至负值#r#G胜利宝石	300000	2000	-1	-1	-1	-1	-1	-1	-1	-1	-1	60	-1	-1	-1	-1	-1	-1	-1	-1	-1	-1	-1	-1	-1	-1	-1	-1	-1	-1	-1	-1	-1	-1	-1	-1	-1	-1	-1	-1	-1	-1	-1	-1	-1	-1	-1	-1	-1	-1	-1	-1	-1	-1	-1	-1	-1	120	-1	-1	-1	-1	-1	-1	-1	-1	FFFFFFE5	胜利宝石	33	2004	1
50821304	5	8	21	304	Gemzhuoke_2	1	红冥晶石(8级·4级)	琢刻了纯净红晶石后的红冥石，可以镶嵌在攻击性装备(武器、护腕、戒指、护符、项链、暗器、武魂、龙纹、令牌、豪侠印)上，使用后不可再镶嵌同类宝石。#r#W可在洛阳（280，322）彭怀玉、楼兰（279，198）克里木、束河古镇（134，85）荆嵌实处进行#G琢刻分离#W。#r#G琢刻后的宝石无法进行合成操作#r#G无法将目标的抗性降低至负值#r#G胜利宝石	300000	2000	-1	-1	-1	-1	-1	-1	-1	-1	-1	120	-1	-1	-1	-1	-1	-1	-1	-1	-1	-1	-1	-1	-1	-1	-1	-1	-1	-1	-1	-1	-1	-1	-1	-1	-1	-1	-1	-1	-1	-1	-1	-1	-1	-1	-1	-1	-1	-1	-1	-1	-1	-1	-1	-1	-1	120	-1	-1	-1	-1	-1	-1	-1	-1	FFFFFFE5	胜利宝石	33	2004	1
50821305	5	8	21	305	Gemzhuoke_2	1	红冥晶石(8级·5级)	琢刻了纯净红晶石后的红冥石，可以镶嵌在攻击性装备(武器、护腕、戒指、护符、项链、暗器、武魂、龙纹、令牌、豪侠印)上，使用后不可再镶嵌同类宝石。#r#W可在洛阳（280，322）彭怀玉、楼兰（279，198）克里木、束河古镇（134，85）荆嵌实处进行#G琢刻分离#W。#r#G琢刻后的宝石无法进行合成操作#r#G无法将目标的抗性降低至负值#r#G胜利宝石	300000	2000	-1	-1	-1	-1	-1	-1	-1	-1	-1	170	-1	-1	-1	-1	-1	-1	-1	-1	-1	-1	-1	-1	-1	-1	-1	-1	-1	-1	-1	-1	-1	-1	-1	-1	-1	-1	-1	-1	-1	-1	-1	-1	-1	-1	-1	-1	-1	-1	-1	-1	-1	-1	-1	-1	-1	120	-1	-1	-1	-1	-1	-1	-1	-1	FFFFFFE5	胜利宝石	33	2004	1
50821306	5	8	21	306	Gemzhuoke_2	1	红冥晶石(8级·6级)	琢刻了纯净红晶石后的红冥石，可以镶嵌在攻击性装备(武器、护腕、戒指、护符、项链、暗器、武魂、龙纹、令牌、豪侠印)上，使用后不可再镶嵌同类宝石。#r#W可在洛阳（280，322）彭怀玉、楼兰（279，198）克里木、束河古镇（134，85）荆嵌实处进行#G琢刻分离#W。#r#G琢刻后的宝石无法进行合成操作#r#G无法将目标的抗性降低至负值#r#G胜利宝石	300000	2000	-1	-1	-1	-1	-1	-1	-1	-1	-1	230	-1	-1	-1	-1	-1	-1	-1	-1	-1	-1	-1	-1	-1	-1	-1	-1	-1	-1	-1	-1	-1	-1	-1	-1	-1	-1	-1	-1	-1	-1	-1	-1	-1	-1	-1	-1	-1	-1	-1	-1	-1	-1	-1	-1	-1	120	-1	-1	-1	-1	-1	-1	-1	-1	FFFFFFE5	胜利宝石	33	2004	1
50821307	5	8	21	307	Gemzhuoke_2	1	红冥晶石(8级·7级)	琢刻了纯净红晶石后的红冥石，可以镶嵌在攻击性装备(武器、护腕、戒指、护符、项链、暗器、武魂、龙纹、令牌、豪侠印)上，使用后不可再镶嵌同类宝石。#r#W可在洛阳（280，322）彭怀玉、楼兰（279，198）克里木、束河古镇（134，85）荆嵌实处进行#G琢刻分离#W。#r#G琢刻后的宝石无法进行合成操作#r#G无法将目标的抗性降低至负值#r#G胜利宝石	300000	2000	-1	-1	-1	-1	-1	-1	-1	-1	-1	290	-1	-1	-1	-1	-1	-1	-1	-1	-1	-1	-1	-1	-1	-1	-1	-1	-1	-1	-1	-1	-1	-1	-1	-1	-1	-1	-1	-1	-1	-1	-1	-1	-1	-1	-1	-1	-1	-1	-1	-1	-1	-1	-1	-1	-1	120	-1	-1	-1	-1	-1	-1	-1	-1	FFFFFFE5	胜利宝石	33	2004	1
50821308	5	8	21	308	Gemzhuoke_2	1	红冥晶石(8级·8级)	琢刻了纯净红晶石后的红冥石，可以镶嵌在攻击性装备(武器、护腕、戒指、护符、项链、暗器、武魂、龙纹、令牌、豪侠印)上，使用后不可再镶嵌同类宝石。#r#W可在洛阳（280，322）彭怀玉、楼兰（279，198）克里木、束河古镇（134，85）荆嵌实处进行#G琢刻分离#W。#r#G琢刻后的宝石无法进行合成操作#r#G无法将目标的抗性降低至负值#r#G胜利宝石	300000	2000	-1	-1	-1	-1	-1	-1	-1	-1	-1	350	-1	-1	-1	-1	-1	-1	-1	-1	-1	-1	-1	-1	-1	-1	-1	-1	-1	-1	-1	-1	-1	-1	-1	-1	-1	-1	-1	-1	-1	-1	-1	-1	-1	-1	-1	-1	-1	-1	-1	-1	-1	-1	-1	-1	-1	120	-1	-1	-1	-1	-1	-1	-1	-1	FFFFFFE5	胜利宝石	33	2004	1
50821309	5	8	21	309	LiJinGemzhuoke_2	75	红冥晶石·红利(8级·1级)	琢刻了纯净红晶石·红利后的红冥石·红利，可以镶嵌在攻击性装备(武器、护腕、戒指、护符、项链、暗器、武魂、龙纹、令牌、豪侠印)上，使用后不可再镶嵌同类宝石。#r#W可在洛阳（280，322）彭怀玉、楼兰（279，198）克里木、束河古镇（134，85）荆嵌实处进行#G琢刻分离#W。#r#G琢刻后的宝石无法进行合成操作#r#G无法将目标的抗性降低至负值#r#G胜利宝石	300000	2000	-1	-1	-1	-1	-1	-1	-1	-1	-1	23	-1	-1	-1	-1	-1	-1	-1	-1	-1	-1	-1	-1	-1	-1	-1	-1	-1	-1	-1	-1	-1	-1	-1	-1	-1	-1	-1	-1	-1	-1	-1	-1	-1	-1	-1	-1	-1	-1	-1	-1	-1	-1	-1	-1	-1	120	-1	-1	-1	-1	-1	-1	-1	-1	FFFFFFE5	胜利宝石	33	2004	1
50821310	5	8	21	310	LiJinGemzhuoke_2	75	红冥晶石·红利(8级·2级)	琢刻了纯净红晶石·红利后的红冥石·红利，可以镶嵌在攻击性装备(武器、护腕、戒指、护符、项链、暗器、武魂、龙纹、令牌、豪侠印)上，使用后不可再镶嵌同类宝石。#r#W可在洛阳（280，322）彭怀玉、楼兰（279，198）克里木、束河古镇（134，85）荆嵌实处进行#G琢刻分离#W。#r#G琢刻后的宝石无法进行合成操作#r#G无法将目标的抗性降低至负值#r#G胜利宝石	300000	2000	-1	-1	-1	-1	-1	-1	-1	-1	-1	33	-1	-1	-1	-1	-1	-1	-1	-1	-1	-1	-1	-1	-1	-1	-1	-1	-1	-1	-1	-1	-1	-1	-1	-1	-1	-1	-1	-1	-1	-1	-1	-1	-1	-1	-1	-1	-1	-1	-1	-1	-1	-1	-1	-1	-1	120	-1	-1	-1	-1	-1	-1	-1	-1	FFFFFFE5	胜利宝石	33	2004	1
50821311	5	8	21	311	LiJinGemzhuoke_2	75	红冥晶石·红利(8级·3级)	琢刻了纯净红晶石·红利后的红冥石·红利，可以镶嵌在攻击性装备(武器、护腕、戒指、护符、项链、暗器、武魂、龙纹、令牌、豪侠印)上，使用后不可再镶嵌同类宝石。#r#W可在洛阳（280，322）彭怀玉、楼兰（279，198）克里木、束河古镇（134，85）荆嵌实处进行#G琢刻分离#W。#r#G琢刻后的宝石无法进行合成操作#r#G无法将目标的抗性降低至负值#r#G胜利宝石	300000	2000	-1	-1	-1	-1	-1	-1	-1	-1	-1	60	-1	-1	-1	-1	-1	-1	-1	-1	-1	-1	-1	-1	-1	-1	-1	-1	-1	-1	-1	-1	-1	-1	-1	-1	-1	-1	-1	-1	-1	-1	-1	-1	-1	-1	-1	-1	-1	-1	-1	-1	-1	-1	-1	-1	-1	120	-1	-1	-1	-1	-1	-1	-1	-1	FFFFFFE5	胜利宝石	33	2004	1
50821312	5	8	21	312	LiJinGemzhuoke_2	75	红冥晶石·红利(8级·4级)	琢刻了纯净红晶石·红利后的红冥石·红利，可以镶嵌在攻击性装备(武器、护腕、戒指、护符、项链、暗器、武魂、龙纹、令牌、豪侠印)上，使用后不可再镶嵌同类宝石。#r#W可在洛阳（280，322）彭怀玉、楼兰（279，198）克里木、束河古镇（134，85）荆嵌实处进行#G琢刻分离#W。#r#G琢刻后的宝石无法进行合成操作#r#G无法将目标的抗性降低至负值#r#G胜利宝石	300000	2000	-1	-1	-1	-1	-1	-1	-1	-1	-1	120	-1	-1	-1	-1	-1	-1	-1	-1	-1	-1	-1	-1	-1	-1	-1	-1	-1	-1	-1	-1	-1	-1	-1	-1	-1	-1	-1	-1	-1	-1	-1	-1	-1	-1	-1	-1	-1	-1	-1	-1	-1	-1	-1	-1	-1	120	-1	-1	-1	-1	-1	-1	-1	-1	FFFFFFE5	胜利宝石	33	2004	1
50821313	5	8	21	313	LiJinGemzhuoke_2	75	红冥晶石·红利(8级·5级)	琢刻了纯净红晶石·红利后的红冥石·红利，可以镶嵌在攻击性装备(武器、护腕、戒指、护符、项链、暗器、武魂、龙纹、令牌、豪侠印)上，使用后不可再镶嵌同类宝石。#r#W可在洛阳（280，322）彭怀玉、楼兰（279，198）克里木、束河古镇（134，85）荆嵌实处进行#G琢刻分离#W。#r#G琢刻后的宝石无法进行合成操作#r#G无法将目标的抗性降低至负值#r#G胜利宝石	300000	2000	-1	-1	-1	-1	-1	-1	-1	-1	-1	170	-1	-1	-1	-1	-1	-1	-1	-1	-1	-1	-1	-1	-1	-1	-1	-1	-1	-1	-1	-1	-1	-1	-1	-1	-1	-1	-1	-1	-1	-1	-1	-1	-1	-1	-1	-1	-1	-1	-1	-1	-1	-1	-1	-1	-1	120	-1	-1	-1	-1	-1	-1	-1	-1	FFFFFFE5	胜利宝石	33	2004	1
50821314	5	8	21	314	LiJinGemzhuoke_2	75	红冥晶石·红利(8级·6级)	琢刻了纯净红晶石·红利后的红冥石·红利，可以镶嵌在攻击性装备(武器、护腕、戒指、护符、项链、暗器、武魂、龙纹、令牌、豪侠印)上，使用后不可再镶嵌同类宝石。#r#W可在洛阳（280，322）彭怀玉、楼兰（279，198）克里木、束河古镇（134，85）荆嵌实处进行#G琢刻分离#W。#r#G琢刻后的宝石无法进行合成操作#r#G无法将目标的抗性降低至负值#r#G胜利宝石	300000	2000	-1	-1	-1	-1	-1	-1	-1	-1	-1	230	-1	-1	-1	-1	-1	-1	-1	-1	-1	-1	-1	-1	-1	-1	-1	-1	-1	-1	-1	-1	-1	-1	-1	-1	-1	-1	-1	-1	-1	-1	-1	-1	-1	-1	-1	-1	-1	-1	-1	-1	-1	-1	-1	-1	-1	120	-1	-1	-1	-1	-1	-1	-1	-1	FFFFFFE5	胜利宝石	33	2004	1
50821315	5	8	21	315	LiJinGemzhuoke_2	75	红冥晶石·红利(8级·7级)	琢刻了纯净红晶石·红利后的红冥石·红利，可以镶嵌在攻击性装备(武器、护腕、戒指、护符、项链、暗器、武魂、龙纹、令牌、豪侠印)上，使用后不可再镶嵌同类宝石。#r#W可在洛阳（280，322）彭怀玉、楼兰（279，198）克里木、束河古镇（134，85）荆嵌实处进行#G琢刻分离#W。#r#G琢刻后的宝石无法进行合成操作#r#G无法将目标的抗性降低至负值#r#G胜利宝石	300000	2000	-1	-1	-1	-1	-1	-1	-1	-1	-1	290	-1	-1	-1	-1	-1	-1	-1	-1	-1	-1	-1	-1	-1	-1	-1	-1	-1	-1	-1	-1	-1	-1	-1	-1	-1	-1	-1	-1	-1	-1	-1	-1	-1	-1	-1	-1	-1	-1	-1	-1	-1	-1	-1	-1	-1	120	-1	-1	-1	-1	-1	-1	-1	-1	FFFFFFE5	胜利宝石	33	2004	1
50821316	5	8	21	316	LiJinGemzhuoke_2	75	红冥晶石·红利(8级·8级)	琢刻了纯净红晶石·红利后的红冥石·红利，可以镶嵌在攻击性装备(武器、护腕、戒指、护符、项链、暗器、武魂、龙纹、令牌、豪侠印)上，使用后不可再镶嵌同类宝石。#r#W可在洛阳（280，322）彭怀玉、楼兰（279，198）克里木、束河古镇（134，85）荆嵌实处进行#G琢刻分离#W。#r#G琢刻后的宝石无法进行合成操作#r#G无法将目标的抗性降低至负值#r#G胜利宝石	300000	2000	-1	-1	-1	-1	-1	-1	-1	-1	-1	350	-1	-1	-1	-1	-1	-1	-1	-1	-1	-1	-1	-1	-1	-1	-1	-1	-1	-1	-1	-1	-1	-1	-1	-1	-1	-1	-1	-1	-1	-1	-1	-1	-1	-1	-1	-1	-1	-1	-1	-1	-1	-1	-1	-1	-1	120	-1	-1	-1	-1	-1	-1	-1	-1	FFFFFFE5	胜利宝石	33	2004	1
50821401	5	8	21	401	Gemzhuoke_11	1	绿冥晶石(8级·1级)	琢刻了纯净绿晶石后的绿冥石，可以镶嵌在攻击性装备(武器、护腕、戒指、护符、项链、暗器、武魂、龙纹、令牌、豪侠印)上，使用后不可再镶嵌同类宝石。#r#W可在洛阳（280，322）彭怀玉、楼兰（279，198）克里木、束河古镇（134，85）荆嵌实处进行#G琢刻分离#W。#r#G琢刻后的宝石无法进行合成操作#r#G无法将目标的抗性降低至负值#r#G胜利宝石	300000	2000	-1	-1	-1	-1	-1	-1	-1	-1	-1	-1	-1	-1	-1	-1	-1	23	-1	-1	-1	-1	-1	-1	-1	-1	-1	-1	-1	-1	-1	-1	-1	-1	-1	-1	-1	-1	-1	-1	-1	-1	-1	-1	-1	-1	-1	-1	-1	-1	-1	-1	-1	-1	-1	-1	-1	-1	-1	120	-1	-1	-1	-1	-1	-1	FFFFFFE5	胜利宝石	34	2004	1
50821402	5	8	21	402	Gemzhuoke_11	1	绿冥晶石(8级·2级)	琢刻了纯净绿晶石后的绿冥石，可以镶嵌在攻击性装备(武器、护腕、戒指、护符、项链、暗器、武魂、龙纹、令牌、豪侠印)上，使用后不可再镶嵌同类宝石。#r#W可在洛阳（280，322）彭怀玉、楼兰（279，198）克里木、束河古镇（134，85）荆嵌实处进行#G琢刻分离#W。#r#G琢刻后的宝石无法进行合成操作#r#G无法将目标的抗性降低至负值#r#G胜利宝石	300000	2000	-1	-1	-1	-1	-1	-1	-1	-1	-1	-1	-1	-1	-1	-1	-1	33	-1	-1	-1	-1	-1	-1	-1	-1	-1	-1	-1	-1	-1	-1	-1	-1	-1	-1	-1	-1	-1	-1	-1	-1	-1	-1	-1	-1	-1	-1	-1	-1	-1	-1	-1	-1	-1	-1	-1	-1	-1	120	-1	-1	-1	-1	-1	-1	FFFFFFE5	胜利宝石	34	2004	1
50821403	5	8	21	403	Gemzhuoke_11	1	绿冥晶石(8级·3级)	琢刻了纯净绿晶石后的绿冥石，可以镶嵌在攻击性装备(武器、护腕、戒指、护符、项链、暗器、武魂、龙纹、令牌、豪侠印)上，使用后不可再镶嵌同类宝石。#r#W可在洛阳（280，322）彭怀玉、楼兰（279，198）克里木、束河古镇（134，85）荆嵌实处进行#G琢刻分离#W。#r#G琢刻后的宝石无法进行合成操作#r#G无法将目标的抗性降低至负值#r#G胜利宝石	300000	2000	-1	-1	-1	-1	-1	-1	-1	-1	-1	-1	-1	-1	-1	-1	-1	60	-1	-1	-1	-1	-1	-1	-1	-1	-1	-1	-1	-1	-1	-1	-1	-1	-1	-1	-1	-1	-1	-1	-1	-1	-1	-1	-1	-1	-1	-1	-1	-1	-1	-1	-1	-1	-1	-1	-1	-1	-1	120	-1	-1	-1	-1	-1	-1	FFFFFFE5	胜利宝石	34	2004	1
50821404	5	8	21	404	Gemzhuoke_11	1	绿冥晶石(8级·4级)	琢刻了纯净绿晶石后的绿冥石，可以镶嵌在攻击性装备(武器、护腕、戒指、护符、项链、暗器、武魂、龙纹、令牌、豪侠印)上，使用后不可再镶嵌同类宝石。#r#W可在洛阳（280，322）彭怀玉、楼兰（279，198）克里木、束河古镇（134，85）荆嵌实处进行#G琢刻分离#W。#r#G琢刻后的宝石无法进行合成操作#r#G无法将目标的抗性降低至负值#r#G胜利宝石	300000	2000	-1	-1	-1	-1	-1	-1	-1	-1	-1	-1	-1	-1	-1	-1	-1	120	-1	-1	-1	-1	-1	-1	-1	-1	-1	-1	-1	-1	-1	-1	-1	-1	-1	-1	-1	-1	-1	-1	-1	-1	-1	-1	-1	-1	-1	-1	-1	-1	-1	-1	-1	-1	-1	-1	-1	-1	-1	120	-1	-1	-1	-1	-1	-1	FFFFFFE5	胜利宝石	34	2004	1
50821405	5	8	21	405	Gemzhuoke_11	1	绿冥晶石(8级·5级)	琢刻了纯净绿晶石后的绿冥石，可以镶嵌在攻击性装备(武器、护腕、戒指、护符、项链、暗器、武魂、龙纹、令牌、豪侠印)上，使用后不可再镶嵌同类宝石。#r#W可在洛阳（280，322）彭怀玉、楼兰（279，198）克里木、束河古镇（134，85）荆嵌实处进行#G琢刻分离#W。#r#G琢刻后的宝石无法进行合成操作#r#G无法将目标的抗性降低至负值#r#G胜利宝石	300000	2000	-1	-1	-1	-1	-1	-1	-1	-1	-1	-1	-1	-1	-1	-1	-1	170	-1	-1	-1	-1	-1	-1	-1	-1	-1	-1	-1	-1	-1	-1	-1	-1	-1	-1	-1	-1	-1	-1	-1	-1	-1	-1	-1	-1	-1	-1	-1	-1	-1	-1	-1	-1	-1	-1	-1	-1	-1	120	-1	-1	-1	-1	-1	-1	FFFFFFE5	胜利宝石	34	2004	1
50821406	5	8	21	406	Gemzhuoke_11	1	绿冥晶石(8级·6级)	琢刻了纯净绿晶石后的绿冥石，可以镶嵌在攻击性装备(武器、护腕、戒指、护符、项链、暗器、武魂、龙纹、令牌、豪侠印)上，使用后不可再镶嵌同类宝石。#r#W可在洛阳（280，322）彭怀玉、楼兰（279，198）克里木、束河古镇（134，85）荆嵌实处进行#G琢刻分离#W。#r#G琢刻后的宝石无法进行合成操作#r#G无法将目标的抗性降低至负值#r#G胜利宝石	300000	2000	-1	-1	-1	-1	-1	-1	-1	-1	-1	-1	-1	-1	-1	-1	-1	230	-1	-1	-1	-1	-1	-1	-1	-1	-1	-1	-1	-1	-1	-1	-1	-1	-1	-1	-1	-1	-1	-1	-1	-1	-1	-1	-1	-1	-1	-1	-1	-1	-1	-1	-1	-1	-1	-1	-1	-1	-1	120	-1	-1	-1	-1	-1	-1	FFFFFFE5	胜利宝石	34	2004	1
50821407	5	8	21	407	Gemzhuoke_11	1	绿冥晶石(8级·7级)	琢刻了纯净绿晶石后的绿冥石，可以镶嵌在攻击性装备(武器、护腕、戒指、护符、项链、暗器、武魂、龙纹、令牌、豪侠印)上，使用后不可再镶嵌同类宝石。#r#W可在洛阳（280，322）彭怀玉、楼兰（279，198）克里木、束河古镇（134，85）荆嵌实处进行#G琢刻分离#W。#r#G琢刻后的宝石无法进行合成操作#r#G无法将目标的抗性降低至负值#r#G胜利宝石	300000	2000	-1	-1	-1	-1	-1	-1	-1	-1	-1	-1	-1	-1	-1	-1	-1	290	-1	-1	-1	-1	-1	-1	-1	-1	-1	-1	-1	-1	-1	-1	-1	-1	-1	-1	-1	-1	-1	-1	-1	-1	-1	-1	-1	-1	-1	-1	-1	-1	-1	-1	-1	-1	-1	-1	-1	-1	-1	120	-1	-1	-1	-1	-1	-1	FFFFFFE5	胜利宝石	34	2004	1
50821408	5	8	21	408	Gemzhuoke_11	1	绿冥晶石(8级·8级)	琢刻了纯净绿晶石后的绿冥石，可以镶嵌在攻击性装备(武器、护腕、戒指、护符、项链、暗器、武魂、龙纹、令牌、豪侠印)上，使用后不可再镶嵌同类宝石。#r#W可在洛阳（280，322）彭怀玉、楼兰（279，198）克里木、束河古镇（134，85）荆嵌实处进行#G琢刻分离#W。#r#G琢刻后的宝石无法进行合成操作#r#G无法将目标的抗性降低至负值#r#G胜利宝石	300000	2000	-1	-1	-1	-1	-1	-1	-1	-1	-1	-1	-1	-1	-1	-1	-1	350	-1	-1	-1	-1	-1	-1	-1	-1	-1	-1	-1	-1	-1	-1	-1	-1	-1	-1	-1	-1	-1	-1	-1	-1	-1	-1	-1	-1	-1	-1	-1	-1	-1	-1	-1	-1	-1	-1	-1	-1	-1	120	-1	-1	-1	-1	-1	-1	FFFFFFE5	胜利宝石	34	2004	1
50821409	5	8	21	409	LiJinGemzhuoke_11	75	绿冥晶石·红利(8级·1级)	琢刻了纯净绿晶石·红利后的绿冥石·红利，可以镶嵌在攻击性装备(武器、护腕、戒指、护符、项链、暗器、武魂、龙纹、令牌、豪侠印)上，使用后不可再镶嵌同类宝石。#r#W可在洛阳（280，322）彭怀玉、楼兰（279，198）克里木、束河古镇（134，85）荆嵌实处进行#G琢刻分离#W。#r#G琢刻后的宝石无法进行合成操作#r#G无法将目标的抗性降低至负值#r#G胜利宝石	300000	2000	-1	-1	-1	-1	-1	-1	-1	-1	-1	-1	-1	-1	-1	-1	-1	23	-1	-1	-1	-1	-1	-1	-1	-1	-1	-1	-1	-1	-1	-1	-1	-1	-1	-1	-1	-1	-1	-1	-1	-1	-1	-1	-1	-1	-1	-1	-1	-1	-1	-1	-1	-1	-1	-1	-1	-1	-1	120	-1	-1	-1	-1	-1	-1	FFFFFFE5	胜利宝石	34	2004	1
50821410	5	8	21	410	LiJinGemzhuoke_11	75	绿冥晶石·红利(8级·2级)	琢刻了纯净绿晶石·红利后的绿冥石·红利，可以镶嵌在攻击性装备(武器、护腕、戒指、护符、项链、暗器、武魂、龙纹、令牌、豪侠印)上，使用后不可再镶嵌同类宝石。#r#W可在洛阳（280，322）彭怀玉、楼兰（279，198）克里木、束河古镇（134，85）荆嵌实处进行#G琢刻分离#W。#r#G琢刻后的宝石无法进行合成操作#r#G无法将目标的抗性降低至负值#r#G胜利宝石	300000	2000	-1	-1	-1	-1	-1	-1	-1	-1	-1	-1	-1	-1	-1	-1	-1	33	-1	-1	-1	-1	-1	-1	-1	-1	-1	-1	-1	-1	-1	-1	-1	-1	-1	-1	-1	-1	-1	-1	-1	-1	-1	-1	-1	-1	-1	-1	-1	-1	-1	-1	-1	-1	-1	-1	-1	-1	-1	120	-1	-1	-1	-1	-1	-1	FFFFFFE5	胜利宝石	34	2004	1
50821411	5	8	21	411	LiJinGemzhuoke_11	75	绿冥晶石·红利(8级·3级)	琢刻了纯净绿晶石·红利后的绿冥石·红利，可以镶嵌在攻击性装备(武器、护腕、戒指、护符、项链、暗器、武魂、龙纹、令牌、豪侠印)上，使用后不可再镶嵌同类宝石。#r#W可在洛阳（280，322）彭怀玉、楼兰（279，198）克里木、束河古镇（134，85）荆嵌实处进行#G琢刻分离#W。#r#G琢刻后的宝石无法进行合成操作#r#G无法将目标的抗性降低至负值#r#G胜利宝石	300000	2000	-1	-1	-1	-1	-1	-1	-1	-1	-1	-1	-1	-1	-1	-1	-1	60	-1	-1	-1	-1	-1	-1	-1	-1	-1	-1	-1	-1	-1	-1	-1	-1	-1	-1	-1	-1	-1	-1	-1	-1	-1	-1	-1	-1	-1	-1	-1	-1	-1	-1	-1	-1	-1	-1	-1	-1	-1	120	-1	-1	-1	-1	-1	-1	FFFFFFE5	胜利宝石	34	2004	1
50821412	5	8	21	412	LiJinGemzhuoke_11	75	绿冥晶石·红利(8级·4级)	琢刻了纯净绿晶石·红利后的绿冥石·红利，可以镶嵌在攻击性装备(武器、护腕、戒指、护符、项链、暗器、武魂、龙纹、令牌、豪侠印)上，使用后不可再镶嵌同类宝石。#r#W可在洛阳（280，322）彭怀玉、楼兰（279，198）克里木、束河古镇（134，85）荆嵌实处进行#G琢刻分离#W。#r#G琢刻后的宝石无法进行合成操作#r#G无法将目标的抗性降低至负值#r#G胜利宝石	300000	2000	-1	-1	-1	-1	-1	-1	-1	-1	-1	-1	-1	-1	-1	-1	-1	120	-1	-1	-1	-1	-1	-1	-1	-1	-1	-1	-1	-1	-1	-1	-1	-1	-1	-1	-1	-1	-1	-1	-1	-1	-1	-1	-1	-1	-1	-1	-1	-1	-1	-1	-1	-1	-1	-1	-1	-1	-1	120	-1	-1	-1	-1	-1	-1	FFFFFFE5	胜利宝石	34	2004	1
50821413	5	8	21	413	LiJinGemzhuoke_11	75	绿冥晶石·红利(8级·5级)	琢刻了纯净绿晶石·红利后的绿冥石·红利，可以镶嵌在攻击性装备(武器、护腕、戒指、护符、项链、暗器、武魂、龙纹、令牌、豪侠印)上，使用后不可再镶嵌同类宝石。#r#W可在洛阳（280，322）彭怀玉、楼兰（279，198）克里木、束河古镇（134，85）荆嵌实处进行#G琢刻分离#W。#r#G琢刻后的宝石无法进行合成操作#r#G无法将目标的抗性降低至负值#r#G胜利宝石	300000	2000	-1	-1	-1	-1	-1	-1	-1	-1	-1	-1	-1	-1	-1	-1	-1	170	-1	-1	-1	-1	-1	-1	-1	-1	-1	-1	-1	-1	-1	-1	-1	-1	-1	-1	-1	-1	-1	-1	-1	-1	-1	-1	-1	-1	-1	-1	-1	-1	-1	-1	-1	-1	-1	-1	-1	-1	-1	120	-1	-1	-1	-1	-1	-1	FFFFFFE5	胜利宝石	34	2004	1
50821414	5	8	21	414	LiJinGemzhuoke_11	75	绿冥晶石·红利(8级·6级)	琢刻了纯净绿晶石·红利后的绿冥石·红利，可以镶嵌在攻击性装备(武器、护腕、戒指、护符、项链、暗器、武魂、龙纹、令牌、豪侠印)上，使用后不可再镶嵌同类宝石。#r#W可在洛阳（280，322）彭怀玉、楼兰（279，198）克里木、束河古镇（134，85）荆嵌实处进行#G琢刻分离#W。#r#G琢刻后的宝石无法进行合成操作#r#G无法将目标的抗性降低至负值#r#G胜利宝石	300000	2000	-1	-1	-1	-1	-1	-1	-1	-1	-1	-1	-1	-1	-1	-1	-1	230	-1	-1	-1	-1	-1	-1	-1	-1	-1	-1	-1	-1	-1	-1	-1	-1	-1	-1	-1	-1	-1	-1	-1	-1	-1	-1	-1	-1	-1	-1	-1	-1	-1	-1	-1	-1	-1	-1	-1	-1	-1	120	-1	-1	-1	-1	-1	-1	FFFFFFE5	胜利宝石	34	2004	1
50821415	5	8	21	415	LiJinGemzhuoke_11	75	绿冥晶石·红利(8级·7级)	琢刻了纯净绿晶石·红利后的绿冥石·红利，可以镶嵌在攻击性装备(武器、护腕、戒指、护符、项链、暗器、武魂、龙纹、令牌、豪侠印)上，使用后不可再镶嵌同类宝石。#r#W可在洛阳（280，322）彭怀玉、楼兰（279，198）克里木、束河古镇（134，85）荆嵌实处进行#G琢刻分离#W。#r#G琢刻后的宝石无法进行合成操作#r#G无法将目标的抗性降低至负值#r#G胜利宝石	300000	2000	-1	-1	-1	-1	-1	-1	-1	-1	-1	-1	-1	-1	-1	-1	-1	290	-1	-1	-1	-1	-1	-1	-1	-1	-1	-1	-1	-1	-1	-1	-1	-1	-1	-1	-1	-1	-1	-1	-1	-1	-1	-1	-1	-1	-1	-1	-1	-1	-1	-1	-1	-1	-1	-1	-1	-1	-1	120	-1	-1	-1	-1	-1	-1	FFFFFFE5	胜利宝石	34	2004	1
50821416	5	8	21	416	LiJinGemzhuoke_11	75	绿冥晶石·红利(8级·8级)	琢刻了纯净绿晶石·红利后的绿冥石·红利，可以镶嵌在攻击性装备(武器、护腕、戒指、护符、项链、暗器、武魂、龙纹、令牌、豪侠印)上，使用后不可再镶嵌同类宝石。#r#W可在洛阳（280，322）彭怀玉、楼兰（279，198）克里木、束河古镇（134，85）荆嵌实处进行#G琢刻分离#W。#r#G琢刻后的宝石无法进行合成操作#r#G无法将目标的抗性降低至负值#r#G胜利宝石	300000	2000	-1	-1	-1	-1	-1	-1	-1	-1	-1	-1	-1	-1	-1	-1	-1	350	-1	-1	-1	-1	-1	-1	-1	-1	-1	-1	-1	-1	-1	-1	-1	-1	-1	-1	-1	-1	-1	-1	-1	-1	-1	-1	-1	-1	-1	-1	-1	-1	-1	-1	-1	-1	-1	-1	-1	-1	-1	120	-1	-1	-1	-1	-1	-1	FFFFFFE5	胜利宝石	34	2004	1
50901001	5	9	1	1	Gem9_2_4	1	猫眼石(9级)	像猫眼一样的宝石，可以镶嵌在攻击性装备(武器、护腕、戒指、护符、项链、暗器、武魂、龙纹、令牌、豪侠印)上，使用后不可再镶嵌同类宝石。#r#G希望宝石	50000	1000	-1	-1	-1	-1	-1	-1	-1	-1	-1	-1	-1	-1	-1	-1	-1	-1	-1	-1	-1	-1	-1	-1	-1	-1	-1	-1	3315	-1	-1	-1	-1	-1	-1	-1	-1	-1	-1	-1	-1	-1	-1	-1	-1	-1	-1	-1	-1	-1	-1	-1	-1	-1	-1	-1	-1	-1	-1	-1	-1	-1	-1	-1	-1	-1	FFFFFFFF	希望宝石	1	2004	1
50901002	5	9	1	2	Gem9_1_1	1	虎眼石(9级)	像虎眼一样的宝石，可以镶嵌在攻击性装备(武器、护腕、戒指、护符、项链、暗器、武魂、龙纹、令牌、豪侠印)上，使用后不可再镶嵌同类宝石。#r#G希望宝石	50000	1000	-1	-1	-1	-1	-1	-1	-1	-1	-1	-1	-1	-1	-1	-1	-1	-1	-1	-1	-1	3315	-1	-1	-1	-1	-1	-1	-1	-1	-1	-1	-1	-1	-1	-1	-1	-1	-1	-1	-1	-1	-1	-1	-1	-1	-1	-1	-1	-1	-1	-1	-1	-1	-1	-1	-1	-1	-1	-1	-1	-1	-1	-1	-1	-1	FFFFFFFF	希望宝石	2	2004	1
50901003	5	9	1	3	LiJinGem9_2_4	75	猫眼石·红利(9级)	像猫眼一样的宝石，可以镶嵌在攻击性装备(武器、护腕、戒指、护符、项链、暗器、武魂、龙纹、令牌、豪侠印)上，使用后不可再镶嵌同类宝石。#r#G希望宝石	50000	1	-1	-1	-1	-1	-1	-1	-1	-1	-1	-1	-1	-1	-1	-1	-1	-1	-1	-1	-1	-1	-1	-1	-1	-1	-1	-1	3315	-1	-1	-1	-1	-1	-1	-1	-1	-1	-1	-1	-1	-1	-1	-1	-1	-1	-1	-1	-1	-1	-1	-1	-1	-1	-1	-1	-1	-1	-1	-1	-1	-1	-1	-1	-1	-1	FFFFFFFF	希望宝石	1	2004	1
50901004	5	9	1	4	LiJinGem9_1_1	75	虎眼石·红利(9级)	像虎眼一样的宝石，可以镶嵌在攻击性装备(武器、护腕、戒指、护符、项链、暗器、武魂、龙纹、令牌、豪侠印)上，使用后不可再镶嵌同类宝石。#r#G希望宝石	50000	1	-1	-1	-1	-1	-1	-1	-1	-1	-1	-1	-1	-1	-1	-1	-1	-1	-1	-1	-1	3315	-1	-1	-1	-1	-1	-1	-1	-1	-1	-1	-1	-1	-1	-1	-1	-1	-1	-1	-1	-1	-1	-1	-1	-1	-1	-1	-1	-1	-1	-1	-1	-1	-1	-1	-1	-1	-1	-1	-1	-1	-1	-1	-1	-1	FFFFFFFF	希望宝石	2	2004	1
50902001	5	9	2	1	Gem9_1_3	1	黄晶石(9级)	黄色的晶石，可以镶嵌在攻击性装备(武器、护腕、戒指、护符、项链、暗器、武魂、龙纹、令牌、豪侠印)上，使用后不可再镶嵌同类宝石。#r#G智慧宝石#W#r可在#G洛阳（280，322）#R宝石工匠彭怀玉#W或#G楼兰（279，198）#R宝石工匠克里木#W处使用#G9级宝石雕琢符#W提升宝石属性。#r#cff9900本宝石只能雕琢一次。#r#W使用三颗雕琢后的宝石，和一个#G宝石熔炼符#W，能够熔炼成一颗对应的同等级胜利宝石。	150000	1000	-1	-1	-1	-1	-1	-1	-1	-1	-1	-1	-1	-1	50	-1	-1	-1	-1	-1	-1	-1	-1	-1	-1	-1	-1	-1	-1	-1	-1	-1	-1	-1	-1	-1	-1	-1	-1	-1	-1	-1	-1	-1	-1	-1	-1	-1	-1	-1	-1	-1	-1	-1	-1	-1	-1	-1	-1	-1	-1	-1	-1	-1	-1	-1	FFFFFFFF	智慧宝石	3	2004	1
50902002	5	9	2	2	Gem9_1_4	1	蓝晶石(9级)	蓝色的晶石，可以镶嵌在攻击性装备(武器、护腕、戒指、护符、项链、暗器、武魂、龙纹、令牌、豪侠印)上，使用后不可再镶嵌同类宝石。#r#G智慧宝石#W#r可在#G洛阳（280，322）#R宝石工匠彭怀玉#W或#G楼兰（279，198）#R宝石工匠克里木#W处使用#G9级宝石雕琢符#W提升宝石属性。#r#cff9900本宝石只能雕琢一次。#r#W使用三颗雕琢后的宝石，和一个#G宝石熔炼符#W，能够熔炼成一颗对应的同等级胜利宝石。	150000	1000	-1	-1	-1	-1	-1	-1	50	-1	-1	-1	-1	-1	-1	-1	-1	-1	-1	-1	-1	-1	-1	-1	-1	-1	-1	-1	-1	-1	-1	-1	-1	-1	-1	-1	-1	-1	-1	-1	-1	-1	-1	-1	-1	-1	-1	-1	-1	-1	-1	-1	-1	-1	-1	-1	-1	-1	-1	-1	-1	-1	-1	-1	-1	-1	FFFFFFFF	智慧宝石	4	2004	1
50902003	5	9	2	3	Gem9_1_5	1	红晶石(9级)	红色的晶石，可以镶嵌在攻击性装备(武器、护腕、戒指、护符、项链、暗器、武魂、龙纹、令牌、豪侠印)上，使用后不可再镶嵌同类宝石。#r#G智慧宝石#W#r可在#G洛阳（280，322）#R宝石工匠彭怀玉#W或#G楼兰（279，198）#R宝石工匠克里木#W处使用#G9级宝石雕琢符#W提升宝石属性。#r#cff9900本宝石只能雕琢一次。#r#W使用三颗雕琢后的宝石，和一个#G宝石熔炼符#W，能够熔炼成一颗对应的同等级胜利宝石。	150000	1000	-1	-1	-1	-1	-1	-1	-1	-1	-1	50	-1	-1	-1	-1	-1	-1	-1	-1	-1	-1	-1	-1	-1	-1	-1	-1	-1	-1	-1	-1	-1	-1	-1	-1	-1	-1	-1	-1	-1	-1	-1	-1	-1	-1	-1	-1	-1	-1	-1	-1	-1	-1	-1	-1	-1	-1	-1	-1	-1	-1	-1	-1	-1	-1	FFFFFFFF	智慧宝石	5	2004	1
50902004	5	9	2	4	Gem9_1_6	1	绿晶石(9级)	绿色的晶石，可以镶嵌在攻击性装备(武器、护腕、戒指、护符、项链、暗器、武魂、龙纹、令牌、豪侠印)上，使用后不可再镶嵌同类宝石。#r#G智慧宝石#W#r可在#G洛阳（280，322）#R宝石工匠彭怀玉#W或#G楼兰（279，198）#R宝石工匠克里木#W处使用#G9级宝石雕琢符#W提升宝石属性。#r#cff9900本宝石只能雕琢一次。#r#W使用三颗雕琢后的宝石，和一个#G宝石熔炼符#W，能够熔炼成一颗对应的同等级胜利宝石。	150000	1000	-1	-1	-1	-1	-1	-1	-1	-1	-1	-1	-1	-1	-1	-1	-1	50	-1	-1	-1	-1	-1	-1	-1	-1	-1	-1	-1	-1	-1	-1	-1	-1	-1	-1	-1	-1	-1	-1	-1	-1	-1	-1	-1	-1	-1	-1	-1	-1	-1	-1	-1	-1	-1	-1	-1	-1	-1	-1	-1	-1	-1	-1	-1	-1	FFFFFFFF	智慧宝石	6	2004	1
50902005	5	9	2	5	Gem9_2_5	1	纯净黄晶石(9级)	纯净的黄晶石，可以镶嵌在攻击性装备(武器、护腕、戒指、护符、项链、暗器、武魂、龙纹、令牌、豪侠印)上，使用后不可再镶嵌同类宝石。#r可在洛阳（280，322）彭怀玉、楼兰（279，198）克里木、束河古镇（134，85）荆嵌实处，将三颗此种宝石琢刻至9级及以上等级的黄冥石之上。琢刻后的黄冥晶石将可同时拥有忽略目标玄抗及玄攻击效果。#r#G智慧宝石#r#cff9900雕琢过的宝石不能再雕琢。#r#W使用三颗此种宝石，和一个#G宝石熔炼符#W，能够熔炼成一颗对应的同等级胜利宝石。#r在#G帮会城市#W做#G炼金任务#W时，会有一定几率获得#G宝石熔炼符#W。	300000	2000	-1	-1	-1	-1	-1	-1	-1	-1	-1	-1	-1	-1	350	-1	-1	-1	-1	-1	-1	-1	-1	-1	-1	-1	-1	-1	-1	-1	-1	-1	-1	-1	-1	-1	-1	-1	-1	-1	-1	-1	-1	-1	-1	-1	-1	-1	-1	-1	-1	-1	-1	-1	-1	-1	-1	-1	-1	-1	-1	-1	-1	-1	-1	-1	FFFFFFFF	智慧宝石	14	2004	1
50902006	5	9	2	6	Gem9_2_9	1	纯净蓝晶石(9级)	纯净的蓝晶石，可以镶嵌在攻击性装备(武器、护腕、戒指、护符、项链、暗器、武魂、龙纹、令牌、豪侠印)上，使用后不可再镶嵌同类宝石。#r可在洛阳（280，322）彭怀玉、楼兰（279，198）克里木、束河古镇（134，85）荆嵌实处，将三颗此种宝石琢刻至9级及以上等级的蓝冥石之上。琢刻后的蓝冥晶石将可同时拥有忽略目标冰抗及冰攻击效果。#r#G智慧宝石#r#cff9900雕琢过的宝石不能再雕琢。#r#W使用三颗此种宝石，和一个#G宝石熔炼符#W，能够熔炼成一颗对应的同等级胜利宝石。#r在#G帮会城市#W做#G炼金任务#W时，会有一定几率获得#G宝石熔炼符#W。	300000	2000	-1	-1	-1	-1	-1	-1	350	-1	-1	-1	-1	-1	-1	-1	-1	-1	-1	-1	-1	-1	-1	-1	-1	-1	-1	-1	-1	-1	-1	-1	-1	-1	-1	-1	-1	-1	-1	-1	-1	-1	-1	-1	-1	-1	-1	-1	-1	-1	-1	-1	-1	-1	-1	-1	-1	-1	-1	-1	-1	-1	-1	-1	-1	-1	FFFFFFFF	智慧宝石	15	2004	1
50902007	5	9	2	7	Gem9_2_13	1	纯净红晶石(9级)	纯净的红晶石，可以镶嵌在攻击性装备(武器、护腕、戒指、护符、项链、暗器、武魂、龙纹、令牌、豪侠印)上，使用后不可再镶嵌同类宝石。#r可在洛阳（280，322）彭怀玉、楼兰（279，198）克里木、束河古镇（134，85）荆嵌实处，将三颗此种宝石琢刻至9级及以上等级的红冥石之上。琢刻后的红冥晶石将可同时拥有忽略目标火抗及火攻击效果。#r#G智慧宝石#r#cff9900雕琢过的宝石不能再雕琢。#r#W使用三颗此种宝石，和一个#G宝石熔炼符#W，能够熔炼成一颗对应的同等级胜利宝石。#r在#G帮会城市#W做#G炼金任务#W时，会有一定几率获得#G宝石熔炼符#W。	300000	2000	-1	-1	-1	-1	-1	-1	-1	-1	-1	350	-1	-1	-1	-1	-1	-1	-1	-1	-1	-1	-1	-1	-1	-1	-1	-1	-1	-1	-1	-1	-1	-1	-1	-1	-1	-1	-1	-1	-1	-1	-1	-1	-1	-1	-1	-1	-1	-1	-1	-1	-1	-1	-1	-1	-1	-1	-1	-1	-1	-1	-1	-1	-1	-1	FFFFFFFF	智慧宝石	16	2004	1
50902008	5	9	2	8	Gem9_2_6	1	纯净绿晶石(9级)	纯净的绿晶石，可以镶嵌在攻击性装备(武器、护腕、戒指、护符、项链、暗器、武魂、龙纹、令牌、豪侠印)上，使用后不可再镶嵌同类宝石。#r可在洛阳（280，322）彭怀玉、楼兰（279，198）克里木、束河古镇（134，85）荆嵌实处，将三颗此种宝石琢刻至9级及以上等级的绿冥石之上。琢刻后的绿冥晶石将可同时拥有忽略目标毒抗及毒攻击效果。#r#G智慧宝石#r#cff9900雕琢过的宝石不能再雕琢。#r#W使用三颗此种宝石，和一个#G宝石熔炼符#W，能够熔炼成一颗对应的同等级胜利宝石。#r在#G帮会城市#W做#G炼金任务#W时，会有一定几率获得#G宝石熔炼符#W。	300000	2000	-1	-1	-1	-1	-1	-1	-1	-1	-1	-1	-1	-1	-1	-1	-1	350	-1	-1	-1	-1	-1	-1	-1	-1	-1	-1	-1	-1	-1	-1	-1	-1	-1	-1	-1	-1	-1	-1	-1	-1	-1	-1	-1	-1	-1	-1	-1	-1	-1	-1	-1	-1	-1	-1	-1	-1	-1	-1	-1	-1	-1	-1	-1	-1	FFFFFFFF	智慧宝石	17	2004	1
50902009	5	9	2	9	LiJinGem9_1_3	75	黄晶石·红利(9级)	黄色的晶石，可以镶嵌在攻击性装备(武器、护腕、戒指、护符、项链、暗器、武魂、龙纹、令牌、豪侠印)上，使用后不可再镶嵌同类宝石。#r#G智慧宝石#W#r可在#G洛阳（280，322）#R宝石工匠彭怀玉#W或#G楼兰（279，198）#R宝石工匠克里木#W处使用#G9级宝石雕琢符#W提升宝石属性。#r#cff9900本宝石只能雕琢一次。#r#W使用三颗雕琢后的宝石，和一个#G宝石熔炼符#W，能够熔炼成一颗对应的同等级胜利宝石。	150000	1	-1	-1	-1	-1	-1	-1	-1	-1	-1	-1	-1	-1	50	-1	-1	-1	-1	-1	-1	-1	-1	-1	-1	-1	-1	-1	-1	-1	-1	-1	-1	-1	-1	-1	-1	-1	-1	-1	-1	-1	-1	-1	-1	-1	-1	-1	-1	-1	-1	-1	-1	-1	-1	-1	-1	-1	-1	-1	-1	-1	-1	-1	-1	-1	FFFFFFFF	智慧宝石	3	2004	1
50902010	5	9	2	10	LiJinGem9_1_4	75	蓝晶石·红利(9级)	蓝色的晶石，可以镶嵌在攻击性装备(武器、护腕、戒指、护符、项链、暗器、武魂、龙纹、令牌、豪侠印)上，使用后不可再镶嵌同类宝石。#r#G智慧宝石#W#r可在#G洛阳（280，322）#R宝石工匠彭怀玉#W或#G楼兰（279，198）#R宝石工匠克里木#W处使用#G9级宝石雕琢符#W提升宝石属性。#r#cff9900本宝石只能雕琢一次。#r#W使用三颗雕琢后的宝石，和一个#G宝石熔炼符#W，能够熔炼成一颗对应的同等级胜利宝石。	150000	1	-1	-1	-1	-1	-1	-1	50	-1	-1	-1	-1	-1	-1	-1	-1	-1	-1	-1	-1	-1	-1	-1	-1	-1	-1	-1	-1	-1	-1	-1	-1	-1	-1	-1	-1	-1	-1	-1	-1	-1	-1	-1	-1	-1	-1	-1	-1	-1	-1	-1	-1	-1	-1	-1	-1	-1	-1	-1	-1	-1	-1	-1	-1	-1	FFFFFFFF	智慧宝石	4	2004	1
50902011	5	9	2	11	LiJinGem9_1_5	75	红晶石·红利(9级)	红色的晶石，可以镶嵌在攻击性装备(武器、护腕、戒指、护符、项链、暗器、武魂、龙纹、令牌、豪侠印)上，使用后不可再镶嵌同类宝石。#r#G智慧宝石#W#r可在#G洛阳（280，322）#R宝石工匠彭怀玉#W或#G楼兰（279，198）#R宝石工匠克里木#W处使用#G9级宝石雕琢符#W提升宝石属性。#r#cff9900本宝石只能雕琢一次。#r#W使用三颗雕琢后的宝石，和一个#G宝石熔炼符#W，能够熔炼成一颗对应的同等级胜利宝石。	150000	1	-1	-1	-1	-1	-1	-1	-1	-1	-1	50	-1	-1	-1	-1	-1	-1	-1	-1	-1	-1	-1	-1	-1	-1	-1	-1	-1	-1	-1	-1	-1	-1	-1	-1	-1	-1	-1	-1	-1	-1	-1	-1	-1	-1	-1	-1	-1	-1	-1	-1	-1	-1	-1	-1	-1	-1	-1	-1	-1	-1	-1	-1	-1	-1	FFFFFFFF	智慧宝石	5	2004	1
50902012	5	9	2	12	LiJinGem9_1_6	75	绿晶石·红利(9级)	绿色的晶石，可以镶嵌在攻击性装备(武器、护腕、戒指、护符、项链、暗器、武魂、龙纹、令牌、豪侠印)上，使用后不可再镶嵌同类宝石。#r#G智慧宝石#W#r可在#G洛阳（280，322）#R宝石工匠彭怀玉#W或#G楼兰（279，198）#R宝石工匠克里木#W处使用#G9级宝石雕琢符#W提升宝石属性。#r#cff9900本宝石只能雕琢一次。#r#W使用三颗雕琢后的宝石，和一个#G宝石熔炼符#W，能够熔炼成一颗对应的同等级胜利宝石。	150000	1	-1	-1	-1	-1	-1	-1	-1	-1	-1	-1	-1	-1	-1	-1	-1	50	-1	-1	-1	-1	-1	-1	-1	-1	-1	-1	-1	-1	-1	-1	-1	-1	-1	-1	-1	-1	-1	-1	-1	-1	-1	-1	-1	-1	-1	-1	-1	-1	-1	-1	-1	-1	-1	-1	-1	-1	-1	-1	-1	-1	-1	-1	-1	-1	FFFFFFFF	智慧宝石	6	2004	1
50902013	5	9	2	13	LiJinGem9_2_5	75	纯净黄晶石·红利(9级)	纯净的黄晶石，可以镶嵌在攻击性装备(武器、护腕、戒指、护符、项链、暗器、武魂、龙纹、令牌、豪侠印)上，使用后不可再镶嵌同类宝石。#r可在洛阳（280，322）彭怀玉、楼兰（279，198）克里木、束河古镇（134，85）荆嵌实处，将三颗此种宝石琢刻至9级及以上等级的黄冥石·红利之上。琢刻后的黄冥晶石·红利将可同时拥有忽略目标玄抗及玄攻击效果。#r#G智慧宝石#r#cff9900雕琢过的宝石不能再雕琢。#r#W使用三颗此种宝石，和一个#G宝石熔炼符#W，能够熔炼成一颗对应的同等级胜利宝石。#r在#G帮会城市#W做#G炼金任务#W时，会有一定几率获得#G宝石熔炼符#W。	300000	1	-1	-1	-1	-1	-1	-1	-1	-1	-1	-1	-1	-1	350	-1	-1	-1	-1	-1	-1	-1	-1	-1	-1	-1	-1	-1	-1	-1	-1	-1	-1	-1	-1	-1	-1	-1	-1	-1	-1	-1	-1	-1	-1	-1	-1	-1	-1	-1	-1	-1	-1	-1	-1	-1	-1	-1	-1	-1	-1	-1	-1	-1	-1	-1	FFFFFFFF	智慧宝石	14	2004	1
50902014	5	9	2	14	LiJinGem9_2_9	75	纯净蓝晶石·红利(9级)	纯净的蓝晶石，可以镶嵌在攻击性装备(武器、护腕、戒指、护符、项链、暗器、武魂、龙纹、令牌、豪侠印)上，使用后不可再镶嵌同类宝石。#r可在洛阳（280，322）彭怀玉、楼兰（279，198）克里木、束河古镇（134，85）荆嵌实处，将三颗此种宝石琢刻至9级及以上等级的蓝冥石·红利之上。琢刻后的蓝冥晶石·红利将可同时拥有忽略目标冰抗及冰攻击效果。#r#G智慧宝石#r#cff9900雕琢过的宝石不能再雕琢。#r#W使用三颗此种宝石，和一个#G宝石熔炼符#W，能够熔炼成一颗对应的同等级胜利宝石。#r在#G帮会城市#W做#G炼金任务#W时，会有一定几率获得#G宝石熔炼符#W。	300000	1	-1	-1	-1	-1	-1	-1	350	-1	-1	-1	-1	-1	-1	-1	-1	-1	-1	-1	-1	-1	-1	-1	-1	-1	-1	-1	-1	-1	-1	-1	-1	-1	-1	-1	-1	-1	-1	-1	-1	-1	-1	-1	-1	-1	-1	-1	-1	-1	-1	-1	-1	-1	-1	-1	-1	-1	-1	-1	-1	-1	-1	-1	-1	-1	FFFFFFFF	智慧宝石	15	2004	1
50902015	5	9	2	15	LiJinGem9_2_13	75	纯净红晶石·红利(9级)	纯净的红晶石，可以镶嵌在攻击性装备(武器、护腕、戒指、护符、项链、暗器、武魂、龙纹、令牌、豪侠印)上，使用后不可再镶嵌同类宝石。#r可在洛阳（280，322）彭怀玉、楼兰（279，198）克里木、束河古镇（134，85）荆嵌实处，将三颗此种宝石琢刻至9级及以上等级的红冥石·红利之上。琢刻后的红冥晶石·红利将可同时拥有忽略目标火抗及火攻击效果。#r#G智慧宝石#r#cff9900雕琢过的宝石不能再雕琢。#r#W使用三颗此种宝石，和一个#G宝石熔炼符#W，能够熔炼成一颗对应的同等级胜利宝石。#r在#G帮会城市#W做#G炼金任务#W时，会有一定几率获得#G宝石熔炼符#W。	300000	1	-1	-1	-1	-1	-1	-1	-1	-1	-1	350	-1	-1	-1	-1	-1	-1	-1	-1	-1	-1	-1	-1	-1	-1	-1	-1	-1	-1	-1	-1	-1	-1	-1	-1	-1	-1	-1	-1	-1	-1	-1	-1	-1	-1	-1	-1	-1	-1	-1	-1	-1	-1	-1	-1	-1	-1	-1	-1	-1	-1	-1	-1	-1	-1	FFFFFFFF	智慧宝石	16	2004	1
50902016	5	9	2	16	LiJinGem9_2_6	75	纯净绿晶石·红利(9级)	纯净的绿晶石，可以镶嵌在攻击性装备(武器、护腕、戒指、护符、项链、暗器、武魂、龙纹、令牌、豪侠印)上，使用后不可再镶嵌同类宝石。#r可在洛阳（280，322）彭怀玉、楼兰（279，198）克里木、束河古镇（134，85）荆嵌实处，将三颗此种宝石琢刻至9级及以上等级的绿冥石·红利之上。琢刻后的绿冥晶石·红利将可同时拥有忽略目标毒抗及毒攻击效果。#r#G智慧宝石#r#cff9900雕琢过的宝石不能再雕琢。#r#W使用三颗此种宝石，和一个#G宝石熔炼符#W，能够熔炼成一颗对应的同等级胜利宝石。#r在#G帮会城市#W做#G炼金任务#W时，会有一定几率获得#G宝石熔炼符#W。	300000	1	-1	-1	-1	-1	-1	-1	-1	-1	-1	-1	-1	-1	-1	-1	-1	350	-1	-1	-1	-1	-1	-1	-1	-1	-1	-1	-1	-1	-1	-1	-1	-1	-1	-1	-1	-1	-1	-1	-1	-1	-1	-1	-1	-1	-1	-1	-1	-1	-1	-1	-1	-1	-1	-1	-1	-1	-1	-1	-1	-1	-1	-1	-1	-1	FFFFFFFF	智慧宝石	17	2004	1
50903001	5	9	3	1	Gem9_1_2	1	紫玉(9级)	紫色玉石，可以镶嵌在攻击性装备(武器、护腕、戒指、护符、项链、暗器、武魂、龙纹、令牌、豪侠印)上，使用后不可再镶嵌同类宝石。#r#G玄微宝石	100000	1000	-1	-1	-1	-1	-1	-1	-1	-1	-1	-1	-1	-1	-1	-1	-1	-1	-1	-1	-1	-1	-1	-1	-1	-1	-1	-1	-1	-1	-1	-1	-1	-1	-1	-1	-1	3690	-1	-1	-1	-1	-1	-1	-1	-1	-1	-1	-1	-1	-1	-1	-1	-1	-1	-1	-1	-1	-1	-1	-1	-1	-1	-1	-1	-1	FFFFFFFF	玄微宝石	7	2004	1
50903002	5	9	3	2	LiJinGem9_1_2	75	紫玉·红利(9级)	紫色玉石，可以镶嵌在攻击性装备(武器、护腕、戒指、护符、项链、暗器、武魂、龙纹、令牌、豪侠印)上，使用后不可再镶嵌同类宝石。#r#G玄微宝石	100000	1	-1	-1	-1	-1	-1	-1	-1	-1	-1	-1	-1	-1	-1	-1	-1	-1	-1	-1	-1	-1	-1	-1	-1	-1	-1	-1	-1	-1	-1	-1	-1	-1	-1	-1	-1	3690	-1	-1	-1	-1	-1	-1	-1	-1	-1	-1	-1	-1	-1	-1	-1	-1	-1	-1	-1	-1	-1	-1	-1	-1	-1	-1	-1	-1	FFFFFFFF	玄微宝石	7	2004	1
50904002	5	9	4	2	Gem9_1_8	1	变石(9级)	在阳光下呈绿色，在烛光下呈红色，可变色的宝石，可以镶嵌在攻击性装备(武器、护腕、戒指、护符、项链、暗器、武魂、龙纹、令牌、豪侠印)上，使用后不可再镶嵌同类宝石。#r#G幻冥宝石	250000	1000	-1	-1	-1	-1	-1	-1	-1	-1	-1	-1	-1	-1	-1	-1	-1	-1	-1	-1	-1	-1	-1	-1	-1	-1	-1	-1	-1	-1	-1	-1	-1	-1	-1	-1	-1	-1	-1	27	-1	-1	-1	-1	-1	-1	-1	-1	-1	-1	-1	-1	-1	-1	-1	-1	-1	-1	-1	-1	-1	-1	-1	-1	-1	-1	FFFFFFFF	幻冥宝石	8	2004	1
50904003	5	9	4	3	LiJinGem9_1_8	75	变石·红利(9级)	在阳光下呈绿色，在烛光下呈红色，可变色的宝石，可以镶嵌在攻击性装备(武器、护腕、戒指、护符、项链、暗器、武魂、龙纹、令牌、豪侠印)上，使用后不可再镶嵌同类宝石。#r#G幻冥宝石	250000	1	-1	-1	-1	-1	-1	-1	-1	-1	-1	-1	-1	-1	-1	-1	-1	-1	-1	-1	-1	-1	-1	-1	-1	-1	-1	-1	-1	-1	-1	-1	-1	-1	-1	-1	-1	-1	-1	27	-1	-1	-1	-1	-1	-1	-1	-1	-1	-1	-1	-1	-1	-1	-1	-1	-1	-1	-1	-1	-1	-1	-1	-1	-1	-1	FFFFFFFF	幻冥宝石	8	2004	1
50911001	5	9	11	1	Gem9_1_9	1	石榴石(9级)	因其外形酷似成熟的石榴籽而得名的宝石，可以镶嵌在防御性装备(衣服、手套、帽子、护肩、鞋、腰带、项链、暗器、武魂、龙纹、令牌、豪侠印)上，使用后不可再镶嵌同类宝石。#r#G生命宝石	50000	1000	-1	-1	-1	-1	-1	-1	-1	-1	-1	-1	-1	-1	-1	-1	-1	-1	-1	-1	-1	-1	-1	-1	-1	-1	-1	-1	-1	-1	-1	3300	-1	-1	-1	-1	-1	-1	-1	-1	-1	-1	-1	-1	-1	-1	-1	-1	-1	-1	-1	-1	-1	-1	-1	-1	-1	-1	-1	-1	-1	-1	-1	-1	-1	-1	FFFFFF66	生命宝石	7	2004	1
50911002	5	9	11	2	Gem9_1_12	1	尖晶石(9级)	颜色繁多且艳丽的宝石，可以镶嵌在防御性装备(衣服、手套、帽子、护肩、鞋、腰带、项链、暗器、武魂、龙纹、令牌、豪侠印)上，使用后不可再镶嵌同类宝石。#r#G生命宝石	50000	1000	-1	-1	-1	-1	-1	-1	-1	-1	-1	-1	-1	-1	-1	-1	-1	-1	-1	-1	-1	-1	-1	-1	3300	-1	-1	-1	-1	-1	-1	-1	-1	-1	-1	-1	-1	-1	-1	-1	-1	-1	-1	-1	-1	-1	-1	-1	-1	-1	-1	-1	-1	-1	-1	-1	-1	-1	-1	-1	-1	-1	-1	-1	-1	-1	FFFFFF66	生命宝石	11	2004	1
50911003	5	9	11	3	LiJinGem9_1_9	75	石榴石·红利(9级)	因其外形酷似成熟的石榴籽而得名的宝石，可以镶嵌在防御性装备(衣服、手套、帽子、护肩、鞋、腰带、项链、暗器、武魂、龙纹、令牌、豪侠印)上，使用后不可再镶嵌同类宝石。#r#G生命宝石	50000	1	-1	-1	-1	-1	-1	-1	-1	-1	-1	-1	-1	-1	-1	-1	-1	-1	-1	-1	-1	-1	-1	-1	-1	-1	-1	-1	-1	-1	-1	3300	-1	-1	-1	-1	-1	-1	-1	-1	-1	-1	-1	-1	-1	-1	-1	-1	-1	-1	-1	-1	-1	-1	-1	-1	-1	-1	-1	-1	-1	-1	-1	-1	-1	-1	FFFFFF66	生命宝石	7	2004	1
50911004	5	9	11	4	LiJinGem9_1_12	75	尖晶石·红利(9级)	颜色繁多且艳丽的宝石，可以镶嵌在防御性装备(衣服、手套、帽子、护肩、鞋、腰带、项链、暗器、武魂、龙纹、令牌、豪侠印)上，使用后不可再镶嵌同类宝石。#r#G生命宝石	50000	1	-1	-1	-1	-1	-1	-1	-1	-1	-1	-1	-1	-1	-1	-1	-1	-1	-1	-1	-1	-1	-1	-1	3300	-1	-1	-1	-1	-1	-1	-1	-1	-1	-1	-1	-1	-1	-1	-1	-1	-1	-1	-1	-1	-1	-1	-1	-1	-1	-1	-1	-1	-1	-1	-1	-1	-1	-1	-1	-1	-1	-1	-1	-1	-1	FFFFFF66	生命宝石	11	2004	1
50912001	5	9	12	1	Gem9_1_11	1	黄玉(9级)	黄色的玉石，可以镶嵌在防御性装备(衣服、手套、帽子、护肩、鞋、腰带、项链、暗器、武魂、龙纹、令牌、豪侠印)上，使用后不可再镶嵌同类宝石。#r#G魅力宝石#W#r可在#G洛阳（280，322）#R宝石工匠彭怀玉#W或#G楼兰（279，198）#R宝石工匠克里木#W处使用#G9级宝石雕琢符#W提升宝石属性。#r#cff9900本宝石只能雕琢一次。	150000	1000	-1	-1	-1	-1	-1	-1	-1	-1	-1	-1	-1	-1	-1	20	-1	-1	-1	-1	-1	-1	-1	-1	-1	-1	-1	-1	-1	-1	-1	-1	-1	-1	-1	-1	-1	-1	-1	-1	-1	-1	-1	-1	-1	-1	-1	-1	-1	-1	-1	-1	-1	-1	-1	-1	-1	-1	-1	-1	-1	-1	-1	-1	-1	-1	FFFFFF66	魅力宝石	12	2004	1
50912002	5	9	12	2	Gem9_1_10	1	皓石(9级)	闪闪发亮的宝石，可以镶嵌在防御性装备(衣服、手套、帽子、护肩、鞋、腰带、项链、暗器、武魂、龙纹、令牌、豪侠印)上，使用后不可再镶嵌同类宝石。#r#G魅力宝石#W#r可在#G洛阳（280，322）#R宝石工匠彭怀玉#W或#G楼兰（279，198）#R宝石工匠克里木#W处使用#G9级宝石雕琢符#W提升宝石属性。#r#cff9900本宝石只能雕琢一次。	150000	1000	-1	-1	-1	-1	-1	-1	-1	20	-1	-1	-1	-1	-1	-1	-1	-1	-1	-1	-1	-1	-1	-1	-1	-1	-1	-1	-1	-1	-1	-1	-1	-1	-1	-1	-1	-1	-1	-1	-1	-1	-1	-1	-1	-1	-1	-1	-1	-1	-1	-1	-1	-1	-1	-1	-1	-1	-1	-1	-1	-1	-1	-1	-1	-1	FFFFFF66	魅力宝石	2	2004	1
50912003	5	9	12	3	Gem9_1_13	1	月光石(9级)	具淡蓝色的晕彩，如同朦胧的月光的宝石，可以镶嵌在防御性装备(衣服、手套、帽子、护肩、鞋、腰带、项链、暗器、武魂、龙纹、令牌、豪侠印)上，使用后不可再镶嵌同类宝石。#r#G魅力宝石#W#r可在#G洛阳（280，322）#R宝石工匠彭怀玉#W或#G楼兰（279，198）#R宝石工匠克里木#W处使用#G9级宝石雕琢符#W提升宝石属性。#r#cff9900本宝石只能雕琢一次。	150000	1000	-1	-1	-1	-1	-1	-1	-1	-1	-1	-1	20	-1	-1	-1	-1	-1	-1	-1	-1	-1	-1	-1	-1	-1	-1	-1	-1	-1	-1	-1	-1	-1	-1	-1	-1	-1	-1	-1	-1	-1	-1	-1	-1	-1	-1	-1	-1	-1	-1	-1	-1	-1	-1	-1	-1	-1	-1	-1	-1	-1	-1	-1	-1	-1	FFFFFF66	魅力宝石	4	2004	1
50912004	5	9	12	4	Gem9_2_1	1	碧玺(9级)	颜色繁多且艳丽的宝石，可以镶嵌在防御性装备(衣服、手套、帽子、护肩、鞋、腰带、项链、暗器、武魂、龙纹、令牌、豪侠印)上，使用后不可再镶嵌同类宝石。#r#G魅力宝石#W#r可在#G洛阳（280，322）#R宝石工匠彭怀玉#W或#G楼兰（279，198）#R宝石工匠克里木#W处使用#G9级宝石雕琢符#W提升宝石属性。#r#cff9900本宝石只能雕琢一次。	150000	1000	-1	-1	-1	-1	-1	-1	-1	-1	-1	-1	-1	-1	-1	-1	-1	-1	20	-1	-1	-1	-1	-1	-1	-1	-1	-1	-1	-1	-1	-1	-1	-1	-1	-1	-1	-1	-1	-1	-1	-1	-1	-1	-1	-1	-1	-1	-1	-1	-1	-1	-1	-1	-1	-1	-1	-1	-1	-1	-1	-1	-1	-1	-1	-1	FFFFFF66	魅力宝石	3	2004	1
50912005	5	9	12	5	Gem9_2_10	1	纯净黄玉(9级)	纯净的黄玉，可以镶嵌在防御性装备(衣服、手套、帽子、护肩、鞋、腰带、项链、暗器、武魂、龙纹、令牌、豪侠印)上，使用后不可再镶嵌同类宝石。#r#G魅力宝石#r#cff9900雕琢过的宝石不能再雕琢。	300000	2000	-1	-1	-1	-1	-1	-1	-1	-1	-1	-1	-1	-1	-1	150	-1	-1	-1	-1	-1	-1	-1	-1	-1	-1	-1	-1	-1	-1	-1	-1	-1	-1	-1	-1	-1	-1	-1	-1	-1	-1	-1	-1	-1	-1	-1	-1	-1	-1	-1	-1	-1	-1	-1	-1	-1	-1	-1	-1	-1	-1	-1	-1	-1	-1	FFFFFFFF	魅力宝石	16	2004	1
50912006	5	9	12	6	Gem9_2_14	1	纯净皓石(9级)	纯净的皓石，可以镶嵌在防御性装备(衣服、手套、帽子、护肩、鞋、腰带、项链、暗器、武魂、龙纹、令牌、豪侠印)上，使用后不可再镶嵌同类宝石。#r#G魅力宝石#r#cff9900雕琢过的宝石不能再雕琢。	300000	2000	-1	-1	-1	-1	-1	-1	-1	150	-1	-1	-1	-1	-1	-1	-1	-1	-1	-1	-1	-1	-1	-1	-1	-1	-1	-1	-1	-1	-1	-1	-1	-1	-1	-1	-1	-1	-1	-1	-1	-1	-1	-1	-1	-1	-1	-1	-1	-1	-1	-1	-1	-1	-1	-1	-1	-1	-1	-1	-1	-1	-1	-1	-1	-1	FFFFFFFF	魅力宝石	17	2004	1
50912007	5	9	12	7	Gem9_2_11	1	纯净月光石(9级)	纯净的月光石，可以镶嵌在防御性装备(衣服、手套、帽子、护肩、鞋、腰带、项链、暗器、武魂、龙纹、令牌、豪侠印)上，使用后不可再镶嵌同类宝石。#r#G魅力宝石#r#cff9900雕琢过的宝石不能再雕琢。	300000	2000	-1	-1	-1	-1	-1	-1	-1	-1	-1	-1	150	-1	-1	-1	-1	-1	-1	-1	-1	-1	-1	-1	-1	-1	-1	-1	-1	-1	-1	-1	-1	-1	-1	-1	-1	-1	-1	-1	-1	-1	-1	-1	-1	-1	-1	-1	-1	-1	-1	-1	-1	-1	-1	-1	-1	-1	-1	-1	-1	-1	-1	-1	-1	-1	FFFFFFFF	魅力宝石	15	2004	1
50912008	5	9	12	8	Gem9_2_15	1	纯净碧玺(9级)	纯净的碧玺，可以镶嵌在防御性装备(衣服、手套、帽子、护肩、鞋、腰带、项链、暗器、武魂、龙纹、令牌、豪侠印)上，使用后不可再镶嵌同类宝石。#r#G魅力宝石#r#cff9900雕琢过的宝石不能再雕琢。	300000	2000	-1	-1	-1	-1	-1	-1	-1	-1	-1	-1	-1	-1	-1	-1	-1	-1	150	-1	-1	-1	-1	-1	-1	-1	-1	-1	-1	-1	-1	-1	-1	-1	-1	-1	-1	-1	-1	-1	-1	-1	-1	-1	-1	-1	-1	-1	-1	-1	-1	-1	-1	-1	-1	-1	-1	-1	-1	-1	-1	-1	-1	-1	-1	-1	FFFFFFFF	魅力宝石	14	2004	1
50912009	5	9	12	9	LiJinGem9_1_11	75	黄玉·红利(9级)	黄色的玉石，可以镶嵌在防御性装备(衣服、手套、帽子、护肩、鞋、腰带、项链、暗器、武魂、龙纹、令牌、豪侠印)上，使用后不可再镶嵌同类宝石。#r#G魅力宝石#W#r可在#G洛阳（280，322）#R宝石工匠彭怀玉#W或#G楼兰（279，198）#R宝石工匠克里木#W处使用#G9级宝石雕琢符#W提升宝石属性。#r#cff9900本宝石只能雕琢一次。	150000	1	-1	-1	-1	-1	-1	-1	-1	-1	-1	-1	-1	-1	-1	20	-1	-1	-1	-1	-1	-1	-1	-1	-1	-1	-1	-1	-1	-1	-1	-1	-1	-1	-1	-1	-1	-1	-1	-1	-1	-1	-1	-1	-1	-1	-1	-1	-1	-1	-1	-1	-1	-1	-1	-1	-1	-1	-1	-1	-1	-1	-1	-1	-1	-1	FFFFFF66	魅力宝石	12	2004	1
50912010	5	9	12	10	LiJinGem9_1_10	75	皓石·红利(9级)	闪闪发亮的宝石，可以镶嵌在防御性装备(衣服、手套、帽子、护肩、鞋、腰带、项链、暗器、武魂、龙纹、令牌、豪侠印)上，使用后不可再镶嵌同类宝石。#r#G魅力宝石#W#r可在#G洛阳（280，322）#R宝石工匠彭怀玉#W或#G楼兰（279，198）#R宝石工匠克里木#W处使用#G9级宝石雕琢符#W提升宝石属性。#r#cff9900本宝石只能雕琢一次。	150000	1	-1	-1	-1	-1	-1	-1	-1	20	-1	-1	-1	-1	-1	-1	-1	-1	-1	-1	-1	-1	-1	-1	-1	-1	-1	-1	-1	-1	-1	-1	-1	-1	-1	-1	-1	-1	-1	-1	-1	-1	-1	-1	-1	-1	-1	-1	-1	-1	-1	-1	-1	-1	-1	-1	-1	-1	-1	-1	-1	-1	-1	-1	-1	-1	FFFFFF66	魅力宝石	2	2004	1
50912011	5	9	12	11	LiJinGem9_1_13	75	月光石·红利(9级)	具淡蓝色的晕彩，如同朦胧的月光的宝石，可以镶嵌在防御性装备(衣服、手套、帽子、护肩、鞋、腰带、项链、暗器、武魂、龙纹、令牌、豪侠印)上，使用后不可再镶嵌同类宝石。#r#G魅力宝石#W#r可在#G洛阳（280，322）#R宝石工匠彭怀玉#W或#G楼兰（279，198）#R宝石工匠克里木#W处使用#G9级宝石雕琢符#W提升宝石属性。#r#cff9900本宝石只能雕琢一次。	150000	1	-1	-1	-1	-1	-1	-1	-1	-1	-1	-1	20	-1	-1	-1	-1	-1	-1	-1	-1	-1	-1	-1	-1	-1	-1	-1	-1	-1	-1	-1	-1	-1	-1	-1	-1	-1	-1	-1	-1	-1	-1	-1	-1	-1	-1	-1	-1	-1	-1	-1	-1	-1	-1	-1	-1	-1	-1	-1	-1	-1	-1	-1	-1	-1	FFFFFF66	魅力宝石	4	2004	1
50912012	5	9	12	12	LiJinGem9_2_1	75	碧玺·红利(9级)	颜色繁多且艳丽的宝石，可以镶嵌在防御性装备(衣服、手套、帽子、护肩、鞋、腰带、项链、暗器、武魂、龙纹、令牌、豪侠印)上，使用后不可再镶嵌同类宝石。#r#G魅力宝石#W#r可在#G洛阳（280，322）#R宝石工匠彭怀玉#W或#G楼兰（279，198）#R宝石工匠克里木#W处使用#G9级宝石雕琢符#W提升宝石属性。#r#cff9900本宝石只能雕琢一次。	150000	1	-1	-1	-1	-1	-1	-1	-1	-1	-1	-1	-1	-1	-1	-1	-1	-1	20	-1	-1	-1	-1	-1	-1	-1	-1	-1	-1	-1	-1	-1	-1	-1	-1	-1	-1	-1	-1	-1	-1	-1	-1	-1	-1	-1	-1	-1	-1	-1	-1	-1	-1	-1	-1	-1	-1	-1	-1	-1	-1	-1	-1	-1	-1	-1	FFFFFF66	魅力宝石	3	2004	1
50912013	5	9	12	13	LiJinGem9_2_10	75	纯净黄玉·红利(9级)	纯净的黄玉，可以镶嵌在防御性装备(衣服、手套、帽子、护肩、鞋、腰带、项链、暗器、武魂、龙纹、令牌、豪侠印)上，使用后不可再镶嵌同类宝石。#r#G魅力宝石#r#cff9900雕琢过的宝石不能再雕琢。	300000	1	-1	-1	-1	-1	-1	-1	-1	-1	-1	-1	-1	-1	-1	150	-1	-1	-1	-1	-1	-1	-1	-1	-1	-1	-1	-1	-1	-1	-1	-1	-1	-1	-1	-1	-1	-1	-1	-1	-1	-1	-1	-1	-1	-1	-1	-1	-1	-1	-1	-1	-1	-1	-1	-1	-1	-1	-1	-1	-1	-1	-1	-1	-1	-1	FFFFFFFF	魅力宝石	16	2004	1
50912014	5	9	12	14	LiJinGem9_2_14	75	纯净皓石·红利(9级)	纯净的皓石，可以镶嵌在防御性装备(衣服、手套、帽子、护肩、鞋、腰带、项链、暗器、武魂、龙纹、令牌、豪侠印)上，使用后不可再镶嵌同类宝石。#r#G魅力宝石#r#cff9900雕琢过的宝石不能再雕琢。	300000	1	-1	-1	-1	-1	-1	-1	-1	150	-1	-1	-1	-1	-1	-1	-1	-1	-1	-1	-1	-1	-1	-1	-1	-1	-1	-1	-1	-1	-1	-1	-1	-1	-1	-1	-1	-1	-1	-1	-1	-1	-1	-1	-1	-1	-1	-1	-1	-1	-1	-1	-1	-1	-1	-1	-1	-1	-1	-1	-1	-1	-1	-1	-1	-1	FFFFFFFF	魅力宝石	17	2004	1
50912015	5	9	12	15	LiJinGem9_2_11	75	纯净月光石·红利(9级)	纯净的月光石，可以镶嵌在防御性装备(衣服、手套、帽子、护肩、鞋、腰带、项链、暗器、武魂、龙纹、令牌、豪侠印)上，使用后不可再镶嵌同类宝石。#r#G魅力宝石#r#cff9900雕琢过的宝石不能再雕琢。	300000	1	-1	-1	-1	-1	-1	-1	-1	-1	-1	-1	150	-1	-1	-1	-1	-1	-1	-1	-1	-1	-1	-1	-1	-1	-1	-1	-1	-1	-1	-1	-1	-1	-1	-1	-1	-1	-1	-1	-1	-1	-1	-1	-1	-1	-1	-1	-1	-1	-1	-1	-1	-1	-1	-1	-1	-1	-1	-1	-1	-1	-1	-1	-1	-1	FFFFFFFF	魅力宝石	15	2004	1
50912016	5	9	12	16	LiJinGem9_2_15	75	纯净碧玺·红利(9级)	纯净的碧玺，可以镶嵌在防御性装备(衣服、手套、帽子、护肩、鞋、腰带、项链、暗器、武魂、龙纹、令牌、豪侠印)上，使用后不可再镶嵌同类宝石。#r#G魅力宝石#r#cff9900雕琢过的宝石不能再雕琢。	300000	1	-1	-1	-1	-1	-1	-1	-1	-1	-1	-1	-1	-1	-1	-1	-1	-1	150	-1	-1	-1	-1	-1	-1	-1	-1	-1	-1	-1	-1	-1	-1	-1	-1	-1	-1	-1	-1	-1	-1	-1	-1	-1	-1	-1	-1	-1	-1	-1	-1	-1	-1	-1	-1	-1	-1	-1	-1	-1	-1	-1	-1	-1	-1	-1	FFFFFFFF	魅力宝石	14	2004	1
50913001	5	9	13	1	Gem9_1_15	1	黄宝石(9级)	黄色的宝石，可以镶嵌在防御性装备(衣服、手套、帽子、护肩、鞋、腰带、项链、暗器、武魂、龙纹、令牌、豪侠印)上，使用后不可再镶嵌同类宝石。#r#G命运宝石	75000	1000	-1	-1	-1	-1	-1	-1	-1	-1	-1	-1	-1	-1	-1	-1	-1	-1	-1	-1	-1	-1	-1	-1	-1	-1	-1	-1	-1	-1	-1	-1	-1	-1	-1	-1	-1	-1	-1	-1	-1	-1	-1	-1	345	-1	-1	-1	-1	-1	-1	-1	-1	-1	-1	-1	-1	-1	-1	-1	-1	-1	-1	-1	-1	-1	FFFFFF66	命运宝石	5	2004	1
50913002	5	9	13	2	Gem9_1_16	1	蓝宝石(9级)	蓝色的宝石，可以镶嵌在防御性装备(衣服、手套、帽子、护肩、鞋、腰带、项链、暗器、武魂、龙纹、令牌、豪侠印)上，使用后不可再镶嵌同类宝石。#r#G命运宝石	75000	1000	-1	-1	-1	-1	-1	-1	-1	-1	-1	-1	-1	-1	-1	-1	-1	-1	-1	-1	-1	-1	-1	-1	-1	-1	-1	-1	-1	-1	-1	-1	-1	-1	-1	-1	-1	-1	-1	-1	-1	-1	-1	-1	-1	345	-1	-1	-1	-1	-1	-1	-1	-1	-1	-1	-1	-1	-1	-1	-1	-1	-1	-1	-1	-1	FFFFFF66	命运宝石	6	2004	1
50913003	5	9	13	3	Gem9_1_7	1	绿宝石(9级)	绿色的宝石，可以镶嵌在防御性装备(衣服、手套、帽子、护肩、鞋、腰带、项链、暗器、武魂、龙纹、令牌、豪侠印)上，使用后不可再镶嵌同类宝石。#r#G命运宝石	75000	1000	-1	-1	-1	-1	-1	-1	-1	-1	-1	-1	-1	-1	-1	-1	-1	-1	-1	-1	-1	-1	-1	-1	-1	-1	-1	-1	-1	-1	-1	-1	-1	-1	-1	-1	-1	-1	-1	-1	-1	-1	-1	-1	-1	-1	-1	-1	186	-1	-1	-1	-1	-1	-1	-1	-1	-1	-1	-1	-1	-1	-1	-1	-1	-1	FFFFFF66	命运宝石	9	2004	1
50913004	5	9	13	4	Gem9_2_2	1	红宝石(9级)	红色的宝石，可以镶嵌在防御性装备(衣服、手套、帽子、护肩、鞋、腰带、项链、暗器、武魂、龙纹、令牌、豪侠印)上，使用后不可再镶嵌同类宝石。#r#G命运宝石	75000	1000	-1	-1	-1	-1	-1	-1	-1	-1	-1	-1	-1	-1	-1	-1	-1	-1	-1	-1	-1	-1	-1	-1	-1	-1	-1	-1	-1	-1	-1	-1	-1	-1	-1	-1	-1	-1	-1	-1	-1	-1	-1	-1	-1	-1	342	-1	-1	-1	-1	-1	-1	-1	-1	-1	-1	-1	-1	-1	-1	-1	-1	-1	-1	-1	FFFFFF66	命运宝石	10	2004	1
50913005	5	9	13	5	Gem9_2_3	1	黑宝石(9级)	黑色的宝石，可以镶嵌在防御性装备(衣服、手套、帽子、护肩、鞋、腰带、项链、暗器、武魂、龙纹、令牌、豪侠印)上，使用后不可再镶嵌同类宝石。#r#G命运宝石	75000	1000	-1	-1	-1	-1	-1	-1	-1	-1	-1	-1	-1	-1	-1	-1	-1	-1	-1	-1	-1	-1	-1	-1	-1	-1	-1	-1	-1	-1	-1	-1	-1	-1	-1	-1	-1	-1	-1	-1	-1	-1	-1	-1	-1	-1	-1	342	-1	-1	-1	-1	-1	-1	-1	-1	-1	-1	-1	-1	-1	-1	-1	-1	-1	-1	FFFFFF66	命运宝石	1	2004	1
50913006	5	9	13	6	Gem9_2_7	1	血精石(9级)	布满血丝红精的宝石，可以镶嵌在防御性装备(衣服、手套、帽子、护肩、鞋、腰带、项链、暗器、武魂、龙纹、令牌、豪侠印)上，使用后不可再镶嵌同类宝石。#r#G命运宝石	75000	1000	18780	-1	-1	-1	-1	-1	-1	-1	-1	-1	-1	-1	-1	-1	-1	-1	-1	-1	-1	-1	-1	-1	-1	-1	-1	-1	-1	-1	-1	-1	-1	-1	-1	-1	-1	-1	-1	-1	-1	-1	-1	-1	-1	-1	-1	-1	-1	-1	-1	-1	-1	-1	-1	-1	-1	-1	-1	-1	-1	-1	-1	-1	-1	-1	FFFFFF66	命运宝石	13	2004	1
50913007	5	9	13	7	LiJinGem9_1_15	75	黄宝石·红利(9级)	黄色的宝石，可以镶嵌在防御性装备(衣服、手套、帽子、护肩、鞋、腰带、项链、暗器、武魂、龙纹、令牌、豪侠印)上，使用后不可再镶嵌同类宝石。#r#G命运宝石	75000	1	-1	-1	-1	-1	-1	-1	-1	-1	-1	-1	-1	-1	-1	-1	-1	-1	-1	-1	-1	-1	-1	-1	-1	-1	-1	-1	-1	-1	-1	-1	-1	-1	-1	-1	-1	-1	-1	-1	-1	-1	-1	-1	345	-1	-1	-1	-1	-1	-1	-1	-1	-1	-1	-1	-1	-1	-1	-1	-1	-1	-1	-1	-1	-1	FFFFFF66	命运宝石	5	2004	1
50913008	5	9	13	8	LiJinGem9_1_16	75	蓝宝石·红利(9级)	蓝色的宝石，可以镶嵌在防御性装备(衣服、手套、帽子、护肩、鞋、腰带、项链、暗器、武魂、龙纹、令牌、豪侠印)上，使用后不可再镶嵌同类宝石。#r#G命运宝石	75000	1	-1	-1	-1	-1	-1	-1	-1	-1	-1	-1	-1	-1	-1	-1	-1	-1	-1	-1	-1	-1	-1	-1	-1	-1	-1	-1	-1	-1	-1	-1	-1	-1	-1	-1	-1	-1	-1	-1	-1	-1	-1	-1	-1	345	-1	-1	-1	-1	-1	-1	-1	-1	-1	-1	-1	-1	-1	-1	-1	-1	-1	-1	-1	-1	FFFFFF66	命运宝石	6	2004	1
50913009	5	9	13	9	LiJinGem9_1_7	75	绿宝石·红利(9级)	绿色的宝石，可以镶嵌在防御性装备(衣服、手套、帽子、护肩、鞋、腰带、项链、暗器、武魂、龙纹、令牌、豪侠印)上，使用后不可再镶嵌同类宝石。#r#G命运宝石	75000	1	-1	-1	-1	-1	-1	-1	-1	-1	-1	-1	-1	-1	-1	-1	-1	-1	-1	-1	-1	-1	-1	-1	-1	-1	-1	-1	-1	-1	-1	-1	-1	-1	-1	-1	-1	-1	-1	-1	-1	-1	-1	-1	-1	-1	-1	-1	186	-1	-1	-1	-1	-1	-1	-1	-1	-1	-1	-1	-1	-1	-1	-1	-1	-1	FFFFFF66	命运宝石	9	2004	1
50913010	5	9	13	10	LiJinGem9_2_2	75	红宝石·红利(9级)	红色的宝石，可以镶嵌在防御性装备(衣服、手套、帽子、护肩、鞋、腰带、项链、暗器、武魂、龙纹、令牌、豪侠印)上，使用后不可再镶嵌同类宝石。#r#G命运宝石	75000	1	-1	-1	-1	-1	-1	-1	-1	-1	-1	-1	-1	-1	-1	-1	-1	-1	-1	-1	-1	-1	-1	-1	-1	-1	-1	-1	-1	-1	-1	-1	-1	-1	-1	-1	-1	-1	-1	-1	-1	-1	-1	-1	-1	-1	342	-1	-1	-1	-1	-1	-1	-1	-1	-1	-1	-1	-1	-1	-1	-1	-1	-1	-1	-1	FFFFFF66	命运宝石	10	2004	1
50913011	5	9	13	11	LiJinGem9_2_3	75	黑宝石·红利(9级)	黑色的宝石，可以镶嵌在防御性装备(衣服、手套、帽子、护肩、鞋、腰带、项链、暗器、武魂、龙纹、令牌、豪侠印)上，使用后不可再镶嵌同类宝石。#r#G命运宝石	75000	1	-1	-1	-1	-1	-1	-1	-1	-1	-1	-1	-1	-1	-1	-1	-1	-1	-1	-1	-1	-1	-1	-1	-1	-1	-1	-1	-1	-1	-1	-1	-1	-1	-1	-1	-1	-1	-1	-1	-1	-1	-1	-1	-1	-1	-1	342	-1	-1	-1	-1	-1	-1	-1	-1	-1	-1	-1	-1	-1	-1	-1	-1	-1	-1	FFFFFF66	命运宝石	1	2004	1
50913012	5	9	13	12	LiJinGem9_2_7	75	血精石·红利(9级)	布满血丝红精的宝石，可以镶嵌在防御性装备(衣服、手套、帽子、护肩、鞋、腰带、项链、暗器、武魂、龙纹、令牌、豪侠印)上，使用后不可再镶嵌同类宝石。#r#G命运宝石	75000	1	18780	-1	-1	-1	-1	-1	-1	-1	-1	-1	-1	-1	-1	-1	-1	-1	-1	-1	-1	-1	-1	-1	-1	-1	-1	-1	-1	-1	-1	-1	-1	-1	-1	-1	-1	-1	-1	-1	-1	-1	-1	-1	-1	-1	-1	-1	-1	-1	-1	-1	-1	-1	-1	-1	-1	-1	-1	-1	-1	-1	-1	-1	-1	-1	FFFFFF66	命运宝石	13	2004	1
50914001	5	9	14	1	Gem9_1_14	1	祖母绿(9级)	翠绿如滴，顶级翡翠，可以镶嵌在防御性装备(衣服、手套、帽子、护肩、鞋、腰带、项链、暗器、武魂、龙纹、令牌、豪侠印)上，使用后不可再镶嵌同类宝石。#r#G天机宝石	100000	1000	-1	-1	-1	-1	-1	-1	-1	-1	-1	-1	-1	-1	-1	-1	-1	-1	-1	-1	-1	-1	-1	-1	-1	-1	-1	-1	-1	-1	-1	-1	-1	-1	-1	-1	-1	-1	1230	-1	-1	-1	-1	-1	-1	-1	-1	-1	-1	-1	-1	-1	-1	-1	-1	-1	-1	-1	-1	-1	-1	-1	-1	-1	-1	-1	FFFFFF66	天机宝石	8	2004	1
50914002	5	9	14	2	LiJinGem9_1_14	75	祖母绿·红利(9级)	翠绿如滴，顶级翡翠，可以镶嵌在防御性装备(衣服、手套、帽子、护肩、鞋、腰带、项链、暗器、武魂、龙纹、令牌、豪侠印)上，使用后不可再镶嵌同类宝石。#r#G天机宝石	100000	1	-1	-1	-1	-1	-1	-1	-1	-1	-1	-1	-1	-1	-1	-1	-1	-1	-1	-1	-1	-1	-1	-1	-1	-1	-1	-1	-1	-1	-1	-1	-1	-1	-1	-1	-1	-1	1230	-1	-1	-1	-1	-1	-1	-1	-1	-1	-1	-1	-1	-1	-1	-1	-1	-1	-1	-1	-1	-1	-1	-1	-1	-1	-1	-1	FFFFFF66	天机宝石	8	2004	1
50921001	5	9	21	1	Gemjiankang_4	1	黄冥石(9级)	黄色的冥石，可以镶嵌在攻击性装备(武器、护腕、戒指、护符、项链、暗器、武魂、龙纹、令牌、豪侠印)上，使用后不可再镶嵌同类宝石。#r可在洛阳（280，322）彭怀玉、楼兰（279，198）克里木、束河古镇（134，85）荆嵌实处琢刻为黄冥晶石。琢刻后的宝石将可同时拥有忽略目标玄抗和玄攻击两种属性。#r#G无法将目标的抗性降低至负值#r#G胜利宝石	300000	2000	-1	-1	-1	-1	-1	-1	-1	-1	-1	-1	-1	-1	-1	-1	-1	-1	-1	-1	-1	-1	-1	-1	-1	-1	-1	-1	-1	-1	-1	-1	-1	-1	-1	-1	-1	-1	-1	-1	-1	-1	-1	-1	-1	-1	-1	-1	-1	-1	-1	-1	-1	-1	-1	-1	-1	-1	150	-1	-1	-1	-1	-1	-1	-1	FFFFFFFF	胜利宝石	31	2004	1
50921002	5	9	21	2	Gemjiankang_16	1	蓝冥石(9级)	蓝色的冥石，可以镶嵌在攻击性装备(武器、护腕、戒指、护符、项链、暗器、武魂、龙纹、令牌、豪侠印)上，使用后不可再镶嵌同类宝石。#r可在洛阳（280，322）彭怀玉、楼兰（279，198）克里木、束河古镇（134，85）荆嵌实处琢刻为蓝冥晶石。琢刻后的宝石将可同时拥有忽略目标冰抗和冰攻击两种属性。#r#G无法将目标的抗性降低至负值#r#G胜利宝石	300000	2000	-1	-1	-1	-1	-1	-1	-1	-1	-1	-1	-1	-1	-1	-1	-1	-1	-1	-1	-1	-1	-1	-1	-1	-1	-1	-1	-1	-1	-1	-1	-1	-1	-1	-1	-1	-1	-1	-1	-1	-1	-1	-1	-1	-1	-1	-1	-1	-1	-1	-1	-1	-1	-1	-1	150	-1	-1	-1	-1	-1	-1	-1	-1	-1	FFFFFFFF	胜利宝石	32	2004	1
50921003	5	9	21	3	Gemjiankang_12	1	红冥石(9级)	红色的冥石，可以镶嵌在攻击性装备(武器、护腕、戒指、护符、项链、暗器、武魂、龙纹、令牌、豪侠印)上，使用后不可再镶嵌同类宝石。#r可在洛阳（280，322）彭怀玉、楼兰（279，198）克里木、束河古镇（134，85）荆嵌实处琢刻为红冥晶石。琢刻后的宝石将可同时拥有忽略目标火抗和火攻击两种属性。#r#G无法将目标的抗性降低至负值#r#G胜利宝石	300000	2000	-1	-1	-1	-1	-1	-1	-1	-1	-1	-1	-1	-1	-1	-1	-1	-1	-1	-1	-1	-1	-1	-1	-1	-1	-1	-1	-1	-1	-1	-1	-1	-1	-1	-1	-1	-1	-1	-1	-1	-1	-1	-1	-1	-1	-1	-1	-1	-1	-1	-1	-1	-1	-1	-1	-1	150	-1	-1	-1	-1	-1	-1	-1	-1	FFFFFFFF	胜利宝石	33	2004	1
50921004	5	9	21	4	Gemjiankang_8	1	绿冥石(9级)	绿色的冥石，可以镶嵌在攻击性装备(武器、护腕、戒指、护符、项链、暗器、武魂、龙纹、令牌、豪侠印)上，使用后不可再镶嵌同类宝石。#r可在洛阳（280，322）彭怀玉、楼兰（279，198）克里木、束河古镇（134，85）荆嵌实处琢刻为绿冥晶石。琢刻后的宝石将可同时拥有忽略目标毒抗和毒攻击两种属性。#r#G无法将目标的抗性降低至负值#r#G胜利宝石	300000	2000	-1	-1	-1	-1	-1	-1	-1	-1	-1	-1	-1	-1	-1	-1	-1	-1	-1	-1	-1	-1	-1	-1	-1	-1	-1	-1	-1	-1	-1	-1	-1	-1	-1	-1	-1	-1	-1	-1	-1	-1	-1	-1	-1	-1	-1	-1	-1	-1	-1	-1	-1	-1	-1	-1	-1	-1	-1	150	-1	-1	-1	-1	-1	-1	FFFFFFFF	胜利宝石	34	2004	1
50921005	5	9	21	5	LiJinGemjiankang_4	75	黄冥石·红利(9级)	黄色的冥石，可以镶嵌在攻击性装备(武器、护腕、戒指、护符、项链、暗器、武魂、龙纹、令牌、豪侠印)上，使用后不可再镶嵌同类宝石。#r可在洛阳（280，322）彭怀玉、楼兰（279，198）克里木、束河古镇（134，85）荆嵌实处琢刻为黄冥晶石·红利。琢刻后的宝石将可同时拥有忽略目标玄抗和玄攻击两种属性。#r#G无法将目标的抗性降低至负值#r#G胜利宝石	300000	1	-1	-1	-1	-1	-1	-1	-1	-1	-1	-1	-1	-1	-1	-1	-1	-1	-1	-1	-1	-1	-1	-1	-1	-1	-1	-1	-1	-1	-1	-1	-1	-1	-1	-1	-1	-1	-1	-1	-1	-1	-1	-1	-1	-1	-1	-1	-1	-1	-1	-1	-1	-1	-1	-1	-1	-1	150	-1	-1	-1	-1	-1	-1	-1	FFFFFFFF	胜利宝石	31	2004	1
50921006	5	9	21	6	LiJinGemjiankang_16	75	蓝冥石·红利(9级)	蓝色的冥石，可以镶嵌在攻击性装备(武器、护腕、戒指、护符、项链、暗器、武魂、龙纹、令牌、豪侠印)上，使用后不可再镶嵌同类宝石。#r可在洛阳（280，322）彭怀玉、楼兰（279，198）克里木、束河古镇（134，85）荆嵌实处琢刻为蓝冥晶石·红利。琢刻后的宝石将可同时拥有忽略目标冰抗和冰攻击两种属性。#r#G无法将目标的抗性降低至负值#r#G胜利宝石	300000	1	-1	-1	-1	-1	-1	-1	-1	-1	-1	-1	-1	-1	-1	-1	-1	-1	-1	-1	-1	-1	-1	-1	-1	-1	-1	-1	-1	-1	-1	-1	-1	-1	-1	-1	-1	-1	-1	-1	-1	-1	-1	-1	-1	-1	-1	-1	-1	-1	-1	-1	-1	-1	-1	-1	150	-1	-1	-1	-1	-1	-1	-1	-1	-1	FFFFFFFF	胜利宝石	32	2004	1
50921007	5	9	21	7	LiJinGemjiankang_12	75	红冥石·红利(9级)	红色的冥石，可以镶嵌在攻击性装备(武器、护腕、戒指、护符、项链、暗器、武魂、龙纹、令牌、豪侠印)上，使用后不可再镶嵌同类宝石。#r可在洛阳（280，322）彭怀玉、楼兰（279，198）克里木、束河古镇（134，85）荆嵌实处琢刻为红冥晶石·红利。琢刻后的宝石将可同时拥有忽略目标火抗和火攻击两种属性。#r#G无法将目标的抗性降低至负值#r#G胜利宝石	300000	1	-1	-1	-1	-1	-1	-1	-1	-1	-1	-1	-1	-1	-1	-1	-1	-1	-1	-1	-1	-1	-1	-1	-1	-1	-1	-1	-1	-1	-1	-1	-1	-1	-1	-1	-1	-1	-1	-1	-1	-1	-1	-1	-1	-1	-1	-1	-1	-1	-1	-1	-1	-1	-1	-1	-1	150	-1	-1	-1	-1	-1	-1	-1	-1	FFFFFFFF	胜利宝石	33	2004	1
50921008	5	9	21	8	LiJinGemjiankang_8	75	绿冥石·红利(9级)	绿色的冥石，可以镶嵌在攻击性装备(武器、护腕、戒指、护符、项链、暗器、武魂、龙纹、令牌、豪侠印)上，使用后不可再镶嵌同类宝石。#r可在洛阳（280，322）彭怀玉、楼兰（279，198）克里木、束河古镇（134，85）荆嵌实处琢刻为绿冥晶石·红利。琢刻后的宝石将可同时拥有忽略目标毒抗和毒攻击两种属性。#r#G无法将目标的抗性降低至负值#r#G胜利宝石	300000	1	-1	-1	-1	-1	-1	-1	-1	-1	-1	-1	-1	-1	-1	-1	-1	-1	-1	-1	-1	-1	-1	-1	-1	-1	-1	-1	-1	-1	-1	-1	-1	-1	-1	-1	-1	-1	-1	-1	-1	-1	-1	-1	-1	-1	-1	-1	-1	-1	-1	-1	-1	-1	-1	-1	-1	-1	-1	150	-1	-1	-1	-1	-1	-1	FFFFFFFF	胜利宝石	34	2004	1
50921101	5	9	21	101	Gemzhuoke_6	1	黄冥晶石(9级·1级)	琢刻了纯净黄晶石后的黄冥石，可以镶嵌在攻击性装备(武器、护腕、戒指、护符、项链、暗器、武魂、龙纹、令牌、豪侠印)上，使用后不可再镶嵌同类宝石。#r#W可在洛阳（280，322）彭怀玉、楼兰（279，198）克里木、束河古镇（134，85）荆嵌实处进行#G琢刻分离#W。#r#G琢刻后的宝石无法进行合成操作#r#G无法将目标的抗性降低至负值#r#G胜利宝石	300000	2000	-1	-1	-1	-1	-1	-1	-1	-1	-1	-1	-1	-1	23	-1	-1	-1	-1	-1	-1	-1	-1	-1	-1	-1	-1	-1	-1	-1	-1	-1	-1	-1	-1	-1	-1	-1	-1	-1	-1	-1	-1	-1	-1	-1	-1	-1	-1	-1	-1	-1	-1	-1	-1	-1	-1	-1	150	-1	-1	-1	-1	-1	-1	-1	FFFFFFFF	胜利宝石	31	2004	1
50921102	5	9	21	102	Gemzhuoke_6	1	黄冥晶石(9级·2级)	琢刻了纯净黄晶石后的黄冥石，可以镶嵌在攻击性装备(武器、护腕、戒指、护符、项链、暗器、武魂、龙纹、令牌、豪侠印)上，使用后不可再镶嵌同类宝石。#r#W可在洛阳（280，322）彭怀玉、楼兰（279，198）克里木、束河古镇（134，85）荆嵌实处进行#G琢刻分离#W。#r#G琢刻后的宝石无法进行合成操作#r#G无法将目标的抗性降低至负值#r#G胜利宝石	300000	2000	-1	-1	-1	-1	-1	-1	-1	-1	-1	-1	-1	-1	33	-1	-1	-1	-1	-1	-1	-1	-1	-1	-1	-1	-1	-1	-1	-1	-1	-1	-1	-1	-1	-1	-1	-1	-1	-1	-1	-1	-1	-1	-1	-1	-1	-1	-1	-1	-1	-1	-1	-1	-1	-1	-1	-1	150	-1	-1	-1	-1	-1	-1	-1	FFFFFFFF	胜利宝石	31	2004	1
50921103	5	9	21	103	Gemzhuoke_6	1	黄冥晶石(9级·3级)	琢刻了纯净黄晶石后的黄冥石，可以镶嵌在攻击性装备(武器、护腕、戒指、护符、项链、暗器、武魂、龙纹、令牌、豪侠印)上，使用后不可再镶嵌同类宝石。#r#W可在洛阳（280，322）彭怀玉、楼兰（279，198）克里木、束河古镇（134，85）荆嵌实处进行#G琢刻分离#W。#r#G琢刻后的宝石无法进行合成操作#r#G无法将目标的抗性降低至负值#r#G胜利宝石	300000	2000	-1	-1	-1	-1	-1	-1	-1	-1	-1	-1	-1	-1	60	-1	-1	-1	-1	-1	-1	-1	-1	-1	-1	-1	-1	-1	-1	-1	-1	-1	-1	-1	-1	-1	-1	-1	-1	-1	-1	-1	-1	-1	-1	-1	-1	-1	-1	-1	-1	-1	-1	-1	-1	-1	-1	-1	150	-1	-1	-1	-1	-1	-1	-1	FFFFFFFF	胜利宝石	31	2004	1
50921104	5	9	21	104	Gemzhuoke_6	1	黄冥晶石(9级·4级)	琢刻了纯净黄晶石后的黄冥石，可以镶嵌在攻击性装备(武器、护腕、戒指、护符、项链、暗器、武魂、龙纹、令牌、豪侠印)上，使用后不可再镶嵌同类宝石。#r#W可在洛阳（280，322）彭怀玉、楼兰（279，198）克里木、束河古镇（134，85）荆嵌实处进行#G琢刻分离#W。#r#G琢刻后的宝石无法进行合成操作#r#G无法将目标的抗性降低至负值#r#G胜利宝石	300000	2000	-1	-1	-1	-1	-1	-1	-1	-1	-1	-1	-1	-1	120	-1	-1	-1	-1	-1	-1	-1	-1	-1	-1	-1	-1	-1	-1	-1	-1	-1	-1	-1	-1	-1	-1	-1	-1	-1	-1	-1	-1	-1	-1	-1	-1	-1	-1	-1	-1	-1	-1	-1	-1	-1	-1	-1	150	-1	-1	-1	-1	-1	-1	-1	FFFFFFFF	胜利宝石	31	2004	1
50921105	5	9	21	105	Gemzhuoke_6	1	黄冥晶石(9级·5级)	琢刻了纯净黄晶石后的黄冥石，可以镶嵌在攻击性装备(武器、护腕、戒指、护符、项链、暗器、武魂、龙纹、令牌、豪侠印)上，使用后不可再镶嵌同类宝石。#r#W可在洛阳（280，322）彭怀玉、楼兰（279，198）克里木、束河古镇（134，85）荆嵌实处进行#G琢刻分离#W。#r#G琢刻后的宝石无法进行合成操作#r#G无法将目标的抗性降低至负值#r#G胜利宝石	300000	2000	-1	-1	-1	-1	-1	-1	-1	-1	-1	-1	-1	-1	170	-1	-1	-1	-1	-1	-1	-1	-1	-1	-1	-1	-1	-1	-1	-1	-1	-1	-1	-1	-1	-1	-1	-1	-1	-1	-1	-1	-1	-1	-1	-1	-1	-1	-1	-1	-1	-1	-1	-1	-1	-1	-1	-1	150	-1	-1	-1	-1	-1	-1	-1	FFFFFFFF	胜利宝石	31	2004	1
50921106	5	9	21	106	Gemzhuoke_6	1	黄冥晶石(9级·6级)	琢刻了纯净黄晶石后的黄冥石，可以镶嵌在攻击性装备(武器、护腕、戒指、护符、项链、暗器、武魂、龙纹、令牌、豪侠印)上，使用后不可再镶嵌同类宝石。#r#W可在洛阳（280，322）彭怀玉、楼兰（279，198）克里木、束河古镇（134，85）荆嵌实处进行#G琢刻分离#W。#r#G琢刻后的宝石无法进行合成操作#r#G无法将目标的抗性降低至负值#r#G胜利宝石	300000	2000	-1	-1	-1	-1	-1	-1	-1	-1	-1	-1	-1	-1	230	-1	-1	-1	-1	-1	-1	-1	-1	-1	-1	-1	-1	-1	-1	-1	-1	-1	-1	-1	-1	-1	-1	-1	-1	-1	-1	-1	-1	-1	-1	-1	-1	-1	-1	-1	-1	-1	-1	-1	-1	-1	-1	-1	150	-1	-1	-1	-1	-1	-1	-1	FFFFFFFF	胜利宝石	31	2004	1
50921107	5	9	21	107	Gemzhuoke_6	1	黄冥晶石(9级·7级)	琢刻了纯净黄晶石后的黄冥石，可以镶嵌在攻击性装备(武器、护腕、戒指、护符、项链、暗器、武魂、龙纹、令牌、豪侠印)上，使用后不可再镶嵌同类宝石。#r#W可在洛阳（280，322）彭怀玉、楼兰（279，198）克里木、束河古镇（134，85）荆嵌实处进行#G琢刻分离#W。#r#G琢刻后的宝石无法进行合成操作#r#G无法将目标的抗性降低至负值#r#G胜利宝石	300000	2000	-1	-1	-1	-1	-1	-1	-1	-1	-1	-1	-1	-1	290	-1	-1	-1	-1	-1	-1	-1	-1	-1	-1	-1	-1	-1	-1	-1	-1	-1	-1	-1	-1	-1	-1	-1	-1	-1	-1	-1	-1	-1	-1	-1	-1	-1	-1	-1	-1	-1	-1	-1	-1	-1	-1	-1	150	-1	-1	-1	-1	-1	-1	-1	FFFFFFFF	胜利宝石	31	2004	1
50921108	5	9	21	108	Gemzhuoke_6	1	黄冥晶石(9级·8级)	琢刻了纯净黄晶石后的黄冥石，可以镶嵌在攻击性装备(武器、护腕、戒指、护符、项链、暗器、武魂、龙纹、令牌、豪侠印)上，使用后不可再镶嵌同类宝石。#r#W可在洛阳（280，322）彭怀玉、楼兰（279，198）克里木、束河古镇（134，85）荆嵌实处进行#G琢刻分离#W。#r#G琢刻后的宝石无法进行合成操作#r#G无法将目标的抗性降低至负值#r#G胜利宝石	300000	2000	-1	-1	-1	-1	-1	-1	-1	-1	-1	-1	-1	-1	350	-1	-1	-1	-1	-1	-1	-1	-1	-1	-1	-1	-1	-1	-1	-1	-1	-1	-1	-1	-1	-1	-1	-1	-1	-1	-1	-1	-1	-1	-1	-1	-1	-1	-1	-1	-1	-1	-1	-1	-1	-1	-1	-1	150	-1	-1	-1	-1	-1	-1	-1	FFFFFFFF	胜利宝石	31	2004	1
50921109	5	9	21	109	Gemzhuoke_6	1	黄冥晶石(9级·9级)	琢刻了纯净黄晶石后的黄冥石，可以镶嵌在攻击性装备(武器、护腕、戒指、护符、项链、暗器、武魂、龙纹、令牌、豪侠印)上，使用后不可再镶嵌同类宝石。#r#W可在洛阳（280，322）彭怀玉、楼兰（279，198）克里木、束河古镇（134，85）荆嵌实处进行#G琢刻分离#W。#r#G琢刻后的宝石无法进行合成操作#r#G无法将目标的抗性降低至负值#r#G胜利宝石	300000	2000	-1	-1	-1	-1	-1	-1	-1	-1	-1	-1	-1	-1	350	-1	-1	-1	-1	-1	-1	-1	-1	-1	-1	-1	-1	-1	-1	-1	-1	-1	-1	-1	-1	-1	-1	-1	-1	-1	-1	-1	-1	-1	-1	-1	-1	-1	-1	-1	-1	-1	-1	-1	-1	-1	-1	-1	150	-1	-1	-1	-1	-1	-1	-1	FFFFFFFF	胜利宝石	31	2004	1
50921110	5	9	21	110	LiJinGemzhuoke_6	75	黄冥晶石·红利(9级·1级)	琢刻了纯净黄晶石·红利后的黄冥石·红利，可以镶嵌在攻击性装备(武器、护腕、戒指、护符、项链、暗器、武魂、龙纹、令牌、豪侠印)上，使用后不可再镶嵌同类宝石。#r#W可在洛阳（280，322）彭怀玉、楼兰（279，198）克里木、束河古镇（134，85）荆嵌实处进行#G琢刻分离#W。#r#G琢刻后的宝石无法进行合成操作#r#G无法将目标的抗性降低至负值#r#G胜利宝石	300000	2000	-1	-1	-1	-1	-1	-1	-1	-1	-1	-1	-1	-1	23	-1	-1	-1	-1	-1	-1	-1	-1	-1	-1	-1	-1	-1	-1	-1	-1	-1	-1	-1	-1	-1	-1	-1	-1	-1	-1	-1	-1	-1	-1	-1	-1	-1	-1	-1	-1	-1	-1	-1	-1	-1	-1	-1	150	-1	-1	-1	-1	-1	-1	-1	FFFFFFFF	胜利宝石	31	2004	1
50921111	5	9	21	111	LiJinGemzhuoke_6	75	黄冥晶石·红利(9级·2级)	琢刻了纯净黄晶石·红利后的黄冥石·红利，可以镶嵌在攻击性装备(武器、护腕、戒指、护符、项链、暗器、武魂、龙纹、令牌、豪侠印)上，使用后不可再镶嵌同类宝石。#r#W可在洛阳（280，322）彭怀玉、楼兰（279，198）克里木、束河古镇（134，85）荆嵌实处进行#G琢刻分离#W。#r#G琢刻后的宝石无法进行合成操作#r#G无法将目标的抗性降低至负值#r#G胜利宝石	300000	2000	-1	-1	-1	-1	-1	-1	-1	-1	-1	-1	-1	-1	33	-1	-1	-1	-1	-1	-1	-1	-1	-1	-1	-1	-1	-1	-1	-1	-1	-1	-1	-1	-1	-1	-1	-1	-1	-1	-1	-1	-1	-1	-1	-1	-1	-1	-1	-1	-1	-1	-1	-1	-1	-1	-1	-1	150	-1	-1	-1	-1	-1	-1	-1	FFFFFFFF	胜利宝石	31	2004	1
50921112	5	9	21	112	LiJinGemzhuoke_6	75	黄冥晶石·红利(9级·3级)	琢刻了纯净黄晶石·红利后的黄冥石·红利，可以镶嵌在攻击性装备(武器、护腕、戒指、护符、项链、暗器、武魂、龙纹、令牌、豪侠印)上，使用后不可再镶嵌同类宝石。#r#W可在洛阳（280，322）彭怀玉、楼兰（279，198）克里木、束河古镇（134，85）荆嵌实处进行#G琢刻分离#W。#r#G琢刻后的宝石无法进行合成操作#r#G无法将目标的抗性降低至负值#r#G胜利宝石	300000	2000	-1	-1	-1	-1	-1	-1	-1	-1	-1	-1	-1	-1	60	-1	-1	-1	-1	-1	-1	-1	-1	-1	-1	-1	-1	-1	-1	-1	-1	-1	-1	-1	-1	-1	-1	-1	-1	-1	-1	-1	-1	-1	-1	-1	-1	-1	-1	-1	-1	-1	-1	-1	-1	-1	-1	-1	150	-1	-1	-1	-1	-1	-1	-1	FFFFFFFF	胜利宝石	31	2004	1
50921113	5	9	21	113	LiJinGemzhuoke_6	75	黄冥晶石·红利(9级·4级)	琢刻了纯净黄晶石·红利后的黄冥石·红利，可以镶嵌在攻击性装备(武器、护腕、戒指、护符、项链、暗器、武魂、龙纹、令牌、豪侠印)上，使用后不可再镶嵌同类宝石。#r#W可在洛阳（280，322）彭怀玉、楼兰（279，198）克里木、束河古镇（134，85）荆嵌实处进行#G琢刻分离#W。#r#G琢刻后的宝石无法进行合成操作#r#G无法将目标的抗性降低至负值#r#G胜利宝石	300000	2000	-1	-1	-1	-1	-1	-1	-1	-1	-1	-1	-1	-1	120	-1	-1	-1	-1	-1	-1	-1	-1	-1	-1	-1	-1	-1	-1	-1	-1	-1	-1	-1	-1	-1	-1	-1	-1	-1	-1	-1	-1	-1	-1	-1	-1	-1	-1	-1	-1	-1	-1	-1	-1	-1	-1	-1	150	-1	-1	-1	-1	-1	-1	-1	FFFFFFFF	胜利宝石	31	2004	1
50921114	5	9	21	114	LiJinGemzhuoke_6	75	黄冥晶石·红利(9级·5级)	琢刻了纯净黄晶石·红利后的黄冥石·红利，可以镶嵌在攻击性装备(武器、护腕、戒指、护符、项链、暗器、武魂、龙纹、令牌、豪侠印)上，使用后不可再镶嵌同类宝石。#r#W可在洛阳（280，322）彭怀玉、楼兰（279，198）克里木、束河古镇（134，85）荆嵌实处进行#G琢刻分离#W。#r#G琢刻后的宝石无法进行合成操作#r#G无法将目标的抗性降低至负值#r#G胜利宝石	300000	2000	-1	-1	-1	-1	-1	-1	-1	-1	-1	-1	-1	-1	170	-1	-1	-1	-1	-1	-1	-1	-1	-1	-1	-1	-1	-1	-1	-1	-1	-1	-1	-1	-1	-1	-1	-1	-1	-1	-1	-1	-1	-1	-1	-1	-1	-1	-1	-1	-1	-1	-1	-1	-1	-1	-1	-1	150	-1	-1	-1	-1	-1	-1	-1	FFFFFFFF	胜利宝石	31	2004	1
50921115	5	9	21	115	LiJinGemzhuoke_6	75	黄冥晶石·红利(9级·6级)	琢刻了纯净黄晶石·红利后的黄冥石·红利，可以镶嵌在攻击性装备(武器、护腕、戒指、护符、项链、暗器、武魂、龙纹、令牌、豪侠印)上，使用后不可再镶嵌同类宝石。#r#W可在洛阳（280，322）彭怀玉、楼兰（279，198）克里木、束河古镇（134，85）荆嵌实处进行#G琢刻分离#W。#r#G琢刻后的宝石无法进行合成操作#r#G无法将目标的抗性降低至负值#r#G胜利宝石	300000	2000	-1	-1	-1	-1	-1	-1	-1	-1	-1	-1	-1	-1	230	-1	-1	-1	-1	-1	-1	-1	-1	-1	-1	-1	-1	-1	-1	-1	-1	-1	-1	-1	-1	-1	-1	-1	-1	-1	-1	-1	-1	-1	-1	-1	-1	-1	-1	-1	-1	-1	-1	-1	-1	-1	-1	-1	150	-1	-1	-1	-1	-1	-1	-1	FFFFFFFF	胜利宝石	31	2004	1
50921116	5	9	21	116	LiJinGemzhuoke_6	75	黄冥晶石·红利(9级·7级)	琢刻了纯净黄晶石·红利后的黄冥石·红利，可以镶嵌在攻击性装备(武器、护腕、戒指、护符、项链、暗器、武魂、龙纹、令牌、豪侠印)上，使用后不可再镶嵌同类宝石。#r#W可在洛阳（280，322）彭怀玉、楼兰（279，198）克里木、束河古镇（134，85）荆嵌实处进行#G琢刻分离#W。#r#G琢刻后的宝石无法进行合成操作#r#G无法将目标的抗性降低至负值#r#G胜利宝石	300000	2000	-1	-1	-1	-1	-1	-1	-1	-1	-1	-1	-1	-1	290	-1	-1	-1	-1	-1	-1	-1	-1	-1	-1	-1	-1	-1	-1	-1	-1	-1	-1	-1	-1	-1	-1	-1	-1	-1	-1	-1	-1	-1	-1	-1	-1	-1	-1	-1	-1	-1	-1	-1	-1	-1	-1	-1	150	-1	-1	-1	-1	-1	-1	-1	FFFFFFFF	胜利宝石	31	2004	1
50921117	5	9	21	117	LiJinGemzhuoke_6	75	黄冥晶石·红利(9级·8级)	琢刻了纯净黄晶石·红利后的黄冥石·红利，可以镶嵌在攻击性装备(武器、护腕、戒指、护符、项链、暗器、武魂、龙纹、令牌、豪侠印)上，使用后不可再镶嵌同类宝石。#r#W可在洛阳（280，322）彭怀玉、楼兰（279，198）克里木、束河古镇（134，85）荆嵌实处进行#G琢刻分离#W。#r#G琢刻后的宝石无法进行合成操作#r#G无法将目标的抗性降低至负值#r#G胜利宝石	300000	2000	-1	-1	-1	-1	-1	-1	-1	-1	-1	-1	-1	-1	350	-1	-1	-1	-1	-1	-1	-1	-1	-1	-1	-1	-1	-1	-1	-1	-1	-1	-1	-1	-1	-1	-1	-1	-1	-1	-1	-1	-1	-1	-1	-1	-1	-1	-1	-1	-1	-1	-1	-1	-1	-1	-1	-1	150	-1	-1	-1	-1	-1	-1	-1	FFFFFFFF	胜利宝石	31	2004	1
50921118	5	9	21	118	LiJinGemzhuoke_6	75	黄冥晶石·红利(9级·9级)	琢刻了纯净黄晶石·红利后的黄冥石·红利，可以镶嵌在攻击性装备(武器、护腕、戒指、护符、项链、暗器、武魂、龙纹、令牌、豪侠印)上，使用后不可再镶嵌同类宝石。#r#W可在洛阳（280，322）彭怀玉、楼兰（279，198）克里木、束河古镇（134，85）荆嵌实处进行#G琢刻分离#W。#r#G琢刻后的宝石无法进行合成操作#r#G无法将目标的抗性降低至负值#r#G胜利宝石	300000	2000	-1	-1	-1	-1	-1	-1	-1	-1	-1	-1	-1	-1	350	-1	-1	-1	-1	-1	-1	-1	-1	-1	-1	-1	-1	-1	-1	-1	-1	-1	-1	-1	-1	-1	-1	-1	-1	-1	-1	-1	-1	-1	-1	-1	-1	-1	-1	-1	-1	-1	-1	-1	-1	-1	-1	-1	150	-1	-1	-1	-1	-1	-1	-1	FFFFFFFF	胜利宝石	31	2004	1
50921201	5	9	21	201	Gemzhuoke_9	1	蓝冥晶石(9级·1级)	琢刻了纯净蓝晶石后的蓝冥石，可以镶嵌在攻击性装备(武器、护腕、戒指、护符、项链、暗器、武魂、龙纹、令牌、豪侠印)上，使用后不可再镶嵌同类宝石。#r#W可在洛阳（280，322）彭怀玉、楼兰（279，198）克里木、束河古镇（134，85）荆嵌实处进行#G琢刻分离#W。#r#G琢刻后的宝石无法进行合成操作#r#G无法将目标的抗性降低至负值#r#G胜利宝石	300000	2000	-1	-1	-1	-1	-1	-1	23	-1	-1	-1	-1	-1	-1	-1	-1	-1	-1	-1	-1	-1	-1	-1	-1	-1	-1	-1	-1	-1	-1	-1	-1	-1	-1	-1	-1	-1	-1	-1	-1	-1	-1	-1	-1	-1	-1	-1	-1	-1	-1	-1	-1	-1	-1	-1	150	-1	-1	-1	-1	-1	-1	-1	-1	-1	FFFFFFFF	胜利宝石	32	2004	1
50921202	5	9	21	202	Gemzhuoke_9	1	蓝冥晶石(9级·2级)	琢刻了纯净蓝晶石后的蓝冥石，可以镶嵌在攻击性装备(武器、护腕、戒指、护符、项链、暗器、武魂、龙纹、令牌、豪侠印)上，使用后不可再镶嵌同类宝石。#r#W可在洛阳（280，322）彭怀玉、楼兰（279，198）克里木、束河古镇（134，85）荆嵌实处进行#G琢刻分离#W。#r#G琢刻后的宝石无法进行合成操作#r#G无法将目标的抗性降低至负值#r#G胜利宝石	300000	2000	-1	-1	-1	-1	-1	-1	33	-1	-1	-1	-1	-1	-1	-1	-1	-1	-1	-1	-1	-1	-1	-1	-1	-1	-1	-1	-1	-1	-1	-1	-1	-1	-1	-1	-1	-1	-1	-1	-1	-1	-1	-1	-1	-1	-1	-1	-1	-1	-1	-1	-1	-1	-1	-1	150	-1	-1	-1	-1	-1	-1	-1	-1	-1	FFFFFFFF	胜利宝石	32	2004	1
50921203	5	9	21	203	Gemzhuoke_9	1	蓝冥晶石(9级·3级)	琢刻了纯净蓝晶石后的蓝冥石，可以镶嵌在攻击性装备(武器、护腕、戒指、护符、项链、暗器、武魂、龙纹、令牌、豪侠印)上，使用后不可再镶嵌同类宝石。#r#W可在洛阳（280，322）彭怀玉、楼兰（279，198）克里木、束河古镇（134，85）荆嵌实处进行#G琢刻分离#W。#r#G琢刻后的宝石无法进行合成操作#r#G无法将目标的抗性降低至负值#r#G胜利宝石	300000	2000	-1	-1	-1	-1	-1	-1	60	-1	-1	-1	-1	-1	-1	-1	-1	-1	-1	-1	-1	-1	-1	-1	-1	-1	-1	-1	-1	-1	-1	-1	-1	-1	-1	-1	-1	-1	-1	-1	-1	-1	-1	-1	-1	-1	-1	-1	-1	-1	-1	-1	-1	-1	-1	-1	150	-1	-1	-1	-1	-1	-1	-1	-1	-1	FFFFFFFF	胜利宝石	32	2004	1
50921204	5	9	21	204	Gemzhuoke_9	1	蓝冥晶石(9级·4级)	琢刻了纯净蓝晶石后的蓝冥石，可以镶嵌在攻击性装备(武器、护腕、戒指、护符、项链、暗器、武魂、龙纹、令牌、豪侠印)上，使用后不可再镶嵌同类宝石。#r#W可在洛阳（280，322）彭怀玉、楼兰（279，198）克里木、束河古镇（134，85）荆嵌实处进行#G琢刻分离#W。#r#G琢刻后的宝石无法进行合成操作#r#G无法将目标的抗性降低至负值#r#G胜利宝石	300000	2000	-1	-1	-1	-1	-1	-1	120	-1	-1	-1	-1	-1	-1	-1	-1	-1	-1	-1	-1	-1	-1	-1	-1	-1	-1	-1	-1	-1	-1	-1	-1	-1	-1	-1	-1	-1	-1	-1	-1	-1	-1	-1	-1	-1	-1	-1	-1	-1	-1	-1	-1	-1	-1	-1	150	-1	-1	-1	-1	-1	-1	-1	-1	-1	FFFFFFFF	胜利宝石	32	2004	1
50921205	5	9	21	205	Gemzhuoke_9	1	蓝冥晶石(9级·5级)	琢刻了纯净蓝晶石后的蓝冥石，可以镶嵌在攻击性装备(武器、护腕、戒指、护符、项链、暗器、武魂、龙纹、令牌、豪侠印)上，使用后不可再镶嵌同类宝石。#r#W可在洛阳（280，322）彭怀玉、楼兰（279，198）克里木、束河古镇（134，85）荆嵌实处进行#G琢刻分离#W。#r#G琢刻后的宝石无法进行合成操作#r#G无法将目标的抗性降低至负值#r#G胜利宝石	300000	2000	-1	-1	-1	-1	-1	-1	170	-1	-1	-1	-1	-1	-1	-1	-1	-1	-1	-1	-1	-1	-1	-1	-1	-1	-1	-1	-1	-1	-1	-1	-1	-1	-1	-1	-1	-1	-1	-1	-1	-1	-1	-1	-1	-1	-1	-1	-1	-1	-1	-1	-1	-1	-1	-1	150	-1	-1	-1	-1	-1	-1	-1	-1	-1	FFFFFFFF	胜利宝石	32	2004	1
50921206	5	9	21	206	Gemzhuoke_9	1	蓝冥晶石(9级·6级)	琢刻了纯净蓝晶石后的蓝冥石，可以镶嵌在攻击性装备(武器、护腕、戒指、护符、项链、暗器、武魂、龙纹、令牌、豪侠印)上，使用后不可再镶嵌同类宝石。#r#W可在洛阳（280，322）彭怀玉、楼兰（279，198）克里木、束河古镇（134，85）荆嵌实处进行#G琢刻分离#W。#r#G琢刻后的宝石无法进行合成操作#r#G无法将目标的抗性降低至负值#r#G胜利宝石	300000	2000	-1	-1	-1	-1	-1	-1	230	-1	-1	-1	-1	-1	-1	-1	-1	-1	-1	-1	-1	-1	-1	-1	-1	-1	-1	-1	-1	-1	-1	-1	-1	-1	-1	-1	-1	-1	-1	-1	-1	-1	-1	-1	-1	-1	-1	-1	-1	-1	-1	-1	-1	-1	-1	-1	150	-1	-1	-1	-1	-1	-1	-1	-1	-1	FFFFFFFF	胜利宝石	32	2004	1
50921207	5	9	21	207	Gemzhuoke_9	1	蓝冥晶石(9级·7级)	琢刻了纯净蓝晶石后的蓝冥石，可以镶嵌在攻击性装备(武器、护腕、戒指、护符、项链、暗器、武魂、龙纹、令牌、豪侠印)上，使用后不可再镶嵌同类宝石。#r#W可在洛阳（280，322）彭怀玉、楼兰（279，198）克里木、束河古镇（134，85）荆嵌实处进行#G琢刻分离#W。#r#G琢刻后的宝石无法进行合成操作#r#G无法将目标的抗性降低至负值#r#G胜利宝石	300000	2000	-1	-1	-1	-1	-1	-1	290	-1	-1	-1	-1	-1	-1	-1	-1	-1	-1	-1	-1	-1	-1	-1	-1	-1	-1	-1	-1	-1	-1	-1	-1	-1	-1	-1	-1	-1	-1	-1	-1	-1	-1	-1	-1	-1	-1	-1	-1	-1	-1	-1	-1	-1	-1	-1	150	-1	-1	-1	-1	-1	-1	-1	-1	-1	FFFFFFFF	胜利宝石	32	2004	1
50921208	5	9	21	208	Gemzhuoke_9	1	蓝冥晶石(9级·8级)	琢刻了纯净蓝晶石后的蓝冥石，可以镶嵌在攻击性装备(武器、护腕、戒指、护符、项链、暗器、武魂、龙纹、令牌、豪侠印)上，使用后不可再镶嵌同类宝石。#r#W可在洛阳（280，322）彭怀玉、楼兰（279，198）克里木、束河古镇（134，85）荆嵌实处进行#G琢刻分离#W。#r#G琢刻后的宝石无法进行合成操作#r#G无法将目标的抗性降低至负值#r#G胜利宝石	300000	2000	-1	-1	-1	-1	-1	-1	350	-1	-1	-1	-1	-1	-1	-1	-1	-1	-1	-1	-1	-1	-1	-1	-1	-1	-1	-1	-1	-1	-1	-1	-1	-1	-1	-1	-1	-1	-1	-1	-1	-1	-1	-1	-1	-1	-1	-1	-1	-1	-1	-1	-1	-1	-1	-1	150	-1	-1	-1	-1	-1	-1	-1	-1	-1	FFFFFFFF	胜利宝石	32	2004	1
50921209	5	9	21	209	Gemzhuoke_9	1	蓝冥晶石(9级·9级)	琢刻了纯净蓝晶石后的蓝冥石，可以镶嵌在攻击性装备(武器、护腕、戒指、护符、项链、暗器、武魂、龙纹、令牌、豪侠印)上，使用后不可再镶嵌同类宝石。#r#W可在洛阳（280，322）彭怀玉、楼兰（279，198）克里木、束河古镇（134，85）荆嵌实处进行#G琢刻分离#W。#r#G琢刻后的宝石无法进行合成操作#r#G无法将目标的抗性降低至负值#r#G胜利宝石	300000	2000	-1	-1	-1	-1	-1	-1	350	-1	-1	-1	-1	-1	-1	-1	-1	-1	-1	-1	-1	-1	-1	-1	-1	-1	-1	-1	-1	-1	-1	-1	-1	-1	-1	-1	-1	-1	-1	-1	-1	-1	-1	-1	-1	-1	-1	-1	-1	-1	-1	-1	-1	-1	-1	-1	150	-1	-1	-1	-1	-1	-1	-1	-1	-1	FFFFFFFF	胜利宝石	32	2004	1
50921210	5	9	21	210	LiJinGemzhuoke_9	75	蓝冥晶石·红利(9级·1级)	琢刻了纯净蓝晶石·红利后的蓝冥石·红利，可以镶嵌在攻击性装备(武器、护腕、戒指、护符、项链、暗器、武魂、龙纹、令牌、豪侠印)上，使用后不可再镶嵌同类宝石。#r#W可在洛阳（280，322）彭怀玉、楼兰（279，198）克里木、束河古镇（134，85）荆嵌实处进行#G琢刻分离#W。#r#G琢刻后的宝石无法进行合成操作#r#G无法将目标的抗性降低至负值#r#G胜利宝石	300000	2000	-1	-1	-1	-1	-1	-1	23	-1	-1	-1	-1	-1	-1	-1	-1	-1	-1	-1	-1	-1	-1	-1	-1	-1	-1	-1	-1	-1	-1	-1	-1	-1	-1	-1	-1	-1	-1	-1	-1	-1	-1	-1	-1	-1	-1	-1	-1	-1	-1	-1	-1	-1	-1	-1	150	-1	-1	-1	-1	-1	-1	-1	-1	-1	FFFFFFFF	胜利宝石	32	2004	1
50921211	5	9	21	211	LiJinGemzhuoke_9	75	蓝冥晶石·红利(9级·2级)	琢刻了纯净蓝晶石·红利后的蓝冥石·红利，可以镶嵌在攻击性装备(武器、护腕、戒指、护符、项链、暗器、武魂、龙纹、令牌、豪侠印)上，使用后不可再镶嵌同类宝石。#r#W可在洛阳（280，322）彭怀玉、楼兰（279，198）克里木、束河古镇（134，85）荆嵌实处进行#G琢刻分离#W。#r#G琢刻后的宝石无法进行合成操作#r#G无法将目标的抗性降低至负值#r#G胜利宝石	300000	2000	-1	-1	-1	-1	-1	-1	33	-1	-1	-1	-1	-1	-1	-1	-1	-1	-1	-1	-1	-1	-1	-1	-1	-1	-1	-1	-1	-1	-1	-1	-1	-1	-1	-1	-1	-1	-1	-1	-1	-1	-1	-1	-1	-1	-1	-1	-1	-1	-1	-1	-1	-1	-1	-1	150	-1	-1	-1	-1	-1	-1	-1	-1	-1	FFFFFFFF	胜利宝石	32	2004	1
50921212	5	9	21	212	LiJinGemzhuoke_9	75	蓝冥晶石·红利(9级·3级)	琢刻了纯净蓝晶石·红利后的蓝冥石·红利，可以镶嵌在攻击性装备(武器、护腕、戒指、护符、项链、暗器、武魂、龙纹、令牌、豪侠印)上，使用后不可再镶嵌同类宝石。#r#W可在洛阳（280，322）彭怀玉、楼兰（279，198）克里木、束河古镇（134，85）荆嵌实处进行#G琢刻分离#W。#r#G琢刻后的宝石无法进行合成操作#r#G无法将目标的抗性降低至负值#r#G胜利宝石	300000	2000	-1	-1	-1	-1	-1	-1	60	-1	-1	-1	-1	-1	-1	-1	-1	-1	-1	-1	-1	-1	-1	-1	-1	-1	-1	-1	-1	-1	-1	-1	-1	-1	-1	-1	-1	-1	-1	-1	-1	-1	-1	-1	-1	-1	-1	-1	-1	-1	-1	-1	-1	-1	-1	-1	150	-1	-1	-1	-1	-1	-1	-1	-1	-1	FFFFFFFF	胜利宝石	32	2004	1
50921213	5	9	21	213	LiJinGemzhuoke_9	75	蓝冥晶石·红利(9级·4级)	琢刻了纯净蓝晶石·红利后的蓝冥石·红利，可以镶嵌在攻击性装备(武器、护腕、戒指、护符、项链、暗器、武魂、龙纹、令牌、豪侠印)上，使用后不可再镶嵌同类宝石。#r#W可在洛阳（280，322）彭怀玉、楼兰（279，198）克里木、束河古镇（134，85）荆嵌实处进行#G琢刻分离#W。#r#G琢刻后的宝石无法进行合成操作#r#G无法将目标的抗性降低至负值#r#G胜利宝石	300000	2000	-1	-1	-1	-1	-1	-1	120	-1	-1	-1	-1	-1	-1	-1	-1	-1	-1	-1	-1	-1	-1	-1	-1	-1	-1	-1	-1	-1	-1	-1	-1	-1	-1	-1	-1	-1	-1	-1	-1	-1	-1	-1	-1	-1	-1	-1	-1	-1	-1	-1	-1	-1	-1	-1	150	-1	-1	-1	-1	-1	-1	-1	-1	-1	FFFFFFFF	胜利宝石	32	2004	1
50921214	5	9	21	214	LiJinGemzhuoke_9	75	蓝冥晶石·红利(9级·5级)	琢刻了纯净蓝晶石·红利后的蓝冥石·红利，可以镶嵌在攻击性装备(武器、护腕、戒指、护符、项链、暗器、武魂、龙纹、令牌、豪侠印)上，使用后不可再镶嵌同类宝石。#r#W可在洛阳（280，322）彭怀玉、楼兰（279，198）克里木、束河古镇（134，85）荆嵌实处进行#G琢刻分离#W。#r#G琢刻后的宝石无法进行合成操作#r#G无法将目标的抗性降低至负值#r#G胜利宝石	300000	2000	-1	-1	-1	-1	-1	-1	170	-1	-1	-1	-1	-1	-1	-1	-1	-1	-1	-1	-1	-1	-1	-1	-1	-1	-1	-1	-1	-1	-1	-1	-1	-1	-1	-1	-1	-1	-1	-1	-1	-1	-1	-1	-1	-1	-1	-1	-1	-1	-1	-1	-1	-1	-1	-1	150	-1	-1	-1	-1	-1	-1	-1	-1	-1	FFFFFFFF	胜利宝石	32	2004	1
50921215	5	9	21	215	LiJinGemzhuoke_9	75	蓝冥晶石·红利(9级·6级)	琢刻了纯净蓝晶石·红利后的蓝冥石·红利，可以镶嵌在攻击性装备(武器、护腕、戒指、护符、项链、暗器、武魂、龙纹、令牌、豪侠印)上，使用后不可再镶嵌同类宝石。#r#W可在洛阳（280，322）彭怀玉、楼兰（279，198）克里木、束河古镇（134，85）荆嵌实处进行#G琢刻分离#W。#r#G琢刻后的宝石无法进行合成操作#r#G无法将目标的抗性降低至负值#r#G胜利宝石	300000	2000	-1	-1	-1	-1	-1	-1	230	-1	-1	-1	-1	-1	-1	-1	-1	-1	-1	-1	-1	-1	-1	-1	-1	-1	-1	-1	-1	-1	-1	-1	-1	-1	-1	-1	-1	-1	-1	-1	-1	-1	-1	-1	-1	-1	-1	-1	-1	-1	-1	-1	-1	-1	-1	-1	150	-1	-1	-1	-1	-1	-1	-1	-1	-1	FFFFFFFF	胜利宝石	32	2004	1
50921216	5	9	21	216	LiJinGemzhuoke_9	75	蓝冥晶石·红利(9级·7级)	琢刻了纯净蓝晶石·红利后的蓝冥石·红利，可以镶嵌在攻击性装备(武器、护腕、戒指、护符、项链、暗器、武魂、龙纹、令牌、豪侠印)上，使用后不可再镶嵌同类宝石。#r#W可在洛阳（280，322）彭怀玉、楼兰（279，198）克里木、束河古镇（134，85）荆嵌实处进行#G琢刻分离#W。#r#G琢刻后的宝石无法进行合成操作#r#G无法将目标的抗性降低至负值#r#G胜利宝石	300000	2000	-1	-1	-1	-1	-1	-1	290	-1	-1	-1	-1	-1	-1	-1	-1	-1	-1	-1	-1	-1	-1	-1	-1	-1	-1	-1	-1	-1	-1	-1	-1	-1	-1	-1	-1	-1	-1	-1	-1	-1	-1	-1	-1	-1	-1	-1	-1	-1	-1	-1	-1	-1	-1	-1	150	-1	-1	-1	-1	-1	-1	-1	-1	-1	FFFFFFFF	胜利宝石	32	2004	1
50921217	5	9	21	217	LiJinGemzhuoke_9	75	蓝冥晶石·红利(9级·8级)	琢刻了纯净蓝晶石·红利后的蓝冥石·红利，可以镶嵌在攻击性装备(武器、护腕、戒指、护符、项链、暗器、武魂、龙纹、令牌、豪侠印)上，使用后不可再镶嵌同类宝石。#r#W可在洛阳（280，322）彭怀玉、楼兰（279，198）克里木、束河古镇（134，85）荆嵌实处进行#G琢刻分离#W。#r#G琢刻后的宝石无法进行合成操作#r#G无法将目标的抗性降低至负值#r#G胜利宝石	300000	2000	-1	-1	-1	-1	-1	-1	350	-1	-1	-1	-1	-1	-1	-1	-1	-1	-1	-1	-1	-1	-1	-1	-1	-1	-1	-1	-1	-1	-1	-1	-1	-1	-1	-1	-1	-1	-1	-1	-1	-1	-1	-1	-1	-1	-1	-1	-1	-1	-1	-1	-1	-1	-1	-1	150	-1	-1	-1	-1	-1	-1	-1	-1	-1	FFFFFFFF	胜利宝石	32	2004	1
50921218	5	9	21	218	LiJinGemzhuoke_9	75	蓝冥晶石·红利(9级·9级)	琢刻了纯净蓝晶石·红利后的蓝冥石·红利，可以镶嵌在攻击性装备(武器、护腕、戒指、护符、项链、暗器、武魂、龙纹、令牌、豪侠印)上，使用后不可再镶嵌同类宝石。#r#W可在洛阳（280，322）彭怀玉、楼兰（279，198）克里木、束河古镇（134，85）荆嵌实处进行#G琢刻分离#W。#r#G琢刻后的宝石无法进行合成操作#r#G无法将目标的抗性降低至负值#r#G胜利宝石	300000	2000	-1	-1	-1	-1	-1	-1	350	-1	-1	-1	-1	-1	-1	-1	-1	-1	-1	-1	-1	-1	-1	-1	-1	-1	-1	-1	-1	-1	-1	-1	-1	-1	-1	-1	-1	-1	-1	-1	-1	-1	-1	-1	-1	-1	-1	-1	-1	-1	-1	-1	-1	-1	-1	-1	150	-1	-1	-1	-1	-1	-1	-1	-1	-1	FFFFFFFF	胜利宝石	32	2004	1
50921301	5	9	21	301	Gemzhuoke_3	1	红冥晶石(9级·1级)	琢刻了纯净红晶石后的红冥石，可以镶嵌在攻击性装备(武器、护腕、戒指、护符、项链、暗器、武魂、龙纹、令牌、豪侠印)上，使用后不可再镶嵌同类宝石。#r#W可在洛阳（280，322）彭怀玉、楼兰（279，198）克里木、束河古镇（134，85）荆嵌实处进行#G琢刻分离#W。#r#G琢刻后的宝石无法进行合成操作#r#G无法将目标的抗性降低至负值#r#G胜利宝石	300000	2000	-1	-1	-1	-1	-1	-1	-1	-1	-1	23	-1	-1	-1	-1	-1	-1	-1	-1	-1	-1	-1	-1	-1	-1	-1	-1	-1	-1	-1	-1	-1	-1	-1	-1	-1	-1	-1	-1	-1	-1	-1	-1	-1	-1	-1	-1	-1	-1	-1	-1	-1	-1	-1	-1	-1	150	-1	-1	-1	-1	-1	-1	-1	-1	FFFFFFFF	胜利宝石	33	2004	1
50921302	5	9	21	302	Gemzhuoke_3	1	红冥晶石(9级·2级)	琢刻了纯净红晶石后的红冥石，可以镶嵌在攻击性装备(武器、护腕、戒指、护符、项链、暗器、武魂、龙纹、令牌、豪侠印)上，使用后不可再镶嵌同类宝石。#r#W可在洛阳（280，322）彭怀玉、楼兰（279，198）克里木、束河古镇（134，85）荆嵌实处进行#G琢刻分离#W。#r#G琢刻后的宝石无法进行合成操作#r#G无法将目标的抗性降低至负值#r#G胜利宝石	300000	2000	-1	-1	-1	-1	-1	-1	-1	-1	-1	33	-1	-1	-1	-1	-1	-1	-1	-1	-1	-1	-1	-1	-1	-1	-1	-1	-1	-1	-1	-1	-1	-1	-1	-1	-1	-1	-1	-1	-1	-1	-1	-1	-1	-1	-1	-1	-1	-1	-1	-1	-1	-1	-1	-1	-1	150	-1	-1	-1	-1	-1	-1	-1	-1	FFFFFFFF	胜利宝石	33	2004	1
50921303	5	9	21	303	Gemzhuoke_3	1	红冥晶石(9级·3级)	琢刻了纯净红晶石后的红冥石，可以镶嵌在攻击性装备(武器、护腕、戒指、护符、项链、暗器、武魂、龙纹、令牌、豪侠印)上，使用后不可再镶嵌同类宝石。#r#W可在洛阳（280，322）彭怀玉、楼兰（279，198）克里木、束河古镇（134，85）荆嵌实处进行#G琢刻分离#W。#r#G琢刻后的宝石无法进行合成操作#r#G无法将目标的抗性降低至负值#r#G胜利宝石	300000	2000	-1	-1	-1	-1	-1	-1	-1	-1	-1	60	-1	-1	-1	-1	-1	-1	-1	-1	-1	-1	-1	-1	-1	-1	-1	-1	-1	-1	-1	-1	-1	-1	-1	-1	-1	-1	-1	-1	-1	-1	-1	-1	-1	-1	-1	-1	-1	-1	-1	-1	-1	-1	-1	-1	-1	150	-1	-1	-1	-1	-1	-1	-1	-1	FFFFFFFF	胜利宝石	33	2004	1
50921304	5	9	21	304	Gemzhuoke_3	1	红冥晶石(9级·4级)	琢刻了纯净红晶石后的红冥石，可以镶嵌在攻击性装备(武器、护腕、戒指、护符、项链、暗器、武魂、龙纹、令牌、豪侠印)上，使用后不可再镶嵌同类宝石。#r#W可在洛阳（280，322）彭怀玉、楼兰（279，198）克里木、束河古镇（134，85）荆嵌实处进行#G琢刻分离#W。#r#G琢刻后的宝石无法进行合成操作#r#G无法将目标的抗性降低至负值#r#G胜利宝石	300000	2000	-1	-1	-1	-1	-1	-1	-1	-1	-1	120	-1	-1	-1	-1	-1	-1	-1	-1	-1	-1	-1	-1	-1	-1	-1	-1	-1	-1	-1	-1	-1	-1	-1	-1	-1	-1	-1	-1	-1	-1	-1	-1	-1	-1	-1	-1	-1	-1	-1	-1	-1	-1	-1	-1	-1	150	-1	-1	-1	-1	-1	-1	-1	-1	FFFFFFFF	胜利宝石	33	2004	1
50921305	5	9	21	305	Gemzhuoke_3	1	红冥晶石(9级·5级)	琢刻了纯净红晶石后的红冥石，可以镶嵌在攻击性装备(武器、护腕、戒指、护符、项链、暗器、武魂、龙纹、令牌、豪侠印)上，使用后不可再镶嵌同类宝石。#r#W可在洛阳（280，322）彭怀玉、楼兰（279，198）克里木、束河古镇（134，85）荆嵌实处进行#G琢刻分离#W。#r#G琢刻后的宝石无法进行合成操作#r#G无法将目标的抗性降低至负值#r#G胜利宝石	300000	2000	-1	-1	-1	-1	-1	-1	-1	-1	-1	170	-1	-1	-1	-1	-1	-1	-1	-1	-1	-1	-1	-1	-1	-1	-1	-1	-1	-1	-1	-1	-1	-1	-1	-1	-1	-1	-1	-1	-1	-1	-1	-1	-1	-1	-1	-1	-1	-1	-1	-1	-1	-1	-1	-1	-1	150	-1	-1	-1	-1	-1	-1	-1	-1	FFFFFFFF	胜利宝石	33	2004	1
50921306	5	9	21	306	Gemzhuoke_3	1	红冥晶石(9级·6级)	琢刻了纯净红晶石后的红冥石，可以镶嵌在攻击性装备(武器、护腕、戒指、护符、项链、暗器、武魂、龙纹、令牌、豪侠印)上，使用后不可再镶嵌同类宝石。#r#W可在洛阳（280，322）彭怀玉、楼兰（279，198）克里木、束河古镇（134，85）荆嵌实处进行#G琢刻分离#W。#r#G琢刻后的宝石无法进行合成操作#r#G无法将目标的抗性降低至负值#r#G胜利宝石	300000	2000	-1	-1	-1	-1	-1	-1	-1	-1	-1	230	-1	-1	-1	-1	-1	-1	-1	-1	-1	-1	-1	-1	-1	-1	-1	-1	-1	-1	-1	-1	-1	-1	-1	-1	-1	-1	-1	-1	-1	-1	-1	-1	-1	-1	-1	-1	-1	-1	-1	-1	-1	-1	-1	-1	-1	150	-1	-1	-1	-1	-1	-1	-1	-1	FFFFFFFF	胜利宝石	33	2004	1
50921307	5	9	21	307	Gemzhuoke_3	1	红冥晶石(9级·7级)	琢刻了纯净红晶石后的红冥石，可以镶嵌在攻击性装备(武器、护腕、戒指、护符、项链、暗器、武魂、龙纹、令牌、豪侠印)上，使用后不可再镶嵌同类宝石。#r#W可在洛阳（280，322）彭怀玉、楼兰（279，198）克里木、束河古镇（134，85）荆嵌实处进行#G琢刻分离#W。#r#G琢刻后的宝石无法进行合成操作#r#G无法将目标的抗性降低至负值#r#G胜利宝石	300000	2000	-1	-1	-1	-1	-1	-1	-1	-1	-1	290	-1	-1	-1	-1	-1	-1	-1	-1	-1	-1	-1	-1	-1	-1	-1	-1	-1	-1	-1	-1	-1	-1	-1	-1	-1	-1	-1	-1	-1	-1	-1	-1	-1	-1	-1	-1	-1	-1	-1	-1	-1	-1	-1	-1	-1	150	-1	-1	-1	-1	-1	-1	-1	-1	FFFFFFFF	胜利宝石	33	2004	1
50921308	5	9	21	308	Gemzhuoke_3	1	红冥晶石(9级·8级)	琢刻了纯净红晶石后的红冥石，可以镶嵌在攻击性装备(武器、护腕、戒指、护符、项链、暗器、武魂、龙纹、令牌、豪侠印)上，使用后不可再镶嵌同类宝石。#r#W可在洛阳（280，322）彭怀玉、楼兰（279，198）克里木、束河古镇（134，85）荆嵌实处进行#G琢刻分离#W。#r#G琢刻后的宝石无法进行合成操作#r#G无法将目标的抗性降低至负值#r#G胜利宝石	300000	2000	-1	-1	-1	-1	-1	-1	-1	-1	-1	350	-1	-1	-1	-1	-1	-1	-1	-1	-1	-1	-1	-1	-1	-1	-1	-1	-1	-1	-1	-1	-1	-1	-1	-1	-1	-1	-1	-1	-1	-1	-1	-1	-1	-1	-1	-1	-1	-1	-1	-1	-1	-1	-1	-1	-1	150	-1	-1	-1	-1	-1	-1	-1	-1	FFFFFFFF	胜利宝石	33	2004	1
50921309	5	9	21	309	Gemzhuoke_3	1	红冥晶石(9级·9级)	琢刻了纯净红晶石后的红冥石，可以镶嵌在攻击性装备(武器、护腕、戒指、护符、项链、暗器、武魂、龙纹、令牌、豪侠印)上，使用后不可再镶嵌同类宝石。#r#W可在洛阳（280，322）彭怀玉、楼兰（279，198）克里木、束河古镇（134，85）荆嵌实处进行#G琢刻分离#W。#r#G琢刻后的宝石无法进行合成操作#r#G无法将目标的抗性降低至负值#r#G胜利宝石	300000	2000	-1	-1	-1	-1	-1	-1	-1	-1	-1	350	-1	-1	-1	-1	-1	-1	-1	-1	-1	-1	-1	-1	-1	-1	-1	-1	-1	-1	-1	-1	-1	-1	-1	-1	-1	-1	-1	-1	-1	-1	-1	-1	-1	-1	-1	-1	-1	-1	-1	-1	-1	-1	-1	-1	-1	150	-1	-1	-1	-1	-1	-1	-1	-1	FFFFFFFF	胜利宝石	33	2004	1
50921310	5	9	21	310	LiJinGemzhuoke_3	75	红冥晶石·红利(9级·1级)	琢刻了纯净红晶石·红利后的红冥石·红利，可以镶嵌在攻击性装备(武器、护腕、戒指、护符、项链、暗器、武魂、龙纹、令牌、豪侠印)上，使用后不可再镶嵌同类宝石。#r#W可在洛阳（280，322）彭怀玉、楼兰（279，198）克里木、束河古镇（134，85）荆嵌实处进行#G琢刻分离#W。#r#G琢刻后的宝石无法进行合成操作#r#G无法将目标的抗性降低至负值#r#G胜利宝石	300000	2000	-1	-1	-1	-1	-1	-1	-1	-1	-1	23	-1	-1	-1	-1	-1	-1	-1	-1	-1	-1	-1	-1	-1	-1	-1	-1	-1	-1	-1	-1	-1	-1	-1	-1	-1	-1	-1	-1	-1	-1	-1	-1	-1	-1	-1	-1	-1	-1	-1	-1	-1	-1	-1	-1	-1	150	-1	-1	-1	-1	-1	-1	-1	-1	FFFFFFFF	胜利宝石	33	2004	1
50921311	5	9	21	311	LiJinGemzhuoke_3	75	红冥晶石·红利(9级·2级)	琢刻了纯净红晶石·红利后的红冥石·红利，可以镶嵌在攻击性装备(武器、护腕、戒指、护符、项链、暗器、武魂、龙纹、令牌、豪侠印)上，使用后不可再镶嵌同类宝石。#r#W可在洛阳（280，322）彭怀玉、楼兰（279，198）克里木、束河古镇（134，85）荆嵌实处进行#G琢刻分离#W。#r#G琢刻后的宝石无法进行合成操作#r#G无法将目标的抗性降低至负值#r#G胜利宝石	300000	2000	-1	-1	-1	-1	-1	-1	-1	-1	-1	33	-1	-1	-1	-1	-1	-1	-1	-1	-1	-1	-1	-1	-1	-1	-1	-1	-1	-1	-1	-1	-1	-1	-1	-1	-1	-1	-1	-1	-1	-1	-1	-1	-1	-1	-1	-1	-1	-1	-1	-1	-1	-1	-1	-1	-1	150	-1	-1	-1	-1	-1	-1	-1	-1	FFFFFFFF	胜利宝石	33	2004	1
50921312	5	9	21	312	LiJinGemzhuoke_3	75	红冥晶石·红利(9级·3级)	琢刻了纯净红晶石·红利后的红冥石·红利，可以镶嵌在攻击性装备(武器、护腕、戒指、护符、项链、暗器、武魂、龙纹、令牌、豪侠印)上，使用后不可再镶嵌同类宝石。#r#W可在洛阳（280，322）彭怀玉、楼兰（279，198）克里木、束河古镇（134，85）荆嵌实处进行#G琢刻分离#W。#r#G琢刻后的宝石无法进行合成操作#r#G无法将目标的抗性降低至负值#r#G胜利宝石	300000	2000	-1	-1	-1	-1	-1	-1	-1	-1	-1	60	-1	-1	-1	-1	-1	-1	-1	-1	-1	-1	-1	-1	-1	-1	-1	-1	-1	-1	-1	-1	-1	-1	-1	-1	-1	-1	-1	-1	-1	-1	-1	-1	-1	-1	-1	-1	-1	-1	-1	-1	-1	-1	-1	-1	-1	150	-1	-1	-1	-1	-1	-1	-1	-1	FFFFFFFF	胜利宝石	33	2004	1
50921313	5	9	21	313	LiJinGemzhuoke_3	75	红冥晶石·红利(9级·4级)	琢刻了纯净红晶石·红利后的红冥石·红利，可以镶嵌在攻击性装备(武器、护腕、戒指、护符、项链、暗器、武魂、龙纹、令牌、豪侠印)上，使用后不可再镶嵌同类宝石。#r#W可在洛阳（280，322）彭怀玉、楼兰（279，198）克里木、束河古镇（134，85）荆嵌实处进行#G琢刻分离#W。#r#G琢刻后的宝石无法进行合成操作#r#G无法将目标的抗性降低至负值#r#G胜利宝石	300000	2000	-1	-1	-1	-1	-1	-1	-1	-1	-1	120	-1	-1	-1	-1	-1	-1	-1	-1	-1	-1	-1	-1	-1	-1	-1	-1	-1	-1	-1	-1	-1	-1	-1	-1	-1	-1	-1	-1	-1	-1	-1	-1	-1	-1	-1	-1	-1	-1	-1	-1	-1	-1	-1	-1	-1	150	-1	-1	-1	-1	-1	-1	-1	-1	FFFFFFFF	胜利宝石	33	2004	1
50921314	5	9	21	314	LiJinGemzhuoke_3	75	红冥晶石·红利(9级·5级)	琢刻了纯净红晶石·红利后的红冥石·红利，可以镶嵌在攻击性装备(武器、护腕、戒指、护符、项链、暗器、武魂、龙纹、令牌、豪侠印)上，使用后不可再镶嵌同类宝石。#r#W可在洛阳（280，322）彭怀玉、楼兰（279，198）克里木、束河古镇（134，85）荆嵌实处进行#G琢刻分离#W。#r#G琢刻后的宝石无法进行合成操作#r#G无法将目标的抗性降低至负值#r#G胜利宝石	300000	2000	-1	-1	-1	-1	-1	-1	-1	-1	-1	170	-1	-1	-1	-1	-1	-1	-1	-1	-1	-1	-1	-1	-1	-1	-1	-1	-1	-1	-1	-1	-1	-1	-1	-1	-1	-1	-1	-1	-1	-1	-1	-1	-1	-1	-1	-1	-1	-1	-1	-1	-1	-1	-1	-1	-1	150	-1	-1	-1	-1	-1	-1	-1	-1	FFFFFFFF	胜利宝石	33	2004	1
50921315	5	9	21	315	LiJinGemzhuoke_3	75	红冥晶石·红利(9级·6级)	琢刻了纯净红晶石·红利后的红冥石·红利，可以镶嵌在攻击性装备(武器、护腕、戒指、护符、项链、暗器、武魂、龙纹、令牌、豪侠印)上，使用后不可再镶嵌同类宝石。#r#W可在洛阳（280，322）彭怀玉、楼兰（279，198）克里木、束河古镇（134，85）荆嵌实处进行#G琢刻分离#W。#r#G琢刻后的宝石无法进行合成操作#r#G无法将目标的抗性降低至负值#r#G胜利宝石	300000	2000	-1	-1	-1	-1	-1	-1	-1	-1	-1	230	-1	-1	-1	-1	-1	-1	-1	-1	-1	-1	-1	-1	-1	-1	-1	-1	-1	-1	-1	-1	-1	-1	-1	-1	-1	-1	-1	-1	-1	-1	-1	-1	-1	-1	-1	-1	-1	-1	-1	-1	-1	-1	-1	-1	-1	150	-1	-1	-1	-1	-1	-1	-1	-1	FFFFFFFF	胜利宝石	33	2004	1
50921316	5	9	21	316	LiJinGemzhuoke_3	75	红冥晶石·红利(9级·7级)	琢刻了纯净红晶石·红利后的红冥石·红利，可以镶嵌在攻击性装备(武器、护腕、戒指、护符、项链、暗器、武魂、龙纹、令牌、豪侠印)上，使用后不可再镶嵌同类宝石。#r#W可在洛阳（280，322）彭怀玉、楼兰（279，198）克里木、束河古镇（134，85）荆嵌实处进行#G琢刻分离#W。#r#G琢刻后的宝石无法进行合成操作#r#G无法将目标的抗性降低至负值#r#G胜利宝石	300000	2000	-1	-1	-1	-1	-1	-1	-1	-1	-1	290	-1	-1	-1	-1	-1	-1	-1	-1	-1	-1	-1	-1	-1	-1	-1	-1	-1	-1	-1	-1	-1	-1	-1	-1	-1	-1	-1	-1	-1	-1	-1	-1	-1	-1	-1	-1	-1	-1	-1	-1	-1	-1	-1	-1	-1	150	-1	-1	-1	-1	-1	-1	-1	-1	FFFFFFFF	胜利宝石	33	2004	1
50921317	5	9	21	317	LiJinGemzhuoke_3	75	红冥晶石·红利(9级·8级)	琢刻了纯净红晶石·红利后的红冥石·红利，可以镶嵌在攻击性装备(武器、护腕、戒指、护符、项链、暗器、武魂、龙纹、令牌、豪侠印)上，使用后不可再镶嵌同类宝石。#r#W可在洛阳（280，322）彭怀玉、楼兰（279，198）克里木、束河古镇（134，85）荆嵌实处进行#G琢刻分离#W。#r#G琢刻后的宝石无法进行合成操作#r#G无法将目标的抗性降低至负值#r#G胜利宝石	300000	2000	-1	-1	-1	-1	-1	-1	-1	-1	-1	350	-1	-1	-1	-1	-1	-1	-1	-1	-1	-1	-1	-1	-1	-1	-1	-1	-1	-1	-1	-1	-1	-1	-1	-1	-1	-1	-1	-1	-1	-1	-1	-1	-1	-1	-1	-1	-1	-1	-1	-1	-1	-1	-1	-1	-1	150	-1	-1	-1	-1	-1	-1	-1	-1	FFFFFFFF	胜利宝石	33	2004	1
50921318	5	9	21	318	LiJinGemzhuoke_3	75	红冥晶石·红利(9级·9级)	琢刻了纯净红晶石·红利后的红冥石·红利，可以镶嵌在攻击性装备(武器、护腕、戒指、护符、项链、暗器、武魂、龙纹、令牌、豪侠印)上，使用后不可再镶嵌同类宝石。#r#W可在洛阳（280，322）彭怀玉、楼兰（279，198）克里木、束河古镇（134，85）荆嵌实处进行#G琢刻分离#W。#r#G琢刻后的宝石无法进行合成操作#r#G无法将目标的抗性降低至负值#r#G胜利宝石	300000	2000	-1	-1	-1	-1	-1	-1	-1	-1	-1	350	-1	-1	-1	-1	-1	-1	-1	-1	-1	-1	-1	-1	-1	-1	-1	-1	-1	-1	-1	-1	-1	-1	-1	-1	-1	-1	-1	-1	-1	-1	-1	-1	-1	-1	-1	-1	-1	-1	-1	-1	-1	-1	-1	-1	-1	150	-1	-1	-1	-1	-1	-1	-1	-1	FFFFFFFF	胜利宝石	33	2004	1
50921401	5	9	21	401	Gemzhuoke_12	1	绿冥晶石(9级·1级)	琢刻了纯净绿晶石后的绿冥石，可以镶嵌在攻击性装备(武器、护腕、戒指、护符、项链、暗器、武魂、龙纹、令牌、豪侠印)上，使用后不可再镶嵌同类宝石。#r#W可在洛阳（280，322）彭怀玉、楼兰（279，198）克里木、束河古镇（134，85）荆嵌实处进行#G琢刻分离#W。#r#G琢刻后的宝石无法进行合成操作#r#G无法将目标的抗性降低至负值#r#G胜利宝石	300000	2000	-1	-1	-1	-1	-1	-1	-1	-1	-1	-1	-1	-1	-1	-1	-1	23	-1	-1	-1	-1	-1	-1	-1	-1	-1	-1	-1	-1	-1	-1	-1	-1	-1	-1	-1	-1	-1	-1	-1	-1	-1	-1	-1	-1	-1	-1	-1	-1	-1	-1	-1	-1	-1	-1	-1	-1	-1	150	-1	-1	-1	-1	-1	-1	FFFFFFFF	胜利宝石	34	2004	1
50921402	5	9	21	402	Gemzhuoke_12	1	绿冥晶石(9级·2级)	琢刻了纯净绿晶石后的绿冥石，可以镶嵌在攻击性装备(武器、护腕、戒指、护符、项链、暗器、武魂、龙纹、令牌、豪侠印)上，使用后不可再镶嵌同类宝石。#r#W可在洛阳（280，322）彭怀玉、楼兰（279，198）克里木、束河古镇（134，85）荆嵌实处进行#G琢刻分离#W。#r#G琢刻后的宝石无法进行合成操作#r#G无法将目标的抗性降低至负值#r#G胜利宝石	300000	2000	-1	-1	-1	-1	-1	-1	-1	-1	-1	-1	-1	-1	-1	-1	-1	33	-1	-1	-1	-1	-1	-1	-1	-1	-1	-1	-1	-1	-1	-1	-1	-1	-1	-1	-1	-1	-1	-1	-1	-1	-1	-1	-1	-1	-1	-1	-1	-1	-1	-1	-1	-1	-1	-1	-1	-1	-1	150	-1	-1	-1	-1	-1	-1	FFFFFFFF	胜利宝石	34	2004	1
50921403	5	9	21	403	Gemzhuoke_12	1	绿冥晶石(9级·3级)	琢刻了纯净绿晶石后的绿冥石，可以镶嵌在攻击性装备(武器、护腕、戒指、护符、项链、暗器、武魂、龙纹、令牌、豪侠印)上，使用后不可再镶嵌同类宝石。#r#W可在洛阳（280，322）彭怀玉、楼兰（279，198）克里木、束河古镇（134，85）荆嵌实处进行#G琢刻分离#W。#r#G琢刻后的宝石无法进行合成操作#r#G无法将目标的抗性降低至负值#r#G胜利宝石	300000	2000	-1	-1	-1	-1	-1	-1	-1	-1	-1	-1	-1	-1	-1	-1	-1	60	-1	-1	-1	-1	-1	-1	-1	-1	-1	-1	-1	-1	-1	-1	-1	-1	-1	-1	-1	-1	-1	-1	-1	-1	-1	-1	-1	-1	-1	-1	-1	-1	-1	-1	-1	-1	-1	-1	-1	-1	-1	150	-1	-1	-1	-1	-1	-1	FFFFFFFF	胜利宝石	34	2004	1
50921404	5	9	21	404	Gemzhuoke_12	1	绿冥晶石(9级·4级)	琢刻了纯净绿晶石后的绿冥石，可以镶嵌在攻击性装备(武器、护腕、戒指、护符、项链、暗器、武魂、龙纹、令牌、豪侠印)上，使用后不可再镶嵌同类宝石。#r#W可在洛阳（280，322）彭怀玉、楼兰（279，198）克里木、束河古镇（134，85）荆嵌实处进行#G琢刻分离#W。#r#G琢刻后的宝石无法进行合成操作#r#G无法将目标的抗性降低至负值#r#G胜利宝石	300000	2000	-1	-1	-1	-1	-1	-1	-1	-1	-1	-1	-1	-1	-1	-1	-1	120	-1	-1	-1	-1	-1	-1	-1	-1	-1	-1	-1	-1	-1	-1	-1	-1	-1	-1	-1	-1	-1	-1	-1	-1	-1	-1	-1	-1	-1	-1	-1	-1	-1	-1	-1	-1	-1	-1	-1	-1	-1	150	-1	-1	-1	-1	-1	-1	FFFFFFFF	胜利宝石	34	2004	1
50921405	5	9	21	405	Gemzhuoke_12	1	绿冥晶石(9级·5级)	琢刻了纯净绿晶石后的绿冥石，可以镶嵌在攻击性装备(武器、护腕、戒指、护符、项链、暗器、武魂、龙纹、令牌、豪侠印)上，使用后不可再镶嵌同类宝石。#r#W可在洛阳（280，322）彭怀玉、楼兰（279，198）克里木、束河古镇（134，85）荆嵌实处进行#G琢刻分离#W。#r#G琢刻后的宝石无法进行合成操作#r#G无法将目标的抗性降低至负值#r#G胜利宝石	300000	2000	-1	-1	-1	-1	-1	-1	-1	-1	-1	-1	-1	-1	-1	-1	-1	170	-1	-1	-1	-1	-1	-1	-1	-1	-1	-1	-1	-1	-1	-1	-1	-1	-1	-1	-1	-1	-1	-1	-1	-1	-1	-1	-1	-1	-1	-1	-1	-1	-1	-1	-1	-1	-1	-1	-1	-1	-1	150	-1	-1	-1	-1	-1	-1	FFFFFFFF	胜利宝石	34	2004	1
50921406	5	9	21	406	Gemzhuoke_12	1	绿冥晶石(9级·6级)	琢刻了纯净绿晶石后的绿冥石，可以镶嵌在攻击性装备(武器、护腕、戒指、护符、项链、暗器、武魂、龙纹、令牌、豪侠印)上，使用后不可再镶嵌同类宝石。#r#W可在洛阳（280，322）彭怀玉、楼兰（279，198）克里木、束河古镇（134，85）荆嵌实处进行#G琢刻分离#W。#r#G琢刻后的宝石无法进行合成操作#r#G无法将目标的抗性降低至负值#r#G胜利宝石	300000	2000	-1	-1	-1	-1	-1	-1	-1	-1	-1	-1	-1	-1	-1	-1	-1	230	-1	-1	-1	-1	-1	-1	-1	-1	-1	-1	-1	-1	-1	-1	-1	-1	-1	-1	-1	-1	-1	-1	-1	-1	-1	-1	-1	-1	-1	-1	-1	-1	-1	-1	-1	-1	-1	-1	-1	-1	-1	150	-1	-1	-1	-1	-1	-1	FFFFFFFF	胜利宝石	34	2004	1
50921407	5	9	21	407	Gemzhuoke_12	1	绿冥晶石(9级·7级)	琢刻了纯净绿晶石后的绿冥石，可以镶嵌在攻击性装备(武器、护腕、戒指、护符、项链、暗器、武魂、龙纹、令牌、豪侠印)上，使用后不可再镶嵌同类宝石。#r#W可在洛阳（280，322）彭怀玉、楼兰（279，198）克里木、束河古镇（134，85）荆嵌实处进行#G琢刻分离#W。#r#G琢刻后的宝石无法进行合成操作#r#G无法将目标的抗性降低至负值#r#G胜利宝石	300000	2000	-1	-1	-1	-1	-1	-1	-1	-1	-1	-1	-1	-1	-1	-1	-1	290	-1	-1	-1	-1	-1	-1	-1	-1	-1	-1	-1	-1	-1	-1	-1	-1	-1	-1	-1	-1	-1	-1	-1	-1	-1	-1	-1	-1	-1	-1	-1	-1	-1	-1	-1	-1	-1	-1	-1	-1	-1	150	-1	-1	-1	-1	-1	-1	FFFFFFFF	胜利宝石	34	2004	1
50921408	5	9	21	408	Gemzhuoke_12	1	绿冥晶石(9级·8级)	琢刻了纯净绿晶石后的绿冥石，可以镶嵌在攻击性装备(武器、护腕、戒指、护符、项链、暗器、武魂、龙纹、令牌、豪侠印)上，使用后不可再镶嵌同类宝石。#r#W可在洛阳（280，322）彭怀玉、楼兰（279，198）克里木、束河古镇（134，85）荆嵌实处进行#G琢刻分离#W。#r#G琢刻后的宝石无法进行合成操作#r#G无法将目标的抗性降低至负值#r#G胜利宝石	300000	2000	-1	-1	-1	-1	-1	-1	-1	-1	-1	-1	-1	-1	-1	-1	-1	350	-1	-1	-1	-1	-1	-1	-1	-1	-1	-1	-1	-1	-1	-1	-1	-1	-1	-1	-1	-1	-1	-1	-1	-1	-1	-1	-1	-1	-1	-1	-1	-1	-1	-1	-1	-1	-1	-1	-1	-1	-1	150	-1	-1	-1	-1	-1	-1	FFFFFFFF	胜利宝石	34	2004	1
50921409	5	9	21	409	Gemzhuoke_12	1	绿冥晶石(9级·9级)	琢刻了纯净绿晶石后的绿冥石，可以镶嵌在攻击性装备(武器、护腕、戒指、护符、项链、暗器、武魂、龙纹、令牌、豪侠印)上，使用后不可再镶嵌同类宝石。#r#W可在洛阳（280，322）彭怀玉、楼兰（279，198）克里木、束河古镇（134，85）荆嵌实处进行#G琢刻分离#W。#r#G琢刻后的宝石无法进行合成操作#r#G无法将目标的抗性降低至负值#r#G胜利宝石	300000	2000	-1	-1	-1	-1	-1	-1	-1	-1	-1	-1	-1	-1	-1	-1	-1	350	-1	-1	-1	-1	-1	-1	-1	-1	-1	-1	-1	-1	-1	-1	-1	-1	-1	-1	-1	-1	-1	-1	-1	-1	-1	-1	-1	-1	-1	-1	-1	-1	-1	-1	-1	-1	-1	-1	-1	-1	-1	150	-1	-1	-1	-1	-1	-1	FFFFFFFF	胜利宝石	34	2004	1
50921410	5	9	21	410	LiJinGemzhuoke_12	75	绿冥晶石·红利(9级·1级)	琢刻了纯净绿晶石·红利后的绿冥石·红利，可以镶嵌在攻击性装备(武器、护腕、戒指、护符、项链、暗器、武魂、龙纹、令牌、豪侠印)上，使用后不可再镶嵌同类宝石。#r#W可在洛阳（280，322）彭怀玉、楼兰（279，198）克里木、束河古镇（134，85）荆嵌实处进行#G琢刻分离#W。#r#G琢刻后的宝石无法进行合成操作#r#G无法将目标的抗性降低至负值#r#G胜利宝石	300000	2000	-1	-1	-1	-1	-1	-1	-1	-1	-1	-1	-1	-1	-1	-1	-1	23	-1	-1	-1	-1	-1	-1	-1	-1	-1	-1	-1	-1	-1	-1	-1	-1	-1	-1	-1	-1	-1	-1	-1	-1	-1	-1	-1	-1	-1	-1	-1	-1	-1	-1	-1	-1	-1	-1	-1	-1	-1	150	-1	-1	-1	-1	-1	-1	FFFFFFFF	胜利宝石	34	2004	1
50921411	5	9	21	411	LiJinGemzhuoke_12	75	绿冥晶石·红利(9级·2级)	琢刻了纯净绿晶石·红利后的绿冥石·红利，可以镶嵌在攻击性装备(武器、护腕、戒指、护符、项链、暗器、武魂、龙纹、令牌、豪侠印)上，使用后不可再镶嵌同类宝石。#r#W可在洛阳（280，322）彭怀玉、楼兰（279，198）克里木、束河古镇（134，85）荆嵌实处进行#G琢刻分离#W。#r#G琢刻后的宝石无法进行合成操作#r#G无法将目标的抗性降低至负值#r#G胜利宝石	300000	2000	-1	-1	-1	-1	-1	-1	-1	-1	-1	-1	-1	-1	-1	-1	-1	33	-1	-1	-1	-1	-1	-1	-1	-1	-1	-1	-1	-1	-1	-1	-1	-1	-1	-1	-1	-1	-1	-1	-1	-1	-1	-1	-1	-1	-1	-1	-1	-1	-1	-1	-1	-1	-1	-1	-1	-1	-1	150	-1	-1	-1	-1	-1	-1	FFFFFFFF	胜利宝石	34	2004	1
50921412	5	9	21	412	LiJinGemzhuoke_12	75	绿冥晶石·红利(9级·3级)	琢刻了纯净绿晶石·红利后的绿冥石·红利，可以镶嵌在攻击性装备(武器、护腕、戒指、护符、项链、暗器、武魂、龙纹、令牌、豪侠印)上，使用后不可再镶嵌同类宝石。#r#W可在洛阳（280，322）彭怀玉、楼兰（279，198）克里木、束河古镇（134，85）荆嵌实处进行#G琢刻分离#W。#r#G琢刻后的宝石无法进行合成操作#r#G无法将目标的抗性降低至负值#r#G胜利宝石	300000	2000	-1	-1	-1	-1	-1	-1	-1	-1	-1	-1	-1	-1	-1	-1	-1	60	-1	-1	-1	-1	-1	-1	-1	-1	-1	-1	-1	-1	-1	-1	-1	-1	-1	-1	-1	-1	-1	-1	-1	-1	-1	-1	-1	-1	-1	-1	-1	-1	-1	-1	-1	-1	-1	-1	-1	-1	-1	150	-1	-1	-1	-1	-1	-1	FFFFFFFF	胜利宝石	34	2004	1
50921413	5	9	21	413	LiJinGemzhuoke_12	75	绿冥晶石·红利(9级·4级)	琢刻了纯净绿晶石·红利后的绿冥石·红利，可以镶嵌在攻击性装备(武器、护腕、戒指、护符、项链、暗器、武魂、龙纹、令牌、豪侠印)上，使用后不可再镶嵌同类宝石。#r#W可在洛阳（280，322）彭怀玉、楼兰（279，198）克里木、束河古镇（134，85）荆嵌实处进行#G琢刻分离#W。#r#G琢刻后的宝石无法进行合成操作#r#G无法将目标的抗性降低至负值#r#G胜利宝石	300000	2000	-1	-1	-1	-1	-1	-1	-1	-1	-1	-1	-1	-1	-1	-1	-1	120	-1	-1	-1	-1	-1	-1	-1	-1	-1	-1	-1	-1	-1	-1	-1	-1	-1	-1	-1	-1	-1	-1	-1	-1	-1	-1	-1	-1	-1	-1	-1	-1	-1	-1	-1	-1	-1	-1	-1	-1	-1	150	-1	-1	-1	-1	-1	-1	FFFFFFFF	胜利宝石	34	2004	1
50921414	5	9	21	414	LiJinGemzhuoke_12	75	绿冥晶石·红利(9级·5级)	琢刻了纯净绿晶石·红利后的绿冥石·红利，可以镶嵌在攻击性装备(武器、护腕、戒指、护符、项链、暗器、武魂、龙纹、令牌、豪侠印)上，使用后不可再镶嵌同类宝石。#r#W可在洛阳（280，322）彭怀玉、楼兰（279，198）克里木、束河古镇（134，85）荆嵌实处进行#G琢刻分离#W。#r#G琢刻后的宝石无法进行合成操作#r#G无法将目标的抗性降低至负值#r#G胜利宝石	300000	2000	-1	-1	-1	-1	-1	-1	-1	-1	-1	-1	-1	-1	-1	-1	-1	170	-1	-1	-1	-1	-1	-1	-1	-1	-1	-1	-1	-1	-1	-1	-1	-1	-1	-1	-1	-1	-1	-1	-1	-1	-1	-1	-1	-1	-1	-1	-1	-1	-1	-1	-1	-1	-1	-1	-1	-1	-1	150	-1	-1	-1	-1	-1	-1	FFFFFFFF	胜利宝石	34	2004	1
50921415	5	9	21	415	LiJinGemzhuoke_12	75	绿冥晶石·红利(9级·6级)	琢刻了纯净绿晶石·红利后的绿冥石·红利，可以镶嵌在攻击性装备(武器、护腕、戒指、护符、项链、暗器、武魂、龙纹、令牌、豪侠印)上，使用后不可再镶嵌同类宝石。#r#W可在洛阳（280，322）彭怀玉、楼兰（279，198）克里木、束河古镇（134，85）荆嵌实处进行#G琢刻分离#W。#r#G琢刻后的宝石无法进行合成操作#r#G无法将目标的抗性降低至负值#r#G胜利宝石	300000	2000	-1	-1	-1	-1	-1	-1	-1	-1	-1	-1	-1	-1	-1	-1	-1	230	-1	-1	-1	-1	-1	-1	-1	-1	-1	-1	-1	-1	-1	-1	-1	-1	-1	-1	-1	-1	-1	-1	-1	-1	-1	-1	-1	-1	-1	-1	-1	-1	-1	-1	-1	-1	-1	-1	-1	-1	-1	150	-1	-1	-1	-1	-1	-1	FFFFFFFF	胜利宝石	34	2004	1
50921416	5	9	21	416	LiJinGemzhuoke_12	75	绿冥晶石·红利(9级·7级)	琢刻了纯净绿晶石·红利后的绿冥石·红利，可以镶嵌在攻击性装备(武器、护腕、戒指、护符、项链、暗器、武魂、龙纹、令牌、豪侠印)上，使用后不可再镶嵌同类宝石。#r#W可在洛阳（280，322）彭怀玉、楼兰（279，198）克里木、束河古镇（134，85）荆嵌实处进行#G琢刻分离#W。#r#G琢刻后的宝石无法进行合成操作#r#G无法将目标的抗性降低至负值#r#G胜利宝石	300000	2000	-1	-1	-1	-1	-1	-1	-1	-1	-1	-1	-1	-1	-1	-1	-1	290	-1	-1	-1	-1	-1	-1	-1	-1	-1	-1	-1	-1	-1	-1	-1	-1	-1	-1	-1	-1	-1	-1	-1	-1	-1	-1	-1	-1	-1	-1	-1	-1	-1	-1	-1	-1	-1	-1	-1	-1	-1	150	-1	-1	-1	-1	-1	-1	FFFFFFFF	胜利宝石	34	2004	1
50921417	5	9	21	417	LiJinGemzhuoke_12	75	绿冥晶石·红利(9级·8级)	琢刻了纯净绿晶石·红利后的绿冥石·红利，可以镶嵌在攻击性装备(武器、护腕、戒指、护符、项链、暗器、武魂、龙纹、令牌、豪侠印)上，使用后不可再镶嵌同类宝石。#r#W可在洛阳（280，322）彭怀玉、楼兰（279，198）克里木、束河古镇（134，85）荆嵌实处进行#G琢刻分离#W。#r#G琢刻后的宝石无法进行合成操作#r#G无法将目标的抗性降低至负值#r#G胜利宝石	300000	2000	-1	-1	-1	-1	-1	-1	-1	-1	-1	-1	-1	-1	-1	-1	-1	350	-1	-1	-1	-1	-1	-1	-1	-1	-1	-1	-1	-1	-1	-1	-1	-1	-1	-1	-1	-1	-1	-1	-1	-1	-1	-1	-1	-1	-1	-1	-1	-1	-1	-1	-1	-1	-1	-1	-1	-1	-1	150	-1	-1	-1	-1	-1	-1	FFFFFFFF	胜利宝石	34	2004	1
50921418	5	9	21	418	LiJinGemzhuoke_12	75	绿冥晶石·红利(9级·9级)	琢刻了纯净绿晶石·红利后的绿冥石·红利，可以镶嵌在攻击性装备(武器、护腕、戒指、护符、项链、暗器、武魂、龙纹、令牌、豪侠印)上，使用后不可再镶嵌同类宝石。#r#W可在洛阳（280，322）彭怀玉、楼兰（279，198）克里木、束河古镇（134，85）荆嵌实处进行#G琢刻分离#W。#r#G琢刻后的宝石无法进行合成操作#r#G无法将目标的抗性降低至负值#r#G胜利宝石	300000	2000	-1	-1	-1	-1	-1	-1	-1	-1	-1	-1	-1	-1	-1	-1	-1	350	-1	-1	-1	-1	-1	-1	-1	-1	-1	-1	-1	-1	-1	-1	-1	-1	-1	-1	-1	-1	-1	-1	-1	-1	-1	-1	-1	-1	-1	-1	-1	-1	-1	-1	-1	-1	-1	-1	-1	-1	-1	150	-1	-1	-1	-1	-1	-1	FFFFFFFF	胜利宝石	34	2004	1
#时装点缀整理 BY SUNYAN 逍遥子 QQ857904341																																																																															
59000001	5	4	13	1	Charm8_8	1	冰蓝流云·肩	#cffff00【奢侈品】#r#W用于点缀时装肩膀的配饰，让你的时装更加的炫丽。#r在#G洛阳（345，270）#R伊天彩#W处可以点缀到已经裁剪的时装上。使用后不可再点缀同类配饰。	300000	2000	-1	-1	-1	-1	-1	-1	-1	-1	-1	-1	-1	-1	-1	-1	-1	-1	-1	-1	-1	-1	-1	-1	-1	-1	-1	-1	-1	-1	-1	-1	-1	-1	-1	-1	-1	-1	-1	-1	-1	-1	-1	-1	-1	-1	-1	-1	-1	-1	-1	-1	-1	-1	-1	-1	-1	-1	-1	-1	-1	-1	-1	-1	-1	-1	FFFFFF77	肩部配饰	1	2004	1
59000002	5	4	13	4	Charm7_12	1	紫微星光·肩	#cffff00【奢侈品】#r#W用于点缀时装肩膀的配饰，让你的时装更加的炫丽。#r在#G洛阳（345，270）#R伊天彩#W处可以点缀到已经裁剪的时装上。使用后不可再点缀同类配饰。	300000	2000	-1	-1	-1	-1	-1	-1	-1	-1	-1	-1	-1	-1	-1	-1	-1	-1	-1	-1	-1	-1	-1	-1	-1	-1	-1	-1	-1	-1	-1	-1	-1	-1	-1	-1	-1	-1	-1	-1	-1	-1	-1	-1	-1	-1	-1	-1	-1	-1	-1	-1	-1	-1	-1	-1	-1	-1	-1	-1	-1	-1	-1	-1	-1	-1	FFFFFF4C	肩部配饰	2	2004	1
59000003	5	4	13	3	Charm8_12	1	翠玉星尘·肩	#cffff00【奢侈品】#r#W用于点缀时装肩膀的配饰，让你的时装更加的炫丽。#r在#G洛阳（345，270）#R伊天彩#W处可以点缀到已经裁剪的时装上。使用后不可再点缀同类配饰。	300000	2000	-1	-1	-1	-1	-1	-1	-1	-1	-1	-1	-1	-1	-1	-1	-1	-1	-1	-1	-1	-1	-1	-1	-1	-1	-1	-1	-1	-1	-1	-1	-1	-1	-1	-1	-1	-1	-1	-1	-1	-1	-1	-1	-1	-1	-1	-1	-1	-1	-1	-1	-1	-1	-1	-1	-1	-1	-1	-1	-1	-1	-1	-1	-1	-1	FFFFFF77	肩部配饰	3	2004	1
59000004	5	4	13	4	Charm8_4	1	橙影如梦·肩	#cffff00【奢侈品】#r#W用于点缀时装肩膀的配饰，让你的时装更加的炫丽。#r在#G洛阳（345，270）#R伊天彩#W处可以点缀到已经裁剪的时装上。使用后不可再点缀同类配饰。	300000	2000	-1	-1	-1	-1	-1	-1	-1	-1	-1	-1	-1	-1	-1	-1	-1	-1	-1	-1	-1	-1	-1	-1	-1	-1	-1	-1	-1	-1	-1	-1	-1	-1	-1	-1	-1	-1	-1	-1	-1	-1	-1	-1	-1	-1	-1	-1	-1	-1	-1	-1	-1	-1	-1	-1	-1	-1	-1	-1	-1	-1	-1	-1	-1	-1	FFFFFF77	肩部配饰	4	2004	1
59000005	5	4	13	5	Charm7_16	1	花落红尘·肩	#cffff00【奢侈品】#r#W用于点缀时装肩膀的配饰，让你的时装更加的炫丽。#r在#G洛阳（345，270）#R伊天彩#W处可以点缀到已经裁剪的时装上。使用后不可再点缀同类配饰。	300000	2000	-1	-1	-1	-1	-1	-1	-1	-1	-1	-1	-1	-1	-1	-1	-1	-1	-1	-1	-1	-1	-1	-1	-1	-1	-1	-1	-1	-1	-1	-1	-1	-1	-1	-1	-1	-1	-1	-1	-1	-1	-1	-1	-1	-1	-1	-1	-1	-1	-1	-1	-1	-1	-1	-1	-1	-1	-1	-1	-1	-1	-1	-1	-1	-1	FFFFFF66	肩部配饰	5	2004	1
59000006	5	4	13	6	TaskTools16_7	1	蝶影心华·肩	#cffff00【奢侈品】#r#W用于点缀时装肩膀的配饰，让你的时装更加的炫丽。#r在#G洛阳（345，270）#R伊天彩#W处可以点缀到已经裁剪的时装上。使用后不可再点缀同类配饰。	300000	2000	-1	-1	-1	-1	-1	-1	-1	-1	-1	-1	-1	-1	-1	-1	-1	-1	-1	-1	-1	-1	-1	-1	-1	-1	-1	-1	-1	-1	-1	-1	-1	-1	-1	-1	-1	-1	-1	-1	-1	-1	-1	-1	-1	-1	-1	-1	-1	-1	-1	-1	-1	-1	-1	-1	-1	-1	-1	-1	-1	-1	-1	-1	-1	-1	FFFFFF99	肩部配饰	6	2004	1
59000007	5	4	13	7	TaskTools16_16	1	鹊舞红莲·肩	#cffff00【奢侈品】#r#W用于点缀时装肩膀的配饰，让你的时装更加的炫丽。#r在#G洛阳（345，270）#R伊天彩#W处可以点缀到已经裁剪的时装上。使用后不可再点缀同类配饰。	300000	2000	-1	-1	-1	-1	-1	-1	-1	-1	-1	-1	-1	-1	-1	-1	-1	-1	-1	-1	-1	-1	-1	-1	-1	-1	-1	-1	-1	-1	-1	-1	-1	-1	-1	-1	-1	-1	-1	-1	-1	-1	-1	-1	-1	-1	-1	-1	-1	-1	-1	-1	-1	-1	-1	-1	-1	-1	-1	-1	-1	-1	-1	-1	-1	-1	FFFFFF99	肩部配饰	7	2004	1
59000008	5	4	13	8	Charm10_4	1	妙羽芳兰·肩	#cffff00【奢侈品】#r#W用于点缀时装肩膀的配饰，让你的时装更加的炫丽。#r在#G洛阳（345，270）#R伊天彩#W处可以点缀到已经裁剪的时装上。使用后不可再点缀同类配饰。	300000	2000	-1	-1	-1	-1	-1	-1	-1	-1	-1	-1	-1	-1	-1	-1	-1	-1	-1	-1	-1	-1	-1	-1	-1	-1	-1	-1	-1	-1	-1	-1	-1	-1	-1	-1	-1	-1	-1	-1	-1	-1	-1	-1	-1	-1	-1	-1	-1	-1	-1	-1	-1	-1	-1	-1	-1	-1	-1	-1	-1	-1	-1	-1	-1	-1	FFFFFF99	肩部配饰	8	2004	1
59000009	5	4	31	9	Charm10_8	1	碎钻星辰·肩	#cffff00【奢侈品】#r#W用于点缀时装肩膀的配饰，让你的时装更加的炫丽。#r在#G洛阳（345，270）#R伊天彩#W处可以点缀到已经裁剪的时装上。使用后不可再点缀同类配饰。	300000	2000	-1	-1	-1	-1	-1	-1	-1	-1	-1	-1	-1	-1	-1	-1	-1	-1	-1	-1	-1	-1	-1	-1	-1	-1	-1	-1	-1	-1	-1	-1	-1	-1	-1	-1	-1	-1	-1	-1	-1	-1	-1	-1	-1	-1	-1	-1	-1	-1	-1	-1	-1	-1	-1	-1	-1	-1	-1	-1	-1	-1	-1	-1	-1	-1	FFFFFF77	肩部配饰	9	2004	1
59000010	5	4	31	10	Charm10_14	1	寒梦星莲·肩	#cffff00【奢侈品】#r#W用于点缀时装肩部的配饰，让你的时装更加的炫丽。#r在#G洛阳（345，270）#R伊天彩#W处可以点缀到已经裁剪的时装上。使用后不可再点缀同类配饰。	300000	2000	-1	-1	-1	-1	-1	-1	-1	-1	-1	-1	-1	-1	-1	-1	-1	-1	-1	-1	-1	-1	-1	-1	-1	-1	-1	-1	-1	-1	-1	-1	-1	-1	-1	-1	-1	-1	-1	-1	-1	-1	-1	-1	-1	-1	-1	-1	-1	-1	-1	-1	-1	-1	-1	-1	-1	-1	-1	-1	-1	-1	-1	-1	-1	-1	FFFFFF99	肩部配饰	10	2004	1
59000011	5	4	31	11	Charm11_2	1	银宵灵鹤·肩	#cffff00【奢侈品】#r#W用于点缀时装肩部的配饰，让你的时装更加的炫丽。#r在#G洛阳（345，270）#R伊天彩#W处可以点缀到已经裁剪的时装上。使用后不可再点缀同类配饰。	300000	2000	-1	-1	-1	-1	-1	-1	-1	-1	-1	-1	-1	-1	-1	-1	-1	-1	-1	-1	-1	-1	-1	-1	-1	-1	-1	-1	-1	-1	-1	-1	-1	-1	-1	-1	-1	-1	-1	-1	-1	-1	-1	-1	-1	-1	-1	-1	-1	-1	-1	-1	-1	-1	-1	-1	-1	-1	-1	-1	-1	-1	-1	-1	-1	-1	FFFFFF99	肩部配饰	11	2004	1
																																																																															
59000012	5	4	14	1	Charm8_8	1	冰蓝流云·腰	#cffff00【奢侈品】#r#W用于点缀时装腰部的配饰，让你的时装更加的炫丽。#r在#G洛阳（345，270）#R伊天彩#W处可以点缀到已经裁剪的时装上。使用后不可再点缀同类配饰。	300000	2000	-1	-1	-1	-1	-1	-1	-1	-1	-1	-1	-1	-1	-1	-1	-1	-1	-1	-1	-1	-1	-1	-1	-1	-1	-1	-1	-1	-1	-1	-1	-1	-1	-1	-1	-1	-1	-1	-1	-1	-1	-1	-1	-1	-1	-1	-1	-1	-1	-1	-1	-1	-1	-1	-1	-1	-1	-1	-1	-1	-1	-1	-1	-1	-1	FFFFFF77	腰部配饰	12	2004	1
59000013	5	4	14	1	Charm7_12	1	紫微星光·腰	#cffff00【奢侈品】#r#W用于点缀时装腰部的配饰，让你的时装更加的炫丽。#r在#G洛阳（345，270）#R伊天彩#W处可以点缀到已经裁剪的时装上。使用后不可再点缀同类配饰。	300000	2000	-1	-1	-1	-1	-1	-1	-1	-1	-1	-1	-1	-1	-1	-1	-1	-1	-1	-1	-1	-1	-1	-1	-1	-1	-1	-1	-1	-1	-1	-1	-1	-1	-1	-1	-1	-1	-1	-1	-1	-1	-1	-1	-1	-1	-1	-1	-1	-1	-1	-1	-1	-1	-1	-1	-1	-1	-1	-1	-1	-1	-1	-1	-1	-1	FFFFFF4C	腰部配饰	13	2004	1
59000014	5	4	14	3	Charm8_12	1	翠玉星尘·腰	#cffff00【奢侈品】#r#W用于点缀时装腰部的配饰，让你的时装更加的炫丽。#r在#G洛阳（345，270）#R伊天彩#W处可以点缀到已经裁剪的时装上。使用后不可再点缀同类配饰。	300000	2000	-1	-1	-1	-1	-1	-1	-1	-1	-1	-1	-1	-1	-1	-1	-1	-1	-1	-1	-1	-1	-1	-1	-1	-1	-1	-1	-1	-1	-1	-1	-1	-1	-1	-1	-1	-1	-1	-1	-1	-1	-1	-1	-1	-1	-1	-1	-1	-1	-1	-1	-1	-1	-1	-1	-1	-1	-1	-1	-1	-1	-1	-1	-1	-1	FFFFFF77	腰部配饰	14	2004	1
59000015	5	4	14	4	Charm8_4	1	橙影如梦·腰	#cffff00【奢侈品】#r#W用于点缀时装腰部的配饰，让你的时装更加的炫丽。#r在#G洛阳（345，270）#R伊天彩#W处可以点缀到已经裁剪的时装上。使用后不可再点缀同类配饰。	300000	2000	-1	-1	-1	-1	-1	-1	-1	-1	-1	-1	-1	-1	-1	-1	-1	-1	-1	-1	-1	-1	-1	-1	-1	-1	-1	-1	-1	-1	-1	-1	-1	-1	-1	-1	-1	-1	-1	-1	-1	-1	-1	-1	-1	-1	-1	-1	-1	-1	-1	-1	-1	-1	-1	-1	-1	-1	-1	-1	-1	-1	-1	-1	-1	-1	FFFFFF77	腰部配饰	15	2004	1
59000016	5	4	14	5	Charm7_16	1	花落红尘·腰	#cffff00【奢侈品】#r#W用于点缀时装腰部的配饰，让你的时装更加的炫丽。#r在#G洛阳（345，270）#R伊天彩#W处可以点缀到已经裁剪的时装上。使用后不可再点缀同类配饰。	300000	2000	-1	-1	-1	-1	-1	-1	-1	-1	-1	-1	-1	-1	-1	-1	-1	-1	-1	-1	-1	-1	-1	-1	-1	-1	-1	-1	-1	-1	-1	-1	-1	-1	-1	-1	-1	-1	-1	-1	-1	-1	-1	-1	-1	-1	-1	-1	-1	-1	-1	-1	-1	-1	-1	-1	-1	-1	-1	-1	-1	-1	-1	-1	-1	-1	FFFFFF77	腰部配饰	16	2004	1
59000017	5	4	14	6	TaskTools16_7	1	蝶影心华·腰	#cffff00【奢侈品】#r#W用于点缀时装腰部的配饰，让你的时装更加的炫丽。#r在#G洛阳（345，270）#R伊天彩#W处可以点缀到已经裁剪的时装上。使用后不可再点缀同类配饰。	300000	2000	-1	-1	-1	-1	-1	-1	-1	-1	-1	-1	-1	-1	-1	-1	-1	-1	-1	-1	-1	-1	-1	-1	-1	-1	-1	-1	-1	-1	-1	-1	-1	-1	-1	-1	-1	-1	-1	-1	-1	-1	-1	-1	-1	-1	-1	-1	-1	-1	-1	-1	-1	-1	-1	-1	-1	-1	-1	-1	-1	-1	-1	-1	-1	-1	FFFFFF99	腰部配饰	17	2004	1
59000018	5	4	14	7	TaskTools16_16	1	鹊舞红莲·腰	#cffff00【奢侈品】#r#W用于点缀时装腰部的配饰，让你的时装更加的炫丽。#r在#G洛阳（345，270）#R伊天彩#W处可以点缀到已经裁剪的时装上。使用后不可再点缀同类配饰。	300000	2000	-1	-1	-1	-1	-1	-1	-1	-1	-1	-1	-1	-1	-1	-1	-1	-1	-1	-1	-1	-1	-1	-1	-1	-1	-1	-1	-1	-1	-1	-1	-1	-1	-1	-1	-1	-1	-1	-1	-1	-1	-1	-1	-1	-1	-1	-1	-1	-1	-1	-1	-1	-1	-1	-1	-1	-1	-1	-1	-1	-1	-1	-1	-1	-1	FFFFFF99	腰部配饰	18	2004	1
59000019	5	4	14	8	Charm10_4	1	妙羽芳兰·腰	#cffff00【奢侈品】#r#W用于点缀时装腰部的配饰，让你的时装更加的炫丽。#r在#G洛阳（345，270）#R伊天彩#W处可以点缀到已经裁剪的时装上。使用后不可再点缀同类配饰。	300000	2000	-1	-1	-1	-1	-1	-1	-1	-1	-1	-1	-1	-1	-1	-1	-1	-1	-1	-1	-1	-1	-1	-1	-1	-1	-1	-1	-1	-1	-1	-1	-1	-1	-1	-1	-1	-1	-1	-1	-1	-1	-1	-1	-1	-1	-1	-1	-1	-1	-1	-1	-1	-1	-1	-1	-1	-1	-1	-1	-1	-1	-1	-1	-1	-1	FFFFFF99	腰部配饰	19	2004	1
59000020	5	4	32	9	Charm10_8	1	碎钻星辰·腰	#cffff00【奢侈品】#r#W用于点缀时装腰部的配饰，让你的时装更加的炫丽。#r在#G洛阳（345，270）#R伊天彩#W处可以点缀到已经裁剪的时装上。使用后不可再点缀同类配饰。	300000	2000	-1	-1	-1	-1	-1	-1	-1	-1	-1	-1	-1	-1	-1	-1	-1	-1	-1	-1	-1	-1	-1	-1	-1	-1	-1	-1	-1	-1	-1	-1	-1	-1	-1	-1	-1	-1	-1	-1	-1	-1	-1	-1	-1	-1	-1	-1	-1	-1	-1	-1	-1	-1	-1	-1	-1	-1	-1	-1	-1	-1	-1	-1	-1	-1	FFFFFF77	腰部配饰	20	2004	1
59000021	5	4	32	10	Charm10_14	1	寒梦星莲·腰	#cffff00【奢侈品】#r#W用于点缀时装腰部的配饰，让你的时装更加的炫丽。#r在#G洛阳（345，270）#R伊天彩#W处可以点缀到已经裁剪的时装上。使用后不可再点缀同类配饰。	300000	2000	-1	-1	-1	-1	-1	-1	-1	-1	-1	-1	-1	-1	-1	-1	-1	-1	-1	-1	-1	-1	-1	-1	-1	-1	-1	-1	-1	-1	-1	-1	-1	-1	-1	-1	-1	-1	-1	-1	-1	-1	-1	-1	-1	-1	-1	-1	-1	-1	-1	-1	-1	-1	-1	-1	-1	-1	-1	-1	-1	-1	-1	-1	-1	-1	FFFFFF99	腰部配饰	21	2004	1
59000022	5	4	32	11	Charm11_2	1	银宵灵鹤·腰	#cffff00【奢侈品】#r#W用于点缀时装腰部的配饰，让你的时装更加的炫丽。#r在#G洛阳（345，270）#R伊天彩#W处可以点缀到已经裁剪的时装上。使用后不可再点缀同类配饰。	300000	2000	-1	-1	-1	-1	-1	-1	-1	-1	-1	-1	-1	-1	-1	-1	-1	-1	-1	-1	-1	-1	-1	-1	-1	-1	-1	-1	-1	-1	-1	-1	-1	-1	-1	-1	-1	-1	-1	-1	-1	-1	-1	-1	-1	-1	-1	-1	-1	-1	-1	-1	-1	-1	-1	-1	-1	-1	-1	-1	-1	-1	-1	-1	-1	-1	FFFFFF99	腰部配饰	22	2004	1
																																																																															
59000023	5	4	12	1	Charm8_8	1	冰蓝流云·脚	#cffff00【奢侈品】#r#W用于点缀时装脚部的配饰，让你的时装更加的炫丽。#r在#G洛阳（345，270）#R伊天彩#W处可以点缀到已经裁剪的时装上。使用后不可再点缀同类配饰。	300000	2000	-1	-1	-1	-1	-1	-1	-1	-1	-1	-1	-1	-1	-1	-1	-1	-1	-1	-1	-1	-1	-1	-1	-1	-1	-1	-1	-1	-1	-1	-1	-1	-1	-1	-1	-1	-1	-1	-1	-1	-1	-1	-1	-1	-1	-1	-1	-1	-1	-1	-1	-1	-1	-1	-1	-1	-1	-1	-1	-1	-1	-1	-1	-1	-1	FFFFFF77	脚部配饰	23	2004	1
59000024	5	4	12	7	Charm7_12	1	紫微星光·脚	#cffff00【奢侈品】#r#W用于点缀时装脚部的配饰，让你的时装更加的炫丽。#r在#G洛阳（345，270）#R伊天彩#W处可以点缀到已经裁剪的时装上。使用后不可再点缀同类配饰。	300000	2000	-1	-1	-1	-1	-1	-1	-1	-1	-1	-1	-1	-1	-1	-1	-1	-1	-1	-1	-1	-1	-1	-1	-1	-1	-1	-1	-1	-1	-1	-1	-1	-1	-1	-1	-1	-1	-1	-1	-1	-1	-1	-1	-1	-1	-1	-1	-1	-1	-1	-1	-1	-1	-1	-1	-1	-1	-1	-1	-1	-1	-1	-1	-1	-1	FFFFFF7F	脚部配饰	24	2004	1
59000025	5	4	12	3	Charm8_12	1	翠玉星尘·脚	#cffff00【奢侈品】#r#W用于点缀时装脚部的配饰，让你的时装更加的炫丽。#r在#G洛阳（345，270）#R伊天彩#W处可以点缀到已经裁剪的时装上。使用后不可再点缀同类配饰。	300000	2000	-1	-1	-1	-1	-1	-1	-1	-1	-1	-1	-1	-1	-1	-1	-1	-1	-1	-1	-1	-1	-1	-1	-1	-1	-1	-1	-1	-1	-1	-1	-1	-1	-1	-1	-1	-1	-1	-1	-1	-1	-1	-1	-1	-1	-1	-1	-1	-1	-1	-1	-1	-1	-1	-1	-1	-1	-1	-1	-1	-1	-1	-1	-1	-1	FFFFFF77	脚部配饰	25	2004	1
59000026	5	4	12	4	Charm8_4	1	橙影如梦·脚	#cffff00【奢侈品】#r#W用于点缀时装脚部的配饰，让你的时装更加的炫丽。#r在#G洛阳（345，270）#R伊天彩#W处可以点缀到已经裁剪的时装上。使用后不可再点缀同类配饰。	300000	2000	-1	-1	-1	-1	-1	-1	-1	-1	-1	-1	-1	-1	-1	-1	-1	-1	-1	-1	-1	-1	-1	-1	-1	-1	-1	-1	-1	-1	-1	-1	-1	-1	-1	-1	-1	-1	-1	-1	-1	-1	-1	-1	-1	-1	-1	-1	-1	-1	-1	-1	-1	-1	-1	-1	-1	-1	-1	-1	-1	-1	-1	-1	-1	-1	FFFFFF77	脚部配饰	26	2004	1
59000027	5	4	12	5	Charm7_16	1	花落红尘·脚	#cffff00【奢侈品】#r#W用于点缀时装脚部的配饰，让你的时装更加的炫丽。#r在#G洛阳（345，270）#R伊天彩#W处可以点缀到已经裁剪的时装上。使用后不可再点缀同类配饰。	300000	2000	-1	-1	-1	-1	-1	-1	-1	-1	-1	-1	-1	-1	-1	-1	-1	-1	-1	-1	-1	-1	-1	-1	-1	-1	-1	-1	-1	-1	-1	-1	-1	-1	-1	-1	-1	-1	-1	-1	-1	-1	-1	-1	-1	-1	-1	-1	-1	-1	-1	-1	-1	-1	-1	-1	-1	-1	-1	-1	-1	-1	-1	-1	-1	-1	FFFFFF77	脚部配饰	27	2004	1
59000028	5	4	12	4	TaskTools16_7	1	蝶影心华·脚	#cffff00【奢侈品】#r#W用于点缀时装脚部的配饰，让你的时装更加的炫丽。#r在#G洛阳（345，270）#R伊天彩#W处可以点缀到已经裁剪的时装上。使用后不可再点缀同类配饰。	300000	2000	-1	-1	-1	-1	-1	-1	-1	-1	-1	-1	-1	-1	-1	-1	-1	-1	-1	-1	-1	-1	-1	-1	-1	-1	-1	-1	-1	-1	-1	-1	-1	-1	-1	-1	-1	-1	-1	-1	-1	-1	-1	-1	-1	-1	-1	-1	-1	-1	-1	-1	-1	-1	-1	-1	-1	-1	-1	-1	-1	-1	-1	-1	-1	-1	FFFFFF77	脚部配饰	28	2004	1
59000029	5	4	12	5	TaskTools16_16	1	鹊舞红莲·脚	#cffff00【奢侈品】#r#W用于点缀时装脚部的配饰，让你的时装更加的炫丽。#r在#G洛阳（345，270）#R伊天彩#W处可以点缀到已经裁剪的时装上。使用后不可再点缀同类配饰。	300000	2000	-1	-1	-1	-1	-1	-1	-1	-1	-1	-1	-1	-1	-1	-1	-1	-1	-1	-1	-1	-1	-1	-1	-1	-1	-1	-1	-1	-1	-1	-1	-1	-1	-1	-1	-1	-1	-1	-1	-1	-1	-1	-1	-1	-1	-1	-1	-1	-1	-1	-1	-1	-1	-1	-1	-1	-1	-1	-1	-1	-1	-1	-1	-1	-1	FFFFFF77	脚部配饰	29	2004	1
59000030	5	4	12	8	Charm10_4	1	妙羽芳兰·脚	#cffff00【奢侈品】#r#W用于点缀时装脚部的配饰，让你的时装更加的炫丽。#r在#G洛阳（345，270）#R伊天彩#W处可以点缀到已经裁剪的时装上。使用后不可再点缀同类配饰。	300000	2000	-1	-1	-1	-1	-1	-1	-1	-1	-1	-1	-1	-1	-1	-1	-1	-1	-1	-1	-1	-1	-1	-1	-1	-1	-1	-1	-1	-1	-1	-1	-1	-1	-1	-1	-1	-1	-1	-1	-1	-1	-1	-1	-1	-1	-1	-1	-1	-1	-1	-1	-1	-1	-1	-1	-1	-1	-1	-1	-1	-1	-1	-1	-1	-1	FFFFFF99	脚部配饰	30	2004	1
59000031	5	4	33	9	Charm10_8	1	碎钻星辰·脚	#cffff00【奢侈品】#r#W用于点缀时装脚部的配饰，让你的时装更加的炫丽。#r在#G洛阳（345，270）#R伊天彩#W处可以点缀到已经裁剪的时装上。使用后不可再点缀同类配饰。	300000	2000	-1	-1	-1	-1	-1	-1	-1	-1	-1	-1	-1	-1	-1	-1	-1	-1	-1	-1	-1	-1	-1	-1	-1	-1	-1	-1	-1	-1	-1	-1	-1	-1	-1	-1	-1	-1	-1	-1	-1	-1	-1	-1	-1	-1	-1	-1	-1	-1	-1	-1	-1	-1	-1	-1	-1	-1	-1	-1	-1	-1	-1	-1	-1	-1	FFFFFF77	脚部配饰	31	2004	1
59000032	5	4	33	10	Charm10_14	1	寒梦星莲·脚	#cffff00【奢侈品】#r#W用于点缀时装脚部的配饰，让你的时装更加的炫丽。#r在#G洛阳（345，270）#R伊天彩#W处可以点缀到已经裁剪的时装上。使用后不可再点缀同类配饰。	300000	2000	-1	-1	-1	-1	-1	-1	-1	-1	-1	-1	-1	-1	-1	-1	-1	-1	-1	-1	-1	-1	-1	-1	-1	-1	-1	-1	-1	-1	-1	-1	-1	-1	-1	-1	-1	-1	-1	-1	-1	-1	-1	-1	-1	-1	-1	-1	-1	-1	-1	-1	-1	-1	-1	-1	-1	-1	-1	-1	-1	-1	-1	-1	-1	-1	FFFFFF99	脚部配饰	32	2004	1
59000033	5	4	33	11	Charm11_2	1	银宵灵鹤·脚	#cffff00【奢侈品】#r#W用于点缀时装脚部的配饰，让你的时装更加的炫丽。#r在#G洛阳（345，270）#R伊天彩#W处可以点缀到已经裁剪的时装上。使用后不可再点缀同类配饰。	300000	2000	-1	-1	-1	-1	-1	-1	-1	-1	-1	-1	-1	-1	-1	-1	-1	-1	-1	-1	-1	-1	-1	-1	-1	-1	-1	-1	-1	-1	-1	-1	-1	-1	-1	-1	-1	-1	-1	-1	-1	-1	-1	-1	-1	-1	-1	-1	-1	-1	-1	-1	-1	-1	-1	-1	-1	-1	-1	-1	-1	-1	-1	-1	-1	-1	FFFFFF99	脚部配饰	33	2004	1
#冰蓝流云·肩																																																																															
59000112	5	4	33	11	Charm11_2	1	1+1		1	1	-1	-1	-1	-1	-1	-1	-1	-1	-1	-1	-1	-1	-1	-1	-1	-1	-1	-1	-1	-1	-1	-1	-1	-1	-1	-1	-1	-1	-1	-1	-1	-1	-1	-1	-1	-1	-1	-1	-1	-1	-1	-1	-1	-1	-1	-1	-1	-1	-1	-1	-1	-1	-1	-1	-1	-1	-1	-1	-1	-1	-1	-1	-1	-1	FFFFFF99	配饰	34	2004	1
59000113	5	4	33	11	Charm11_2	1	1+2		1	1	-1	-1	-1	-1	-1	-1	-1	-1	-1	-1	-1	-1	-1	-1	-1	-1	-1	-1	-1	-1	-1	-1	-1	-1	-1	-1	-1	-1	-1	-1	-1	-1	-1	-1	-1	-1	-1	-1	-1	-1	-1	-1	-1	-1	-1	-1	-1	-1	-1	-1	-1	-1	-1	-1	-1	-1	-1	-1	-1	-1	-1	-1	-1	-1	FFFFFF99	配饰	35	2004	1
59000114	5	4	33	11	Charm11_2	1	1+3		1	1	-1	-1	-1	-1	-1	-1	-1	-1	-1	-1	-1	-1	-1	-1	-1	-1	-1	-1	-1	-1	-1	-1	-1	-1	-1	-1	-1	-1	-1	-1	-1	-1	-1	-1	-1	-1	-1	-1	-1	-1	-1	-1	-1	-1	-1	-1	-1	-1	-1	-1	-1	-1	-1	-1	-1	-1	-1	-1	-1	-1	-1	-1	-1	-1	FFFFFF99	配饰	36	2004	1
59000115	5	4	33	11	Charm11_2	1	1+4		1	1	-1	-1	-1	-1	-1	-1	-1	-1	-1	-1	-1	-1	-1	-1	-1	-1	-1	-1	-1	-1	-1	-1	-1	-1	-1	-1	-1	-1	-1	-1	-1	-1	-1	-1	-1	-1	-1	-1	-1	-1	-1	-1	-1	-1	-1	-1	-1	-1	-1	-1	-1	-1	-1	-1	-1	-1	-1	-1	-1	-1	-1	-1	-1	-1	FFFFFF99	配饰	37	2004	1
59000116	5	4	33	11	Charm11_2	1	1+5		1	1	-1	-1	-1	-1	-1	-1	-1	-1	-1	-1	-1	-1	-1	-1	-1	-1	-1	-1	-1	-1	-1	-1	-1	-1	-1	-1	-1	-1	-1	-1	-1	-1	-1	-1	-1	-1	-1	-1	-1	-1	-1	-1	-1	-1	-1	-1	-1	-1	-1	-1	-1	-1	-1	-1	-1	-1	-1	-1	-1	-1	-1	-1	-1	-1	FFFFFF99	配饰	38	2004	1
59000117	5	4	33	11	Charm11_2	1	1+6		1	1	-1	-1	-1	-1	-1	-1	-1	-1	-1	-1	-1	-1	-1	-1	-1	-1	-1	-1	-1	-1	-1	-1	-1	-1	-1	-1	-1	-1	-1	-1	-1	-1	-1	-1	-1	-1	-1	-1	-1	-1	-1	-1	-1	-1	-1	-1	-1	-1	-1	-1	-1	-1	-1	-1	-1	-1	-1	-1	-1	-1	-1	-1	-1	-1	FFFFFF99	配饰	39	2004	1
59000118	5	4	33	11	Charm11_2	1	1+7		1	1	-1	-1	-1	-1	-1	-1	-1	-1	-1	-1	-1	-1	-1	-1	-1	-1	-1	-1	-1	-1	-1	-1	-1	-1	-1	-1	-1	-1	-1	-1	-1	-1	-1	-1	-1	-1	-1	-1	-1	-1	-1	-1	-1	-1	-1	-1	-1	-1	-1	-1	-1	-1	-1	-1	-1	-1	-1	-1	-1	-1	-1	-1	-1	-1	FFFFFF99	配饰	40	2004	1
59000119	5	4	33	11	Charm11_2	1	1+8		1	1	-1	-1	-1	-1	-1	-1	-1	-1	-1	-1	-1	-1	-1	-1	-1	-1	-1	-1	-1	-1	-1	-1	-1	-1	-1	-1	-1	-1	-1	-1	-1	-1	-1	-1	-1	-1	-1	-1	-1	-1	-1	-1	-1	-1	-1	-1	-1	-1	-1	-1	-1	-1	-1	-1	-1	-1	-1	-1	-1	-1	-1	-1	-1	-1	FFFFFF99	配饰	41	2004	1
59000120	5	4	33	11	Charm11_2	1	1+9		1	1	-1	-1	-1	-1	-1	-1	-1	-1	-1	-1	-1	-1	-1	-1	-1	-1	-1	-1	-1	-1	-1	-1	-1	-1	-1	-1	-1	-1	-1	-1	-1	-1	-1	-1	-1	-1	-1	-1	-1	-1	-1	-1	-1	-1	-1	-1	-1	-1	-1	-1	-1	-1	-1	-1	-1	-1	-1	-1	-1	-1	-1	-1	-1	-1	FFFFFF99	配饰	42	2004	1
59000121	5	4	33	11	Charm11_2	1	1+10		1	1	-1	-1	-1	-1	-1	-1	-1	-1	-1	-1	-1	-1	-1	-1	-1	-1	-1	-1	-1	-1	-1	-1	-1	-1	-1	-1	-1	-1	-1	-1	-1	-1	-1	-1	-1	-1	-1	-1	-1	-1	-1	-1	-1	-1	-1	-1	-1	-1	-1	-1	-1	-1	-1	-1	-1	-1	-1	-1	-1	-1	-1	-1	-1	-1	FFFFFF99	配饰	43	2004	1
59000122	5	4	33	11	Charm11_2	1	1+11		1	1	-1	-1	-1	-1	-1	-1	-1	-1	-1	-1	-1	-1	-1	-1	-1	-1	-1	-1	-1	-1	-1	-1	-1	-1	-1	-1	-1	-1	-1	-1	-1	-1	-1	-1	-1	-1	-1	-1	-1	-1	-1	-1	-1	-1	-1	-1	-1	-1	-1	-1	-1	-1	-1	-1	-1	-1	-1	-1	-1	-1	-1	-1	-1	-1	FFFFFF99	配饰	44	2004	1
59000123	5	4	33	11	Charm11_2	1	1+1		1	1	-1	-1	-1	-1	-1	-1	-1	-1	-1	-1	-1	-1	-1	-1	-1	-1	-1	-1	-1	-1	-1	-1	-1	-1	-1	-1	-1	-1	-1	-1	-1	-1	-1	-1	-1	-1	-1	-1	-1	-1	-1	-1	-1	-1	-1	-1	-1	-1	-1	-1	-1	-1	-1	-1	-1	-1	-1	-1	-1	-1	-1	-1	-1	-1	FFFFFF99	配饰	45	2004	1
59000124	5	4	33	11	Charm11_2	1	1+2		1	1	-1	-1	-1	-1	-1	-1	-1	-1	-1	-1	-1	-1	-1	-1	-1	-1	-1	-1	-1	-1	-1	-1	-1	-1	-1	-1	-1	-1	-1	-1	-1	-1	-1	-1	-1	-1	-1	-1	-1	-1	-1	-1	-1	-1	-1	-1	-1	-1	-1	-1	-1	-1	-1	-1	-1	-1	-1	-1	-1	-1	-1	-1	-1	-1	FFFFFF99	配饰	46	2004	1
59000125	5	4	33	11	Charm11_2	1	1+3		1	1	-1	-1	-1	-1	-1	-1	-1	-1	-1	-1	-1	-1	-1	-1	-1	-1	-1	-1	-1	-1	-1	-1	-1	-1	-1	-1	-1	-1	-1	-1	-1	-1	-1	-1	-1	-1	-1	-1	-1	-1	-1	-1	-1	-1	-1	-1	-1	-1	-1	-1	-1	-1	-1	-1	-1	-1	-1	-1	-1	-1	-1	-1	-1	-1	FFFFFF99	配饰	47	2004	1
59000126	5	4	33	11	Charm11_2	1	1+4		1	1	-1	-1	-1	-1	-1	-1	-1	-1	-1	-1	-1	-1	-1	-1	-1	-1	-1	-1	-1	-1	-1	-1	-1	-1	-1	-1	-1	-1	-1	-1	-1	-1	-1	-1	-1	-1	-1	-1	-1	-1	-1	-1	-1	-1	-1	-1	-1	-1	-1	-1	-1	-1	-1	-1	-1	-1	-1	-1	-1	-1	-1	-1	-1	-1	FFFFFF99	配饰	48	2004	1
59000127	5	4	33	11	Charm11_2	1	1+5		1	1	-1	-1	-1	-1	-1	-1	-1	-1	-1	-1	-1	-1	-1	-1	-1	-1	-1	-1	-1	-1	-1	-1	-1	-1	-1	-1	-1	-1	-1	-1	-1	-1	-1	-1	-1	-1	-1	-1	-1	-1	-1	-1	-1	-1	-1	-1	-1	-1	-1	-1	-1	-1	-1	-1	-1	-1	-1	-1	-1	-1	-1	-1	-1	-1	FFFFFF99	配饰	49	2004	1
59000128	5	4	33	11	Charm11_2	1	1+6		1	1	-1	-1	-1	-1	-1	-1	-1	-1	-1	-1	-1	-1	-1	-1	-1	-1	-1	-1	-1	-1	-1	-1	-1	-1	-1	-1	-1	-1	-1	-1	-1	-1	-1	-1	-1	-1	-1	-1	-1	-1	-1	-1	-1	-1	-1	-1	-1	-1	-1	-1	-1	-1	-1	-1	-1	-1	-1	-1	-1	-1	-1	-1	-1	-1	FFFFFF99	配饰	50	2004	1
59000129	5	4	33	11	Charm11_2	1	1+7		1	1	-1	-1	-1	-1	-1	-1	-1	-1	-1	-1	-1	-1	-1	-1	-1	-1	-1	-1	-1	-1	-1	-1	-1	-1	-1	-1	-1	-1	-1	-1	-1	-1	-1	-1	-1	-1	-1	-1	-1	-1	-1	-1	-1	-1	-1	-1	-1	-1	-1	-1	-1	-1	-1	-1	-1	-1	-1	-1	-1	-1	-1	-1	-1	-1	FFFFFF99	配饰	51	2004	1
59000130	5	4	33	11	Charm11_2	1	1+8		1	1	-1	-1	-1	-1	-1	-1	-1	-1	-1	-1	-1	-1	-1	-1	-1	-1	-1	-1	-1	-1	-1	-1	-1	-1	-1	-1	-1	-1	-1	-1	-1	-1	-1	-1	-1	-1	-1	-1	-1	-1	-1	-1	-1	-1	-1	-1	-1	-1	-1	-1	-1	-1	-1	-1	-1	-1	-1	-1	-1	-1	-1	-1	-1	-1	FFFFFF99	配饰	52	2004	1
59000131	5	4	33	11	Charm11_2	1	1+9		1	1	-1	-1	-1	-1	-1	-1	-1	-1	-1	-1	-1	-1	-1	-1	-1	-1	-1	-1	-1	-1	-1	-1	-1	-1	-1	-1	-1	-1	-1	-1	-1	-1	-1	-1	-1	-1	-1	-1	-1	-1	-1	-1	-1	-1	-1	-1	-1	-1	-1	-1	-1	-1	-1	-1	-1	-1	-1	-1	-1	-1	-1	-1	-1	-1	FFFFFF99	配饰	53	2004	1
59000132	5	4	33	11	Charm11_2	1	1+10		1	1	-1	-1	-1	-1	-1	-1	-1	-1	-1	-1	-1	-1	-1	-1	-1	-1	-1	-1	-1	-1	-1	-1	-1	-1	-1	-1	-1	-1	-1	-1	-1	-1	-1	-1	-1	-1	-1	-1	-1	-1	-1	-1	-1	-1	-1	-1	-1	-1	-1	-1	-1	-1	-1	-1	-1	-1	-1	-1	-1	-1	-1	-1	-1	-1	FFFFFF99	配饰	54	2004	1
59000133	5	4	33	11	Charm11_2	1	1+11		1	1	-1	-1	-1	-1	-1	-1	-1	-1	-1	-1	-1	-1	-1	-1	-1	-1	-1	-1	-1	-1	-1	-1	-1	-1	-1	-1	-1	-1	-1	-1	-1	-1	-1	-1	-1	-1	-1	-1	-1	-1	-1	-1	-1	-1	-1	-1	-1	-1	-1	-1	-1	-1	-1	-1	-1	-1	-1	-1	-1	-1	-1	-1	-1	-1	FFFFFF99	配饰	55	2004	1
59000212	5	4	33	11	Charm11_2	1	2+1		1	1	-1	-1	-1	-1	-1	-1	-1	-1	-1	-1	-1	-1	-1	-1	-1	-1	-1	-1	-1	-1	-1	-1	-1	-1	-1	-1	-1	-1	-1	-1	-1	-1	-1	-1	-1	-1	-1	-1	-1	-1	-1	-1	-1	-1	-1	-1	-1	-1	-1	-1	-1	-1	-1	-1	-1	-1	-1	-1	-1	-1	-1	-1	-1	-1	FFFFFF99	配饰	177	2004	1
59000213	5	4	33	11	Charm11_2	1	2+2		1	1	-1	-1	-1	-1	-1	-1	-1	-1	-1	-1	-1	-1	-1	-1	-1	-1	-1	-1	-1	-1	-1	-1	-1	-1	-1	-1	-1	-1	-1	-1	-1	-1	-1	-1	-1	-1	-1	-1	-1	-1	-1	-1	-1	-1	-1	-1	-1	-1	-1	-1	-1	-1	-1	-1	-1	-1	-1	-1	-1	-1	-1	-1	-1	-1	FFFFFF99	配饰	178	2004	1
59000214	5	4	33	11	Charm11_2	1	2+3		1	1	-1	-1	-1	-1	-1	-1	-1	-1	-1	-1	-1	-1	-1	-1	-1	-1	-1	-1	-1	-1	-1	-1	-1	-1	-1	-1	-1	-1	-1	-1	-1	-1	-1	-1	-1	-1	-1	-1	-1	-1	-1	-1	-1	-1	-1	-1	-1	-1	-1	-1	-1	-1	-1	-1	-1	-1	-1	-1	-1	-1	-1	-1	-1	-1	FFFFFF99	配饰	179	2004	1
59000215	5	4	33	11	Charm11_2	1	2+4		1	1	-1	-1	-1	-1	-1	-1	-1	-1	-1	-1	-1	-1	-1	-1	-1	-1	-1	-1	-1	-1	-1	-1	-1	-1	-1	-1	-1	-1	-1	-1	-1	-1	-1	-1	-1	-1	-1	-1	-1	-1	-1	-1	-1	-1	-1	-1	-1	-1	-1	-1	-1	-1	-1	-1	-1	-1	-1	-1	-1	-1	-1	-1	-1	-1	FFFFFF99	配饰	180	2004	1
59000216	5	4	33	11	Charm11_2	1	2+5		1	1	-1	-1	-1	-1	-1	-1	-1	-1	-1	-1	-1	-1	-1	-1	-1	-1	-1	-1	-1	-1	-1	-1	-1	-1	-1	-1	-1	-1	-1	-1	-1	-1	-1	-1	-1	-1	-1	-1	-1	-1	-1	-1	-1	-1	-1	-1	-1	-1	-1	-1	-1	-1	-1	-1	-1	-1	-1	-1	-1	-1	-1	-1	-1	-1	FFFFFF99	配饰	181	2004	1
59000217	5	4	33	11	Charm11_2	1	2+6		1	1	-1	-1	-1	-1	-1	-1	-1	-1	-1	-1	-1	-1	-1	-1	-1	-1	-1	-1	-1	-1	-1	-1	-1	-1	-1	-1	-1	-1	-1	-1	-1	-1	-1	-1	-1	-1	-1	-1	-1	-1	-1	-1	-1	-1	-1	-1	-1	-1	-1	-1	-1	-1	-1	-1	-1	-1	-1	-1	-1	-1	-1	-1	-1	-1	FFFFFF99	配饰	182	2004	1
59000218	5	4	33	11	Charm11_2	1	2+7		1	1	-1	-1	-1	-1	-1	-1	-1	-1	-1	-1	-1	-1	-1	-1	-1	-1	-1	-1	-1	-1	-1	-1	-1	-1	-1	-1	-1	-1	-1	-1	-1	-1	-1	-1	-1	-1	-1	-1	-1	-1	-1	-1	-1	-1	-1	-1	-1	-1	-1	-1	-1	-1	-1	-1	-1	-1	-1	-1	-1	-1	-1	-1	-1	-1	FFFFFF99	配饰	183	2004	1
59000219	5	4	33	11	Charm11_2	1	2+8		1	1	-1	-1	-1	-1	-1	-1	-1	-1	-1	-1	-1	-1	-1	-1	-1	-1	-1	-1	-1	-1	-1	-1	-1	-1	-1	-1	-1	-1	-1	-1	-1	-1	-1	-1	-1	-1	-1	-1	-1	-1	-1	-1	-1	-1	-1	-1	-1	-1	-1	-1	-1	-1	-1	-1	-1	-1	-1	-1	-1	-1	-1	-1	-1	-1	FFFFFF99	配饰	184	2004	1
59000220	5	4	33	11	Charm11_2	1	2+9		1	1	-1	-1	-1	-1	-1	-1	-1	-1	-1	-1	-1	-1	-1	-1	-1	-1	-1	-1	-1	-1	-1	-1	-1	-1	-1	-1	-1	-1	-1	-1	-1	-1	-1	-1	-1	-1	-1	-1	-1	-1	-1	-1	-1	-1	-1	-1	-1	-1	-1	-1	-1	-1	-1	-1	-1	-1	-1	-1	-1	-1	-1	-1	-1	-1	FFFFFF99	配饰	185	2004	1
59000221	5	4	33	11	Charm11_2	1	2+10		1	1	-1	-1	-1	-1	-1	-1	-1	-1	-1	-1	-1	-1	-1	-1	-1	-1	-1	-1	-1	-1	-1	-1	-1	-1	-1	-1	-1	-1	-1	-1	-1	-1	-1	-1	-1	-1	-1	-1	-1	-1	-1	-1	-1	-1	-1	-1	-1	-1	-1	-1	-1	-1	-1	-1	-1	-1	-1	-1	-1	-1	-1	-1	-1	-1	FFFFFF99	配饰	186	2004	1
59000222	5	4	33	11	Charm11_2	1	2+11		1	1	-1	-1	-1	-1	-1	-1	-1	-1	-1	-1	-1	-1	-1	-1	-1	-1	-1	-1	-1	-1	-1	-1	-1	-1	-1	-1	-1	-1	-1	-1	-1	-1	-1	-1	-1	-1	-1	-1	-1	-1	-1	-1	-1	-1	-1	-1	-1	-1	-1	-1	-1	-1	-1	-1	-1	-1	-1	-1	-1	-1	-1	-1	-1	-1	FFFFFF99	配饰	187	2004	1
59000223	5	4	33	11	Charm11_2	1	2+1		1	1	-1	-1	-1	-1	-1	-1	-1	-1	-1	-1	-1	-1	-1	-1	-1	-1	-1	-1	-1	-1	-1	-1	-1	-1	-1	-1	-1	-1	-1	-1	-1	-1	-1	-1	-1	-1	-1	-1	-1	-1	-1	-1	-1	-1	-1	-1	-1	-1	-1	-1	-1	-1	-1	-1	-1	-1	-1	-1	-1	-1	-1	-1	-1	-1	FFFFFF99	配饰	188	2004	1
59000224	5	4	33	11	Charm11_2	1	2+2		1	1	-1	-1	-1	-1	-1	-1	-1	-1	-1	-1	-1	-1	-1	-1	-1	-1	-1	-1	-1	-1	-1	-1	-1	-1	-1	-1	-1	-1	-1	-1	-1	-1	-1	-1	-1	-1	-1	-1	-1	-1	-1	-1	-1	-1	-1	-1	-1	-1	-1	-1	-1	-1	-1	-1	-1	-1	-1	-1	-1	-1	-1	-1	-1	-1	FFFFFF99	配饰	189	2004	1
59000225	5	4	33	11	Charm11_2	1	2+3		1	1	-1	-1	-1	-1	-1	-1	-1	-1	-1	-1	-1	-1	-1	-1	-1	-1	-1	-1	-1	-1	-1	-1	-1	-1	-1	-1	-1	-1	-1	-1	-1	-1	-1	-1	-1	-1	-1	-1	-1	-1	-1	-1	-1	-1	-1	-1	-1	-1	-1	-1	-1	-1	-1	-1	-1	-1	-1	-1	-1	-1	-1	-1	-1	-1	FFFFFF99	配饰	190	2004	1
59000226	5	4	33	11	Charm11_2	1	2+4		1	1	-1	-1	-1	-1	-1	-1	-1	-1	-1	-1	-1	-1	-1	-1	-1	-1	-1	-1	-1	-1	-1	-1	-1	-1	-1	-1	-1	-1	-1	-1	-1	-1	-1	-1	-1	-1	-1	-1	-1	-1	-1	-1	-1	-1	-1	-1	-1	-1	-1	-1	-1	-1	-1	-1	-1	-1	-1	-1	-1	-1	-1	-1	-1	-1	FFFFFF99	配饰	191	2004	1
59000227	5	4	33	11	Charm11_2	1	2+5		1	1	-1	-1	-1	-1	-1	-1	-1	-1	-1	-1	-1	-1	-1	-1	-1	-1	-1	-1	-1	-1	-1	-1	-1	-1	-1	-1	-1	-1	-1	-1	-1	-1	-1	-1	-1	-1	-1	-1	-1	-1	-1	-1	-1	-1	-1	-1	-1	-1	-1	-1	-1	-1	-1	-1	-1	-1	-1	-1	-1	-1	-1	-1	-1	-1	FFFFFF99	配饰	192	2004	1
59000228	5	4	33	11	Charm11_2	1	2+6		1	1	-1	-1	-1	-1	-1	-1	-1	-1	-1	-1	-1	-1	-1	-1	-1	-1	-1	-1	-1	-1	-1	-1	-1	-1	-1	-1	-1	-1	-1	-1	-1	-1	-1	-1	-1	-1	-1	-1	-1	-1	-1	-1	-1	-1	-1	-1	-1	-1	-1	-1	-1	-1	-1	-1	-1	-1	-1	-1	-1	-1	-1	-1	-1	-1	FFFFFF99	配饰	193	2004	1
59000229	5	4	33	11	Charm11_2	1	2+7		1	1	-1	-1	-1	-1	-1	-1	-1	-1	-1	-1	-1	-1	-1	-1	-1	-1	-1	-1	-1	-1	-1	-1	-1	-1	-1	-1	-1	-1	-1	-1	-1	-1	-1	-1	-1	-1	-1	-1	-1	-1	-1	-1	-1	-1	-1	-1	-1	-1	-1	-1	-1	-1	-1	-1	-1	-1	-1	-1	-1	-1	-1	-1	-1	-1	FFFFFF99	配饰	194	2004	1
59000230	5	4	33	11	Charm11_2	1	2+8		1	1	-1	-1	-1	-1	-1	-1	-1	-1	-1	-1	-1	-1	-1	-1	-1	-1	-1	-1	-1	-1	-1	-1	-1	-1	-1	-1	-1	-1	-1	-1	-1	-1	-1	-1	-1	-1	-1	-1	-1	-1	-1	-1	-1	-1	-1	-1	-1	-1	-1	-1	-1	-1	-1	-1	-1	-1	-1	-1	-1	-1	-1	-1	-1	-1	FFFFFF99	配饰	195	2004	1
59000231	5	4	33	11	Charm11_2	1	2+9		1	1	-1	-1	-1	-1	-1	-1	-1	-1	-1	-1	-1	-1	-1	-1	-1	-1	-1	-1	-1	-1	-1	-1	-1	-1	-1	-1	-1	-1	-1	-1	-1	-1	-1	-1	-1	-1	-1	-1	-1	-1	-1	-1	-1	-1	-1	-1	-1	-1	-1	-1	-1	-1	-1	-1	-1	-1	-1	-1	-1	-1	-1	-1	-1	-1	FFFFFF99	配饰	196	2004	1
59000232	5	4	33	11	Charm11_2	1	2+10		1	1	-1	-1	-1	-1	-1	-1	-1	-1	-1	-1	-1	-1	-1	-1	-1	-1	-1	-1	-1	-1	-1	-1	-1	-1	-1	-1	-1	-1	-1	-1	-1	-1	-1	-1	-1	-1	-1	-1	-1	-1	-1	-1	-1	-1	-1	-1	-1	-1	-1	-1	-1	-1	-1	-1	-1	-1	-1	-1	-1	-1	-1	-1	-1	-1	FFFFFF99	配饰	197	2004	1
59000233	5	4	33	11	Charm11_2	1	2+11		1	1	-1	-1	-1	-1	-1	-1	-1	-1	-1	-1	-1	-1	-1	-1	-1	-1	-1	-1	-1	-1	-1	-1	-1	-1	-1	-1	-1	-1	-1	-1	-1	-1	-1	-1	-1	-1	-1	-1	-1	-1	-1	-1	-1	-1	-1	-1	-1	-1	-1	-1	-1	-1	-1	-1	-1	-1	-1	-1	-1	-1	-1	-1	-1	-1	FFFFFF99	配饰	198	2004	1
59000312	5	4	33	11	Charm11_2	1	3+1		1	1	-1	-1	-1	-1	-1	-1	-1	-1	-1	-1	-1	-1	-1	-1	-1	-1	-1	-1	-1	-1	-1	-1	-1	-1	-1	-1	-1	-1	-1	-1	-1	-1	-1	-1	-1	-1	-1	-1	-1	-1	-1	-1	-1	-1	-1	-1	-1	-1	-1	-1	-1	-1	-1	-1	-1	-1	-1	-1	-1	-1	-1	-1	-1	-1	FFFFFF99	配饰	320	2004	1
59000313	5	4	33	11	Charm11_2	1	3+2		1	1	-1	-1	-1	-1	-1	-1	-1	-1	-1	-1	-1	-1	-1	-1	-1	-1	-1	-1	-1	-1	-1	-1	-1	-1	-1	-1	-1	-1	-1	-1	-1	-1	-1	-1	-1	-1	-1	-1	-1	-1	-1	-1	-1	-1	-1	-1	-1	-1	-1	-1	-1	-1	-1	-1	-1	-1	-1	-1	-1	-1	-1	-1	-1	-1	FFFFFF99	配饰	321	2004	1
59000314	5	4	33	11	Charm11_2	1	3+3		1	1	-1	-1	-1	-1	-1	-1	-1	-1	-1	-1	-1	-1	-1	-1	-1	-1	-1	-1	-1	-1	-1	-1	-1	-1	-1	-1	-1	-1	-1	-1	-1	-1	-1	-1	-1	-1	-1	-1	-1	-1	-1	-1	-1	-1	-1	-1	-1	-1	-1	-1	-1	-1	-1	-1	-1	-1	-1	-1	-1	-1	-1	-1	-1	-1	FFFFFF99	配饰	322	2004	1
59000315	5	4	33	11	Charm11_2	1	3+4		1	1	-1	-1	-1	-1	-1	-1	-1	-1	-1	-1	-1	-1	-1	-1	-1	-1	-1	-1	-1	-1	-1	-1	-1	-1	-1	-1	-1	-1	-1	-1	-1	-1	-1	-1	-1	-1	-1	-1	-1	-1	-1	-1	-1	-1	-1	-1	-1	-1	-1	-1	-1	-1	-1	-1	-1	-1	-1	-1	-1	-1	-1	-1	-1	-1	FFFFFF99	配饰	323	2004	1
59000316	5	4	33	11	Charm11_2	1	3+5		1	1	-1	-1	-1	-1	-1	-1	-1	-1	-1	-1	-1	-1	-1	-1	-1	-1	-1	-1	-1	-1	-1	-1	-1	-1	-1	-1	-1	-1	-1	-1	-1	-1	-1	-1	-1	-1	-1	-1	-1	-1	-1	-1	-1	-1	-1	-1	-1	-1	-1	-1	-1	-1	-1	-1	-1	-1	-1	-1	-1	-1	-1	-1	-1	-1	FFFFFF99	配饰	324	2004	1
59000317	5	4	33	11	Charm11_2	1	3+6		1	1	-1	-1	-1	-1	-1	-1	-1	-1	-1	-1	-1	-1	-1	-1	-1	-1	-1	-1	-1	-1	-1	-1	-1	-1	-1	-1	-1	-1	-1	-1	-1	-1	-1	-1	-1	-1	-1	-1	-1	-1	-1	-1	-1	-1	-1	-1	-1	-1	-1	-1	-1	-1	-1	-1	-1	-1	-1	-1	-1	-1	-1	-1	-1	-1	FFFFFF99	配饰	325	2004	1
59000318	5	4	33	11	Charm11_2	1	3+7		1	1	-1	-1	-1	-1	-1	-1	-1	-1	-1	-1	-1	-1	-1	-1	-1	-1	-1	-1	-1	-1	-1	-1	-1	-1	-1	-1	-1	-1	-1	-1	-1	-1	-1	-1	-1	-1	-1	-1	-1	-1	-1	-1	-1	-1	-1	-1	-1	-1	-1	-1	-1	-1	-1	-1	-1	-1	-1	-1	-1	-1	-1	-1	-1	-1	FFFFFF99	配饰	326	2004	1
59000319	5	4	33	11	Charm11_2	1	3+8		1	1	-1	-1	-1	-1	-1	-1	-1	-1	-1	-1	-1	-1	-1	-1	-1	-1	-1	-1	-1	-1	-1	-1	-1	-1	-1	-1	-1	-1	-1	-1	-1	-1	-1	-1	-1	-1	-1	-1	-1	-1	-1	-1	-1	-1	-1	-1	-1	-1	-1	-1	-1	-1	-1	-1	-1	-1	-1	-1	-1	-1	-1	-1	-1	-1	FFFFFF99	配饰	327	2004	1
59000320	5	4	33	11	Charm11_2	1	3+9		1	1	-1	-1	-1	-1	-1	-1	-1	-1	-1	-1	-1	-1	-1	-1	-1	-1	-1	-1	-1	-1	-1	-1	-1	-1	-1	-1	-1	-1	-1	-1	-1	-1	-1	-1	-1	-1	-1	-1	-1	-1	-1	-1	-1	-1	-1	-1	-1	-1	-1	-1	-1	-1	-1	-1	-1	-1	-1	-1	-1	-1	-1	-1	-1	-1	FFFFFF99	配饰	328	2004	1
59000321	5	4	33	11	Charm11_2	1	3+10		1	1	-1	-1	-1	-1	-1	-1	-1	-1	-1	-1	-1	-1	-1	-1	-1	-1	-1	-1	-1	-1	-1	-1	-1	-1	-1	-1	-1	-1	-1	-1	-1	-1	-1	-1	-1	-1	-1	-1	-1	-1	-1	-1	-1	-1	-1	-1	-1	-1	-1	-1	-1	-1	-1	-1	-1	-1	-1	-1	-1	-1	-1	-1	-1	-1	FFFFFF99	配饰	329	2004	1
59000322	5	4	33	11	Charm11_2	1	3+11		1	1	-1	-1	-1	-1	-1	-1	-1	-1	-1	-1	-1	-1	-1	-1	-1	-1	-1	-1	-1	-1	-1	-1	-1	-1	-1	-1	-1	-1	-1	-1	-1	-1	-1	-1	-1	-1	-1	-1	-1	-1	-1	-1	-1	-1	-1	-1	-1	-1	-1	-1	-1	-1	-1	-1	-1	-1	-1	-1	-1	-1	-1	-1	-1	-1	FFFFFF99	配饰	330	2004	1
59000323	5	4	33	11	Charm11_2	1	3+1		1	1	-1	-1	-1	-1	-1	-1	-1	-1	-1	-1	-1	-1	-1	-1	-1	-1	-1	-1	-1	-1	-1	-1	-1	-1	-1	-1	-1	-1	-1	-1	-1	-1	-1	-1	-1	-1	-1	-1	-1	-1	-1	-1	-1	-1	-1	-1	-1	-1	-1	-1	-1	-1	-1	-1	-1	-1	-1	-1	-1	-1	-1	-1	-1	-1	FFFFFF99	配饰	331	2004	1
59000324	5	4	33	11	Charm11_2	1	3+2		1	1	-1	-1	-1	-1	-1	-1	-1	-1	-1	-1	-1	-1	-1	-1	-1	-1	-1	-1	-1	-1	-1	-1	-1	-1	-1	-1	-1	-1	-1	-1	-1	-1	-1	-1	-1	-1	-1	-1	-1	-1	-1	-1	-1	-1	-1	-1	-1	-1	-1	-1	-1	-1	-1	-1	-1	-1	-1	-1	-1	-1	-1	-1	-1	-1	FFFFFF99	配饰	332	2004	1
59000325	5	4	33	11	Charm11_2	1	3+3		1	1	-1	-1	-1	-1	-1	-1	-1	-1	-1	-1	-1	-1	-1	-1	-1	-1	-1	-1	-1	-1	-1	-1	-1	-1	-1	-1	-1	-1	-1	-1	-1	-1	-1	-1	-1	-1	-1	-1	-1	-1	-1	-1	-1	-1	-1	-1	-1	-1	-1	-1	-1	-1	-1	-1	-1	-1	-1	-1	-1	-1	-1	-1	-1	-1	FFFFFF99	配饰	333	2004	1
59000326	5	4	33	11	Charm11_2	1	3+4		1	1	-1	-1	-1	-1	-1	-1	-1	-1	-1	-1	-1	-1	-1	-1	-1	-1	-1	-1	-1	-1	-1	-1	-1	-1	-1	-1	-1	-1	-1	-1	-1	-1	-1	-1	-1	-1	-1	-1	-1	-1	-1	-1	-1	-1	-1	-1	-1	-1	-1	-1	-1	-1	-1	-1	-1	-1	-1	-1	-1	-1	-1	-1	-1	-1	FFFFFF99	配饰	334	2004	1
59000327	5	4	33	11	Charm11_2	1	3+5		1	1	-1	-1	-1	-1	-1	-1	-1	-1	-1	-1	-1	-1	-1	-1	-1	-1	-1	-1	-1	-1	-1	-1	-1	-1	-1	-1	-1	-1	-1	-1	-1	-1	-1	-1	-1	-1	-1	-1	-1	-1	-1	-1	-1	-1	-1	-1	-1	-1	-1	-1	-1	-1	-1	-1	-1	-1	-1	-1	-1	-1	-1	-1	-1	-1	FFFFFF99	配饰	335	2004	1
59000328	5	4	33	11	Charm11_2	1	3+6		1	1	-1	-1	-1	-1	-1	-1	-1	-1	-1	-1	-1	-1	-1	-1	-1	-1	-1	-1	-1	-1	-1	-1	-1	-1	-1	-1	-1	-1	-1	-1	-1	-1	-1	-1	-1	-1	-1	-1	-1	-1	-1	-1	-1	-1	-1	-1	-1	-1	-1	-1	-1	-1	-1	-1	-1	-1	-1	-1	-1	-1	-1	-1	-1	-1	FFFFFF99	配饰	336	2004	1
59000329	5	4	33	11	Charm11_2	1	3+7		1	1	-1	-1	-1	-1	-1	-1	-1	-1	-1	-1	-1	-1	-1	-1	-1	-1	-1	-1	-1	-1	-1	-1	-1	-1	-1	-1	-1	-1	-1	-1	-1	-1	-1	-1	-1	-1	-1	-1	-1	-1	-1	-1	-1	-1	-1	-1	-1	-1	-1	-1	-1	-1	-1	-1	-1	-1	-1	-1	-1	-1	-1	-1	-1	-1	FFFFFF99	配饰	337	2004	1
59000330	5	4	33	11	Charm11_2	1	3+8		1	1	-1	-1	-1	-1	-1	-1	-1	-1	-1	-1	-1	-1	-1	-1	-1	-1	-1	-1	-1	-1	-1	-1	-1	-1	-1	-1	-1	-1	-1	-1	-1	-1	-1	-1	-1	-1	-1	-1	-1	-1	-1	-1	-1	-1	-1	-1	-1	-1	-1	-1	-1	-1	-1	-1	-1	-1	-1	-1	-1	-1	-1	-1	-1	-1	FFFFFF99	配饰	338	2004	1
59000331	5	4	33	11	Charm11_2	1	3+9		1	1	-1	-1	-1	-1	-1	-1	-1	-1	-1	-1	-1	-1	-1	-1	-1	-1	-1	-1	-1	-1	-1	-1	-1	-1	-1	-1	-1	-1	-1	-1	-1	-1	-1	-1	-1	-1	-1	-1	-1	-1	-1	-1	-1	-1	-1	-1	-1	-1	-1	-1	-1	-1	-1	-1	-1	-1	-1	-1	-1	-1	-1	-1	-1	-1	FFFFFF99	配饰	339	2004	1
59000332	5	4	33	11	Charm11_2	1	3+10		1	1	-1	-1	-1	-1	-1	-1	-1	-1	-1	-1	-1	-1	-1	-1	-1	-1	-1	-1	-1	-1	-1	-1	-1	-1	-1	-1	-1	-1	-1	-1	-1	-1	-1	-1	-1	-1	-1	-1	-1	-1	-1	-1	-1	-1	-1	-1	-1	-1	-1	-1	-1	-1	-1	-1	-1	-1	-1	-1	-1	-1	-1	-1	-1	-1	FFFFFF99	配饰	340	2004	1
59000333	5	4	33	11	Charm11_2	1	3+11		1	1	-1	-1	-1	-1	-1	-1	-1	-1	-1	-1	-1	-1	-1	-1	-1	-1	-1	-1	-1	-1	-1	-1	-1	-1	-1	-1	-1	-1	-1	-1	-1	-1	-1	-1	-1	-1	-1	-1	-1	-1	-1	-1	-1	-1	-1	-1	-1	-1	-1	-1	-1	-1	-1	-1	-1	-1	-1	-1	-1	-1	-1	-1	-1	-1	FFFFFF99	配饰	341	2004	1
59000412	5	4	33	11	Charm11_2	1	4+1		1	1	-1	-1	-1	-1	-1	-1	-1	-1	-1	-1	-1	-1	-1	-1	-1	-1	-1	-1	-1	-1	-1	-1	-1	-1	-1	-1	-1	-1	-1	-1	-1	-1	-1	-1	-1	-1	-1	-1	-1	-1	-1	-1	-1	-1	-1	-1	-1	-1	-1	-1	-1	-1	-1	-1	-1	-1	-1	-1	-1	-1	-1	-1	-1	-1	FFFFFF99	配饰	463	2004	1
59000413	5	4	33	11	Charm11_2	1	4+2		1	1	-1	-1	-1	-1	-1	-1	-1	-1	-1	-1	-1	-1	-1	-1	-1	-1	-1	-1	-1	-1	-1	-1	-1	-1	-1	-1	-1	-1	-1	-1	-1	-1	-1	-1	-1	-1	-1	-1	-1	-1	-1	-1	-1	-1	-1	-1	-1	-1	-1	-1	-1	-1	-1	-1	-1	-1	-1	-1	-1	-1	-1	-1	-1	-1	FFFFFF99	配饰	464	2004	1
59000414	5	4	33	11	Charm11_2	1	4+3		1	1	-1	-1	-1	-1	-1	-1	-1	-1	-1	-1	-1	-1	-1	-1	-1	-1	-1	-1	-1	-1	-1	-1	-1	-1	-1	-1	-1	-1	-1	-1	-1	-1	-1	-1	-1	-1	-1	-1	-1	-1	-1	-1	-1	-1	-1	-1	-1	-1	-1	-1	-1	-1	-1	-1	-1	-1	-1	-1	-1	-1	-1	-1	-1	-1	FFFFFF99	配饰	465	2004	1
59000415	5	4	33	11	Charm11_2	1	4+4		1	1	-1	-1	-1	-1	-1	-1	-1	-1	-1	-1	-1	-1	-1	-1	-1	-1	-1	-1	-1	-1	-1	-1	-1	-1	-1	-1	-1	-1	-1	-1	-1	-1	-1	-1	-1	-1	-1	-1	-1	-1	-1	-1	-1	-1	-1	-1	-1	-1	-1	-1	-1	-1	-1	-1	-1	-1	-1	-1	-1	-1	-1	-1	-1	-1	FFFFFF99	配饰	466	2004	1
59000416	5	4	33	11	Charm11_2	1	4+5		1	1	-1	-1	-1	-1	-1	-1	-1	-1	-1	-1	-1	-1	-1	-1	-1	-1	-1	-1	-1	-1	-1	-1	-1	-1	-1	-1	-1	-1	-1	-1	-1	-1	-1	-1	-1	-1	-1	-1	-1	-1	-1	-1	-1	-1	-1	-1	-1	-1	-1	-1	-1	-1	-1	-1	-1	-1	-1	-1	-1	-1	-1	-1	-1	-1	FFFFFF99	配饰	467	2004	1
59000417	5	4	33	11	Charm11_2	1	4+6		1	1	-1	-1	-1	-1	-1	-1	-1	-1	-1	-1	-1	-1	-1	-1	-1	-1	-1	-1	-1	-1	-1	-1	-1	-1	-1	-1	-1	-1	-1	-1	-1	-1	-1	-1	-1	-1	-1	-1	-1	-1	-1	-1	-1	-1	-1	-1	-1	-1	-1	-1	-1	-1	-1	-1	-1	-1	-1	-1	-1	-1	-1	-1	-1	-1	FFFFFF99	配饰	468	2004	1
59000418	5	4	33	11	Charm11_2	1	4+7		1	1	-1	-1	-1	-1	-1	-1	-1	-1	-1	-1	-1	-1	-1	-1	-1	-1	-1	-1	-1	-1	-1	-1	-1	-1	-1	-1	-1	-1	-1	-1	-1	-1	-1	-1	-1	-1	-1	-1	-1	-1	-1	-1	-1	-1	-1	-1	-1	-1	-1	-1	-1	-1	-1	-1	-1	-1	-1	-1	-1	-1	-1	-1	-1	-1	FFFFFF99	配饰	469	2004	1
59000419	5	4	33	11	Charm11_2	1	4+8		1	1	-1	-1	-1	-1	-1	-1	-1	-1	-1	-1	-1	-1	-1	-1	-1	-1	-1	-1	-1	-1	-1	-1	-1	-1	-1	-1	-1	-1	-1	-1	-1	-1	-1	-1	-1	-1	-1	-1	-1	-1	-1	-1	-1	-1	-1	-1	-1	-1	-1	-1	-1	-1	-1	-1	-1	-1	-1	-1	-1	-1	-1	-1	-1	-1	FFFFFF99	配饰	470	2004	1
59000420	5	4	33	11	Charm11_2	1	4+9		1	1	-1	-1	-1	-1	-1	-1	-1	-1	-1	-1	-1	-1	-1	-1	-1	-1	-1	-1	-1	-1	-1	-1	-1	-1	-1	-1	-1	-1	-1	-1	-1	-1	-1	-1	-1	-1	-1	-1	-1	-1	-1	-1	-1	-1	-1	-1	-1	-1	-1	-1	-1	-1	-1	-1	-1	-1	-1	-1	-1	-1	-1	-1	-1	-1	FFFFFF99	配饰	471	2004	1
59000421	5	4	33	11	Charm11_2	1	4+10		1	1	-1	-1	-1	-1	-1	-1	-1	-1	-1	-1	-1	-1	-1	-1	-1	-1	-1	-1	-1	-1	-1	-1	-1	-1	-1	-1	-1	-1	-1	-1	-1	-1	-1	-1	-1	-1	-1	-1	-1	-1	-1	-1	-1	-1	-1	-1	-1	-1	-1	-1	-1	-1	-1	-1	-1	-1	-1	-1	-1	-1	-1	-1	-1	-1	FFFFFF99	配饰	472	2004	1
59000422	5	4	33	11	Charm11_2	1	4+11		1	1	-1	-1	-1	-1	-1	-1	-1	-1	-1	-1	-1	-1	-1	-1	-1	-1	-1	-1	-1	-1	-1	-1	-1	-1	-1	-1	-1	-1	-1	-1	-1	-1	-1	-1	-1	-1	-1	-1	-1	-1	-1	-1	-1	-1	-1	-1	-1	-1	-1	-1	-1	-1	-1	-1	-1	-1	-1	-1	-1	-1	-1	-1	-1	-1	FFFFFF99	配饰	473	2004	1
59000423	5	4	33	11	Charm11_2	1	4+1		1	1	-1	-1	-1	-1	-1	-1	-1	-1	-1	-1	-1	-1	-1	-1	-1	-1	-1	-1	-1	-1	-1	-1	-1	-1	-1	-1	-1	-1	-1	-1	-1	-1	-1	-1	-1	-1	-1	-1	-1	-1	-1	-1	-1	-1	-1	-1	-1	-1	-1	-1	-1	-1	-1	-1	-1	-1	-1	-1	-1	-1	-1	-1	-1	-1	FFFFFF99	配饰	474	2004	1
59000424	5	4	33	11	Charm11_2	1	4+2		1	1	-1	-1	-1	-1	-1	-1	-1	-1	-1	-1	-1	-1	-1	-1	-1	-1	-1	-1	-1	-1	-1	-1	-1	-1	-1	-1	-1	-1	-1	-1	-1	-1	-1	-1	-1	-1	-1	-1	-1	-1	-1	-1	-1	-1	-1	-1	-1	-1	-1	-1	-1	-1	-1	-1	-1	-1	-1	-1	-1	-1	-1	-1	-1	-1	FFFFFF99	配饰	475	2004	1
59000425	5	4	33	11	Charm11_2	1	4+3		1	1	-1	-1	-1	-1	-1	-1	-1	-1	-1	-1	-1	-1	-1	-1	-1	-1	-1	-1	-1	-1	-1	-1	-1	-1	-1	-1	-1	-1	-1	-1	-1	-1	-1	-1	-1	-1	-1	-1	-1	-1	-1	-1	-1	-1	-1	-1	-1	-1	-1	-1	-1	-1	-1	-1	-1	-1	-1	-1	-1	-1	-1	-1	-1	-1	FFFFFF99	配饰	476	2004	1
59000426	5	4	33	11	Charm11_2	1	4+4		1	1	-1	-1	-1	-1	-1	-1	-1	-1	-1	-1	-1	-1	-1	-1	-1	-1	-1	-1	-1	-1	-1	-1	-1	-1	-1	-1	-1	-1	-1	-1	-1	-1	-1	-1	-1	-1	-1	-1	-1	-1	-1	-1	-1	-1	-1	-1	-1	-1	-1	-1	-1	-1	-1	-1	-1	-1	-1	-1	-1	-1	-1	-1	-1	-1	FFFFFF99	配饰	477	2004	1
59000427	5	4	33	11	Charm11_2	1	4+5		1	1	-1	-1	-1	-1	-1	-1	-1	-1	-1	-1	-1	-1	-1	-1	-1	-1	-1	-1	-1	-1	-1	-1	-1	-1	-1	-1	-1	-1	-1	-1	-1	-1	-1	-1	-1	-1	-1	-1	-1	-1	-1	-1	-1	-1	-1	-1	-1	-1	-1	-1	-1	-1	-1	-1	-1	-1	-1	-1	-1	-1	-1	-1	-1	-1	FFFFFF99	配饰	478	2004	1
59000428	5	4	33	11	Charm11_2	1	4+6		1	1	-1	-1	-1	-1	-1	-1	-1	-1	-1	-1	-1	-1	-1	-1	-1	-1	-1	-1	-1	-1	-1	-1	-1	-1	-1	-1	-1	-1	-1	-1	-1	-1	-1	-1	-1	-1	-1	-1	-1	-1	-1	-1	-1	-1	-1	-1	-1	-1	-1	-1	-1	-1	-1	-1	-1	-1	-1	-1	-1	-1	-1	-1	-1	-1	FFFFFF99	配饰	479	2004	1
59000429	5	4	33	11	Charm11_2	1	4+7		1	1	-1	-1	-1	-1	-1	-1	-1	-1	-1	-1	-1	-1	-1	-1	-1	-1	-1	-1	-1	-1	-1	-1	-1	-1	-1	-1	-1	-1	-1	-1	-1	-1	-1	-1	-1	-1	-1	-1	-1	-1	-1	-1	-1	-1	-1	-1	-1	-1	-1	-1	-1	-1	-1	-1	-1	-1	-1	-1	-1	-1	-1	-1	-1	-1	FFFFFF99	配饰	480	2004	1
59000430	5	4	33	11	Charm11_2	1	4+8		1	1	-1	-1	-1	-1	-1	-1	-1	-1	-1	-1	-1	-1	-1	-1	-1	-1	-1	-1	-1	-1	-1	-1	-1	-1	-1	-1	-1	-1	-1	-1	-1	-1	-1	-1	-1	-1	-1	-1	-1	-1	-1	-1	-1	-1	-1	-1	-1	-1	-1	-1	-1	-1	-1	-1	-1	-1	-1	-1	-1	-1	-1	-1	-1	-1	FFFFFF99	配饰	481	2004	1
59000431	5	4	33	11	Charm11_2	1	4+9		1	1	-1	-1	-1	-1	-1	-1	-1	-1	-1	-1	-1	-1	-1	-1	-1	-1	-1	-1	-1	-1	-1	-1	-1	-1	-1	-1	-1	-1	-1	-1	-1	-1	-1	-1	-1	-1	-1	-1	-1	-1	-1	-1	-1	-1	-1	-1	-1	-1	-1	-1	-1	-1	-1	-1	-1	-1	-1	-1	-1	-1	-1	-1	-1	-1	FFFFFF99	配饰	482	2004	1
59000432	5	4	33	11	Charm11_2	1	4+10		1	1	-1	-1	-1	-1	-1	-1	-1	-1	-1	-1	-1	-1	-1	-1	-1	-1	-1	-1	-1	-1	-1	-1	-1	-1	-1	-1	-1	-1	-1	-1	-1	-1	-1	-1	-1	-1	-1	-1	-1	-1	-1	-1	-1	-1	-1	-1	-1	-1	-1	-1	-1	-1	-1	-1	-1	-1	-1	-1	-1	-1	-1	-1	-1	-1	FFFFFF99	配饰	483	2004	1
59000433	5	4	33	11	Charm11_2	1	4+11		1	1	-1	-1	-1	-1	-1	-1	-1	-1	-1	-1	-1	-1	-1	-1	-1	-1	-1	-1	-1	-1	-1	-1	-1	-1	-1	-1	-1	-1	-1	-1	-1	-1	-1	-1	-1	-1	-1	-1	-1	-1	-1	-1	-1	-1	-1	-1	-1	-1	-1	-1	-1	-1	-1	-1	-1	-1	-1	-1	-1	-1	-1	-1	-1	-1	FFFFFF99	配饰	484	2004	1
59000512	5	4	33	11	Charm11_2	1	5+1		1	1	-1	-1	-1	-1	-1	-1	-1	-1	-1	-1	-1	-1	-1	-1	-1	-1	-1	-1	-1	-1	-1	-1	-1	-1	-1	-1	-1	-1	-1	-1	-1	-1	-1	-1	-1	-1	-1	-1	-1	-1	-1	-1	-1	-1	-1	-1	-1	-1	-1	-1	-1	-1	-1	-1	-1	-1	-1	-1	-1	-1	-1	-1	-1	-1	FFFFFF99	配饰	606	2004	1
59000513	5	4	33	11	Charm11_2	1	5+2		1	1	-1	-1	-1	-1	-1	-1	-1	-1	-1	-1	-1	-1	-1	-1	-1	-1	-1	-1	-1	-1	-1	-1	-1	-1	-1	-1	-1	-1	-1	-1	-1	-1	-1	-1	-1	-1	-1	-1	-1	-1	-1	-1	-1	-1	-1	-1	-1	-1	-1	-1	-1	-1	-1	-1	-1	-1	-1	-1	-1	-1	-1	-1	-1	-1	FFFFFF99	配饰	607	2004	1
59000514	5	4	33	11	Charm11_2	1	5+3		1	1	-1	-1	-1	-1	-1	-1	-1	-1	-1	-1	-1	-1	-1	-1	-1	-1	-1	-1	-1	-1	-1	-1	-1	-1	-1	-1	-1	-1	-1	-1	-1	-1	-1	-1	-1	-1	-1	-1	-1	-1	-1	-1	-1	-1	-1	-1	-1	-1	-1	-1	-1	-1	-1	-1	-1	-1	-1	-1	-1	-1	-1	-1	-1	-1	FFFFFF99	配饰	608	2004	1
59000515	5	4	33	11	Charm11_2	1	5+4		1	1	-1	-1	-1	-1	-1	-1	-1	-1	-1	-1	-1	-1	-1	-1	-1	-1	-1	-1	-1	-1	-1	-1	-1	-1	-1	-1	-1	-1	-1	-1	-1	-1	-1	-1	-1	-1	-1	-1	-1	-1	-1	-1	-1	-1	-1	-1	-1	-1	-1	-1	-1	-1	-1	-1	-1	-1	-1	-1	-1	-1	-1	-1	-1	-1	FFFFFF99	配饰	609	2004	1
59000516	5	4	33	11	Charm11_2	1	5+5		1	1	-1	-1	-1	-1	-1	-1	-1	-1	-1	-1	-1	-1	-1	-1	-1	-1	-1	-1	-1	-1	-1	-1	-1	-1	-1	-1	-1	-1	-1	-1	-1	-1	-1	-1	-1	-1	-1	-1	-1	-1	-1	-1	-1	-1	-1	-1	-1	-1	-1	-1	-1	-1	-1	-1	-1	-1	-1	-1	-1	-1	-1	-1	-1	-1	FFFFFF99	配饰	610	2004	1
59000517	5	4	33	11	Charm11_2	1	5+6		1	1	-1	-1	-1	-1	-1	-1	-1	-1	-1	-1	-1	-1	-1	-1	-1	-1	-1	-1	-1	-1	-1	-1	-1	-1	-1	-1	-1	-1	-1	-1	-1	-1	-1	-1	-1	-1	-1	-1	-1	-1	-1	-1	-1	-1	-1	-1	-1	-1	-1	-1	-1	-1	-1	-1	-1	-1	-1	-1	-1	-1	-1	-1	-1	-1	FFFFFF99	配饰	611	2004	1
59000518	5	4	33	11	Charm11_2	1	5+7		1	1	-1	-1	-1	-1	-1	-1	-1	-1	-1	-1	-1	-1	-1	-1	-1	-1	-1	-1	-1	-1	-1	-1	-1	-1	-1	-1	-1	-1	-1	-1	-1	-1	-1	-1	-1	-1	-1	-1	-1	-1	-1	-1	-1	-1	-1	-1	-1	-1	-1	-1	-1	-1	-1	-1	-1	-1	-1	-1	-1	-1	-1	-1	-1	-1	FFFFFF99	配饰	612	2004	1
59000519	5	4	33	11	Charm11_2	1	5+8		1	1	-1	-1	-1	-1	-1	-1	-1	-1	-1	-1	-1	-1	-1	-1	-1	-1	-1	-1	-1	-1	-1	-1	-1	-1	-1	-1	-1	-1	-1	-1	-1	-1	-1	-1	-1	-1	-1	-1	-1	-1	-1	-1	-1	-1	-1	-1	-1	-1	-1	-1	-1	-1	-1	-1	-1	-1	-1	-1	-1	-1	-1	-1	-1	-1	FFFFFF99	配饰	613	2004	1
59000520	5	4	33	11	Charm11_2	1	5+9		1	1	-1	-1	-1	-1	-1	-1	-1	-1	-1	-1	-1	-1	-1	-1	-1	-1	-1	-1	-1	-1	-1	-1	-1	-1	-1	-1	-1	-1	-1	-1	-1	-1	-1	-1	-1	-1	-1	-1	-1	-1	-1	-1	-1	-1	-1	-1	-1	-1	-1	-1	-1	-1	-1	-1	-1	-1	-1	-1	-1	-1	-1	-1	-1	-1	FFFFFF99	配饰	614	2004	1
59000521	5	4	33	11	Charm11_2	1	5+10		1	1	-1	-1	-1	-1	-1	-1	-1	-1	-1	-1	-1	-1	-1	-1	-1	-1	-1	-1	-1	-1	-1	-1	-1	-1	-1	-1	-1	-1	-1	-1	-1	-1	-1	-1	-1	-1	-1	-1	-1	-1	-1	-1	-1	-1	-1	-1	-1	-1	-1	-1	-1	-1	-1	-1	-1	-1	-1	-1	-1	-1	-1	-1	-1	-1	FFFFFF99	配饰	615	2004	1
59000522	5	4	33	11	Charm11_2	1	5+11		1	1	-1	-1	-1	-1	-1	-1	-1	-1	-1	-1	-1	-1	-1	-1	-1	-1	-1	-1	-1	-1	-1	-1	-1	-1	-1	-1	-1	-1	-1	-1	-1	-1	-1	-1	-1	-1	-1	-1	-1	-1	-1	-1	-1	-1	-1	-1	-1	-1	-1	-1	-1	-1	-1	-1	-1	-1	-1	-1	-1	-1	-1	-1	-1	-1	FFFFFF99	配饰	616	2004	1
59000523	5	4	33	11	Charm11_2	1	5+1		1	1	-1	-1	-1	-1	-1	-1	-1	-1	-1	-1	-1	-1	-1	-1	-1	-1	-1	-1	-1	-1	-1	-1	-1	-1	-1	-1	-1	-1	-1	-1	-1	-1	-1	-1	-1	-1	-1	-1	-1	-1	-1	-1	-1	-1	-1	-1	-1	-1	-1	-1	-1	-1	-1	-1	-1	-1	-1	-1	-1	-1	-1	-1	-1	-1	FFFFFF99	配饰	617	2004	1
59000524	5	4	33	11	Charm11_2	1	5+2		1	1	-1	-1	-1	-1	-1	-1	-1	-1	-1	-1	-1	-1	-1	-1	-1	-1	-1	-1	-1	-1	-1	-1	-1	-1	-1	-1	-1	-1	-1	-1	-1	-1	-1	-1	-1	-1	-1	-1	-1	-1	-1	-1	-1	-1	-1	-1	-1	-1	-1	-1	-1	-1	-1	-1	-1	-1	-1	-1	-1	-1	-1	-1	-1	-1	FFFFFF99	配饰	618	2004	1
59000525	5	4	33	11	Charm11_2	1	5+3		1	1	-1	-1	-1	-1	-1	-1	-1	-1	-1	-1	-1	-1	-1	-1	-1	-1	-1	-1	-1	-1	-1	-1	-1	-1	-1	-1	-1	-1	-1	-1	-1	-1	-1	-1	-1	-1	-1	-1	-1	-1	-1	-1	-1	-1	-1	-1	-1	-1	-1	-1	-1	-1	-1	-1	-1	-1	-1	-1	-1	-1	-1	-1	-1	-1	FFFFFF99	配饰	619	2004	1
59000526	5	4	33	11	Charm11_2	1	5+4		1	1	-1	-1	-1	-1	-1	-1	-1	-1	-1	-1	-1	-1	-1	-1	-1	-1	-1	-1	-1	-1	-1	-1	-1	-1	-1	-1	-1	-1	-1	-1	-1	-1	-1	-1	-1	-1	-1	-1	-1	-1	-1	-1	-1	-1	-1	-1	-1	-1	-1	-1	-1	-1	-1	-1	-1	-1	-1	-1	-1	-1	-1	-1	-1	-1	FFFFFF99	配饰	620	2004	1
59000527	5	4	33	11	Charm11_2	1	5+5		1	1	-1	-1	-1	-1	-1	-1	-1	-1	-1	-1	-1	-1	-1	-1	-1	-1	-1	-1	-1	-1	-1	-1	-1	-1	-1	-1	-1	-1	-1	-1	-1	-1	-1	-1	-1	-1	-1	-1	-1	-1	-1	-1	-1	-1	-1	-1	-1	-1	-1	-1	-1	-1	-1	-1	-1	-1	-1	-1	-1	-1	-1	-1	-1	-1	FFFFFF99	配饰	621	2004	1
59000528	5	4	33	11	Charm11_2	1	5+6		1	1	-1	-1	-1	-1	-1	-1	-1	-1	-1	-1	-1	-1	-1	-1	-1	-1	-1	-1	-1	-1	-1	-1	-1	-1	-1	-1	-1	-1	-1	-1	-1	-1	-1	-1	-1	-1	-1	-1	-1	-1	-1	-1	-1	-1	-1	-1	-1	-1	-1	-1	-1	-1	-1	-1	-1	-1	-1	-1	-1	-1	-1	-1	-1	-1	FFFFFF99	配饰	622	2004	1
59000529	5	4	33	11	Charm11_2	1	5+7		1	1	-1	-1	-1	-1	-1	-1	-1	-1	-1	-1	-1	-1	-1	-1	-1	-1	-1	-1	-1	-1	-1	-1	-1	-1	-1	-1	-1	-1	-1	-1	-1	-1	-1	-1	-1	-1	-1	-1	-1	-1	-1	-1	-1	-1	-1	-1	-1	-1	-1	-1	-1	-1	-1	-1	-1	-1	-1	-1	-1	-1	-1	-1	-1	-1	FFFFFF99	配饰	623	2004	1
59000530	5	4	33	11	Charm11_2	1	5+8		1	1	-1	-1	-1	-1	-1	-1	-1	-1	-1	-1	-1	-1	-1	-1	-1	-1	-1	-1	-1	-1	-1	-1	-1	-1	-1	-1	-1	-1	-1	-1	-1	-1	-1	-1	-1	-1	-1	-1	-1	-1	-1	-1	-1	-1	-1	-1	-1	-1	-1	-1	-1	-1	-1	-1	-1	-1	-1	-1	-1	-1	-1	-1	-1	-1	FFFFFF99	配饰	624	2004	1
59000531	5	4	33	11	Charm11_2	1	5+9		1	1	-1	-1	-1	-1	-1	-1	-1	-1	-1	-1	-1	-1	-1	-1	-1	-1	-1	-1	-1	-1	-1	-1	-1	-1	-1	-1	-1	-1	-1	-1	-1	-1	-1	-1	-1	-1	-1	-1	-1	-1	-1	-1	-1	-1	-1	-1	-1	-1	-1	-1	-1	-1	-1	-1	-1	-1	-1	-1	-1	-1	-1	-1	-1	-1	FFFFFF99	配饰	625	2004	1
59000532	5	4	33	11	Charm11_2	1	5+10		1	1	-1	-1	-1	-1	-1	-1	-1	-1	-1	-1	-1	-1	-1	-1	-1	-1	-1	-1	-1	-1	-1	-1	-1	-1	-1	-1	-1	-1	-1	-1	-1	-1	-1	-1	-1	-1	-1	-1	-1	-1	-1	-1	-1	-1	-1	-1	-1	-1	-1	-1	-1	-1	-1	-1	-1	-1	-1	-1	-1	-1	-1	-1	-1	-1	FFFFFF99	配饰	626	2004	1
59000533	5	4	33	11	Charm11_2	1	5+11		1	1	-1	-1	-1	-1	-1	-1	-1	-1	-1	-1	-1	-1	-1	-1	-1	-1	-1	-1	-1	-1	-1	-1	-1	-1	-1	-1	-1	-1	-1	-1	-1	-1	-1	-1	-1	-1	-1	-1	-1	-1	-1	-1	-1	-1	-1	-1	-1	-1	-1	-1	-1	-1	-1	-1	-1	-1	-1	-1	-1	-1	-1	-1	-1	-1	FFFFFF99	配饰	627	2004	1
59000612	5	4	33	11	Charm11_2	1	6+1		1	1	-1	-1	-1	-1	-1	-1	-1	-1	-1	-1	-1	-1	-1	-1	-1	-1	-1	-1	-1	-1	-1	-1	-1	-1	-1	-1	-1	-1	-1	-1	-1	-1	-1	-1	-1	-1	-1	-1	-1	-1	-1	-1	-1	-1	-1	-1	-1	-1	-1	-1	-1	-1	-1	-1	-1	-1	-1	-1	-1	-1	-1	-1	-1	-1	FFFFFF99	配饰	749	2004	1
59000613	5	4	33	11	Charm11_2	1	6+2		1	1	-1	-1	-1	-1	-1	-1	-1	-1	-1	-1	-1	-1	-1	-1	-1	-1	-1	-1	-1	-1	-1	-1	-1	-1	-1	-1	-1	-1	-1	-1	-1	-1	-1	-1	-1	-1	-1	-1	-1	-1	-1	-1	-1	-1	-1	-1	-1	-1	-1	-1	-1	-1	-1	-1	-1	-1	-1	-1	-1	-1	-1	-1	-1	-1	FFFFFF99	配饰	750	2004	1
59000614	5	4	33	11	Charm11_2	1	6+3		1	1	-1	-1	-1	-1	-1	-1	-1	-1	-1	-1	-1	-1	-1	-1	-1	-1	-1	-1	-1	-1	-1	-1	-1	-1	-1	-1	-1	-1	-1	-1	-1	-1	-1	-1	-1	-1	-1	-1	-1	-1	-1	-1	-1	-1	-1	-1	-1	-1	-1	-1	-1	-1	-1	-1	-1	-1	-1	-1	-1	-1	-1	-1	-1	-1	FFFFFF99	配饰	751	2004	1
59000615	5	4	33	11	Charm11_2	1	6+4		1	1	-1	-1	-1	-1	-1	-1	-1	-1	-1	-1	-1	-1	-1	-1	-1	-1	-1	-1	-1	-1	-1	-1	-1	-1	-1	-1	-1	-1	-1	-1	-1	-1	-1	-1	-1	-1	-1	-1	-1	-1	-1	-1	-1	-1	-1	-1	-1	-1	-1	-1	-1	-1	-1	-1	-1	-1	-1	-1	-1	-1	-1	-1	-1	-1	FFFFFF99	配饰	752	2004	1
59000616	5	4	33	11	Charm11_2	1	6+5		1	1	-1	-1	-1	-1	-1	-1	-1	-1	-1	-1	-1	-1	-1	-1	-1	-1	-1	-1	-1	-1	-1	-1	-1	-1	-1	-1	-1	-1	-1	-1	-1	-1	-1	-1	-1	-1	-1	-1	-1	-1	-1	-1	-1	-1	-1	-1	-1	-1	-1	-1	-1	-1	-1	-1	-1	-1	-1	-1	-1	-1	-1	-1	-1	-1	FFFFFF99	配饰	753	2004	1
59000617	5	4	33	11	Charm11_2	1	6+6		1	1	-1	-1	-1	-1	-1	-1	-1	-1	-1	-1	-1	-1	-1	-1	-1	-1	-1	-1	-1	-1	-1	-1	-1	-1	-1	-1	-1	-1	-1	-1	-1	-1	-1	-1	-1	-1	-1	-1	-1	-1	-1	-1	-1	-1	-1	-1	-1	-1	-1	-1	-1	-1	-1	-1	-1	-1	-1	-1	-1	-1	-1	-1	-1	-1	FFFFFF99	配饰	754	2004	1
59000618	5	4	33	11	Charm11_2	1	6+7		1	1	-1	-1	-1	-1	-1	-1	-1	-1	-1	-1	-1	-1	-1	-1	-1	-1	-1	-1	-1	-1	-1	-1	-1	-1	-1	-1	-1	-1	-1	-1	-1	-1	-1	-1	-1	-1	-1	-1	-1	-1	-1	-1	-1	-1	-1	-1	-1	-1	-1	-1	-1	-1	-1	-1	-1	-1	-1	-1	-1	-1	-1	-1	-1	-1	FFFFFF99	配饰	755	2004	1
59000619	5	4	33	11	Charm11_2	1	6+8		1	1	-1	-1	-1	-1	-1	-1	-1	-1	-1	-1	-1	-1	-1	-1	-1	-1	-1	-1	-1	-1	-1	-1	-1	-1	-1	-1	-1	-1	-1	-1	-1	-1	-1	-1	-1	-1	-1	-1	-1	-1	-1	-1	-1	-1	-1	-1	-1	-1	-1	-1	-1	-1	-1	-1	-1	-1	-1	-1	-1	-1	-1	-1	-1	-1	FFFFFF99	配饰	756	2004	1
59000620	5	4	33	11	Charm11_2	1	6+9		1	1	-1	-1	-1	-1	-1	-1	-1	-1	-1	-1	-1	-1	-1	-1	-1	-1	-1	-1	-1	-1	-1	-1	-1	-1	-1	-1	-1	-1	-1	-1	-1	-1	-1	-1	-1	-1	-1	-1	-1	-1	-1	-1	-1	-1	-1	-1	-1	-1	-1	-1	-1	-1	-1	-1	-1	-1	-1	-1	-1	-1	-1	-1	-1	-1	FFFFFF99	配饰	757	2004	1
59000621	5	4	33	11	Charm11_2	1	6+10		1	1	-1	-1	-1	-1	-1	-1	-1	-1	-1	-1	-1	-1	-1	-1	-1	-1	-1	-1	-1	-1	-1	-1	-1	-1	-1	-1	-1	-1	-1	-1	-1	-1	-1	-1	-1	-1	-1	-1	-1	-1	-1	-1	-1	-1	-1	-1	-1	-1	-1	-1	-1	-1	-1	-1	-1	-1	-1	-1	-1	-1	-1	-1	-1	-1	FFFFFF99	配饰	758	2004	1
59000622	5	4	33	11	Charm11_2	1	6+11		1	1	-1	-1	-1	-1	-1	-1	-1	-1	-1	-1	-1	-1	-1	-1	-1	-1	-1	-1	-1	-1	-1	-1	-1	-1	-1	-1	-1	-1	-1	-1	-1	-1	-1	-1	-1	-1	-1	-1	-1	-1	-1	-1	-1	-1	-1	-1	-1	-1	-1	-1	-1	-1	-1	-1	-1	-1	-1	-1	-1	-1	-1	-1	-1	-1	FFFFFF99	配饰	759	2004	1
59000623	5	4	33	11	Charm11_2	1	6+1		1	1	-1	-1	-1	-1	-1	-1	-1	-1	-1	-1	-1	-1	-1	-1	-1	-1	-1	-1	-1	-1	-1	-1	-1	-1	-1	-1	-1	-1	-1	-1	-1	-1	-1	-1	-1	-1	-1	-1	-1	-1	-1	-1	-1	-1	-1	-1	-1	-1	-1	-1	-1	-1	-1	-1	-1	-1	-1	-1	-1	-1	-1	-1	-1	-1	FFFFFF99	配饰	760	2004	1
59000624	5	4	33	11	Charm11_2	1	6+2		1	1	-1	-1	-1	-1	-1	-1	-1	-1	-1	-1	-1	-1	-1	-1	-1	-1	-1	-1	-1	-1	-1	-1	-1	-1	-1	-1	-1	-1	-1	-1	-1	-1	-1	-1	-1	-1	-1	-1	-1	-1	-1	-1	-1	-1	-1	-1	-1	-1	-1	-1	-1	-1	-1	-1	-1	-1	-1	-1	-1	-1	-1	-1	-1	-1	FFFFFF99	配饰	761	2004	1
59000625	5	4	33	11	Charm11_2	1	6+3		1	1	-1	-1	-1	-1	-1	-1	-1	-1	-1	-1	-1	-1	-1	-1	-1	-1	-1	-1	-1	-1	-1	-1	-1	-1	-1	-1	-1	-1	-1	-1	-1	-1	-1	-1	-1	-1	-1	-1	-1	-1	-1	-1	-1	-1	-1	-1	-1	-1	-1	-1	-1	-1	-1	-1	-1	-1	-1	-1	-1	-1	-1	-1	-1	-1	FFFFFF99	配饰	762	2004	1
59000626	5	4	33	11	Charm11_2	1	6+4		1	1	-1	-1	-1	-1	-1	-1	-1	-1	-1	-1	-1	-1	-1	-1	-1	-1	-1	-1	-1	-1	-1	-1	-1	-1	-1	-1	-1	-1	-1	-1	-1	-1	-1	-1	-1	-1	-1	-1	-1	-1	-1	-1	-1	-1	-1	-1	-1	-1	-1	-1	-1	-1	-1	-1	-1	-1	-1	-1	-1	-1	-1	-1	-1	-1	FFFFFF99	配饰	763	2004	1
59000627	5	4	33	11	Charm11_2	1	6+5		1	1	-1	-1	-1	-1	-1	-1	-1	-1	-1	-1	-1	-1	-1	-1	-1	-1	-1	-1	-1	-1	-1	-1	-1	-1	-1	-1	-1	-1	-1	-1	-1	-1	-1	-1	-1	-1	-1	-1	-1	-1	-1	-1	-1	-1	-1	-1	-1	-1	-1	-1	-1	-1	-1	-1	-1	-1	-1	-1	-1	-1	-1	-1	-1	-1	FFFFFF99	配饰	764	2004	1
59000628	5	4	33	11	Charm11_2	1	6+6		1	1	-1	-1	-1	-1	-1	-1	-1	-1	-1	-1	-1	-1	-1	-1	-1	-1	-1	-1	-1	-1	-1	-1	-1	-1	-1	-1	-1	-1	-1	-1	-1	-1	-1	-1	-1	-1	-1	-1	-1	-1	-1	-1	-1	-1	-1	-1	-1	-1	-1	-1	-1	-1	-1	-1	-1	-1	-1	-1	-1	-1	-1	-1	-1	-1	FFFFFF99	配饰	765	2004	1
59000629	5	4	33	11	Charm11_2	1	6+7		1	1	-1	-1	-1	-1	-1	-1	-1	-1	-1	-1	-1	-1	-1	-1	-1	-1	-1	-1	-1	-1	-1	-1	-1	-1	-1	-1	-1	-1	-1	-1	-1	-1	-1	-1	-1	-1	-1	-1	-1	-1	-1	-1	-1	-1	-1	-1	-1	-1	-1	-1	-1	-1	-1	-1	-1	-1	-1	-1	-1	-1	-1	-1	-1	-1	FFFFFF99	配饰	766	2004	1
59000630	5	4	33	11	Charm11_2	1	6+8		1	1	-1	-1	-1	-1	-1	-1	-1	-1	-1	-1	-1	-1	-1	-1	-1	-1	-1	-1	-1	-1	-1	-1	-1	-1	-1	-1	-1	-1	-1	-1	-1	-1	-1	-1	-1	-1	-1	-1	-1	-1	-1	-1	-1	-1	-1	-1	-1	-1	-1	-1	-1	-1	-1	-1	-1	-1	-1	-1	-1	-1	-1	-1	-1	-1	FFFFFF99	配饰	767	2004	1
59000631	5	4	33	11	Charm11_2	1	6+9		1	1	-1	-1	-1	-1	-1	-1	-1	-1	-1	-1	-1	-1	-1	-1	-1	-1	-1	-1	-1	-1	-1	-1	-1	-1	-1	-1	-1	-1	-1	-1	-1	-1	-1	-1	-1	-1	-1	-1	-1	-1	-1	-1	-1	-1	-1	-1	-1	-1	-1	-1	-1	-1	-1	-1	-1	-1	-1	-1	-1	-1	-1	-1	-1	-1	FFFFFF99	配饰	768	2004	1
59000632	5	4	33	11	Charm11_2	1	6+10		1	1	-1	-1	-1	-1	-1	-1	-1	-1	-1	-1	-1	-1	-1	-1	-1	-1	-1	-1	-1	-1	-1	-1	-1	-1	-1	-1	-1	-1	-1	-1	-1	-1	-1	-1	-1	-1	-1	-1	-1	-1	-1	-1	-1	-1	-1	-1	-1	-1	-1	-1	-1	-1	-1	-1	-1	-1	-1	-1	-1	-1	-1	-1	-1	-1	FFFFFF99	配饰	769	2004	1
59000633	5	4	33	11	Charm11_2	1	6+11		1	1	-1	-1	-1	-1	-1	-1	-1	-1	-1	-1	-1	-1	-1	-1	-1	-1	-1	-1	-1	-1	-1	-1	-1	-1	-1	-1	-1	-1	-1	-1	-1	-1	-1	-1	-1	-1	-1	-1	-1	-1	-1	-1	-1	-1	-1	-1	-1	-1	-1	-1	-1	-1	-1	-1	-1	-1	-1	-1	-1	-1	-1	-1	-1	-1	FFFFFF99	配饰	770	2004	1
59000712	5	4	33	11	Charm11_2	1	7+1		1	1	-1	-1	-1	-1	-1	-1	-1	-1	-1	-1	-1	-1	-1	-1	-1	-1	-1	-1	-1	-1	-1	-1	-1	-1	-1	-1	-1	-1	-1	-1	-1	-1	-1	-1	-1	-1	-1	-1	-1	-1	-1	-1	-1	-1	-1	-1	-1	-1	-1	-1	-1	-1	-1	-1	-1	-1	-1	-1	-1	-1	-1	-1	-1	-1	FFFFFF99	配饰	892	2004	1
59000713	5	4	33	11	Charm11_2	1	7+2		1	1	-1	-1	-1	-1	-1	-1	-1	-1	-1	-1	-1	-1	-1	-1	-1	-1	-1	-1	-1	-1	-1	-1	-1	-1	-1	-1	-1	-1	-1	-1	-1	-1	-1	-1	-1	-1	-1	-1	-1	-1	-1	-1	-1	-1	-1	-1	-1	-1	-1	-1	-1	-1	-1	-1	-1	-1	-1	-1	-1	-1	-1	-1	-1	-1	FFFFFF99	配饰	893	2004	1
59000714	5	4	33	11	Charm11_2	1	7+3		1	1	-1	-1	-1	-1	-1	-1	-1	-1	-1	-1	-1	-1	-1	-1	-1	-1	-1	-1	-1	-1	-1	-1	-1	-1	-1	-1	-1	-1	-1	-1	-1	-1	-1	-1	-1	-1	-1	-1	-1	-1	-1	-1	-1	-1	-1	-1	-1	-1	-1	-1	-1	-1	-1	-1	-1	-1	-1	-1	-1	-1	-1	-1	-1	-1	FFFFFF99	配饰	894	2004	1
59000715	5	4	33	11	Charm11_2	1	7+4		1	1	-1	-1	-1	-1	-1	-1	-1	-1	-1	-1	-1	-1	-1	-1	-1	-1	-1	-1	-1	-1	-1	-1	-1	-1	-1	-1	-1	-1	-1	-1	-1	-1	-1	-1	-1	-1	-1	-1	-1	-1	-1	-1	-1	-1	-1	-1	-1	-1	-1	-1	-1	-1	-1	-1	-1	-1	-1	-1	-1	-1	-1	-1	-1	-1	FFFFFF99	配饰	895	2004	1
59000716	5	4	33	11	Charm11_2	1	7+5		1	1	-1	-1	-1	-1	-1	-1	-1	-1	-1	-1	-1	-1	-1	-1	-1	-1	-1	-1	-1	-1	-1	-1	-1	-1	-1	-1	-1	-1	-1	-1	-1	-1	-1	-1	-1	-1	-1	-1	-1	-1	-1	-1	-1	-1	-1	-1	-1	-1	-1	-1	-1	-1	-1	-1	-1	-1	-1	-1	-1	-1	-1	-1	-1	-1	FFFFFF99	配饰	896	2004	1
59000717	5	4	33	11	Charm11_2	1	7+6		1	1	-1	-1	-1	-1	-1	-1	-1	-1	-1	-1	-1	-1	-1	-1	-1	-1	-1	-1	-1	-1	-1	-1	-1	-1	-1	-1	-1	-1	-1	-1	-1	-1	-1	-1	-1	-1	-1	-1	-1	-1	-1	-1	-1	-1	-1	-1	-1	-1	-1	-1	-1	-1	-1	-1	-1	-1	-1	-1	-1	-1	-1	-1	-1	-1	FFFFFF99	配饰	897	2004	1
59000718	5	4	33	11	Charm11_2	1	7+7		1	1	-1	-1	-1	-1	-1	-1	-1	-1	-1	-1	-1	-1	-1	-1	-1	-1	-1	-1	-1	-1	-1	-1	-1	-1	-1	-1	-1	-1	-1	-1	-1	-1	-1	-1	-1	-1	-1	-1	-1	-1	-1	-1	-1	-1	-1	-1	-1	-1	-1	-1	-1	-1	-1	-1	-1	-1	-1	-1	-1	-1	-1	-1	-1	-1	FFFFFF99	配饰	898	2004	1
59000719	5	4	33	11	Charm11_2	1	7+8		1	1	-1	-1	-1	-1	-1	-1	-1	-1	-1	-1	-1	-1	-1	-1	-1	-1	-1	-1	-1	-1	-1	-1	-1	-1	-1	-1	-1	-1	-1	-1	-1	-1	-1	-1	-1	-1	-1	-1	-1	-1	-1	-1	-1	-1	-1	-1	-1	-1	-1	-1	-1	-1	-1	-1	-1	-1	-1	-1	-1	-1	-1	-1	-1	-1	FFFFFF99	配饰	899	2004	1
59000720	5	4	33	11	Charm11_2	1	7+9		1	1	-1	-1	-1	-1	-1	-1	-1	-1	-1	-1	-1	-1	-1	-1	-1	-1	-1	-1	-1	-1	-1	-1	-1	-1	-1	-1	-1	-1	-1	-1	-1	-1	-1	-1	-1	-1	-1	-1	-1	-1	-1	-1	-1	-1	-1	-1	-1	-1	-1	-1	-1	-1	-1	-1	-1	-1	-1	-1	-1	-1	-1	-1	-1	-1	FFFFFF99	配饰	900	2004	1
59000721	5	4	33	11	Charm11_2	1	7+10		1	1	-1	-1	-1	-1	-1	-1	-1	-1	-1	-1	-1	-1	-1	-1	-1	-1	-1	-1	-1	-1	-1	-1	-1	-1	-1	-1	-1	-1	-1	-1	-1	-1	-1	-1	-1	-1	-1	-1	-1	-1	-1	-1	-1	-1	-1	-1	-1	-1	-1	-1	-1	-1	-1	-1	-1	-1	-1	-1	-1	-1	-1	-1	-1	-1	FFFFFF99	配饰	901	2004	1
59000722	5	4	33	11	Charm11_2	1	7+11		1	1	-1	-1	-1	-1	-1	-1	-1	-1	-1	-1	-1	-1	-1	-1	-1	-1	-1	-1	-1	-1	-1	-1	-1	-1	-1	-1	-1	-1	-1	-1	-1	-1	-1	-1	-1	-1	-1	-1	-1	-1	-1	-1	-1	-1	-1	-1	-1	-1	-1	-1	-1	-1	-1	-1	-1	-1	-1	-1	-1	-1	-1	-1	-1	-1	FFFFFF99	配饰	902	2004	1
59000723	5	4	33	11	Charm11_2	1	7+1		1	1	-1	-1	-1	-1	-1	-1	-1	-1	-1	-1	-1	-1	-1	-1	-1	-1	-1	-1	-1	-1	-1	-1	-1	-1	-1	-1	-1	-1	-1	-1	-1	-1	-1	-1	-1	-1	-1	-1	-1	-1	-1	-1	-1	-1	-1	-1	-1	-1	-1	-1	-1	-1	-1	-1	-1	-1	-1	-1	-1	-1	-1	-1	-1	-1	FFFFFF99	配饰	903	2004	1
59000724	5	4	33	11	Charm11_2	1	7+2		1	1	-1	-1	-1	-1	-1	-1	-1	-1	-1	-1	-1	-1	-1	-1	-1	-1	-1	-1	-1	-1	-1	-1	-1	-1	-1	-1	-1	-1	-1	-1	-1	-1	-1	-1	-1	-1	-1	-1	-1	-1	-1	-1	-1	-1	-1	-1	-1	-1	-1	-1	-1	-1	-1	-1	-1	-1	-1	-1	-1	-1	-1	-1	-1	-1	FFFFFF99	配饰	904	2004	1
59000725	5	4	33	11	Charm11_2	1	7+3		1	1	-1	-1	-1	-1	-1	-1	-1	-1	-1	-1	-1	-1	-1	-1	-1	-1	-1	-1	-1	-1	-1	-1	-1	-1	-1	-1	-1	-1	-1	-1	-1	-1	-1	-1	-1	-1	-1	-1	-1	-1	-1	-1	-1	-1	-1	-1	-1	-1	-1	-1	-1	-1	-1	-1	-1	-1	-1	-1	-1	-1	-1	-1	-1	-1	FFFFFF99	配饰	905	2004	1
59000726	5	4	33	11	Charm11_2	1	7+4		1	1	-1	-1	-1	-1	-1	-1	-1	-1	-1	-1	-1	-1	-1	-1	-1	-1	-1	-1	-1	-1	-1	-1	-1	-1	-1	-1	-1	-1	-1	-1	-1	-1	-1	-1	-1	-1	-1	-1	-1	-1	-1	-1	-1	-1	-1	-1	-1	-1	-1	-1	-1	-1	-1	-1	-1	-1	-1	-1	-1	-1	-1	-1	-1	-1	FFFFFF99	配饰	906	2004	1
59000727	5	4	33	11	Charm11_2	1	7+5		1	1	-1	-1	-1	-1	-1	-1	-1	-1	-1	-1	-1	-1	-1	-1	-1	-1	-1	-1	-1	-1	-1	-1	-1	-1	-1	-1	-1	-1	-1	-1	-1	-1	-1	-1	-1	-1	-1	-1	-1	-1	-1	-1	-1	-1	-1	-1	-1	-1	-1	-1	-1	-1	-1	-1	-1	-1	-1	-1	-1	-1	-1	-1	-1	-1	FFFFFF99	配饰	907	2004	1
59000728	5	4	33	11	Charm11_2	1	7+6		1	1	-1	-1	-1	-1	-1	-1	-1	-1	-1	-1	-1	-1	-1	-1	-1	-1	-1	-1	-1	-1	-1	-1	-1	-1	-1	-1	-1	-1	-1	-1	-1	-1	-1	-1	-1	-1	-1	-1	-1	-1	-1	-1	-1	-1	-1	-1	-1	-1	-1	-1	-1	-1	-1	-1	-1	-1	-1	-1	-1	-1	-1	-1	-1	-1	FFFFFF99	配饰	908	2004	1
59000729	5	4	33	11	Charm11_2	1	7+7		1	1	-1	-1	-1	-1	-1	-1	-1	-1	-1	-1	-1	-1	-1	-1	-1	-1	-1	-1	-1	-1	-1	-1	-1	-1	-1	-1	-1	-1	-1	-1	-1	-1	-1	-1	-1	-1	-1	-1	-1	-1	-1	-1	-1	-1	-1	-1	-1	-1	-1	-1	-1	-1	-1	-1	-1	-1	-1	-1	-1	-1	-1	-1	-1	-1	FFFFFF99	配饰	909	2004	1
59000730	5	4	33	11	Charm11_2	1	7+8		1	1	-1	-1	-1	-1	-1	-1	-1	-1	-1	-1	-1	-1	-1	-1	-1	-1	-1	-1	-1	-1	-1	-1	-1	-1	-1	-1	-1	-1	-1	-1	-1	-1	-1	-1	-1	-1	-1	-1	-1	-1	-1	-1	-1	-1	-1	-1	-1	-1	-1	-1	-1	-1	-1	-1	-1	-1	-1	-1	-1	-1	-1	-1	-1	-1	FFFFFF99	配饰	910	2004	1
59000731	5	4	33	11	Charm11_2	1	7+9		1	1	-1	-1	-1	-1	-1	-1	-1	-1	-1	-1	-1	-1	-1	-1	-1	-1	-1	-1	-1	-1	-1	-1	-1	-1	-1	-1	-1	-1	-1	-1	-1	-1	-1	-1	-1	-1	-1	-1	-1	-1	-1	-1	-1	-1	-1	-1	-1	-1	-1	-1	-1	-1	-1	-1	-1	-1	-1	-1	-1	-1	-1	-1	-1	-1	FFFFFF99	配饰	911	2004	1
59000732	5	4	33	11	Charm11_2	1	7+10		1	1	-1	-1	-1	-1	-1	-1	-1	-1	-1	-1	-1	-1	-1	-1	-1	-1	-1	-1	-1	-1	-1	-1	-1	-1	-1	-1	-1	-1	-1	-1	-1	-1	-1	-1	-1	-1	-1	-1	-1	-1	-1	-1	-1	-1	-1	-1	-1	-1	-1	-1	-1	-1	-1	-1	-1	-1	-1	-1	-1	-1	-1	-1	-1	-1	FFFFFF99	配饰	912	2004	1
59000733	5	4	33	11	Charm11_2	1	7+11		1	1	-1	-1	-1	-1	-1	-1	-1	-1	-1	-1	-1	-1	-1	-1	-1	-1	-1	-1	-1	-1	-1	-1	-1	-1	-1	-1	-1	-1	-1	-1	-1	-1	-1	-1	-1	-1	-1	-1	-1	-1	-1	-1	-1	-1	-1	-1	-1	-1	-1	-1	-1	-1	-1	-1	-1	-1	-1	-1	-1	-1	-1	-1	-1	-1	FFFFFF99	配饰	913	2004	1
59000812	5	4	33	11	Charm11_2	1	8+1		1	1	-1	-1	-1	-1	-1	-1	-1	-1	-1	-1	-1	-1	-1	-1	-1	-1	-1	-1	-1	-1	-1	-1	-1	-1	-1	-1	-1	-1	-1	-1	-1	-1	-1	-1	-1	-1	-1	-1	-1	-1	-1	-1	-1	-1	-1	-1	-1	-1	-1	-1	-1	-1	-1	-1	-1	-1	-1	-1	-1	-1	-1	-1	-1	-1	FFFFFF99	配饰	1035	2004	1
59000813	5	4	33	11	Charm11_2	1	8+2		1	1	-1	-1	-1	-1	-1	-1	-1	-1	-1	-1	-1	-1	-1	-1	-1	-1	-1	-1	-1	-1	-1	-1	-1	-1	-1	-1	-1	-1	-1	-1	-1	-1	-1	-1	-1	-1	-1	-1	-1	-1	-1	-1	-1	-1	-1	-1	-1	-1	-1	-1	-1	-1	-1	-1	-1	-1	-1	-1	-1	-1	-1	-1	-1	-1	FFFFFF99	配饰	1036	2004	1
59000814	5	4	33	11	Charm11_2	1	8+3		1	1	-1	-1	-1	-1	-1	-1	-1	-1	-1	-1	-1	-1	-1	-1	-1	-1	-1	-1	-1	-1	-1	-1	-1	-1	-1	-1	-1	-1	-1	-1	-1	-1	-1	-1	-1	-1	-1	-1	-1	-1	-1	-1	-1	-1	-1	-1	-1	-1	-1	-1	-1	-1	-1	-1	-1	-1	-1	-1	-1	-1	-1	-1	-1	-1	FFFFFF99	配饰	1037	2004	1
59000815	5	4	33	11	Charm11_2	1	8+4		1	1	-1	-1	-1	-1	-1	-1	-1	-1	-1	-1	-1	-1	-1	-1	-1	-1	-1	-1	-1	-1	-1	-1	-1	-1	-1	-1	-1	-1	-1	-1	-1	-1	-1	-1	-1	-1	-1	-1	-1	-1	-1	-1	-1	-1	-1	-1	-1	-1	-1	-1	-1	-1	-1	-1	-1	-1	-1	-1	-1	-1	-1	-1	-1	-1	FFFFFF99	配饰	1038	2004	1
59000816	5	4	33	11	Charm11_2	1	8+5		1	1	-1	-1	-1	-1	-1	-1	-1	-1	-1	-1	-1	-1	-1	-1	-1	-1	-1	-1	-1	-1	-1	-1	-1	-1	-1	-1	-1	-1	-1	-1	-1	-1	-1	-1	-1	-1	-1	-1	-1	-1	-1	-1	-1	-1	-1	-1	-1	-1	-1	-1	-1	-1	-1	-1	-1	-1	-1	-1	-1	-1	-1	-1	-1	-1	FFFFFF99	配饰	1039	2004	1
59000817	5	4	33	11	Charm11_2	1	8+6		1	1	-1	-1	-1	-1	-1	-1	-1	-1	-1	-1	-1	-1	-1	-1	-1	-1	-1	-1	-1	-1	-1	-1	-1	-1	-1	-1	-1	-1	-1	-1	-1	-1	-1	-1	-1	-1	-1	-1	-1	-1	-1	-1	-1	-1	-1	-1	-1	-1	-1	-1	-1	-1	-1	-1	-1	-1	-1	-1	-1	-1	-1	-1	-1	-1	FFFFFF99	配饰	1040	2004	1
59000818	5	4	33	11	Charm11_2	1	8+7		1	1	-1	-1	-1	-1	-1	-1	-1	-1	-1	-1	-1	-1	-1	-1	-1	-1	-1	-1	-1	-1	-1	-1	-1	-1	-1	-1	-1	-1	-1	-1	-1	-1	-1	-1	-1	-1	-1	-1	-1	-1	-1	-1	-1	-1	-1	-1	-1	-1	-1	-1	-1	-1	-1	-1	-1	-1	-1	-1	-1	-1	-1	-1	-1	-1	FFFFFF99	配饰	1041	2004	1
59000819	5	4	33	11	Charm11_2	1	8+8		1	1	-1	-1	-1	-1	-1	-1	-1	-1	-1	-1	-1	-1	-1	-1	-1	-1	-1	-1	-1	-1	-1	-1	-1	-1	-1	-1	-1	-1	-1	-1	-1	-1	-1	-1	-1	-1	-1	-1	-1	-1	-1	-1	-1	-1	-1	-1	-1	-1	-1	-1	-1	-1	-1	-1	-1	-1	-1	-1	-1	-1	-1	-1	-1	-1	FFFFFF99	配饰	1042	2004	1
59000820	5	4	33	11	Charm11_2	1	8+9		1	1	-1	-1	-1	-1	-1	-1	-1	-1	-1	-1	-1	-1	-1	-1	-1	-1	-1	-1	-1	-1	-1	-1	-1	-1	-1	-1	-1	-1	-1	-1	-1	-1	-1	-1	-1	-1	-1	-1	-1	-1	-1	-1	-1	-1	-1	-1	-1	-1	-1	-1	-1	-1	-1	-1	-1	-1	-1	-1	-1	-1	-1	-1	-1	-1	FFFFFF99	配饰	1043	2004	1
59000821	5	4	33	11	Charm11_2	1	8+10		1	1	-1	-1	-1	-1	-1	-1	-1	-1	-1	-1	-1	-1	-1	-1	-1	-1	-1	-1	-1	-1	-1	-1	-1	-1	-1	-1	-1	-1	-1	-1	-1	-1	-1	-1	-1	-1	-1	-1	-1	-1	-1	-1	-1	-1	-1	-1	-1	-1	-1	-1	-1	-1	-1	-1	-1	-1	-1	-1	-1	-1	-1	-1	-1	-1	FFFFFF99	配饰	1044	2004	1
59000822	5	4	33	11	Charm11_2	1	8+11		1	1	-1	-1	-1	-1	-1	-1	-1	-1	-1	-1	-1	-1	-1	-1	-1	-1	-1	-1	-1	-1	-1	-1	-1	-1	-1	-1	-1	-1	-1	-1	-1	-1	-1	-1	-1	-1	-1	-1	-1	-1	-1	-1	-1	-1	-1	-1	-1	-1	-1	-1	-1	-1	-1	-1	-1	-1	-1	-1	-1	-1	-1	-1	-1	-1	FFFFFF99	配饰	1045	2004	1
59000823	5	4	33	11	Charm11_2	1	8+1		1	1	-1	-1	-1	-1	-1	-1	-1	-1	-1	-1	-1	-1	-1	-1	-1	-1	-1	-1	-1	-1	-1	-1	-1	-1	-1	-1	-1	-1	-1	-1	-1	-1	-1	-1	-1	-1	-1	-1	-1	-1	-1	-1	-1	-1	-1	-1	-1	-1	-1	-1	-1	-1	-1	-1	-1	-1	-1	-1	-1	-1	-1	-1	-1	-1	FFFFFF99	配饰	1046	2004	1
59000824	5	4	33	11	Charm11_2	1	8+2		1	1	-1	-1	-1	-1	-1	-1	-1	-1	-1	-1	-1	-1	-1	-1	-1	-1	-1	-1	-1	-1	-1	-1	-1	-1	-1	-1	-1	-1	-1	-1	-1	-1	-1	-1	-1	-1	-1	-1	-1	-1	-1	-1	-1	-1	-1	-1	-1	-1	-1	-1	-1	-1	-1	-1	-1	-1	-1	-1	-1	-1	-1	-1	-1	-1	FFFFFF99	配饰	1047	2004	1
59000825	5	4	33	11	Charm11_2	1	8+3		1	1	-1	-1	-1	-1	-1	-1	-1	-1	-1	-1	-1	-1	-1	-1	-1	-1	-1	-1	-1	-1	-1	-1	-1	-1	-1	-1	-1	-1	-1	-1	-1	-1	-1	-1	-1	-1	-1	-1	-1	-1	-1	-1	-1	-1	-1	-1	-1	-1	-1	-1	-1	-1	-1	-1	-1	-1	-1	-1	-1	-1	-1	-1	-1	-1	FFFFFF99	配饰	1048	2004	1
59000826	5	4	33	11	Charm11_2	1	8+4		1	1	-1	-1	-1	-1	-1	-1	-1	-1	-1	-1	-1	-1	-1	-1	-1	-1	-1	-1	-1	-1	-1	-1	-1	-1	-1	-1	-1	-1	-1	-1	-1	-1	-1	-1	-1	-1	-1	-1	-1	-1	-1	-1	-1	-1	-1	-1	-1	-1	-1	-1	-1	-1	-1	-1	-1	-1	-1	-1	-1	-1	-1	-1	-1	-1	FFFFFF99	配饰	1049	2004	1
59000827	5	4	33	11	Charm11_2	1	8+5		1	1	-1	-1	-1	-1	-1	-1	-1	-1	-1	-1	-1	-1	-1	-1	-1	-1	-1	-1	-1	-1	-1	-1	-1	-1	-1	-1	-1	-1	-1	-1	-1	-1	-1	-1	-1	-1	-1	-1	-1	-1	-1	-1	-1	-1	-1	-1	-1	-1	-1	-1	-1	-1	-1	-1	-1	-1	-1	-1	-1	-1	-1	-1	-1	-1	FFFFFF99	配饰	1050	2004	1
59000828	5	4	33	11	Charm11_2	1	8+6		1	1	-1	-1	-1	-1	-1	-1	-1	-1	-1	-1	-1	-1	-1	-1	-1	-1	-1	-1	-1	-1	-1	-1	-1	-1	-1	-1	-1	-1	-1	-1	-1	-1	-1	-1	-1	-1	-1	-1	-1	-1	-1	-1	-1	-1	-1	-1	-1	-1	-1	-1	-1	-1	-1	-1	-1	-1	-1	-1	-1	-1	-1	-1	-1	-1	FFFFFF99	配饰	1051	2004	1
59000829	5	4	33	11	Charm11_2	1	8+7		1	1	-1	-1	-1	-1	-1	-1	-1	-1	-1	-1	-1	-1	-1	-1	-1	-1	-1	-1	-1	-1	-1	-1	-1	-1	-1	-1	-1	-1	-1	-1	-1	-1	-1	-1	-1	-1	-1	-1	-1	-1	-1	-1	-1	-1	-1	-1	-1	-1	-1	-1	-1	-1	-1	-1	-1	-1	-1	-1	-1	-1	-1	-1	-1	-1	FFFFFF99	配饰	1052	2004	1
59000830	5	4	33	11	Charm11_2	1	8+8		1	1	-1	-1	-1	-1	-1	-1	-1	-1	-1	-1	-1	-1	-1	-1	-1	-1	-1	-1	-1	-1	-1	-1	-1	-1	-1	-1	-1	-1	-1	-1	-1	-1	-1	-1	-1	-1	-1	-1	-1	-1	-1	-1	-1	-1	-1	-1	-1	-1	-1	-1	-1	-1	-1	-1	-1	-1	-1	-1	-1	-1	-1	-1	-1	-1	FFFFFF99	配饰	1053	2004	1
59000831	5	4	33	11	Charm11_2	1	8+9		1	1	-1	-1	-1	-1	-1	-1	-1	-1	-1	-1	-1	-1	-1	-1	-1	-1	-1	-1	-1	-1	-1	-1	-1	-1	-1	-1	-1	-1	-1	-1	-1	-1	-1	-1	-1	-1	-1	-1	-1	-1	-1	-1	-1	-1	-1	-1	-1	-1	-1	-1	-1	-1	-1	-1	-1	-1	-1	-1	-1	-1	-1	-1	-1	-1	FFFFFF99	配饰	1054	2004	1
59000832	5	4	33	11	Charm11_2	1	8+10		1	1	-1	-1	-1	-1	-1	-1	-1	-1	-1	-1	-1	-1	-1	-1	-1	-1	-1	-1	-1	-1	-1	-1	-1	-1	-1	-1	-1	-1	-1	-1	-1	-1	-1	-1	-1	-1	-1	-1	-1	-1	-1	-1	-1	-1	-1	-1	-1	-1	-1	-1	-1	-1	-1	-1	-1	-1	-1	-1	-1	-1	-1	-1	-1	-1	FFFFFF99	配饰	1055	2004	1
59000833	5	4	33	11	Charm11_2	1	8+11		1	1	-1	-1	-1	-1	-1	-1	-1	-1	-1	-1	-1	-1	-1	-1	-1	-1	-1	-1	-1	-1	-1	-1	-1	-1	-1	-1	-1	-1	-1	-1	-1	-1	-1	-1	-1	-1	-1	-1	-1	-1	-1	-1	-1	-1	-1	-1	-1	-1	-1	-1	-1	-1	-1	-1	-1	-1	-1	-1	-1	-1	-1	-1	-1	-1	FFFFFF99	配饰	1056	2004	1
59000912	5	4	33	11	Charm11_2	1	9+1		1	1	-1	-1	-1	-1	-1	-1	-1	-1	-1	-1	-1	-1	-1	-1	-1	-1	-1	-1	-1	-1	-1	-1	-1	-1	-1	-1	-1	-1	-1	-1	-1	-1	-1	-1	-1	-1	-1	-1	-1	-1	-1	-1	-1	-1	-1	-1	-1	-1	-1	-1	-1	-1	-1	-1	-1	-1	-1	-1	-1	-1	-1	-1	-1	-1	FFFFFF99	配饰	1178	2004	1
59000913	5	4	33	11	Charm11_2	1	9+2		1	1	-1	-1	-1	-1	-1	-1	-1	-1	-1	-1	-1	-1	-1	-1	-1	-1	-1	-1	-1	-1	-1	-1	-1	-1	-1	-1	-1	-1	-1	-1	-1	-1	-1	-1	-1	-1	-1	-1	-1	-1	-1	-1	-1	-1	-1	-1	-1	-1	-1	-1	-1	-1	-1	-1	-1	-1	-1	-1	-1	-1	-1	-1	-1	-1	FFFFFF99	配饰	1179	2004	1
59000914	5	4	33	11	Charm11_2	1	9+3		1	1	-1	-1	-1	-1	-1	-1	-1	-1	-1	-1	-1	-1	-1	-1	-1	-1	-1	-1	-1	-1	-1	-1	-1	-1	-1	-1	-1	-1	-1	-1	-1	-1	-1	-1	-1	-1	-1	-1	-1	-1	-1	-1	-1	-1	-1	-1	-1	-1	-1	-1	-1	-1	-1	-1	-1	-1	-1	-1	-1	-1	-1	-1	-1	-1	FFFFFF99	配饰	1180	2004	1
59000915	5	4	33	11	Charm11_2	1	9+4		1	1	-1	-1	-1	-1	-1	-1	-1	-1	-1	-1	-1	-1	-1	-1	-1	-1	-1	-1	-1	-1	-1	-1	-1	-1	-1	-1	-1	-1	-1	-1	-1	-1	-1	-1	-1	-1	-1	-1	-1	-1	-1	-1	-1	-1	-1	-1	-1	-1	-1	-1	-1	-1	-1	-1	-1	-1	-1	-1	-1	-1	-1	-1	-1	-1	FFFFFF99	配饰	1181	2004	1
59000916	5	4	33	11	Charm11_2	1	9+5		1	1	-1	-1	-1	-1	-1	-1	-1	-1	-1	-1	-1	-1	-1	-1	-1	-1	-1	-1	-1	-1	-1	-1	-1	-1	-1	-1	-1	-1	-1	-1	-1	-1	-1	-1	-1	-1	-1	-1	-1	-1	-1	-1	-1	-1	-1	-1	-1	-1	-1	-1	-1	-1	-1	-1	-1	-1	-1	-1	-1	-1	-1	-1	-1	-1	FFFFFF99	配饰	1182	2004	1
59000917	5	4	33	11	Charm11_2	1	9+6		1	1	-1	-1	-1	-1	-1	-1	-1	-1	-1	-1	-1	-1	-1	-1	-1	-1	-1	-1	-1	-1	-1	-1	-1	-1	-1	-1	-1	-1	-1	-1	-1	-1	-1	-1	-1	-1	-1	-1	-1	-1	-1	-1	-1	-1	-1	-1	-1	-1	-1	-1	-1	-1	-1	-1	-1	-1	-1	-1	-1	-1	-1	-1	-1	-1	FFFFFF99	配饰	1183	2004	1
59000918	5	4	33	11	Charm11_2	1	9+7		1	1	-1	-1	-1	-1	-1	-1	-1	-1	-1	-1	-1	-1	-1	-1	-1	-1	-1	-1	-1	-1	-1	-1	-1	-1	-1	-1	-1	-1	-1	-1	-1	-1	-1	-1	-1	-1	-1	-1	-1	-1	-1	-1	-1	-1	-1	-1	-1	-1	-1	-1	-1	-1	-1	-1	-1	-1	-1	-1	-1	-1	-1	-1	-1	-1	FFFFFF99	配饰	1184	2004	1
59000919	5	4	33	11	Charm11_2	1	9+8		1	1	-1	-1	-1	-1	-1	-1	-1	-1	-1	-1	-1	-1	-1	-1	-1	-1	-1	-1	-1	-1	-1	-1	-1	-1	-1	-1	-1	-1	-1	-1	-1	-1	-1	-1	-1	-1	-1	-1	-1	-1	-1	-1	-1	-1	-1	-1	-1	-1	-1	-1	-1	-1	-1	-1	-1	-1	-1	-1	-1	-1	-1	-1	-1	-1	FFFFFF99	配饰	1185	2004	1
59000920	5	4	33	11	Charm11_2	1	9+9		1	1	-1	-1	-1	-1	-1	-1	-1	-1	-1	-1	-1	-1	-1	-1	-1	-1	-1	-1	-1	-1	-1	-1	-1	-1	-1	-1	-1	-1	-1	-1	-1	-1	-1	-1	-1	-1	-1	-1	-1	-1	-1	-1	-1	-1	-1	-1	-1	-1	-1	-1	-1	-1	-1	-1	-1	-1	-1	-1	-1	-1	-1	-1	-1	-1	FFFFFF99	配饰	1186	2004	1
59000921	5	4	33	11	Charm11_2	1	9+10		1	1	-1	-1	-1	-1	-1	-1	-1	-1	-1	-1	-1	-1	-1	-1	-1	-1	-1	-1	-1	-1	-1	-1	-1	-1	-1	-1	-1	-1	-1	-1	-1	-1	-1	-1	-1	-1	-1	-1	-1	-1	-1	-1	-1	-1	-1	-1	-1	-1	-1	-1	-1	-1	-1	-1	-1	-1	-1	-1	-1	-1	-1	-1	-1	-1	FFFFFF99	配饰	1187	2004	1
59000922	5	4	33	11	Charm11_2	1	9+11		1	1	-1	-1	-1	-1	-1	-1	-1	-1	-1	-1	-1	-1	-1	-1	-1	-1	-1	-1	-1	-1	-1	-1	-1	-1	-1	-1	-1	-1	-1	-1	-1	-1	-1	-1	-1	-1	-1	-1	-1	-1	-1	-1	-1	-1	-1	-1	-1	-1	-1	-1	-1	-1	-1	-1	-1	-1	-1	-1	-1	-1	-1	-1	-1	-1	FFFFFF99	配饰	1188	2004	1
59000923	5	4	33	11	Charm11_2	1	9+1		1	1	-1	-1	-1	-1	-1	-1	-1	-1	-1	-1	-1	-1	-1	-1	-1	-1	-1	-1	-1	-1	-1	-1	-1	-1	-1	-1	-1	-1	-1	-1	-1	-1	-1	-1	-1	-1	-1	-1	-1	-1	-1	-1	-1	-1	-1	-1	-1	-1	-1	-1	-1	-1	-1	-1	-1	-1	-1	-1	-1	-1	-1	-1	-1	-1	FFFFFF99	配饰	1189	2004	1
59000924	5	4	33	11	Charm11_2	1	9+2		1	1	-1	-1	-1	-1	-1	-1	-1	-1	-1	-1	-1	-1	-1	-1	-1	-1	-1	-1	-1	-1	-1	-1	-1	-1	-1	-1	-1	-1	-1	-1	-1	-1	-1	-1	-1	-1	-1	-1	-1	-1	-1	-1	-1	-1	-1	-1	-1	-1	-1	-1	-1	-1	-1	-1	-1	-1	-1	-1	-1	-1	-1	-1	-1	-1	FFFFFF99	配饰	1190	2004	1
59000925	5	4	33	11	Charm11_2	1	9+3		1	1	-1	-1	-1	-1	-1	-1	-1	-1	-1	-1	-1	-1	-1	-1	-1	-1	-1	-1	-1	-1	-1	-1	-1	-1	-1	-1	-1	-1	-1	-1	-1	-1	-1	-1	-1	-1	-1	-1	-1	-1	-1	-1	-1	-1	-1	-1	-1	-1	-1	-1	-1	-1	-1	-1	-1	-1	-1	-1	-1	-1	-1	-1	-1	-1	FFFFFF99	配饰	1191	2004	1
59000926	5	4	33	11	Charm11_2	1	9+4		1	1	-1	-1	-1	-1	-1	-1	-1	-1	-1	-1	-1	-1	-1	-1	-1	-1	-1	-1	-1	-1	-1	-1	-1	-1	-1	-1	-1	-1	-1	-1	-1	-1	-1	-1	-1	-1	-1	-1	-1	-1	-1	-1	-1	-1	-1	-1	-1	-1	-1	-1	-1	-1	-1	-1	-1	-1	-1	-1	-1	-1	-1	-1	-1	-1	FFFFFF99	配饰	1192	2004	1
59000927	5	4	33	11	Charm11_2	1	9+5		1	1	-1	-1	-1	-1	-1	-1	-1	-1	-1	-1	-1	-1	-1	-1	-1	-1	-1	-1	-1	-1	-1	-1	-1	-1	-1	-1	-1	-1	-1	-1	-1	-1	-1	-1	-1	-1	-1	-1	-1	-1	-1	-1	-1	-1	-1	-1	-1	-1	-1	-1	-1	-1	-1	-1	-1	-1	-1	-1	-1	-1	-1	-1	-1	-1	FFFFFF99	配饰	1193	2004	1
59000928	5	4	33	11	Charm11_2	1	9+6		1	1	-1	-1	-1	-1	-1	-1	-1	-1	-1	-1	-1	-1	-1	-1	-1	-1	-1	-1	-1	-1	-1	-1	-1	-1	-1	-1	-1	-1	-1	-1	-1	-1	-1	-1	-1	-1	-1	-1	-1	-1	-1	-1	-1	-1	-1	-1	-1	-1	-1	-1	-1	-1	-1	-1	-1	-1	-1	-1	-1	-1	-1	-1	-1	-1	FFFFFF99	配饰	1194	2004	1
59000929	5	4	33	11	Charm11_2	1	9+7		1	1	-1	-1	-1	-1	-1	-1	-1	-1	-1	-1	-1	-1	-1	-1	-1	-1	-1	-1	-1	-1	-1	-1	-1	-1	-1	-1	-1	-1	-1	-1	-1	-1	-1	-1	-1	-1	-1	-1	-1	-1	-1	-1	-1	-1	-1	-1	-1	-1	-1	-1	-1	-1	-1	-1	-1	-1	-1	-1	-1	-1	-1	-1	-1	-1	FFFFFF99	配饰	1195	2004	1
59000930	5	4	33	11	Charm11_2	1	9+8		1	1	-1	-1	-1	-1	-1	-1	-1	-1	-1	-1	-1	-1	-1	-1	-1	-1	-1	-1	-1	-1	-1	-1	-1	-1	-1	-1	-1	-1	-1	-1	-1	-1	-1	-1	-1	-1	-1	-1	-1	-1	-1	-1	-1	-1	-1	-1	-1	-1	-1	-1	-1	-1	-1	-1	-1	-1	-1	-1	-1	-1	-1	-1	-1	-1	FFFFFF99	配饰	1196	2004	1
59000931	5	4	33	11	Charm11_2	1	9+9		1	1	-1	-1	-1	-1	-1	-1	-1	-1	-1	-1	-1	-1	-1	-1	-1	-1	-1	-1	-1	-1	-1	-1	-1	-1	-1	-1	-1	-1	-1	-1	-1	-1	-1	-1	-1	-1	-1	-1	-1	-1	-1	-1	-1	-1	-1	-1	-1	-1	-1	-1	-1	-1	-1	-1	-1	-1	-1	-1	-1	-1	-1	-1	-1	-1	FFFFFF99	配饰	1197	2004	1
59000932	5	4	33	11	Charm11_2	1	9+10		1	1	-1	-1	-1	-1	-1	-1	-1	-1	-1	-1	-1	-1	-1	-1	-1	-1	-1	-1	-1	-1	-1	-1	-1	-1	-1	-1	-1	-1	-1	-1	-1	-1	-1	-1	-1	-1	-1	-1	-1	-1	-1	-1	-1	-1	-1	-1	-1	-1	-1	-1	-1	-1	-1	-1	-1	-1	-1	-1	-1	-1	-1	-1	-1	-1	FFFFFF99	配饰	1198	2004	1
59000933	5	4	33	11	Charm11_2	1	9+11		1	1	-1	-1	-1	-1	-1	-1	-1	-1	-1	-1	-1	-1	-1	-1	-1	-1	-1	-1	-1	-1	-1	-1	-1	-1	-1	-1	-1	-1	-1	-1	-1	-1	-1	-1	-1	-1	-1	-1	-1	-1	-1	-1	-1	-1	-1	-1	-1	-1	-1	-1	-1	-1	-1	-1	-1	-1	-1	-1	-1	-1	-1	-1	-1	-1	FFFFFF99	配饰	1199	2004	1
59001012	5	4	33	11	Charm11_2	1	10+1		1	1	-1	-1	-1	-1	-1	-1	-1	-1	-1	-1	-1	-1	-1	-1	-1	-1	-1	-1	-1	-1	-1	-1	-1	-1	-1	-1	-1	-1	-1	-1	-1	-1	-1	-1	-1	-1	-1	-1	-1	-1	-1	-1	-1	-1	-1	-1	-1	-1	-1	-1	-1	-1	-1	-1	-1	-1	-1	-1	-1	-1	-1	-1	-1	-1	FFFFFF99	配饰	1321	2004	1
59001013	5	4	33	11	Charm11_2	1	10+2		1	1	-1	-1	-1	-1	-1	-1	-1	-1	-1	-1	-1	-1	-1	-1	-1	-1	-1	-1	-1	-1	-1	-1	-1	-1	-1	-1	-1	-1	-1	-1	-1	-1	-1	-1	-1	-1	-1	-1	-1	-1	-1	-1	-1	-1	-1	-1	-1	-1	-1	-1	-1	-1	-1	-1	-1	-1	-1	-1	-1	-1	-1	-1	-1	-1	FFFFFF99	配饰	1322	2004	1
59001014	5	4	33	11	Charm11_2	1	10+3		1	1	-1	-1	-1	-1	-1	-1	-1	-1	-1	-1	-1	-1	-1	-1	-1	-1	-1	-1	-1	-1	-1	-1	-1	-1	-1	-1	-1	-1	-1	-1	-1	-1	-1	-1	-1	-1	-1	-1	-1	-1	-1	-1	-1	-1	-1	-1	-1	-1	-1	-1	-1	-1	-1	-1	-1	-1	-1	-1	-1	-1	-1	-1	-1	-1	FFFFFF99	配饰	1323	2004	1
59001015	5	4	33	11	Charm11_2	1	10+4		1	1	-1	-1	-1	-1	-1	-1	-1	-1	-1	-1	-1	-1	-1	-1	-1	-1	-1	-1	-1	-1	-1	-1	-1	-1	-1	-1	-1	-1	-1	-1	-1	-1	-1	-1	-1	-1	-1	-1	-1	-1	-1	-1	-1	-1	-1	-1	-1	-1	-1	-1	-1	-1	-1	-1	-1	-1	-1	-1	-1	-1	-1	-1	-1	-1	FFFFFF99	配饰	1324	2004	1
59001016	5	4	33	11	Charm11_2	1	10+5		1	1	-1	-1	-1	-1	-1	-1	-1	-1	-1	-1	-1	-1	-1	-1	-1	-1	-1	-1	-1	-1	-1	-1	-1	-1	-1	-1	-1	-1	-1	-1	-1	-1	-1	-1	-1	-1	-1	-1	-1	-1	-1	-1	-1	-1	-1	-1	-1	-1	-1	-1	-1	-1	-1	-1	-1	-1	-1	-1	-1	-1	-1	-1	-1	-1	FFFFFF99	配饰	1325	2004	1
59001017	5	4	33	11	Charm11_2	1	10+6		1	1	-1	-1	-1	-1	-1	-1	-1	-1	-1	-1	-1	-1	-1	-1	-1	-1	-1	-1	-1	-1	-1	-1	-1	-1	-1	-1	-1	-1	-1	-1	-1	-1	-1	-1	-1	-1	-1	-1	-1	-1	-1	-1	-1	-1	-1	-1	-1	-1	-1	-1	-1	-1	-1	-1	-1	-1	-1	-1	-1	-1	-1	-1	-1	-1	FFFFFF99	配饰	1326	2004	1
59001018	5	4	33	11	Charm11_2	1	10+7		1	1	-1	-1	-1	-1	-1	-1	-1	-1	-1	-1	-1	-1	-1	-1	-1	-1	-1	-1	-1	-1	-1	-1	-1	-1	-1	-1	-1	-1	-1	-1	-1	-1	-1	-1	-1	-1	-1	-1	-1	-1	-1	-1	-1	-1	-1	-1	-1	-1	-1	-1	-1	-1	-1	-1	-1	-1	-1	-1	-1	-1	-1	-1	-1	-1	FFFFFF99	配饰	1327	2004	1
59001019	5	4	33	11	Charm11_2	1	10+8		1	1	-1	-1	-1	-1	-1	-1	-1	-1	-1	-1	-1	-1	-1	-1	-1	-1	-1	-1	-1	-1	-1	-1	-1	-1	-1	-1	-1	-1	-1	-1	-1	-1	-1	-1	-1	-1	-1	-1	-1	-1	-1	-1	-1	-1	-1	-1	-1	-1	-1	-1	-1	-1	-1	-1	-1	-1	-1	-1	-1	-1	-1	-1	-1	-1	FFFFFF99	配饰	1328	2004	1
59001020	5	4	33	11	Charm11_2	1	10+9		1	1	-1	-1	-1	-1	-1	-1	-1	-1	-1	-1	-1	-1	-1	-1	-1	-1	-1	-1	-1	-1	-1	-1	-1	-1	-1	-1	-1	-1	-1	-1	-1	-1	-1	-1	-1	-1	-1	-1	-1	-1	-1	-1	-1	-1	-1	-1	-1	-1	-1	-1	-1	-1	-1	-1	-1	-1	-1	-1	-1	-1	-1	-1	-1	-1	FFFFFF99	配饰	1329	2004	1
59001021	5	4	33	11	Charm11_2	1	10+10		1	1	-1	-1	-1	-1	-1	-1	-1	-1	-1	-1	-1	-1	-1	-1	-1	-1	-1	-1	-1	-1	-1	-1	-1	-1	-1	-1	-1	-1	-1	-1	-1	-1	-1	-1	-1	-1	-1	-1	-1	-1	-1	-1	-1	-1	-1	-1	-1	-1	-1	-1	-1	-1	-1	-1	-1	-1	-1	-1	-1	-1	-1	-1	-1	-1	FFFFFF99	配饰	1330	2004	1
59001022	5	4	33	11	Charm11_2	1	10+11		1	1	-1	-1	-1	-1	-1	-1	-1	-1	-1	-1	-1	-1	-1	-1	-1	-1	-1	-1	-1	-1	-1	-1	-1	-1	-1	-1	-1	-1	-1	-1	-1	-1	-1	-1	-1	-1	-1	-1	-1	-1	-1	-1	-1	-1	-1	-1	-1	-1	-1	-1	-1	-1	-1	-1	-1	-1	-1	-1	-1	-1	-1	-1	-1	-1	FFFFFF99	配饰	1331	2004	1
59001023	5	4	33	11	Charm11_2	1	10+1		1	1	-1	-1	-1	-1	-1	-1	-1	-1	-1	-1	-1	-1	-1	-1	-1	-1	-1	-1	-1	-1	-1	-1	-1	-1	-1	-1	-1	-1	-1	-1	-1	-1	-1	-1	-1	-1	-1	-1	-1	-1	-1	-1	-1	-1	-1	-1	-1	-1	-1	-1	-1	-1	-1	-1	-1	-1	-1	-1	-1	-1	-1	-1	-1	-1	FFFFFF99	配饰	1332	2004	1
59001024	5	4	33	11	Charm11_2	1	10+2		1	1	-1	-1	-1	-1	-1	-1	-1	-1	-1	-1	-1	-1	-1	-1	-1	-1	-1	-1	-1	-1	-1	-1	-1	-1	-1	-1	-1	-1	-1	-1	-1	-1	-1	-1	-1	-1	-1	-1	-1	-1	-1	-1	-1	-1	-1	-1	-1	-1	-1	-1	-1	-1	-1	-1	-1	-1	-1	-1	-1	-1	-1	-1	-1	-1	FFFFFF99	配饰	1333	2004	1
59001025	5	4	33	11	Charm11_2	1	10+3		1	1	-1	-1	-1	-1	-1	-1	-1	-1	-1	-1	-1	-1	-1	-1	-1	-1	-1	-1	-1	-1	-1	-1	-1	-1	-1	-1	-1	-1	-1	-1	-1	-1	-1	-1	-1	-1	-1	-1	-1	-1	-1	-1	-1	-1	-1	-1	-1	-1	-1	-1	-1	-1	-1	-1	-1	-1	-1	-1	-1	-1	-1	-1	-1	-1	FFFFFF99	配饰	1334	2004	1
59001026	5	4	33	11	Charm11_2	1	10+4		1	1	-1	-1	-1	-1	-1	-1	-1	-1	-1	-1	-1	-1	-1	-1	-1	-1	-1	-1	-1	-1	-1	-1	-1	-1	-1	-1	-1	-1	-1	-1	-1	-1	-1	-1	-1	-1	-1	-1	-1	-1	-1	-1	-1	-1	-1	-1	-1	-1	-1	-1	-1	-1	-1	-1	-1	-1	-1	-1	-1	-1	-1	-1	-1	-1	FFFFFF99	配饰	1335	2004	1
59001027	5	4	33	11	Charm11_2	1	10+5		1	1	-1	-1	-1	-1	-1	-1	-1	-1	-1	-1	-1	-1	-1	-1	-1	-1	-1	-1	-1	-1	-1	-1	-1	-1	-1	-1	-1	-1	-1	-1	-1	-1	-1	-1	-1	-1	-1	-1	-1	-1	-1	-1	-1	-1	-1	-1	-1	-1	-1	-1	-1	-1	-1	-1	-1	-1	-1	-1	-1	-1	-1	-1	-1	-1	FFFFFF99	配饰	1336	2004	1
59001028	5	4	33	11	Charm11_2	1	10+6		1	1	-1	-1	-1	-1	-1	-1	-1	-1	-1	-1	-1	-1	-1	-1	-1	-1	-1	-1	-1	-1	-1	-1	-1	-1	-1	-1	-1	-1	-1	-1	-1	-1	-1	-1	-1	-1	-1	-1	-1	-1	-1	-1	-1	-1	-1	-1	-1	-1	-1	-1	-1	-1	-1	-1	-1	-1	-1	-1	-1	-1	-1	-1	-1	-1	FFFFFF99	配饰	1337	2004	1
59001029	5	4	33	11	Charm11_2	1	10+7		1	1	-1	-1	-1	-1	-1	-1	-1	-1	-1	-1	-1	-1	-1	-1	-1	-1	-1	-1	-1	-1	-1	-1	-1	-1	-1	-1	-1	-1	-1	-1	-1	-1	-1	-1	-1	-1	-1	-1	-1	-1	-1	-1	-1	-1	-1	-1	-1	-1	-1	-1	-1	-1	-1	-1	-1	-1	-1	-1	-1	-1	-1	-1	-1	-1	FFFFFF99	配饰	1338	2004	1
59001030	5	4	33	11	Charm11_2	1	10+8		1	1	-1	-1	-1	-1	-1	-1	-1	-1	-1	-1	-1	-1	-1	-1	-1	-1	-1	-1	-1	-1	-1	-1	-1	-1	-1	-1	-1	-1	-1	-1	-1	-1	-1	-1	-1	-1	-1	-1	-1	-1	-1	-1	-1	-1	-1	-1	-1	-1	-1	-1	-1	-1	-1	-1	-1	-1	-1	-1	-1	-1	-1	-1	-1	-1	FFFFFF99	配饰	1339	2004	1
59001031	5	4	33	11	Charm11_2	1	10+9		1	1	-1	-1	-1	-1	-1	-1	-1	-1	-1	-1	-1	-1	-1	-1	-1	-1	-1	-1	-1	-1	-1	-1	-1	-1	-1	-1	-1	-1	-1	-1	-1	-1	-1	-1	-1	-1	-1	-1	-1	-1	-1	-1	-1	-1	-1	-1	-1	-1	-1	-1	-1	-1	-1	-1	-1	-1	-1	-1	-1	-1	-1	-1	-1	-1	FFFFFF99	配饰	1340	2004	1
59001032	5	4	33	11	Charm11_2	1	10+10		1	1	-1	-1	-1	-1	-1	-1	-1	-1	-1	-1	-1	-1	-1	-1	-1	-1	-1	-1	-1	-1	-1	-1	-1	-1	-1	-1	-1	-1	-1	-1	-1	-1	-1	-1	-1	-1	-1	-1	-1	-1	-1	-1	-1	-1	-1	-1	-1	-1	-1	-1	-1	-1	-1	-1	-1	-1	-1	-1	-1	-1	-1	-1	-1	-1	FFFFFF99	配饰	1341	2004	1
59001033	5	4	33	11	Charm11_2	1	10+11		1	1	-1	-1	-1	-1	-1	-1	-1	-1	-1	-1	-1	-1	-1	-1	-1	-1	-1	-1	-1	-1	-1	-1	-1	-1	-1	-1	-1	-1	-1	-1	-1	-1	-1	-1	-1	-1	-1	-1	-1	-1	-1	-1	-1	-1	-1	-1	-1	-1	-1	-1	-1	-1	-1	-1	-1	-1	-1	-1	-1	-1	-1	-1	-1	-1	FFFFFF99	配饰	1342	2004	1
59001112	5	4	33	11	Charm11_2	1	11+1		1	1	-1	-1	-1	-1	-1	-1	-1	-1	-1	-1	-1	-1	-1	-1	-1	-1	-1	-1	-1	-1	-1	-1	-1	-1	-1	-1	-1	-1	-1	-1	-1	-1	-1	-1	-1	-1	-1	-1	-1	-1	-1	-1	-1	-1	-1	-1	-1	-1	-1	-1	-1	-1	-1	-1	-1	-1	-1	-1	-1	-1	-1	-1	-1	-1	FFFFFF99	配饰	1464	2004	1
59001113	5	4	33	11	Charm11_2	1	11+2		1	1	-1	-1	-1	-1	-1	-1	-1	-1	-1	-1	-1	-1	-1	-1	-1	-1	-1	-1	-1	-1	-1	-1	-1	-1	-1	-1	-1	-1	-1	-1	-1	-1	-1	-1	-1	-1	-1	-1	-1	-1	-1	-1	-1	-1	-1	-1	-1	-1	-1	-1	-1	-1	-1	-1	-1	-1	-1	-1	-1	-1	-1	-1	-1	-1	FFFFFF99	配饰	1465	2004	1
59001114	5	4	33	11	Charm11_2	1	11+3		1	1	-1	-1	-1	-1	-1	-1	-1	-1	-1	-1	-1	-1	-1	-1	-1	-1	-1	-1	-1	-1	-1	-1	-1	-1	-1	-1	-1	-1	-1	-1	-1	-1	-1	-1	-1	-1	-1	-1	-1	-1	-1	-1	-1	-1	-1	-1	-1	-1	-1	-1	-1	-1	-1	-1	-1	-1	-1	-1	-1	-1	-1	-1	-1	-1	FFFFFF99	配饰	1466	2004	1
59001115	5	4	33	11	Charm11_2	1	11+4		1	1	-1	-1	-1	-1	-1	-1	-1	-1	-1	-1	-1	-1	-1	-1	-1	-1	-1	-1	-1	-1	-1	-1	-1	-1	-1	-1	-1	-1	-1	-1	-1	-1	-1	-1	-1	-1	-1	-1	-1	-1	-1	-1	-1	-1	-1	-1	-1	-1	-1	-1	-1	-1	-1	-1	-1	-1	-1	-1	-1	-1	-1	-1	-1	-1	FFFFFF99	配饰	1467	2004	1
59001116	5	4	33	11	Charm11_2	1	11+5		1	1	-1	-1	-1	-1	-1	-1	-1	-1	-1	-1	-1	-1	-1	-1	-1	-1	-1	-1	-1	-1	-1	-1	-1	-1	-1	-1	-1	-1	-1	-1	-1	-1	-1	-1	-1	-1	-1	-1	-1	-1	-1	-1	-1	-1	-1	-1	-1	-1	-1	-1	-1	-1	-1	-1	-1	-1	-1	-1	-1	-1	-1	-1	-1	-1	FFFFFF99	配饰	1468	2004	1
59001117	5	4	33	11	Charm11_2	1	11+6		1	1	-1	-1	-1	-1	-1	-1	-1	-1	-1	-1	-1	-1	-1	-1	-1	-1	-1	-1	-1	-1	-1	-1	-1	-1	-1	-1	-1	-1	-1	-1	-1	-1	-1	-1	-1	-1	-1	-1	-1	-1	-1	-1	-1	-1	-1	-1	-1	-1	-1	-1	-1	-1	-1	-1	-1	-1	-1	-1	-1	-1	-1	-1	-1	-1	FFFFFF99	配饰	1469	2004	1
59001118	5	4	33	11	Charm11_2	1	11+7		1	1	-1	-1	-1	-1	-1	-1	-1	-1	-1	-1	-1	-1	-1	-1	-1	-1	-1	-1	-1	-1	-1	-1	-1	-1	-1	-1	-1	-1	-1	-1	-1	-1	-1	-1	-1	-1	-1	-1	-1	-1	-1	-1	-1	-1	-1	-1	-1	-1	-1	-1	-1	-1	-1	-1	-1	-1	-1	-1	-1	-1	-1	-1	-1	-1	FFFFFF99	配饰	1470	2004	1
59001119	5	4	33	11	Charm11_2	1	11+8		1	1	-1	-1	-1	-1	-1	-1	-1	-1	-1	-1	-1	-1	-1	-1	-1	-1	-1	-1	-1	-1	-1	-1	-1	-1	-1	-1	-1	-1	-1	-1	-1	-1	-1	-1	-1	-1	-1	-1	-1	-1	-1	-1	-1	-1	-1	-1	-1	-1	-1	-1	-1	-1	-1	-1	-1	-1	-1	-1	-1	-1	-1	-1	-1	-1	FFFFFF99	配饰	1471	2004	1
59001120	5	4	33	11	Charm11_2	1	11+9		1	1	-1	-1	-1	-1	-1	-1	-1	-1	-1	-1	-1	-1	-1	-1	-1	-1	-1	-1	-1	-1	-1	-1	-1	-1	-1	-1	-1	-1	-1	-1	-1	-1	-1	-1	-1	-1	-1	-1	-1	-1	-1	-1	-1	-1	-1	-1	-1	-1	-1	-1	-1	-1	-1	-1	-1	-1	-1	-1	-1	-1	-1	-1	-1	-1	FFFFFF99	配饰	1472	2004	1
59001121	5	4	33	11	Charm11_2	1	11+10		1	1	-1	-1	-1	-1	-1	-1	-1	-1	-1	-1	-1	-1	-1	-1	-1	-1	-1	-1	-1	-1	-1	-1	-1	-1	-1	-1	-1	-1	-1	-1	-1	-1	-1	-1	-1	-1	-1	-1	-1	-1	-1	-1	-1	-1	-1	-1	-1	-1	-1	-1	-1	-1	-1	-1	-1	-1	-1	-1	-1	-1	-1	-1	-1	-1	FFFFFF99	配饰	1473	2004	1
59001122	5	4	33	11	Charm11_2	1	11+11		1	1	-1	-1	-1	-1	-1	-1	-1	-1	-1	-1	-1	-1	-1	-1	-1	-1	-1	-1	-1	-1	-1	-1	-1	-1	-1	-1	-1	-1	-1	-1	-1	-1	-1	-1	-1	-1	-1	-1	-1	-1	-1	-1	-1	-1	-1	-1	-1	-1	-1	-1	-1	-1	-1	-1	-1	-1	-1	-1	-1	-1	-1	-1	-1	-1	FFFFFF99	配饰	1474	2004	1
59001123	5	4	33	11	Charm11_2	1	11+1		1	1	-1	-1	-1	-1	-1	-1	-1	-1	-1	-1	-1	-1	-1	-1	-1	-1	-1	-1	-1	-1	-1	-1	-1	-1	-1	-1	-1	-1	-1	-1	-1	-1	-1	-1	-1	-1	-1	-1	-1	-1	-1	-1	-1	-1	-1	-1	-1	-1	-1	-1	-1	-1	-1	-1	-1	-1	-1	-1	-1	-1	-1	-1	-1	-1	FFFFFF99	配饰	1475	2004	1
59001124	5	4	33	11	Charm11_2	1	11+2		1	1	-1	-1	-1	-1	-1	-1	-1	-1	-1	-1	-1	-1	-1	-1	-1	-1	-1	-1	-1	-1	-1	-1	-1	-1	-1	-1	-1	-1	-1	-1	-1	-1	-1	-1	-1	-1	-1	-1	-1	-1	-1	-1	-1	-1	-1	-1	-1	-1	-1	-1	-1	-1	-1	-1	-1	-1	-1	-1	-1	-1	-1	-1	-1	-1	FFFFFF99	配饰	1476	2004	1
59001125	5	4	33	11	Charm11_2	1	11+3		1	1	-1	-1	-1	-1	-1	-1	-1	-1	-1	-1	-1	-1	-1	-1	-1	-1	-1	-1	-1	-1	-1	-1	-1	-1	-1	-1	-1	-1	-1	-1	-1	-1	-1	-1	-1	-1	-1	-1	-1	-1	-1	-1	-1	-1	-1	-1	-1	-1	-1	-1	-1	-1	-1	-1	-1	-1	-1	-1	-1	-1	-1	-1	-1	-1	FFFFFF99	配饰	1477	2004	1
59001126	5	4	33	11	Charm11_2	1	11+4		1	1	-1	-1	-1	-1	-1	-1	-1	-1	-1	-1	-1	-1	-1	-1	-1	-1	-1	-1	-1	-1	-1	-1	-1	-1	-1	-1	-1	-1	-1	-1	-1	-1	-1	-1	-1	-1	-1	-1	-1	-1	-1	-1	-1	-1	-1	-1	-1	-1	-1	-1	-1	-1	-1	-1	-1	-1	-1	-1	-1	-1	-1	-1	-1	-1	FFFFFF99	配饰	1478	2004	1
59001127	5	4	33	11	Charm11_2	1	11+5		1	1	-1	-1	-1	-1	-1	-1	-1	-1	-1	-1	-1	-1	-1	-1	-1	-1	-1	-1	-1	-1	-1	-1	-1	-1	-1	-1	-1	-1	-1	-1	-1	-1	-1	-1	-1	-1	-1	-1	-1	-1	-1	-1	-1	-1	-1	-1	-1	-1	-1	-1	-1	-1	-1	-1	-1	-1	-1	-1	-1	-1	-1	-1	-1	-1	FFFFFF99	配饰	1479	2004	1
59001128	5	4	33	11	Charm11_2	1	11+6		1	1	-1	-1	-1	-1	-1	-1	-1	-1	-1	-1	-1	-1	-1	-1	-1	-1	-1	-1	-1	-1	-1	-1	-1	-1	-1	-1	-1	-1	-1	-1	-1	-1	-1	-1	-1	-1	-1	-1	-1	-1	-1	-1	-1	-1	-1	-1	-1	-1	-1	-1	-1	-1	-1	-1	-1	-1	-1	-1	-1	-1	-1	-1	-1	-1	FFFFFF99	配饰	1480	2004	1
59001129	5	4	33	11	Charm11_2	1	11+7		1	1	-1	-1	-1	-1	-1	-1	-1	-1	-1	-1	-1	-1	-1	-1	-1	-1	-1	-1	-1	-1	-1	-1	-1	-1	-1	-1	-1	-1	-1	-1	-1	-1	-1	-1	-1	-1	-1	-1	-1	-1	-1	-1	-1	-1	-1	-1	-1	-1	-1	-1	-1	-1	-1	-1	-1	-1	-1	-1	-1	-1	-1	-1	-1	-1	FFFFFF99	配饰	1481	2004	1
59001130	5	4	33	11	Charm11_2	1	11+8		1	1	-1	-1	-1	-1	-1	-1	-1	-1	-1	-1	-1	-1	-1	-1	-1	-1	-1	-1	-1	-1	-1	-1	-1	-1	-1	-1	-1	-1	-1	-1	-1	-1	-1	-1	-1	-1	-1	-1	-1	-1	-1	-1	-1	-1	-1	-1	-1	-1	-1	-1	-1	-1	-1	-1	-1	-1	-1	-1	-1	-1	-1	-1	-1	-1	FFFFFF99	配饰	1482	2004	1
59001131	5	4	33	11	Charm11_2	1	11+9		1	1	-1	-1	-1	-1	-1	-1	-1	-1	-1	-1	-1	-1	-1	-1	-1	-1	-1	-1	-1	-1	-1	-1	-1	-1	-1	-1	-1	-1	-1	-1	-1	-1	-1	-1	-1	-1	-1	-1	-1	-1	-1	-1	-1	-1	-1	-1	-1	-1	-1	-1	-1	-1	-1	-1	-1	-1	-1	-1	-1	-1	-1	-1	-1	-1	FFFFFF99	配饰	1483	2004	1
59001132	5	4	33	11	Charm11_2	1	11+10		1	1	-1	-1	-1	-1	-1	-1	-1	-1	-1	-1	-1	-1	-1	-1	-1	-1	-1	-1	-1	-1	-1	-1	-1	-1	-1	-1	-1	-1	-1	-1	-1	-1	-1	-1	-1	-1	-1	-1	-1	-1	-1	-1	-1	-1	-1	-1	-1	-1	-1	-1	-1	-1	-1	-1	-1	-1	-1	-1	-1	-1	-1	-1	-1	-1	FFFFFF99	配饰	1484	2004	1
59001133	5	4	33	11	Charm11_2	1	11+11		1	1	-1	-1	-1	-1	-1	-1	-1	-1	-1	-1	-1	-1	-1	-1	-1	-1	-1	-1	-1	-1	-1	-1	-1	-1	-1	-1	-1	-1	-1	-1	-1	-1	-1	-1	-1	-1	-1	-1	-1	-1	-1	-1	-1	-1	-1	-1	-1	-1	-1	-1	-1	-1	-1	-1	-1	-1	-1	-1	-1	-1	-1	-1	-1	-1	FFFFFF99	配饰	1485	2004	1
#第二种情况、尴尬																																																																															
59001223	5	4	33	11	Charm11_2	1	A+1		1	1	-1	-1	-1	-1	-1	-1	-1	-1	-1	-1	-1	-1	-1	-1	-1	-1	-1	-1	-1	-1	-1	-1	-1	-1	-1	-1	-1	-1	-1	-1	-1	-1	-1	-1	-1	-1	-1	-1	-1	-1	-1	-1	-1	-1	-1	-1	-1	-1	-1	-1	-1	-1	-1	-1	-1	-1	-1	-1	-1	-1	-1	-1	-1	-1	FFFFFF99	配饰	1607	2004	1
59001224	5	4	33	11	Charm11_2	1	A+2		1	1	-1	-1	-1	-1	-1	-1	-1	-1	-1	-1	-1	-1	-1	-1	-1	-1	-1	-1	-1	-1	-1	-1	-1	-1	-1	-1	-1	-1	-1	-1	-1	-1	-1	-1	-1	-1	-1	-1	-1	-1	-1	-1	-1	-1	-1	-1	-1	-1	-1	-1	-1	-1	-1	-1	-1	-1	-1	-1	-1	-1	-1	-1	-1	-1	FFFFFF99	配饰	1608	2004	1
59001225	5	4	33	11	Charm11_2	1	A+3		1	1	-1	-1	-1	-1	-1	-1	-1	-1	-1	-1	-1	-1	-1	-1	-1	-1	-1	-1	-1	-1	-1	-1	-1	-1	-1	-1	-1	-1	-1	-1	-1	-1	-1	-1	-1	-1	-1	-1	-1	-1	-1	-1	-1	-1	-1	-1	-1	-1	-1	-1	-1	-1	-1	-1	-1	-1	-1	-1	-1	-1	-1	-1	-1	-1	FFFFFF99	配饰	1609	2004	1
59001226	5	4	33	11	Charm11_2	1	A+4		1	1	-1	-1	-1	-1	-1	-1	-1	-1	-1	-1	-1	-1	-1	-1	-1	-1	-1	-1	-1	-1	-1	-1	-1	-1	-1	-1	-1	-1	-1	-1	-1	-1	-1	-1	-1	-1	-1	-1	-1	-1	-1	-1	-1	-1	-1	-1	-1	-1	-1	-1	-1	-1	-1	-1	-1	-1	-1	-1	-1	-1	-1	-1	-1	-1	FFFFFF99	配饰	1610	2004	1
59001227	5	4	33	11	Charm11_2	1	A+5		1	1	-1	-1	-1	-1	-1	-1	-1	-1	-1	-1	-1	-1	-1	-1	-1	-1	-1	-1	-1	-1	-1	-1	-1	-1	-1	-1	-1	-1	-1	-1	-1	-1	-1	-1	-1	-1	-1	-1	-1	-1	-1	-1	-1	-1	-1	-1	-1	-1	-1	-1	-1	-1	-1	-1	-1	-1	-1	-1	-1	-1	-1	-1	-1	-1	FFFFFF99	配饰	1611	2004	1
59001228	5	4	33	11	Charm11_2	1	A+6		1	1	-1	-1	-1	-1	-1	-1	-1	-1	-1	-1	-1	-1	-1	-1	-1	-1	-1	-1	-1	-1	-1	-1	-1	-1	-1	-1	-1	-1	-1	-1	-1	-1	-1	-1	-1	-1	-1	-1	-1	-1	-1	-1	-1	-1	-1	-1	-1	-1	-1	-1	-1	-1	-1	-1	-1	-1	-1	-1	-1	-1	-1	-1	-1	-1	FFFFFF99	配饰	1612	2004	1
59001229	5	4	33	11	Charm11_2	1	A+7		1	1	-1	-1	-1	-1	-1	-1	-1	-1	-1	-1	-1	-1	-1	-1	-1	-1	-1	-1	-1	-1	-1	-1	-1	-1	-1	-1	-1	-1	-1	-1	-1	-1	-1	-1	-1	-1	-1	-1	-1	-1	-1	-1	-1	-1	-1	-1	-1	-1	-1	-1	-1	-1	-1	-1	-1	-1	-1	-1	-1	-1	-1	-1	-1	-1	FFFFFF99	配饰	1613	2004	1
59001230	5	4	33	11	Charm11_2	1	A+8		1	1	-1	-1	-1	-1	-1	-1	-1	-1	-1	-1	-1	-1	-1	-1	-1	-1	-1	-1	-1	-1	-1	-1	-1	-1	-1	-1	-1	-1	-1	-1	-1	-1	-1	-1	-1	-1	-1	-1	-1	-1	-1	-1	-1	-1	-1	-1	-1	-1	-1	-1	-1	-1	-1	-1	-1	-1	-1	-1	-1	-1	-1	-1	-1	-1	FFFFFF99	配饰	1614	2004	1
59001231	5	4	33	11	Charm11_2	1	A+9		1	1	-1	-1	-1	-1	-1	-1	-1	-1	-1	-1	-1	-1	-1	-1	-1	-1	-1	-1	-1	-1	-1	-1	-1	-1	-1	-1	-1	-1	-1	-1	-1	-1	-1	-1	-1	-1	-1	-1	-1	-1	-1	-1	-1	-1	-1	-1	-1	-1	-1	-1	-1	-1	-1	-1	-1	-1	-1	-1	-1	-1	-1	-1	-1	-1	FFFFFF99	配饰	1615	2004	1
59001232	5	4	33	11	Charm11_2	1	A+10		1	1	-1	-1	-1	-1	-1	-1	-1	-1	-1	-1	-1	-1	-1	-1	-1	-1	-1	-1	-1	-1	-1	-1	-1	-1	-1	-1	-1	-1	-1	-1	-1	-1	-1	-1	-1	-1	-1	-1	-1	-1	-1	-1	-1	-1	-1	-1	-1	-1	-1	-1	-1	-1	-1	-1	-1	-1	-1	-1	-1	-1	-1	-1	-1	-1	FFFFFF99	配饰	1616	2004	1
59001233	5	4	33	11	Charm11_2	1	A+11		1	1	-1	-1	-1	-1	-1	-1	-1	-1	-1	-1	-1	-1	-1	-1	-1	-1	-1	-1	-1	-1	-1	-1	-1	-1	-1	-1	-1	-1	-1	-1	-1	-1	-1	-1	-1	-1	-1	-1	-1	-1	-1	-1	-1	-1	-1	-1	-1	-1	-1	-1	-1	-1	-1	-1	-1	-1	-1	-1	-1	-1	-1	-1	-1	-1	FFFFFF99	配饰	1617	2004	1
59001323	5	4	33	11	Charm11_2	1	B+1		1	1	-1	-1	-1	-1	-1	-1	-1	-1	-1	-1	-1	-1	-1	-1	-1	-1	-1	-1	-1	-1	-1	-1	-1	-1	-1	-1	-1	-1	-1	-1	-1	-1	-1	-1	-1	-1	-1	-1	-1	-1	-1	-1	-1	-1	-1	-1	-1	-1	-1	-1	-1	-1	-1	-1	-1	-1	-1	-1	-1	-1	-1	-1	-1	-1	FFFFFF99	配饰	1618	2004	1
59001324	5	4	33	11	Charm11_2	1	B+2		1	1	-1	-1	-1	-1	-1	-1	-1	-1	-1	-1	-1	-1	-1	-1	-1	-1	-1	-1	-1	-1	-1	-1	-1	-1	-1	-1	-1	-1	-1	-1	-1	-1	-1	-1	-1	-1	-1	-1	-1	-1	-1	-1	-1	-1	-1	-1	-1	-1	-1	-1	-1	-1	-1	-1	-1	-1	-1	-1	-1	-1	-1	-1	-1	-1	FFFFFF99	配饰	1619	2004	1
59001325	5	4	33	11	Charm11_2	1	B+3		1	1	-1	-1	-1	-1	-1	-1	-1	-1	-1	-1	-1	-1	-1	-1	-1	-1	-1	-1	-1	-1	-1	-1	-1	-1	-1	-1	-1	-1	-1	-1	-1	-1	-1	-1	-1	-1	-1	-1	-1	-1	-1	-1	-1	-1	-1	-1	-1	-1	-1	-1	-1	-1	-1	-1	-1	-1	-1	-1	-1	-1	-1	-1	-1	-1	FFFFFF99	配饰	1620	2004	1
59001326	5	4	33	11	Charm11_2	1	B+4		1	1	-1	-1	-1	-1	-1	-1	-1	-1	-1	-1	-1	-1	-1	-1	-1	-1	-1	-1	-1	-1	-1	-1	-1	-1	-1	-1	-1	-1	-1	-1	-1	-1	-1	-1	-1	-1	-1	-1	-1	-1	-1	-1	-1	-1	-1	-1	-1	-1	-1	-1	-1	-1	-1	-1	-1	-1	-1	-1	-1	-1	-1	-1	-1	-1	FFFFFF99	配饰	1621	2004	1
59001327	5	4	33	11	Charm11_2	1	B+5		1	1	-1	-1	-1	-1	-1	-1	-1	-1	-1	-1	-1	-1	-1	-1	-1	-1	-1	-1	-1	-1	-1	-1	-1	-1	-1	-1	-1	-1	-1	-1	-1	-1	-1	-1	-1	-1	-1	-1	-1	-1	-1	-1	-1	-1	-1	-1	-1	-1	-1	-1	-1	-1	-1	-1	-1	-1	-1	-1	-1	-1	-1	-1	-1	-1	FFFFFF99	配饰	1622	2004	1
59001328	5	4	33	11	Charm11_2	1	B+6		1	1	-1	-1	-1	-1	-1	-1	-1	-1	-1	-1	-1	-1	-1	-1	-1	-1	-1	-1	-1	-1	-1	-1	-1	-1	-1	-1	-1	-1	-1	-1	-1	-1	-1	-1	-1	-1	-1	-1	-1	-1	-1	-1	-1	-1	-1	-1	-1	-1	-1	-1	-1	-1	-1	-1	-1	-1	-1	-1	-1	-1	-1	-1	-1	-1	FFFFFF99	配饰	1623	2004	1
59001329	5	4	33	11	Charm11_2	1	B+7		1	1	-1	-1	-1	-1	-1	-1	-1	-1	-1	-1	-1	-1	-1	-1	-1	-1	-1	-1	-1	-1	-1	-1	-1	-1	-1	-1	-1	-1	-1	-1	-1	-1	-1	-1	-1	-1	-1	-1	-1	-1	-1	-1	-1	-1	-1	-1	-1	-1	-1	-1	-1	-1	-1	-1	-1	-1	-1	-1	-1	-1	-1	-1	-1	-1	FFFFFF99	配饰	1624	2004	1
59001330	5	4	33	11	Charm11_2	1	B+8		1	1	-1	-1	-1	-1	-1	-1	-1	-1	-1	-1	-1	-1	-1	-1	-1	-1	-1	-1	-1	-1	-1	-1	-1	-1	-1	-1	-1	-1	-1	-1	-1	-1	-1	-1	-1	-1	-1	-1	-1	-1	-1	-1	-1	-1	-1	-1	-1	-1	-1	-1	-1	-1	-1	-1	-1	-1	-1	-1	-1	-1	-1	-1	-1	-1	FFFFFF99	配饰	1625	2004	1
59001331	5	4	33	11	Charm11_2	1	B+9		1	1	-1	-1	-1	-1	-1	-1	-1	-1	-1	-1	-1	-1	-1	-1	-1	-1	-1	-1	-1	-1	-1	-1	-1	-1	-1	-1	-1	-1	-1	-1	-1	-1	-1	-1	-1	-1	-1	-1	-1	-1	-1	-1	-1	-1	-1	-1	-1	-1	-1	-1	-1	-1	-1	-1	-1	-1	-1	-1	-1	-1	-1	-1	-1	-1	FFFFFF99	配饰	1626	2004	1
59001332	5	4	33	11	Charm11_2	1	B+10		1	1	-1	-1	-1	-1	-1	-1	-1	-1	-1	-1	-1	-1	-1	-1	-1	-1	-1	-1	-1	-1	-1	-1	-1	-1	-1	-1	-1	-1	-1	-1	-1	-1	-1	-1	-1	-1	-1	-1	-1	-1	-1	-1	-1	-1	-1	-1	-1	-1	-1	-1	-1	-1	-1	-1	-1	-1	-1	-1	-1	-1	-1	-1	-1	-1	FFFFFF99	配饰	1627	2004	1
59001333	5	4	33	11	Charm11_2	1	B+11		1	1	-1	-1	-1	-1	-1	-1	-1	-1	-1	-1	-1	-1	-1	-1	-1	-1	-1	-1	-1	-1	-1	-1	-1	-1	-1	-1	-1	-1	-1	-1	-1	-1	-1	-1	-1	-1	-1	-1	-1	-1	-1	-1	-1	-1	-1	-1	-1	-1	-1	-1	-1	-1	-1	-1	-1	-1	-1	-1	-1	-1	-1	-1	-1	-1	FFFFFF99	配饰	1628	2004	1
59001423	5	4	33	11	Charm11_2	1	C+1		1	1	-1	-1	-1	-1	-1	-1	-1	-1	-1	-1	-1	-1	-1	-1	-1	-1	-1	-1	-1	-1	-1	-1	-1	-1	-1	-1	-1	-1	-1	-1	-1	-1	-1	-1	-1	-1	-1	-1	-1	-1	-1	-1	-1	-1	-1	-1	-1	-1	-1	-1	-1	-1	-1	-1	-1	-1	-1	-1	-1	-1	-1	-1	-1	-1	FFFFFF99	配饰	1629	2004	1
59001424	5	4	33	11	Charm11_2	1	C+2		1	1	-1	-1	-1	-1	-1	-1	-1	-1	-1	-1	-1	-1	-1	-1	-1	-1	-1	-1	-1	-1	-1	-1	-1	-1	-1	-1	-1	-1	-1	-1	-1	-1	-1	-1	-1	-1	-1	-1	-1	-1	-1	-1	-1	-1	-1	-1	-1	-1	-1	-1	-1	-1	-1	-1	-1	-1	-1	-1	-1	-1	-1	-1	-1	-1	FFFFFF99	配饰	1630	2004	1
59001425	5	4	33	11	Charm11_2	1	C+3		1	1	-1	-1	-1	-1	-1	-1	-1	-1	-1	-1	-1	-1	-1	-1	-1	-1	-1	-1	-1	-1	-1	-1	-1	-1	-1	-1	-1	-1	-1	-1	-1	-1	-1	-1	-1	-1	-1	-1	-1	-1	-1	-1	-1	-1	-1	-1	-1	-1	-1	-1	-1	-1	-1	-1	-1	-1	-1	-1	-1	-1	-1	-1	-1	-1	FFFFFF99	配饰	1631	2004	1
59001426	5	4	33	11	Charm11_2	1	C+4		1	1	-1	-1	-1	-1	-1	-1	-1	-1	-1	-1	-1	-1	-1	-1	-1	-1	-1	-1	-1	-1	-1	-1	-1	-1	-1	-1	-1	-1	-1	-1	-1	-1	-1	-1	-1	-1	-1	-1	-1	-1	-1	-1	-1	-1	-1	-1	-1	-1	-1	-1	-1	-1	-1	-1	-1	-1	-1	-1	-1	-1	-1	-1	-1	-1	FFFFFF99	配饰	1632	2004	1
59001427	5	4	33	11	Charm11_2	1	C+5		1	1	-1	-1	-1	-1	-1	-1	-1	-1	-1	-1	-1	-1	-1	-1	-1	-1	-1	-1	-1	-1	-1	-1	-1	-1	-1	-1	-1	-1	-1	-1	-1	-1	-1	-1	-1	-1	-1	-1	-1	-1	-1	-1	-1	-1	-1	-1	-1	-1	-1	-1	-1	-1	-1	-1	-1	-1	-1	-1	-1	-1	-1	-1	-1	-1	FFFFFF99	配饰	1633	2004	1
59001428	5	4	33	11	Charm11_2	1	C+6		1	1	-1	-1	-1	-1	-1	-1	-1	-1	-1	-1	-1	-1	-1	-1	-1	-1	-1	-1	-1	-1	-1	-1	-1	-1	-1	-1	-1	-1	-1	-1	-1	-1	-1	-1	-1	-1	-1	-1	-1	-1	-1	-1	-1	-1	-1	-1	-1	-1	-1	-1	-1	-1	-1	-1	-1	-1	-1	-1	-1	-1	-1	-1	-1	-1	FFFFFF99	配饰	1634	2004	1
59001429	5	4	33	11	Charm11_2	1	C+7		1	1	-1	-1	-1	-1	-1	-1	-1	-1	-1	-1	-1	-1	-1	-1	-1	-1	-1	-1	-1	-1	-1	-1	-1	-1	-1	-1	-1	-1	-1	-1	-1	-1	-1	-1	-1	-1	-1	-1	-1	-1	-1	-1	-1	-1	-1	-1	-1	-1	-1	-1	-1	-1	-1	-1	-1	-1	-1	-1	-1	-1	-1	-1	-1	-1	FFFFFF99	配饰	1635	2004	1
59001430	5	4	33	11	Charm11_2	1	C+8		1	1	-1	-1	-1	-1	-1	-1	-1	-1	-1	-1	-1	-1	-1	-1	-1	-1	-1	-1	-1	-1	-1	-1	-1	-1	-1	-1	-1	-1	-1	-1	-1	-1	-1	-1	-1	-1	-1	-1	-1	-1	-1	-1	-1	-1	-1	-1	-1	-1	-1	-1	-1	-1	-1	-1	-1	-1	-1	-1	-1	-1	-1	-1	-1	-1	FFFFFF99	配饰	1636	2004	1
59001431	5	4	33	11	Charm11_2	1	C+9		1	1	-1	-1	-1	-1	-1	-1	-1	-1	-1	-1	-1	-1	-1	-1	-1	-1	-1	-1	-1	-1	-1	-1	-1	-1	-1	-1	-1	-1	-1	-1	-1	-1	-1	-1	-1	-1	-1	-1	-1	-1	-1	-1	-1	-1	-1	-1	-1	-1	-1	-1	-1	-1	-1	-1	-1	-1	-1	-1	-1	-1	-1	-1	-1	-1	FFFFFF99	配饰	1637	2004	1
59001432	5	4	33	11	Charm11_2	1	C+10		1	1	-1	-1	-1	-1	-1	-1	-1	-1	-1	-1	-1	-1	-1	-1	-1	-1	-1	-1	-1	-1	-1	-1	-1	-1	-1	-1	-1	-1	-1	-1	-1	-1	-1	-1	-1	-1	-1	-1	-1	-1	-1	-1	-1	-1	-1	-1	-1	-1	-1	-1	-1	-1	-1	-1	-1	-1	-1	-1	-1	-1	-1	-1	-1	-1	FFFFFF99	配饰	1638	2004	1
59001433	5	4	33	11	Charm11_2	1	C+11		1	1	-1	-1	-1	-1	-1	-1	-1	-1	-1	-1	-1	-1	-1	-1	-1	-1	-1	-1	-1	-1	-1	-1	-1	-1	-1	-1	-1	-1	-1	-1	-1	-1	-1	-1	-1	-1	-1	-1	-1	-1	-1	-1	-1	-1	-1	-1	-1	-1	-1	-1	-1	-1	-1	-1	-1	-1	-1	-1	-1	-1	-1	-1	-1	-1	FFFFFF99	配饰	1639	2004	1
59001523	5	4	33	11	Charm11_2	1	D+1		1	1	-1	-1	-1	-1	-1	-1	-1	-1	-1	-1	-1	-1	-1	-1	-1	-1	-1	-1	-1	-1	-1	-1	-1	-1	-1	-1	-1	-1	-1	-1	-1	-1	-1	-1	-1	-1	-1	-1	-1	-1	-1	-1	-1	-1	-1	-1	-1	-1	-1	-1	-1	-1	-1	-1	-1	-1	-1	-1	-1	-1	-1	-1	-1	-1	FFFFFF99	配饰	1640	2004	1
59001524	5	4	33	11	Charm11_2	1	D+2		1	1	-1	-1	-1	-1	-1	-1	-1	-1	-1	-1	-1	-1	-1	-1	-1	-1	-1	-1	-1	-1	-1	-1	-1	-1	-1	-1	-1	-1	-1	-1	-1	-1	-1	-1	-1	-1	-1	-1	-1	-1	-1	-1	-1	-1	-1	-1	-1	-1	-1	-1	-1	-1	-1	-1	-1	-1	-1	-1	-1	-1	-1	-1	-1	-1	FFFFFF99	配饰	1641	2004	1
59001525	5	4	33	11	Charm11_2	1	D+3		1	1	-1	-1	-1	-1	-1	-1	-1	-1	-1	-1	-1	-1	-1	-1	-1	-1	-1	-1	-1	-1	-1	-1	-1	-1	-1	-1	-1	-1	-1	-1	-1	-1	-1	-1	-1	-1	-1	-1	-1	-1	-1	-1	-1	-1	-1	-1	-1	-1	-1	-1	-1	-1	-1	-1	-1	-1	-1	-1	-1	-1	-1	-1	-1	-1	FFFFFF99	配饰	1642	2004	1
59001526	5	4	33	11	Charm11_2	1	D+4		1	1	-1	-1	-1	-1	-1	-1	-1	-1	-1	-1	-1	-1	-1	-1	-1	-1	-1	-1	-1	-1	-1	-1	-1	-1	-1	-1	-1	-1	-1	-1	-1	-1	-1	-1	-1	-1	-1	-1	-1	-1	-1	-1	-1	-1	-1	-1	-1	-1	-1	-1	-1	-1	-1	-1	-1	-1	-1	-1	-1	-1	-1	-1	-1	-1	FFFFFF99	配饰	1643	2004	1
59001527	5	4	33	11	Charm11_2	1	D+5		1	1	-1	-1	-1	-1	-1	-1	-1	-1	-1	-1	-1	-1	-1	-1	-1	-1	-1	-1	-1	-1	-1	-1	-1	-1	-1	-1	-1	-1	-1	-1	-1	-1	-1	-1	-1	-1	-1	-1	-1	-1	-1	-1	-1	-1	-1	-1	-1	-1	-1	-1	-1	-1	-1	-1	-1	-1	-1	-1	-1	-1	-1	-1	-1	-1	FFFFFF99	配饰	1644	2004	1
59001528	5	4	33	11	Charm11_2	1	D+6		1	1	-1	-1	-1	-1	-1	-1	-1	-1	-1	-1	-1	-1	-1	-1	-1	-1	-1	-1	-1	-1	-1	-1	-1	-1	-1	-1	-1	-1	-1	-1	-1	-1	-1	-1	-1	-1	-1	-1	-1	-1	-1	-1	-1	-1	-1	-1	-1	-1	-1	-1	-1	-1	-1	-1	-1	-1	-1	-1	-1	-1	-1	-1	-1	-1	FFFFFF99	配饰	1645	2004	1
59001529	5	4	33	11	Charm11_2	1	D+7		1	1	-1	-1	-1	-1	-1	-1	-1	-1	-1	-1	-1	-1	-1	-1	-1	-1	-1	-1	-1	-1	-1	-1	-1	-1	-1	-1	-1	-1	-1	-1	-1	-1	-1	-1	-1	-1	-1	-1	-1	-1	-1	-1	-1	-1	-1	-1	-1	-1	-1	-1	-1	-1	-1	-1	-1	-1	-1	-1	-1	-1	-1	-1	-1	-1	FFFFFF99	配饰	1646	2004	1
59001530	5	4	33	11	Charm11_2	1	D+8		1	1	-1	-1	-1	-1	-1	-1	-1	-1	-1	-1	-1	-1	-1	-1	-1	-1	-1	-1	-1	-1	-1	-1	-1	-1	-1	-1	-1	-1	-1	-1	-1	-1	-1	-1	-1	-1	-1	-1	-1	-1	-1	-1	-1	-1	-1	-1	-1	-1	-1	-1	-1	-1	-1	-1	-1	-1	-1	-1	-1	-1	-1	-1	-1	-1	FFFFFF99	配饰	1647	2004	1
59001531	5	4	33	11	Charm11_2	1	D+9		1	1	-1	-1	-1	-1	-1	-1	-1	-1	-1	-1	-1	-1	-1	-1	-1	-1	-1	-1	-1	-1	-1	-1	-1	-1	-1	-1	-1	-1	-1	-1	-1	-1	-1	-1	-1	-1	-1	-1	-1	-1	-1	-1	-1	-1	-1	-1	-1	-1	-1	-1	-1	-1	-1	-1	-1	-1	-1	-1	-1	-1	-1	-1	-1	-1	FFFFFF99	配饰	1648	2004	1
59001532	5	4	33	11	Charm11_2	1	D+10		1	1	-1	-1	-1	-1	-1	-1	-1	-1	-1	-1	-1	-1	-1	-1	-1	-1	-1	-1	-1	-1	-1	-1	-1	-1	-1	-1	-1	-1	-1	-1	-1	-1	-1	-1	-1	-1	-1	-1	-1	-1	-1	-1	-1	-1	-1	-1	-1	-1	-1	-1	-1	-1	-1	-1	-1	-1	-1	-1	-1	-1	-1	-1	-1	-1	FFFFFF99	配饰	1649	2004	1
59001533	5	4	33	11	Charm11_2	1	D+11		1	1	-1	-1	-1	-1	-1	-1	-1	-1	-1	-1	-1	-1	-1	-1	-1	-1	-1	-1	-1	-1	-1	-1	-1	-1	-1	-1	-1	-1	-1	-1	-1	-1	-1	-1	-1	-1	-1	-1	-1	-1	-1	-1	-1	-1	-1	-1	-1	-1	-1	-1	-1	-1	-1	-1	-1	-1	-1	-1	-1	-1	-1	-1	-1	-1	FFFFFF99	配饰	1650	2004	1
59001623	5	4	33	11	Charm11_2	1	E+1		1	1	-1	-1	-1	-1	-1	-1	-1	-1	-1	-1	-1	-1	-1	-1	-1	-1	-1	-1	-1	-1	-1	-1	-1	-1	-1	-1	-1	-1	-1	-1	-1	-1	-1	-1	-1	-1	-1	-1	-1	-1	-1	-1	-1	-1	-1	-1	-1	-1	-1	-1	-1	-1	-1	-1	-1	-1	-1	-1	-1	-1	-1	-1	-1	-1	FFFFFF99	配饰	1651	2004	1
59001624	5	4	33	11	Charm11_2	1	E+2		1	1	-1	-1	-1	-1	-1	-1	-1	-1	-1	-1	-1	-1	-1	-1	-1	-1	-1	-1	-1	-1	-1	-1	-1	-1	-1	-1	-1	-1	-1	-1	-1	-1	-1	-1	-1	-1	-1	-1	-1	-1	-1	-1	-1	-1	-1	-1	-1	-1	-1	-1	-1	-1	-1	-1	-1	-1	-1	-1	-1	-1	-1	-1	-1	-1	FFFFFF99	配饰	1652	2004	1
59001625	5	4	33	11	Charm11_2	1	E+3		1	1	-1	-1	-1	-1	-1	-1	-1	-1	-1	-1	-1	-1	-1	-1	-1	-1	-1	-1	-1	-1	-1	-1	-1	-1	-1	-1	-1	-1	-1	-1	-1	-1	-1	-1	-1	-1	-1	-1	-1	-1	-1	-1	-1	-1	-1	-1	-1	-1	-1	-1	-1	-1	-1	-1	-1	-1	-1	-1	-1	-1	-1	-1	-1	-1	FFFFFF99	配饰	1653	2004	1
59001626	5	4	33	11	Charm11_2	1	E+4		1	1	-1	-1	-1	-1	-1	-1	-1	-1	-1	-1	-1	-1	-1	-1	-1	-1	-1	-1	-1	-1	-1	-1	-1	-1	-1	-1	-1	-1	-1	-1	-1	-1	-1	-1	-1	-1	-1	-1	-1	-1	-1	-1	-1	-1	-1	-1	-1	-1	-1	-1	-1	-1	-1	-1	-1	-1	-1	-1	-1	-1	-1	-1	-1	-1	FFFFFF99	配饰	1654	2004	1
59001627	5	4	33	11	Charm11_2	1	E+5		1	1	-1	-1	-1	-1	-1	-1	-1	-1	-1	-1	-1	-1	-1	-1	-1	-1	-1	-1	-1	-1	-1	-1	-1	-1	-1	-1	-1	-1	-1	-1	-1	-1	-1	-1	-1	-1	-1	-1	-1	-1	-1	-1	-1	-1	-1	-1	-1	-1	-1	-1	-1	-1	-1	-1	-1	-1	-1	-1	-1	-1	-1	-1	-1	-1	FFFFFF99	配饰	1655	2004	1
59001628	5	4	33	11	Charm11_2	1	E+6		1	1	-1	-1	-1	-1	-1	-1	-1	-1	-1	-1	-1	-1	-1	-1	-1	-1	-1	-1	-1	-1	-1	-1	-1	-1	-1	-1	-1	-1	-1	-1	-1	-1	-1	-1	-1	-1	-1	-1	-1	-1	-1	-1	-1	-1	-1	-1	-1	-1	-1	-1	-1	-1	-1	-1	-1	-1	-1	-1	-1	-1	-1	-1	-1	-1	FFFFFF99	配饰	1656	2004	1
59001629	5	4	33	11	Charm11_2	1	E+7		1	1	-1	-1	-1	-1	-1	-1	-1	-1	-1	-1	-1	-1	-1	-1	-1	-1	-1	-1	-1	-1	-1	-1	-1	-1	-1	-1	-1	-1	-1	-1	-1	-1	-1	-1	-1	-1	-1	-1	-1	-1	-1	-1	-1	-1	-1	-1	-1	-1	-1	-1	-1	-1	-1	-1	-1	-1	-1	-1	-1	-1	-1	-1	-1	-1	FFFFFF99	配饰	1657	2004	1
59001630	5	4	33	11	Charm11_2	1	E+8		1	1	-1	-1	-1	-1	-1	-1	-1	-1	-1	-1	-1	-1	-1	-1	-1	-1	-1	-1	-1	-1	-1	-1	-1	-1	-1	-1	-1	-1	-1	-1	-1	-1	-1	-1	-1	-1	-1	-1	-1	-1	-1	-1	-1	-1	-1	-1	-1	-1	-1	-1	-1	-1	-1	-1	-1	-1	-1	-1	-1	-1	-1	-1	-1	-1	FFFFFF99	配饰	1658	2004	1
59001631	5	4	33	11	Charm11_2	1	E+9		1	1	-1	-1	-1	-1	-1	-1	-1	-1	-1	-1	-1	-1	-1	-1	-1	-1	-1	-1	-1	-1	-1	-1	-1	-1	-1	-1	-1	-1	-1	-1	-1	-1	-1	-1	-1	-1	-1	-1	-1	-1	-1	-1	-1	-1	-1	-1	-1	-1	-1	-1	-1	-1	-1	-1	-1	-1	-1	-1	-1	-1	-1	-1	-1	-1	FFFFFF99	配饰	1659	2004	1
59001632	5	4	33	11	Charm11_2	1	E+10		1	1	-1	-1	-1	-1	-1	-1	-1	-1	-1	-1	-1	-1	-1	-1	-1	-1	-1	-1	-1	-1	-1	-1	-1	-1	-1	-1	-1	-1	-1	-1	-1	-1	-1	-1	-1	-1	-1	-1	-1	-1	-1	-1	-1	-1	-1	-1	-1	-1	-1	-1	-1	-1	-1	-1	-1	-1	-1	-1	-1	-1	-1	-1	-1	-1	FFFFFF99	配饰	1660	2004	1
59001633	5	4	33	11	Charm11_2	1	E+11		1	1	-1	-1	-1	-1	-1	-1	-1	-1	-1	-1	-1	-1	-1	-1	-1	-1	-1	-1	-1	-1	-1	-1	-1	-1	-1	-1	-1	-1	-1	-1	-1	-1	-1	-1	-1	-1	-1	-1	-1	-1	-1	-1	-1	-1	-1	-1	-1	-1	-1	-1	-1	-1	-1	-1	-1	-1	-1	-1	-1	-1	-1	-1	-1	-1	FFFFFF99	配饰	1661	2004	1
59001723	5	4	33	11	Charm11_2	1	F+1		1	1	-1	-1	-1	-1	-1	-1	-1	-1	-1	-1	-1	-1	-1	-1	-1	-1	-1	-1	-1	-1	-1	-1	-1	-1	-1	-1	-1	-1	-1	-1	-1	-1	-1	-1	-1	-1	-1	-1	-1	-1	-1	-1	-1	-1	-1	-1	-1	-1	-1	-1	-1	-1	-1	-1	-1	-1	-1	-1	-1	-1	-1	-1	-1	-1	FFFFFF99	配饰	1662	2004	1
59001724	5	4	33	11	Charm11_2	1	F+2		1	1	-1	-1	-1	-1	-1	-1	-1	-1	-1	-1	-1	-1	-1	-1	-1	-1	-1	-1	-1	-1	-1	-1	-1	-1	-1	-1	-1	-1	-1	-1	-1	-1	-1	-1	-1	-1	-1	-1	-1	-1	-1	-1	-1	-1	-1	-1	-1	-1	-1	-1	-1	-1	-1	-1	-1	-1	-1	-1	-1	-1	-1	-1	-1	-1	FFFFFF99	配饰	1663	2004	1
59001725	5	4	33	11	Charm11_2	1	F+3		1	1	-1	-1	-1	-1	-1	-1	-1	-1	-1	-1	-1	-1	-1	-1	-1	-1	-1	-1	-1	-1	-1	-1	-1	-1	-1	-1	-1	-1	-1	-1	-1	-1	-1	-1	-1	-1	-1	-1	-1	-1	-1	-1	-1	-1	-1	-1	-1	-1	-1	-1	-1	-1	-1	-1	-1	-1	-1	-1	-1	-1	-1	-1	-1	-1	FFFFFF99	配饰	1664	2004	1
59001726	5	4	33	11	Charm11_2	1	F+4		1	1	-1	-1	-1	-1	-1	-1	-1	-1	-1	-1	-1	-1	-1	-1	-1	-1	-1	-1	-1	-1	-1	-1	-1	-1	-1	-1	-1	-1	-1	-1	-1	-1	-1	-1	-1	-1	-1	-1	-1	-1	-1	-1	-1	-1	-1	-1	-1	-1	-1	-1	-1	-1	-1	-1	-1	-1	-1	-1	-1	-1	-1	-1	-1	-1	FFFFFF99	配饰	1665	2004	1
59001727	5	4	33	11	Charm11_2	1	F+5		1	1	-1	-1	-1	-1	-1	-1	-1	-1	-1	-1	-1	-1	-1	-1	-1	-1	-1	-1	-1	-1	-1	-1	-1	-1	-1	-1	-1	-1	-1	-1	-1	-1	-1	-1	-1	-1	-1	-1	-1	-1	-1	-1	-1	-1	-1	-1	-1	-1	-1	-1	-1	-1	-1	-1	-1	-1	-1	-1	-1	-1	-1	-1	-1	-1	FFFFFF99	配饰	1666	2004	1
59001728	5	4	33	11	Charm11_2	1	F+6		1	1	-1	-1	-1	-1	-1	-1	-1	-1	-1	-1	-1	-1	-1	-1	-1	-1	-1	-1	-1	-1	-1	-1	-1	-1	-1	-1	-1	-1	-1	-1	-1	-1	-1	-1	-1	-1	-1	-1	-1	-1	-1	-1	-1	-1	-1	-1	-1	-1	-1	-1	-1	-1	-1	-1	-1	-1	-1	-1	-1	-1	-1	-1	-1	-1	FFFFFF99	配饰	1667	2004	1
59001729	5	4	33	11	Charm11_2	1	F+7		1	1	-1	-1	-1	-1	-1	-1	-1	-1	-1	-1	-1	-1	-1	-1	-1	-1	-1	-1	-1	-1	-1	-1	-1	-1	-1	-1	-1	-1	-1	-1	-1	-1	-1	-1	-1	-1	-1	-1	-1	-1	-1	-1	-1	-1	-1	-1	-1	-1	-1	-1	-1	-1	-1	-1	-1	-1	-1	-1	-1	-1	-1	-1	-1	-1	FFFFFF99	配饰	1668	2004	1
59001730	5	4	33	11	Charm11_2	1	F+8		1	1	-1	-1	-1	-1	-1	-1	-1	-1	-1	-1	-1	-1	-1	-1	-1	-1	-1	-1	-1	-1	-1	-1	-1	-1	-1	-1	-1	-1	-1	-1	-1	-1	-1	-1	-1	-1	-1	-1	-1	-1	-1	-1	-1	-1	-1	-1	-1	-1	-1	-1	-1	-1	-1	-1	-1	-1	-1	-1	-1	-1	-1	-1	-1	-1	FFFFFF99	配饰	1669	2004	1
59001731	5	4	33	11	Charm11_2	1	F+9		1	1	-1	-1	-1	-1	-1	-1	-1	-1	-1	-1	-1	-1	-1	-1	-1	-1	-1	-1	-1	-1	-1	-1	-1	-1	-1	-1	-1	-1	-1	-1	-1	-1	-1	-1	-1	-1	-1	-1	-1	-1	-1	-1	-1	-1	-1	-1	-1	-1	-1	-1	-1	-1	-1	-1	-1	-1	-1	-1	-1	-1	-1	-1	-1	-1	FFFFFF99	配饰	1670	2004	1
59001732	5	4	33	11	Charm11_2	1	F+10		1	1	-1	-1	-1	-1	-1	-1	-1	-1	-1	-1	-1	-1	-1	-1	-1	-1	-1	-1	-1	-1	-1	-1	-1	-1	-1	-1	-1	-1	-1	-1	-1	-1	-1	-1	-1	-1	-1	-1	-1	-1	-1	-1	-1	-1	-1	-1	-1	-1	-1	-1	-1	-1	-1	-1	-1	-1	-1	-1	-1	-1	-1	-1	-1	-1	FFFFFF99	配饰	1671	2004	1
59001733	5	4	33	11	Charm11_2	1	F+11		1	1	-1	-1	-1	-1	-1	-1	-1	-1	-1	-1	-1	-1	-1	-1	-1	-1	-1	-1	-1	-1	-1	-1	-1	-1	-1	-1	-1	-1	-1	-1	-1	-1	-1	-1	-1	-1	-1	-1	-1	-1	-1	-1	-1	-1	-1	-1	-1	-1	-1	-1	-1	-1	-1	-1	-1	-1	-1	-1	-1	-1	-1	-1	-1	-1	FFFFFF99	配饰	1672	2004	1
59001823	5	4	33	11	Charm11_2	1	G+1		1	1	-1	-1	-1	-1	-1	-1	-1	-1	-1	-1	-1	-1	-1	-1	-1	-1	-1	-1	-1	-1	-1	-1	-1	-1	-1	-1	-1	-1	-1	-1	-1	-1	-1	-1	-1	-1	-1	-1	-1	-1	-1	-1	-1	-1	-1	-1	-1	-1	-1	-1	-1	-1	-1	-1	-1	-1	-1	-1	-1	-1	-1	-1	-1	-1	FFFFFF99	配饰	1673	2004	1
59001824	5	4	33	11	Charm11_2	1	G+2		1	1	-1	-1	-1	-1	-1	-1	-1	-1	-1	-1	-1	-1	-1	-1	-1	-1	-1	-1	-1	-1	-1	-1	-1	-1	-1	-1	-1	-1	-1	-1	-1	-1	-1	-1	-1	-1	-1	-1	-1	-1	-1	-1	-1	-1	-1	-1	-1	-1	-1	-1	-1	-1	-1	-1	-1	-1	-1	-1	-1	-1	-1	-1	-1	-1	FFFFFF99	配饰	1674	2004	1
59001825	5	4	33	11	Charm11_2	1	G+3		1	1	-1	-1	-1	-1	-1	-1	-1	-1	-1	-1	-1	-1	-1	-1	-1	-1	-1	-1	-1	-1	-1	-1	-1	-1	-1	-1	-1	-1	-1	-1	-1	-1	-1	-1	-1	-1	-1	-1	-1	-1	-1	-1	-1	-1	-1	-1	-1	-1	-1	-1	-1	-1	-1	-1	-1	-1	-1	-1	-1	-1	-1	-1	-1	-1	FFFFFF99	配饰	1675	2004	1
59001826	5	4	33	11	Charm11_2	1	G+4		1	1	-1	-1	-1	-1	-1	-1	-1	-1	-1	-1	-1	-1	-1	-1	-1	-1	-1	-1	-1	-1	-1	-1	-1	-1	-1	-1	-1	-1	-1	-1	-1	-1	-1	-1	-1	-1	-1	-1	-1	-1	-1	-1	-1	-1	-1	-1	-1	-1	-1	-1	-1	-1	-1	-1	-1	-1	-1	-1	-1	-1	-1	-1	-1	-1	FFFFFF99	配饰	1676	2004	1
59001827	5	4	33	11	Charm11_2	1	G+5		1	1	-1	-1	-1	-1	-1	-1	-1	-1	-1	-1	-1	-1	-1	-1	-1	-1	-1	-1	-1	-1	-1	-1	-1	-1	-1	-1	-1	-1	-1	-1	-1	-1	-1	-1	-1	-1	-1	-1	-1	-1	-1	-1	-1	-1	-1	-1	-1	-1	-1	-1	-1	-1	-1	-1	-1	-1	-1	-1	-1	-1	-1	-1	-1	-1	FFFFFF99	配饰	1677	2004	1
59001828	5	4	33	11	Charm11_2	1	G+6		1	1	-1	-1	-1	-1	-1	-1	-1	-1	-1	-1	-1	-1	-1	-1	-1	-1	-1	-1	-1	-1	-1	-1	-1	-1	-1	-1	-1	-1	-1	-1	-1	-1	-1	-1	-1	-1	-1	-1	-1	-1	-1	-1	-1	-1	-1	-1	-1	-1	-1	-1	-1	-1	-1	-1	-1	-1	-1	-1	-1	-1	-1	-1	-1	-1	FFFFFF99	配饰	1678	2004	1
59001829	5	4	33	11	Charm11_2	1	G+7		1	1	-1	-1	-1	-1	-1	-1	-1	-1	-1	-1	-1	-1	-1	-1	-1	-1	-1	-1	-1	-1	-1	-1	-1	-1	-1	-1	-1	-1	-1	-1	-1	-1	-1	-1	-1	-1	-1	-1	-1	-1	-1	-1	-1	-1	-1	-1	-1	-1	-1	-1	-1	-1	-1	-1	-1	-1	-1	-1	-1	-1	-1	-1	-1	-1	FFFFFF99	配饰	1679	2004	1
59001830	5	4	33	11	Charm11_2	1	G+8		1	1	-1	-1	-1	-1	-1	-1	-1	-1	-1	-1	-1	-1	-1	-1	-1	-1	-1	-1	-1	-1	-1	-1	-1	-1	-1	-1	-1	-1	-1	-1	-1	-1	-1	-1	-1	-1	-1	-1	-1	-1	-1	-1	-1	-1	-1	-1	-1	-1	-1	-1	-1	-1	-1	-1	-1	-1	-1	-1	-1	-1	-1	-1	-1	-1	FFFFFF99	配饰	1680	2004	1
59001831	5	4	33	11	Charm11_2	1	G+9		1	1	-1	-1	-1	-1	-1	-1	-1	-1	-1	-1	-1	-1	-1	-1	-1	-1	-1	-1	-1	-1	-1	-1	-1	-1	-1	-1	-1	-1	-1	-1	-1	-1	-1	-1	-1	-1	-1	-1	-1	-1	-1	-1	-1	-1	-1	-1	-1	-1	-1	-1	-1	-1	-1	-1	-1	-1	-1	-1	-1	-1	-1	-1	-1	-1	FFFFFF99	配饰	1681	2004	1
59001832	5	4	33	11	Charm11_2	1	G+10		1	1	-1	-1	-1	-1	-1	-1	-1	-1	-1	-1	-1	-1	-1	-1	-1	-1	-1	-1	-1	-1	-1	-1	-1	-1	-1	-1	-1	-1	-1	-1	-1	-1	-1	-1	-1	-1	-1	-1	-1	-1	-1	-1	-1	-1	-1	-1	-1	-1	-1	-1	-1	-1	-1	-1	-1	-1	-1	-1	-1	-1	-1	-1	-1	-1	FFFFFF99	配饰	1682	2004	1
59001833	5	4	33	11	Charm11_2	1	G+11		1	1	-1	-1	-1	-1	-1	-1	-1	-1	-1	-1	-1	-1	-1	-1	-1	-1	-1	-1	-1	-1	-1	-1	-1	-1	-1	-1	-1	-1	-1	-1	-1	-1	-1	-1	-1	-1	-1	-1	-1	-1	-1	-1	-1	-1	-1	-1	-1	-1	-1	-1	-1	-1	-1	-1	-1	-1	-1	-1	-1	-1	-1	-1	-1	-1	FFFFFF99	配饰	1683	2004	1
59001923	5	4	33	11	Charm11_2	1	H+1		1	1	-1	-1	-1	-1	-1	-1	-1	-1	-1	-1	-1	-1	-1	-1	-1	-1	-1	-1	-1	-1	-1	-1	-1	-1	-1	-1	-1	-1	-1	-1	-1	-1	-1	-1	-1	-1	-1	-1	-1	-1	-1	-1	-1	-1	-1	-1	-1	-1	-1	-1	-1	-1	-1	-1	-1	-1	-1	-1	-1	-1	-1	-1	-1	-1	FFFFFF99	配饰	1684	2004	1
59001924	5	4	33	11	Charm11_2	1	H+2		1	1	-1	-1	-1	-1	-1	-1	-1	-1	-1	-1	-1	-1	-1	-1	-1	-1	-1	-1	-1	-1	-1	-1	-1	-1	-1	-1	-1	-1	-1	-1	-1	-1	-1	-1	-1	-1	-1	-1	-1	-1	-1	-1	-1	-1	-1	-1	-1	-1	-1	-1	-1	-1	-1	-1	-1	-1	-1	-1	-1	-1	-1	-1	-1	-1	FFFFFF99	配饰	1685	2004	1
59001925	5	4	33	11	Charm11_2	1	H+3		1	1	-1	-1	-1	-1	-1	-1	-1	-1	-1	-1	-1	-1	-1	-1	-1	-1	-1	-1	-1	-1	-1	-1	-1	-1	-1	-1	-1	-1	-1	-1	-1	-1	-1	-1	-1	-1	-1	-1	-1	-1	-1	-1	-1	-1	-1	-1	-1	-1	-1	-1	-1	-1	-1	-1	-1	-1	-1	-1	-1	-1	-1	-1	-1	-1	FFFFFF99	配饰	1686	2004	1
59001926	5	4	33	11	Charm11_2	1	H+4		1	1	-1	-1	-1	-1	-1	-1	-1	-1	-1	-1	-1	-1	-1	-1	-1	-1	-1	-1	-1	-1	-1	-1	-1	-1	-1	-1	-1	-1	-1	-1	-1	-1	-1	-1	-1	-1	-1	-1	-1	-1	-1	-1	-1	-1	-1	-1	-1	-1	-1	-1	-1	-1	-1	-1	-1	-1	-1	-1	-1	-1	-1	-1	-1	-1	FFFFFF99	配饰	1687	2004	1
59001927	5	4	33	11	Charm11_2	1	H+5		1	1	-1	-1	-1	-1	-1	-1	-1	-1	-1	-1	-1	-1	-1	-1	-1	-1	-1	-1	-1	-1	-1	-1	-1	-1	-1	-1	-1	-1	-1	-1	-1	-1	-1	-1	-1	-1	-1	-1	-1	-1	-1	-1	-1	-1	-1	-1	-1	-1	-1	-1	-1	-1	-1	-1	-1	-1	-1	-1	-1	-1	-1	-1	-1	-1	FFFFFF99	配饰	1688	2004	1
59001928	5	4	33	11	Charm11_2	1	H+6		1	1	-1	-1	-1	-1	-1	-1	-1	-1	-1	-1	-1	-1	-1	-1	-1	-1	-1	-1	-1	-1	-1	-1	-1	-1	-1	-1	-1	-1	-1	-1	-1	-1	-1	-1	-1	-1	-1	-1	-1	-1	-1	-1	-1	-1	-1	-1	-1	-1	-1	-1	-1	-1	-1	-1	-1	-1	-1	-1	-1	-1	-1	-1	-1	-1	FFFFFF99	配饰	1689	2004	1
59001929	5	4	33	11	Charm11_2	1	H+7		1	1	-1	-1	-1	-1	-1	-1	-1	-1	-1	-1	-1	-1	-1	-1	-1	-1	-1	-1	-1	-1	-1	-1	-1	-1	-1	-1	-1	-1	-1	-1	-1	-1	-1	-1	-1	-1	-1	-1	-1	-1	-1	-1	-1	-1	-1	-1	-1	-1	-1	-1	-1	-1	-1	-1	-1	-1	-1	-1	-1	-1	-1	-1	-1	-1	FFFFFF99	配饰	1690	2004	1
59001930	5	4	33	11	Charm11_2	1	H+8		1	1	-1	-1	-1	-1	-1	-1	-1	-1	-1	-1	-1	-1	-1	-1	-1	-1	-1	-1	-1	-1	-1	-1	-1	-1	-1	-1	-1	-1	-1	-1	-1	-1	-1	-1	-1	-1	-1	-1	-1	-1	-1	-1	-1	-1	-1	-1	-1	-1	-1	-1	-1	-1	-1	-1	-1	-1	-1	-1	-1	-1	-1	-1	-1	-1	FFFFFF99	配饰	1691	2004	1
59001931	5	4	33	11	Charm11_2	1	H+9		1	1	-1	-1	-1	-1	-1	-1	-1	-1	-1	-1	-1	-1	-1	-1	-1	-1	-1	-1	-1	-1	-1	-1	-1	-1	-1	-1	-1	-1	-1	-1	-1	-1	-1	-1	-1	-1	-1	-1	-1	-1	-1	-1	-1	-1	-1	-1	-1	-1	-1	-1	-1	-1	-1	-1	-1	-1	-1	-1	-1	-1	-1	-1	-1	-1	FFFFFF99	配饰	1692	2004	1
59001932	5	4	33	11	Charm11_2	1	H+10		1	1	-1	-1	-1	-1	-1	-1	-1	-1	-1	-1	-1	-1	-1	-1	-1	-1	-1	-1	-1	-1	-1	-1	-1	-1	-1	-1	-1	-1	-1	-1	-1	-1	-1	-1	-1	-1	-1	-1	-1	-1	-1	-1	-1	-1	-1	-1	-1	-1	-1	-1	-1	-1	-1	-1	-1	-1	-1	-1	-1	-1	-1	-1	-1	-1	FFFFFF99	配饰	1693	2004	1
59001933	5	4	33	11	Charm11_2	1	H+11		1	1	-1	-1	-1	-1	-1	-1	-1	-1	-1	-1	-1	-1	-1	-1	-1	-1	-1	-1	-1	-1	-1	-1	-1	-1	-1	-1	-1	-1	-1	-1	-1	-1	-1	-1	-1	-1	-1	-1	-1	-1	-1	-1	-1	-1	-1	-1	-1	-1	-1	-1	-1	-1	-1	-1	-1	-1	-1	-1	-1	-1	-1	-1	-1	-1	FFFFFF99	配饰	1694	2004	1
59002023	5	4	33	11	Charm11_2	1	I+1		1	1	-1	-1	-1	-1	-1	-1	-1	-1	-1	-1	-1	-1	-1	-1	-1	-1	-1	-1	-1	-1	-1	-1	-1	-1	-1	-1	-1	-1	-1	-1	-1	-1	-1	-1	-1	-1	-1	-1	-1	-1	-1	-1	-1	-1	-1	-1	-1	-1	-1	-1	-1	-1	-1	-1	-1	-1	-1	-1	-1	-1	-1	-1	-1	-1	FFFFFF99	配饰	1695	2004	1
59002024	5	4	33	11	Charm11_2	1	I+2		1	1	-1	-1	-1	-1	-1	-1	-1	-1	-1	-1	-1	-1	-1	-1	-1	-1	-1	-1	-1	-1	-1	-1	-1	-1	-1	-1	-1	-1	-1	-1	-1	-1	-1	-1	-1	-1	-1	-1	-1	-1	-1	-1	-1	-1	-1	-1	-1	-1	-1	-1	-1	-1	-1	-1	-1	-1	-1	-1	-1	-1	-1	-1	-1	-1	FFFFFF99	配饰	1696	2004	1
59002025	5	4	33	11	Charm11_2	1	I+3		1	1	-1	-1	-1	-1	-1	-1	-1	-1	-1	-1	-1	-1	-1	-1	-1	-1	-1	-1	-1	-1	-1	-1	-1	-1	-1	-1	-1	-1	-1	-1	-1	-1	-1	-1	-1	-1	-1	-1	-1	-1	-1	-1	-1	-1	-1	-1	-1	-1	-1	-1	-1	-1	-1	-1	-1	-1	-1	-1	-1	-1	-1	-1	-1	-1	FFFFFF99	配饰	1697	2004	1
59002026	5	4	33	11	Charm11_2	1	I+4		1	1	-1	-1	-1	-1	-1	-1	-1	-1	-1	-1	-1	-1	-1	-1	-1	-1	-1	-1	-1	-1	-1	-1	-1	-1	-1	-1	-1	-1	-1	-1	-1	-1	-1	-1	-1	-1	-1	-1	-1	-1	-1	-1	-1	-1	-1	-1	-1	-1	-1	-1	-1	-1	-1	-1	-1	-1	-1	-1	-1	-1	-1	-1	-1	-1	FFFFFF99	配饰	1698	2004	1
59002027	5	4	33	11	Charm11_2	1	I+5		1	1	-1	-1	-1	-1	-1	-1	-1	-1	-1	-1	-1	-1	-1	-1	-1	-1	-1	-1	-1	-1	-1	-1	-1	-1	-1	-1	-1	-1	-1	-1	-1	-1	-1	-1	-1	-1	-1	-1	-1	-1	-1	-1	-1	-1	-1	-1	-1	-1	-1	-1	-1	-1	-1	-1	-1	-1	-1	-1	-1	-1	-1	-1	-1	-1	FFFFFF99	配饰	1699	2004	1
59002028	5	4	33	11	Charm11_2	1	I+6		1	1	-1	-1	-1	-1	-1	-1	-1	-1	-1	-1	-1	-1	-1	-1	-1	-1	-1	-1	-1	-1	-1	-1	-1	-1	-1	-1	-1	-1	-1	-1	-1	-1	-1	-1	-1	-1	-1	-1	-1	-1	-1	-1	-1	-1	-1	-1	-1	-1	-1	-1	-1	-1	-1	-1	-1	-1	-1	-1	-1	-1	-1	-1	-1	-1	FFFFFF99	配饰	1700	2004	1
59002029	5	4	33	11	Charm11_2	1	I+7		1	1	-1	-1	-1	-1	-1	-1	-1	-1	-1	-1	-1	-1	-1	-1	-1	-1	-1	-1	-1	-1	-1	-1	-1	-1	-1	-1	-1	-1	-1	-1	-1	-1	-1	-1	-1	-1	-1	-1	-1	-1	-1	-1	-1	-1	-1	-1	-1	-1	-1	-1	-1	-1	-1	-1	-1	-1	-1	-1	-1	-1	-1	-1	-1	-1	FFFFFF99	配饰	1701	2004	1
59002030	5	4	33	11	Charm11_2	1	I+8		1	1	-1	-1	-1	-1	-1	-1	-1	-1	-1	-1	-1	-1	-1	-1	-1	-1	-1	-1	-1	-1	-1	-1	-1	-1	-1	-1	-1	-1	-1	-1	-1	-1	-1	-1	-1	-1	-1	-1	-1	-1	-1	-1	-1	-1	-1	-1	-1	-1	-1	-1	-1	-1	-1	-1	-1	-1	-1	-1	-1	-1	-1	-1	-1	-1	FFFFFF99	配饰	1702	2004	1
59002031	5	4	33	11	Charm11_2	1	I+9		1	1	-1	-1	-1	-1	-1	-1	-1	-1	-1	-1	-1	-1	-1	-1	-1	-1	-1	-1	-1	-1	-1	-1	-1	-1	-1	-1	-1	-1	-1	-1	-1	-1	-1	-1	-1	-1	-1	-1	-1	-1	-1	-1	-1	-1	-1	-1	-1	-1	-1	-1	-1	-1	-1	-1	-1	-1	-1	-1	-1	-1	-1	-1	-1	-1	FFFFFF99	配饰	1703	2004	1
59002032	5	4	33	11	Charm11_2	1	I+10		1	1	-1	-1	-1	-1	-1	-1	-1	-1	-1	-1	-1	-1	-1	-1	-1	-1	-1	-1	-1	-1	-1	-1	-1	-1	-1	-1	-1	-1	-1	-1	-1	-1	-1	-1	-1	-1	-1	-1	-1	-1	-1	-1	-1	-1	-1	-1	-1	-1	-1	-1	-1	-1	-1	-1	-1	-1	-1	-1	-1	-1	-1	-1	-1	-1	FFFFFF99	配饰	1704	2004	1
59002033	5	4	33	11	Charm11_2	1	I+11		1	1	-1	-1	-1	-1	-1	-1	-1	-1	-1	-1	-1	-1	-1	-1	-1	-1	-1	-1	-1	-1	-1	-1	-1	-1	-1	-1	-1	-1	-1	-1	-1	-1	-1	-1	-1	-1	-1	-1	-1	-1	-1	-1	-1	-1	-1	-1	-1	-1	-1	-1	-1	-1	-1	-1	-1	-1	-1	-1	-1	-1	-1	-1	-1	-1	FFFFFF99	配饰	1705	2004	1
59002123	5	4	33	11	Charm11_2	1	J+1		1	1	-1	-1	-1	-1	-1	-1	-1	-1	-1	-1	-1	-1	-1	-1	-1	-1	-1	-1	-1	-1	-1	-1	-1	-1	-1	-1	-1	-1	-1	-1	-1	-1	-1	-1	-1	-1	-1	-1	-1	-1	-1	-1	-1	-1	-1	-1	-1	-1	-1	-1	-1	-1	-1	-1	-1	-1	-1	-1	-1	-1	-1	-1	-1	-1	FFFFFF99	配饰	1706	2004	1
59002124	5	4	33	11	Charm11_2	1	J+2		1	1	-1	-1	-1	-1	-1	-1	-1	-1	-1	-1	-1	-1	-1	-1	-1	-1	-1	-1	-1	-1	-1	-1	-1	-1	-1	-1	-1	-1	-1	-1	-1	-1	-1	-1	-1	-1	-1	-1	-1	-1	-1	-1	-1	-1	-1	-1	-1	-1	-1	-1	-1	-1	-1	-1	-1	-1	-1	-1	-1	-1	-1	-1	-1	-1	FFFFFF99	配饰	1707	2004	1
59002125	5	4	33	11	Charm11_2	1	J+3		1	1	-1	-1	-1	-1	-1	-1	-1	-1	-1	-1	-1	-1	-1	-1	-1	-1	-1	-1	-1	-1	-1	-1	-1	-1	-1	-1	-1	-1	-1	-1	-1	-1	-1	-1	-1	-1	-1	-1	-1	-1	-1	-1	-1	-1	-1	-1	-1	-1	-1	-1	-1	-1	-1	-1	-1	-1	-1	-1	-1	-1	-1	-1	-1	-1	FFFFFF99	配饰	1708	2004	1
59002126	5	4	33	11	Charm11_2	1	J+4		1	1	-1	-1	-1	-1	-1	-1	-1	-1	-1	-1	-1	-1	-1	-1	-1	-1	-1	-1	-1	-1	-1	-1	-1	-1	-1	-1	-1	-1	-1	-1	-1	-1	-1	-1	-1	-1	-1	-1	-1	-1	-1	-1	-1	-1	-1	-1	-1	-1	-1	-1	-1	-1	-1	-1	-1	-1	-1	-1	-1	-1	-1	-1	-1	-1	FFFFFF99	配饰	1709	2004	1
59002127	5	4	33	11	Charm11_2	1	J+5		1	1	-1	-1	-1	-1	-1	-1	-1	-1	-1	-1	-1	-1	-1	-1	-1	-1	-1	-1	-1	-1	-1	-1	-1	-1	-1	-1	-1	-1	-1	-1	-1	-1	-1	-1	-1	-1	-1	-1	-1	-1	-1	-1	-1	-1	-1	-1	-1	-1	-1	-1	-1	-1	-1	-1	-1	-1	-1	-1	-1	-1	-1	-1	-1	-1	FFFFFF99	配饰	1710	2004	1
59002128	5	4	33	11	Charm11_2	1	J+6		1	1	-1	-1	-1	-1	-1	-1	-1	-1	-1	-1	-1	-1	-1	-1	-1	-1	-1	-1	-1	-1	-1	-1	-1	-1	-1	-1	-1	-1	-1	-1	-1	-1	-1	-1	-1	-1	-1	-1	-1	-1	-1	-1	-1	-1	-1	-1	-1	-1	-1	-1	-1	-1	-1	-1	-1	-1	-1	-1	-1	-1	-1	-1	-1	-1	FFFFFF99	配饰	1711	2004	1
59002129	5	4	33	11	Charm11_2	1	J+7		1	1	-1	-1	-1	-1	-1	-1	-1	-1	-1	-1	-1	-1	-1	-1	-1	-1	-1	-1	-1	-1	-1	-1	-1	-1	-1	-1	-1	-1	-1	-1	-1	-1	-1	-1	-1	-1	-1	-1	-1	-1	-1	-1	-1	-1	-1	-1	-1	-1	-1	-1	-1	-1	-1	-1	-1	-1	-1	-1	-1	-1	-1	-1	-1	-1	FFFFFF99	配饰	1712	2004	1
59002130	5	4	33	11	Charm11_2	1	J+8		1	1	-1	-1	-1	-1	-1	-1	-1	-1	-1	-1	-1	-1	-1	-1	-1	-1	-1	-1	-1	-1	-1	-1	-1	-1	-1	-1	-1	-1	-1	-1	-1	-1	-1	-1	-1	-1	-1	-1	-1	-1	-1	-1	-1	-1	-1	-1	-1	-1	-1	-1	-1	-1	-1	-1	-1	-1	-1	-1	-1	-1	-1	-1	-1	-1	FFFFFF99	配饰	1713	2004	1
59002131	5	4	33	11	Charm11_2	1	J+9		1	1	-1	-1	-1	-1	-1	-1	-1	-1	-1	-1	-1	-1	-1	-1	-1	-1	-1	-1	-1	-1	-1	-1	-1	-1	-1	-1	-1	-1	-1	-1	-1	-1	-1	-1	-1	-1	-1	-1	-1	-1	-1	-1	-1	-1	-1	-1	-1	-1	-1	-1	-1	-1	-1	-1	-1	-1	-1	-1	-1	-1	-1	-1	-1	-1	FFFFFF99	配饰	1714	2004	1
59002132	5	4	33	11	Charm11_2	1	J+10		1	1	-1	-1	-1	-1	-1	-1	-1	-1	-1	-1	-1	-1	-1	-1	-1	-1	-1	-1	-1	-1	-1	-1	-1	-1	-1	-1	-1	-1	-1	-1	-1	-1	-1	-1	-1	-1	-1	-1	-1	-1	-1	-1	-1	-1	-1	-1	-1	-1	-1	-1	-1	-1	-1	-1	-1	-1	-1	-1	-1	-1	-1	-1	-1	-1	FFFFFF99	配饰	1715	2004	1
59002133	5	4	33	11	Charm11_2	1	J+11		1	1	-1	-1	-1	-1	-1	-1	-1	-1	-1	-1	-1	-1	-1	-1	-1	-1	-1	-1	-1	-1	-1	-1	-1	-1	-1	-1	-1	-1	-1	-1	-1	-1	-1	-1	-1	-1	-1	-1	-1	-1	-1	-1	-1	-1	-1	-1	-1	-1	-1	-1	-1	-1	-1	-1	-1	-1	-1	-1	-1	-1	-1	-1	-1	-1	FFFFFF99	配饰	1716	2004	1
59002223	5	4	33	11	Charm11_2	1	K+1		1	1	-1	-1	-1	-1	-1	-1	-1	-1	-1	-1	-1	-1	-1	-1	-1	-1	-1	-1	-1	-1	-1	-1	-1	-1	-1	-1	-1	-1	-1	-1	-1	-1	-1	-1	-1	-1	-1	-1	-1	-1	-1	-1	-1	-1	-1	-1	-1	-1	-1	-1	-1	-1	-1	-1	-1	-1	-1	-1	-1	-1	-1	-1	-1	-1	FFFFFF99	配饰	1717	2004	1
59002224	5	4	33	11	Charm11_2	1	K+2		1	1	-1	-1	-1	-1	-1	-1	-1	-1	-1	-1	-1	-1	-1	-1	-1	-1	-1	-1	-1	-1	-1	-1	-1	-1	-1	-1	-1	-1	-1	-1	-1	-1	-1	-1	-1	-1	-1	-1	-1	-1	-1	-1	-1	-1	-1	-1	-1	-1	-1	-1	-1	-1	-1	-1	-1	-1	-1	-1	-1	-1	-1	-1	-1	-1	FFFFFF99	配饰	1718	2004	1
59002225	5	4	33	11	Charm11_2	1	K+3		1	1	-1	-1	-1	-1	-1	-1	-1	-1	-1	-1	-1	-1	-1	-1	-1	-1	-1	-1	-1	-1	-1	-1	-1	-1	-1	-1	-1	-1	-1	-1	-1	-1	-1	-1	-1	-1	-1	-1	-1	-1	-1	-1	-1	-1	-1	-1	-1	-1	-1	-1	-1	-1	-1	-1	-1	-1	-1	-1	-1	-1	-1	-1	-1	-1	FFFFFF99	配饰	1719	2004	1
59002226	5	4	33	11	Charm11_2	1	K+4		1	1	-1	-1	-1	-1	-1	-1	-1	-1	-1	-1	-1	-1	-1	-1	-1	-1	-1	-1	-1	-1	-1	-1	-1	-1	-1	-1	-1	-1	-1	-1	-1	-1	-1	-1	-1	-1	-1	-1	-1	-1	-1	-1	-1	-1	-1	-1	-1	-1	-1	-1	-1	-1	-1	-1	-1	-1	-1	-1	-1	-1	-1	-1	-1	-1	FFFFFF99	配饰	1720	2004	1
59002227	5	4	33	11	Charm11_2	1	K+5		1	1	-1	-1	-1	-1	-1	-1	-1	-1	-1	-1	-1	-1	-1	-1	-1	-1	-1	-1	-1	-1	-1	-1	-1	-1	-1	-1	-1	-1	-1	-1	-1	-1	-1	-1	-1	-1	-1	-1	-1	-1	-1	-1	-1	-1	-1	-1	-1	-1	-1	-1	-1	-1	-1	-1	-1	-1	-1	-1	-1	-1	-1	-1	-1	-1	FFFFFF99	配饰	1721	2004	1
59002228	5	4	33	11	Charm11_2	1	K+6		1	1	-1	-1	-1	-1	-1	-1	-1	-1	-1	-1	-1	-1	-1	-1	-1	-1	-1	-1	-1	-1	-1	-1	-1	-1	-1	-1	-1	-1	-1	-1	-1	-1	-1	-1	-1	-1	-1	-1	-1	-1	-1	-1	-1	-1	-1	-1	-1	-1	-1	-1	-1	-1	-1	-1	-1	-1	-1	-1	-1	-1	-1	-1	-1	-1	FFFFFF99	配饰	1722	2004	1
59002229	5	4	33	11	Charm11_2	1	K+7		1	1	-1	-1	-1	-1	-1	-1	-1	-1	-1	-1	-1	-1	-1	-1	-1	-1	-1	-1	-1	-1	-1	-1	-1	-1	-1	-1	-1	-1	-1	-1	-1	-1	-1	-1	-1	-1	-1	-1	-1	-1	-1	-1	-1	-1	-1	-1	-1	-1	-1	-1	-1	-1	-1	-1	-1	-1	-1	-1	-1	-1	-1	-1	-1	-1	FFFFFF99	配饰	1723	2004	1
59002230	5	4	33	11	Charm11_2	1	K+8		1	1	-1	-1	-1	-1	-1	-1	-1	-1	-1	-1	-1	-1	-1	-1	-1	-1	-1	-1	-1	-1	-1	-1	-1	-1	-1	-1	-1	-1	-1	-1	-1	-1	-1	-1	-1	-1	-1	-1	-1	-1	-1	-1	-1	-1	-1	-1	-1	-1	-1	-1	-1	-1	-1	-1	-1	-1	-1	-1	-1	-1	-1	-1	-1	-1	FFFFFF99	配饰	1724	2004	1
59002231	5	4	33	11	Charm11_2	1	K+9		1	1	-1	-1	-1	-1	-1	-1	-1	-1	-1	-1	-1	-1	-1	-1	-1	-1	-1	-1	-1	-1	-1	-1	-1	-1	-1	-1	-1	-1	-1	-1	-1	-1	-1	-1	-1	-1	-1	-1	-1	-1	-1	-1	-1	-1	-1	-1	-1	-1	-1	-1	-1	-1	-1	-1	-1	-1	-1	-1	-1	-1	-1	-1	-1	-1	FFFFFF99	配饰	1725	2004	1
59002232	5	4	33	11	Charm11_2	1	K+10		1	1	-1	-1	-1	-1	-1	-1	-1	-1	-1	-1	-1	-1	-1	-1	-1	-1	-1	-1	-1	-1	-1	-1	-1	-1	-1	-1	-1	-1	-1	-1	-1	-1	-1	-1	-1	-1	-1	-1	-1	-1	-1	-1	-1	-1	-1	-1	-1	-1	-1	-1	-1	-1	-1	-1	-1	-1	-1	-1	-1	-1	-1	-1	-1	-1	FFFFFF99	配饰	1726	2004	1
59002233	5	4	33	11	Charm11_2	1	K+11		1	1	-1	-1	-1	-1	-1	-1	-1	-1	-1	-1	-1	-1	-1	-1	-1	-1	-1	-1	-1	-1	-1	-1	-1	-1	-1	-1	-1	-1	-1	-1	-1	-1	-1	-1	-1	-1	-1	-1	-1	-1	-1	-1	-1	-1	-1	-1	-1	-1	-1	-1	-1	-1	-1	-1	-1	-1	-1	-1	-1	-1	-1	-1	-1	-1	FFFFFF99	配饰	1727	2004	1
																																																																															
59011223	5	4	33	11	Charm11_2	1	1+1+1		1	1	-1	-1	-1	-1	-1	-1	-1	-1	-1	-1	-1	-1	-1	-1	-1	-1	-1	-1	-1	-1	-1	-1	-1	-1	-1	-1	-1	-1	-1	-1	-1	-1	-1	-1	-1	-1	-1	-1	-1	-1	-1	-1	-1	-1	-1	-1	-1	-1	-1	-1	-1	-1	-1	-1	-1	-1	-1	-1	-1	-1	-1	-1	-1	-1	FFFFFF99	配饰	56	2004	1
59011224	5	4	33	11	Charm11_2	1	1+1+2		1	1	-1	-1	-1	-1	-1	-1	-1	-1	-1	-1	-1	-1	-1	-1	-1	-1	-1	-1	-1	-1	-1	-1	-1	-1	-1	-1	-1	-1	-1	-1	-1	-1	-1	-1	-1	-1	-1	-1	-1	-1	-1	-1	-1	-1	-1	-1	-1	-1	-1	-1	-1	-1	-1	-1	-1	-1	-1	-1	-1	-1	-1	-1	-1	-1	FFFFFF99	配饰	57	2004	1
59011225	5	4	33	11	Charm11_2	1	1+1+3		1	1	-1	-1	-1	-1	-1	-1	-1	-1	-1	-1	-1	-1	-1	-1	-1	-1	-1	-1	-1	-1	-1	-1	-1	-1	-1	-1	-1	-1	-1	-1	-1	-1	-1	-1	-1	-1	-1	-1	-1	-1	-1	-1	-1	-1	-1	-1	-1	-1	-1	-1	-1	-1	-1	-1	-1	-1	-1	-1	-1	-1	-1	-1	-1	-1	FFFFFF99	配饰	58	2004	1
59011226	5	4	33	11	Charm11_2	1	1+1+4		1	1	-1	-1	-1	-1	-1	-1	-1	-1	-1	-1	-1	-1	-1	-1	-1	-1	-1	-1	-1	-1	-1	-1	-1	-1	-1	-1	-1	-1	-1	-1	-1	-1	-1	-1	-1	-1	-1	-1	-1	-1	-1	-1	-1	-1	-1	-1	-1	-1	-1	-1	-1	-1	-1	-1	-1	-1	-1	-1	-1	-1	-1	-1	-1	-1	FFFFFF99	配饰	59	2004	1
59011227	5	4	33	11	Charm11_2	1	1+1+5		1	1	-1	-1	-1	-1	-1	-1	-1	-1	-1	-1	-1	-1	-1	-1	-1	-1	-1	-1	-1	-1	-1	-1	-1	-1	-1	-1	-1	-1	-1	-1	-1	-1	-1	-1	-1	-1	-1	-1	-1	-1	-1	-1	-1	-1	-1	-1	-1	-1	-1	-1	-1	-1	-1	-1	-1	-1	-1	-1	-1	-1	-1	-1	-1	-1	FFFFFF99	配饰	60	2004	1
59011228	5	4	33	11	Charm11_2	1	1+1+6		1	1	-1	-1	-1	-1	-1	-1	-1	-1	-1	-1	-1	-1	-1	-1	-1	-1	-1	-1	-1	-1	-1	-1	-1	-1	-1	-1	-1	-1	-1	-1	-1	-1	-1	-1	-1	-1	-1	-1	-1	-1	-1	-1	-1	-1	-1	-1	-1	-1	-1	-1	-1	-1	-1	-1	-1	-1	-1	-1	-1	-1	-1	-1	-1	-1	FFFFFF99	配饰	61	2004	1
59011229	5	4	33	11	Charm11_2	1	1+1+7		1	1	-1	-1	-1	-1	-1	-1	-1	-1	-1	-1	-1	-1	-1	-1	-1	-1	-1	-1	-1	-1	-1	-1	-1	-1	-1	-1	-1	-1	-1	-1	-1	-1	-1	-1	-1	-1	-1	-1	-1	-1	-1	-1	-1	-1	-1	-1	-1	-1	-1	-1	-1	-1	-1	-1	-1	-1	-1	-1	-1	-1	-1	-1	-1	-1	FFFFFF99	配饰	62	2004	1
59011230	5	4	33	11	Charm11_2	1	1+1+8		1	1	-1	-1	-1	-1	-1	-1	-1	-1	-1	-1	-1	-1	-1	-1	-1	-1	-1	-1	-1	-1	-1	-1	-1	-1	-1	-1	-1	-1	-1	-1	-1	-1	-1	-1	-1	-1	-1	-1	-1	-1	-1	-1	-1	-1	-1	-1	-1	-1	-1	-1	-1	-1	-1	-1	-1	-1	-1	-1	-1	-1	-1	-1	-1	-1	FFFFFF99	配饰	63	2004	1
59011231	5	4	33	11	Charm11_2	1	1+1+9		1	1	-1	-1	-1	-1	-1	-1	-1	-1	-1	-1	-1	-1	-1	-1	-1	-1	-1	-1	-1	-1	-1	-1	-1	-1	-1	-1	-1	-1	-1	-1	-1	-1	-1	-1	-1	-1	-1	-1	-1	-1	-1	-1	-1	-1	-1	-1	-1	-1	-1	-1	-1	-1	-1	-1	-1	-1	-1	-1	-1	-1	-1	-1	-1	-1	FFFFFF99	配饰	64	2004	1
59011232	5	4	33	11	Charm11_2	1	1+1+10		1	1	-1	-1	-1	-1	-1	-1	-1	-1	-1	-1	-1	-1	-1	-1	-1	-1	-1	-1	-1	-1	-1	-1	-1	-1	-1	-1	-1	-1	-1	-1	-1	-1	-1	-1	-1	-1	-1	-1	-1	-1	-1	-1	-1	-1	-1	-1	-1	-1	-1	-1	-1	-1	-1	-1	-1	-1	-1	-1	-1	-1	-1	-1	-1	-1	FFFFFF99	配饰	65	2004	1
59011233	5	4	33	11	Charm11_2	1	1+1+11		1	1	-1	-1	-1	-1	-1	-1	-1	-1	-1	-1	-1	-1	-1	-1	-1	-1	-1	-1	-1	-1	-1	-1	-1	-1	-1	-1	-1	-1	-1	-1	-1	-1	-1	-1	-1	-1	-1	-1	-1	-1	-1	-1	-1	-1	-1	-1	-1	-1	-1	-1	-1	-1	-1	-1	-1	-1	-1	-1	-1	-1	-1	-1	-1	-1	FFFFFF99	配饰	66	2004	1
59011323	5	4	33	11	Charm11_2	1	1+2+1		1	1	-1	-1	-1	-1	-1	-1	-1	-1	-1	-1	-1	-1	-1	-1	-1	-1	-1	-1	-1	-1	-1	-1	-1	-1	-1	-1	-1	-1	-1	-1	-1	-1	-1	-1	-1	-1	-1	-1	-1	-1	-1	-1	-1	-1	-1	-1	-1	-1	-1	-1	-1	-1	-1	-1	-1	-1	-1	-1	-1	-1	-1	-1	-1	-1	FFFFFF99	配饰	67	2004	1
59011324	5	4	33	11	Charm11_2	1	1+2+2		1	1	-1	-1	-1	-1	-1	-1	-1	-1	-1	-1	-1	-1	-1	-1	-1	-1	-1	-1	-1	-1	-1	-1	-1	-1	-1	-1	-1	-1	-1	-1	-1	-1	-1	-1	-1	-1	-1	-1	-1	-1	-1	-1	-1	-1	-1	-1	-1	-1	-1	-1	-1	-1	-1	-1	-1	-1	-1	-1	-1	-1	-1	-1	-1	-1	FFFFFF99	配饰	68	2004	1
59011325	5	4	33	11	Charm11_2	1	1+2+3		1	1	-1	-1	-1	-1	-1	-1	-1	-1	-1	-1	-1	-1	-1	-1	-1	-1	-1	-1	-1	-1	-1	-1	-1	-1	-1	-1	-1	-1	-1	-1	-1	-1	-1	-1	-1	-1	-1	-1	-1	-1	-1	-1	-1	-1	-1	-1	-1	-1	-1	-1	-1	-1	-1	-1	-1	-1	-1	-1	-1	-1	-1	-1	-1	-1	FFFFFF99	配饰	69	2004	1
59011326	5	4	33	11	Charm11_2	1	1+2+4		1	1	-1	-1	-1	-1	-1	-1	-1	-1	-1	-1	-1	-1	-1	-1	-1	-1	-1	-1	-1	-1	-1	-1	-1	-1	-1	-1	-1	-1	-1	-1	-1	-1	-1	-1	-1	-1	-1	-1	-1	-1	-1	-1	-1	-1	-1	-1	-1	-1	-1	-1	-1	-1	-1	-1	-1	-1	-1	-1	-1	-1	-1	-1	-1	-1	FFFFFF99	配饰	70	2004	1
59011327	5	4	33	11	Charm11_2	1	1+2+5		1	1	-1	-1	-1	-1	-1	-1	-1	-1	-1	-1	-1	-1	-1	-1	-1	-1	-1	-1	-1	-1	-1	-1	-1	-1	-1	-1	-1	-1	-1	-1	-1	-1	-1	-1	-1	-1	-1	-1	-1	-1	-1	-1	-1	-1	-1	-1	-1	-1	-1	-1	-1	-1	-1	-1	-1	-1	-1	-1	-1	-1	-1	-1	-1	-1	FFFFFF99	配饰	71	2004	1
59011328	5	4	33	11	Charm11_2	1	1+2+6		1	1	-1	-1	-1	-1	-1	-1	-1	-1	-1	-1	-1	-1	-1	-1	-1	-1	-1	-1	-1	-1	-1	-1	-1	-1	-1	-1	-1	-1	-1	-1	-1	-1	-1	-1	-1	-1	-1	-1	-1	-1	-1	-1	-1	-1	-1	-1	-1	-1	-1	-1	-1	-1	-1	-1	-1	-1	-1	-1	-1	-1	-1	-1	-1	-1	FFFFFF99	配饰	72	2004	1
59011329	5	4	33	11	Charm11_2	1	1+2+7		1	1	-1	-1	-1	-1	-1	-1	-1	-1	-1	-1	-1	-1	-1	-1	-1	-1	-1	-1	-1	-1	-1	-1	-1	-1	-1	-1	-1	-1	-1	-1	-1	-1	-1	-1	-1	-1	-1	-1	-1	-1	-1	-1	-1	-1	-1	-1	-1	-1	-1	-1	-1	-1	-1	-1	-1	-1	-1	-1	-1	-1	-1	-1	-1	-1	FFFFFF99	配饰	73	2004	1
59011330	5	4	33	11	Charm11_2	1	1+2+8		1	1	-1	-1	-1	-1	-1	-1	-1	-1	-1	-1	-1	-1	-1	-1	-1	-1	-1	-1	-1	-1	-1	-1	-1	-1	-1	-1	-1	-1	-1	-1	-1	-1	-1	-1	-1	-1	-1	-1	-1	-1	-1	-1	-1	-1	-1	-1	-1	-1	-1	-1	-1	-1	-1	-1	-1	-1	-1	-1	-1	-1	-1	-1	-1	-1	FFFFFF99	配饰	74	2004	1
59011331	5	4	33	11	Charm11_2	1	1+2+9		1	1	-1	-1	-1	-1	-1	-1	-1	-1	-1	-1	-1	-1	-1	-1	-1	-1	-1	-1	-1	-1	-1	-1	-1	-1	-1	-1	-1	-1	-1	-1	-1	-1	-1	-1	-1	-1	-1	-1	-1	-1	-1	-1	-1	-1	-1	-1	-1	-1	-1	-1	-1	-1	-1	-1	-1	-1	-1	-1	-1	-1	-1	-1	-1	-1	FFFFFF99	配饰	75	2004	1
59011332	5	4	33	11	Charm11_2	1	1+2+10		1	1	-1	-1	-1	-1	-1	-1	-1	-1	-1	-1	-1	-1	-1	-1	-1	-1	-1	-1	-1	-1	-1	-1	-1	-1	-1	-1	-1	-1	-1	-1	-1	-1	-1	-1	-1	-1	-1	-1	-1	-1	-1	-1	-1	-1	-1	-1	-1	-1	-1	-1	-1	-1	-1	-1	-1	-1	-1	-1	-1	-1	-1	-1	-1	-1	FFFFFF99	配饰	76	2004	1
59011333	5	4	33	11	Charm11_2	1	1+2+11		1	1	-1	-1	-1	-1	-1	-1	-1	-1	-1	-1	-1	-1	-1	-1	-1	-1	-1	-1	-1	-1	-1	-1	-1	-1	-1	-1	-1	-1	-1	-1	-1	-1	-1	-1	-1	-1	-1	-1	-1	-1	-1	-1	-1	-1	-1	-1	-1	-1	-1	-1	-1	-1	-1	-1	-1	-1	-1	-1	-1	-1	-1	-1	-1	-1	FFFFFF99	配饰	77	2004	1
59011423	5	4	33	11	Charm11_2	1	1+3+1		1	1	-1	-1	-1	-1	-1	-1	-1	-1	-1	-1	-1	-1	-1	-1	-1	-1	-1	-1	-1	-1	-1	-1	-1	-1	-1	-1	-1	-1	-1	-1	-1	-1	-1	-1	-1	-1	-1	-1	-1	-1	-1	-1	-1	-1	-1	-1	-1	-1	-1	-1	-1	-1	-1	-1	-1	-1	-1	-1	-1	-1	-1	-1	-1	-1	FFFFFF99	配饰	78	2004	1
59011424	5	4	33	11	Charm11_2	1	1+3+2		1	1	-1	-1	-1	-1	-1	-1	-1	-1	-1	-1	-1	-1	-1	-1	-1	-1	-1	-1	-1	-1	-1	-1	-1	-1	-1	-1	-1	-1	-1	-1	-1	-1	-1	-1	-1	-1	-1	-1	-1	-1	-1	-1	-1	-1	-1	-1	-1	-1	-1	-1	-1	-1	-1	-1	-1	-1	-1	-1	-1	-1	-1	-1	-1	-1	FFFFFF99	配饰	79	2004	1
59011425	5	4	33	11	Charm11_2	1	1+3+3		1	1	-1	-1	-1	-1	-1	-1	-1	-1	-1	-1	-1	-1	-1	-1	-1	-1	-1	-1	-1	-1	-1	-1	-1	-1	-1	-1	-1	-1	-1	-1	-1	-1	-1	-1	-1	-1	-1	-1	-1	-1	-1	-1	-1	-1	-1	-1	-1	-1	-1	-1	-1	-1	-1	-1	-1	-1	-1	-1	-1	-1	-1	-1	-1	-1	FFFFFF99	配饰	80	2004	1
59011426	5	4	33	11	Charm11_2	1	1+3+4		1	1	-1	-1	-1	-1	-1	-1	-1	-1	-1	-1	-1	-1	-1	-1	-1	-1	-1	-1	-1	-1	-1	-1	-1	-1	-1	-1	-1	-1	-1	-1	-1	-1	-1	-1	-1	-1	-1	-1	-1	-1	-1	-1	-1	-1	-1	-1	-1	-1	-1	-1	-1	-1	-1	-1	-1	-1	-1	-1	-1	-1	-1	-1	-1	-1	FFFFFF99	配饰	81	2004	1
59011427	5	4	33	11	Charm11_2	1	1+3+5		1	1	-1	-1	-1	-1	-1	-1	-1	-1	-1	-1	-1	-1	-1	-1	-1	-1	-1	-1	-1	-1	-1	-1	-1	-1	-1	-1	-1	-1	-1	-1	-1	-1	-1	-1	-1	-1	-1	-1	-1	-1	-1	-1	-1	-1	-1	-1	-1	-1	-1	-1	-1	-1	-1	-1	-1	-1	-1	-1	-1	-1	-1	-1	-1	-1	FFFFFF99	配饰	82	2004	1
59011428	5	4	33	11	Charm11_2	1	1+3+6		1	1	-1	-1	-1	-1	-1	-1	-1	-1	-1	-1	-1	-1	-1	-1	-1	-1	-1	-1	-1	-1	-1	-1	-1	-1	-1	-1	-1	-1	-1	-1	-1	-1	-1	-1	-1	-1	-1	-1	-1	-1	-1	-1	-1	-1	-1	-1	-1	-1	-1	-1	-1	-1	-1	-1	-1	-1	-1	-1	-1	-1	-1	-1	-1	-1	FFFFFF99	配饰	83	2004	1
59011429	5	4	33	11	Charm11_2	1	1+3+7		1	1	-1	-1	-1	-1	-1	-1	-1	-1	-1	-1	-1	-1	-1	-1	-1	-1	-1	-1	-1	-1	-1	-1	-1	-1	-1	-1	-1	-1	-1	-1	-1	-1	-1	-1	-1	-1	-1	-1	-1	-1	-1	-1	-1	-1	-1	-1	-1	-1	-1	-1	-1	-1	-1	-1	-1	-1	-1	-1	-1	-1	-1	-1	-1	-1	FFFFFF99	配饰	84	2004	1
59011430	5	4	33	11	Charm11_2	1	1+3+8		1	1	-1	-1	-1	-1	-1	-1	-1	-1	-1	-1	-1	-1	-1	-1	-1	-1	-1	-1	-1	-1	-1	-1	-1	-1	-1	-1	-1	-1	-1	-1	-1	-1	-1	-1	-1	-1	-1	-1	-1	-1	-1	-1	-1	-1	-1	-1	-1	-1	-1	-1	-1	-1	-1	-1	-1	-1	-1	-1	-1	-1	-1	-1	-1	-1	FFFFFF99	配饰	85	2004	1
59011431	5	4	33	11	Charm11_2	1	1+3+9		1	1	-1	-1	-1	-1	-1	-1	-1	-1	-1	-1	-1	-1	-1	-1	-1	-1	-1	-1	-1	-1	-1	-1	-1	-1	-1	-1	-1	-1	-1	-1	-1	-1	-1	-1	-1	-1	-1	-1	-1	-1	-1	-1	-1	-1	-1	-1	-1	-1	-1	-1	-1	-1	-1	-1	-1	-1	-1	-1	-1	-1	-1	-1	-1	-1	FFFFFF99	配饰	86	2004	1
59011432	5	4	33	11	Charm11_2	1	1+3+10		1	1	-1	-1	-1	-1	-1	-1	-1	-1	-1	-1	-1	-1	-1	-1	-1	-1	-1	-1	-1	-1	-1	-1	-1	-1	-1	-1	-1	-1	-1	-1	-1	-1	-1	-1	-1	-1	-1	-1	-1	-1	-1	-1	-1	-1	-1	-1	-1	-1	-1	-1	-1	-1	-1	-1	-1	-1	-1	-1	-1	-1	-1	-1	-1	-1	FFFFFF99	配饰	87	2004	1
59011433	5	4	33	11	Charm11_2	1	1+3+11		1	1	-1	-1	-1	-1	-1	-1	-1	-1	-1	-1	-1	-1	-1	-1	-1	-1	-1	-1	-1	-1	-1	-1	-1	-1	-1	-1	-1	-1	-1	-1	-1	-1	-1	-1	-1	-1	-1	-1	-1	-1	-1	-1	-1	-1	-1	-1	-1	-1	-1	-1	-1	-1	-1	-1	-1	-1	-1	-1	-1	-1	-1	-1	-1	-1	FFFFFF99	配饰	88	2004	1
59011523	5	4	33	11	Charm11_2	1	1+4+1		1	1	-1	-1	-1	-1	-1	-1	-1	-1	-1	-1	-1	-1	-1	-1	-1	-1	-1	-1	-1	-1	-1	-1	-1	-1	-1	-1	-1	-1	-1	-1	-1	-1	-1	-1	-1	-1	-1	-1	-1	-1	-1	-1	-1	-1	-1	-1	-1	-1	-1	-1	-1	-1	-1	-1	-1	-1	-1	-1	-1	-1	-1	-1	-1	-1	FFFFFF99	配饰	89	2004	1
59011524	5	4	33	11	Charm11_2	1	1+4+2		1	1	-1	-1	-1	-1	-1	-1	-1	-1	-1	-1	-1	-1	-1	-1	-1	-1	-1	-1	-1	-1	-1	-1	-1	-1	-1	-1	-1	-1	-1	-1	-1	-1	-1	-1	-1	-1	-1	-1	-1	-1	-1	-1	-1	-1	-1	-1	-1	-1	-1	-1	-1	-1	-1	-1	-1	-1	-1	-1	-1	-1	-1	-1	-1	-1	FFFFFF99	配饰	90	2004	1
59011525	5	4	33	11	Charm11_2	1	1+4+3		1	1	-1	-1	-1	-1	-1	-1	-1	-1	-1	-1	-1	-1	-1	-1	-1	-1	-1	-1	-1	-1	-1	-1	-1	-1	-1	-1	-1	-1	-1	-1	-1	-1	-1	-1	-1	-1	-1	-1	-1	-1	-1	-1	-1	-1	-1	-1	-1	-1	-1	-1	-1	-1	-1	-1	-1	-1	-1	-1	-1	-1	-1	-1	-1	-1	FFFFFF99	配饰	91	2004	1
59011526	5	4	33	11	Charm11_2	1	1+4+4		1	1	-1	-1	-1	-1	-1	-1	-1	-1	-1	-1	-1	-1	-1	-1	-1	-1	-1	-1	-1	-1	-1	-1	-1	-1	-1	-1	-1	-1	-1	-1	-1	-1	-1	-1	-1	-1	-1	-1	-1	-1	-1	-1	-1	-1	-1	-1	-1	-1	-1	-1	-1	-1	-1	-1	-1	-1	-1	-1	-1	-1	-1	-1	-1	-1	FFFFFF99	配饰	92	2004	1
59011527	5	4	33	11	Charm11_2	1	1+4+5		1	1	-1	-1	-1	-1	-1	-1	-1	-1	-1	-1	-1	-1	-1	-1	-1	-1	-1	-1	-1	-1	-1	-1	-1	-1	-1	-1	-1	-1	-1	-1	-1	-1	-1	-1	-1	-1	-1	-1	-1	-1	-1	-1	-1	-1	-1	-1	-1	-1	-1	-1	-1	-1	-1	-1	-1	-1	-1	-1	-1	-1	-1	-1	-1	-1	FFFFFF99	配饰	93	2004	1
59011528	5	4	33	11	Charm11_2	1	1+4+6		1	1	-1	-1	-1	-1	-1	-1	-1	-1	-1	-1	-1	-1	-1	-1	-1	-1	-1	-1	-1	-1	-1	-1	-1	-1	-1	-1	-1	-1	-1	-1	-1	-1	-1	-1	-1	-1	-1	-1	-1	-1	-1	-1	-1	-1	-1	-1	-1	-1	-1	-1	-1	-1	-1	-1	-1	-1	-1	-1	-1	-1	-1	-1	-1	-1	FFFFFF99	配饰	94	2004	1
59011529	5	4	33	11	Charm11_2	1	1+4+7		1	1	-1	-1	-1	-1	-1	-1	-1	-1	-1	-1	-1	-1	-1	-1	-1	-1	-1	-1	-1	-1	-1	-1	-1	-1	-1	-1	-1	-1	-1	-1	-1	-1	-1	-1	-1	-1	-1	-1	-1	-1	-1	-1	-1	-1	-1	-1	-1	-1	-1	-1	-1	-1	-1	-1	-1	-1	-1	-1	-1	-1	-1	-1	-1	-1	FFFFFF99	配饰	95	2004	1
59011530	5	4	33	11	Charm11_2	1	1+4+8		1	1	-1	-1	-1	-1	-1	-1	-1	-1	-1	-1	-1	-1	-1	-1	-1	-1	-1	-1	-1	-1	-1	-1	-1	-1	-1	-1	-1	-1	-1	-1	-1	-1	-1	-1	-1	-1	-1	-1	-1	-1	-1	-1	-1	-1	-1	-1	-1	-1	-1	-1	-1	-1	-1	-1	-1	-1	-1	-1	-1	-1	-1	-1	-1	-1	FFFFFF99	配饰	96	2004	1
59011531	5	4	33	11	Charm11_2	1	1+4+9		1	1	-1	-1	-1	-1	-1	-1	-1	-1	-1	-1	-1	-1	-1	-1	-1	-1	-1	-1	-1	-1	-1	-1	-1	-1	-1	-1	-1	-1	-1	-1	-1	-1	-1	-1	-1	-1	-1	-1	-1	-1	-1	-1	-1	-1	-1	-1	-1	-1	-1	-1	-1	-1	-1	-1	-1	-1	-1	-1	-1	-1	-1	-1	-1	-1	FFFFFF99	配饰	97	2004	1
59011532	5	4	33	11	Charm11_2	1	1+4+10		1	1	-1	-1	-1	-1	-1	-1	-1	-1	-1	-1	-1	-1	-1	-1	-1	-1	-1	-1	-1	-1	-1	-1	-1	-1	-1	-1	-1	-1	-1	-1	-1	-1	-1	-1	-1	-1	-1	-1	-1	-1	-1	-1	-1	-1	-1	-1	-1	-1	-1	-1	-1	-1	-1	-1	-1	-1	-1	-1	-1	-1	-1	-1	-1	-1	FFFFFF99	配饰	98	2004	1
59011533	5	4	33	11	Charm11_2	1	1+4+11		1	1	-1	-1	-1	-1	-1	-1	-1	-1	-1	-1	-1	-1	-1	-1	-1	-1	-1	-1	-1	-1	-1	-1	-1	-1	-1	-1	-1	-1	-1	-1	-1	-1	-1	-1	-1	-1	-1	-1	-1	-1	-1	-1	-1	-1	-1	-1	-1	-1	-1	-1	-1	-1	-1	-1	-1	-1	-1	-1	-1	-1	-1	-1	-1	-1	FFFFFF99	配饰	99	2004	1
59011623	5	4	33	11	Charm11_2	1	1+5+1		1	1	-1	-1	-1	-1	-1	-1	-1	-1	-1	-1	-1	-1	-1	-1	-1	-1	-1	-1	-1	-1	-1	-1	-1	-1	-1	-1	-1	-1	-1	-1	-1	-1	-1	-1	-1	-1	-1	-1	-1	-1	-1	-1	-1	-1	-1	-1	-1	-1	-1	-1	-1	-1	-1	-1	-1	-1	-1	-1	-1	-1	-1	-1	-1	-1	FFFFFF99	配饰	100	2004	1
59011624	5	4	33	11	Charm11_2	1	1+5+2		1	1	-1	-1	-1	-1	-1	-1	-1	-1	-1	-1	-1	-1	-1	-1	-1	-1	-1	-1	-1	-1	-1	-1	-1	-1	-1	-1	-1	-1	-1	-1	-1	-1	-1	-1	-1	-1	-1	-1	-1	-1	-1	-1	-1	-1	-1	-1	-1	-1	-1	-1	-1	-1	-1	-1	-1	-1	-1	-1	-1	-1	-1	-1	-1	-1	FFFFFF99	配饰	101	2004	1
59011625	5	4	33	11	Charm11_2	1	1+5+3		1	1	-1	-1	-1	-1	-1	-1	-1	-1	-1	-1	-1	-1	-1	-1	-1	-1	-1	-1	-1	-1	-1	-1	-1	-1	-1	-1	-1	-1	-1	-1	-1	-1	-1	-1	-1	-1	-1	-1	-1	-1	-1	-1	-1	-1	-1	-1	-1	-1	-1	-1	-1	-1	-1	-1	-1	-1	-1	-1	-1	-1	-1	-1	-1	-1	FFFFFF99	配饰	102	2004	1
59011626	5	4	33	11	Charm11_2	1	1+5+4		1	1	-1	-1	-1	-1	-1	-1	-1	-1	-1	-1	-1	-1	-1	-1	-1	-1	-1	-1	-1	-1	-1	-1	-1	-1	-1	-1	-1	-1	-1	-1	-1	-1	-1	-1	-1	-1	-1	-1	-1	-1	-1	-1	-1	-1	-1	-1	-1	-1	-1	-1	-1	-1	-1	-1	-1	-1	-1	-1	-1	-1	-1	-1	-1	-1	FFFFFF99	配饰	103	2004	1
59011627	5	4	33	11	Charm11_2	1	1+5+5		1	1	-1	-1	-1	-1	-1	-1	-1	-1	-1	-1	-1	-1	-1	-1	-1	-1	-1	-1	-1	-1	-1	-1	-1	-1	-1	-1	-1	-1	-1	-1	-1	-1	-1	-1	-1	-1	-1	-1	-1	-1	-1	-1	-1	-1	-1	-1	-1	-1	-1	-1	-1	-1	-1	-1	-1	-1	-1	-1	-1	-1	-1	-1	-1	-1	FFFFFF99	配饰	104	2004	1
59011628	5	4	33	11	Charm11_2	1	1+5+6		1	1	-1	-1	-1	-1	-1	-1	-1	-1	-1	-1	-1	-1	-1	-1	-1	-1	-1	-1	-1	-1	-1	-1	-1	-1	-1	-1	-1	-1	-1	-1	-1	-1	-1	-1	-1	-1	-1	-1	-1	-1	-1	-1	-1	-1	-1	-1	-1	-1	-1	-1	-1	-1	-1	-1	-1	-1	-1	-1	-1	-1	-1	-1	-1	-1	FFFFFF99	配饰	105	2004	1
59011629	5	4	33	11	Charm11_2	1	1+5+7		1	1	-1	-1	-1	-1	-1	-1	-1	-1	-1	-1	-1	-1	-1	-1	-1	-1	-1	-1	-1	-1	-1	-1	-1	-1	-1	-1	-1	-1	-1	-1	-1	-1	-1	-1	-1	-1	-1	-1	-1	-1	-1	-1	-1	-1	-1	-1	-1	-1	-1	-1	-1	-1	-1	-1	-1	-1	-1	-1	-1	-1	-1	-1	-1	-1	FFFFFF99	配饰	106	2004	1
59011630	5	4	33	11	Charm11_2	1	1+5+8		1	1	-1	-1	-1	-1	-1	-1	-1	-1	-1	-1	-1	-1	-1	-1	-1	-1	-1	-1	-1	-1	-1	-1	-1	-1	-1	-1	-1	-1	-1	-1	-1	-1	-1	-1	-1	-1	-1	-1	-1	-1	-1	-1	-1	-1	-1	-1	-1	-1	-1	-1	-1	-1	-1	-1	-1	-1	-1	-1	-1	-1	-1	-1	-1	-1	FFFFFF99	配饰	107	2004	1
59011631	5	4	33	11	Charm11_2	1	1+5+9		1	1	-1	-1	-1	-1	-1	-1	-1	-1	-1	-1	-1	-1	-1	-1	-1	-1	-1	-1	-1	-1	-1	-1	-1	-1	-1	-1	-1	-1	-1	-1	-1	-1	-1	-1	-1	-1	-1	-1	-1	-1	-1	-1	-1	-1	-1	-1	-1	-1	-1	-1	-1	-1	-1	-1	-1	-1	-1	-1	-1	-1	-1	-1	-1	-1	FFFFFF99	配饰	108	2004	1
59011632	5	4	33	11	Charm11_2	1	1+5+10		1	1	-1	-1	-1	-1	-1	-1	-1	-1	-1	-1	-1	-1	-1	-1	-1	-1	-1	-1	-1	-1	-1	-1	-1	-1	-1	-1	-1	-1	-1	-1	-1	-1	-1	-1	-1	-1	-1	-1	-1	-1	-1	-1	-1	-1	-1	-1	-1	-1	-1	-1	-1	-1	-1	-1	-1	-1	-1	-1	-1	-1	-1	-1	-1	-1	FFFFFF99	配饰	109	2004	1
59011633	5	4	33	11	Charm11_2	1	1+5+11		1	1	-1	-1	-1	-1	-1	-1	-1	-1	-1	-1	-1	-1	-1	-1	-1	-1	-1	-1	-1	-1	-1	-1	-1	-1	-1	-1	-1	-1	-1	-1	-1	-1	-1	-1	-1	-1	-1	-1	-1	-1	-1	-1	-1	-1	-1	-1	-1	-1	-1	-1	-1	-1	-1	-1	-1	-1	-1	-1	-1	-1	-1	-1	-1	-1	FFFFFF99	配饰	110	2004	1
59011723	5	4	33	11	Charm11_2	1	1+6+1		1	1	-1	-1	-1	-1	-1	-1	-1	-1	-1	-1	-1	-1	-1	-1	-1	-1	-1	-1	-1	-1	-1	-1	-1	-1	-1	-1	-1	-1	-1	-1	-1	-1	-1	-1	-1	-1	-1	-1	-1	-1	-1	-1	-1	-1	-1	-1	-1	-1	-1	-1	-1	-1	-1	-1	-1	-1	-1	-1	-1	-1	-1	-1	-1	-1	FFFFFF99	配饰	111	2004	1
59011724	5	4	33	11	Charm11_2	1	1+6+2		1	1	-1	-1	-1	-1	-1	-1	-1	-1	-1	-1	-1	-1	-1	-1	-1	-1	-1	-1	-1	-1	-1	-1	-1	-1	-1	-1	-1	-1	-1	-1	-1	-1	-1	-1	-1	-1	-1	-1	-1	-1	-1	-1	-1	-1	-1	-1	-1	-1	-1	-1	-1	-1	-1	-1	-1	-1	-1	-1	-1	-1	-1	-1	-1	-1	FFFFFF99	配饰	112	2004	1
59011725	5	4	33	11	Charm11_2	1	1+6+3		1	1	-1	-1	-1	-1	-1	-1	-1	-1	-1	-1	-1	-1	-1	-1	-1	-1	-1	-1	-1	-1	-1	-1	-1	-1	-1	-1	-1	-1	-1	-1	-1	-1	-1	-1	-1	-1	-1	-1	-1	-1	-1	-1	-1	-1	-1	-1	-1	-1	-1	-1	-1	-1	-1	-1	-1	-1	-1	-1	-1	-1	-1	-1	-1	-1	FFFFFF99	配饰	113	2004	1
59011726	5	4	33	11	Charm11_2	1	1+6+4		1	1	-1	-1	-1	-1	-1	-1	-1	-1	-1	-1	-1	-1	-1	-1	-1	-1	-1	-1	-1	-1	-1	-1	-1	-1	-1	-1	-1	-1	-1	-1	-1	-1	-1	-1	-1	-1	-1	-1	-1	-1	-1	-1	-1	-1	-1	-1	-1	-1	-1	-1	-1	-1	-1	-1	-1	-1	-1	-1	-1	-1	-1	-1	-1	-1	FFFFFF99	配饰	114	2004	1
59011727	5	4	33	11	Charm11_2	1	1+6+5		1	1	-1	-1	-1	-1	-1	-1	-1	-1	-1	-1	-1	-1	-1	-1	-1	-1	-1	-1	-1	-1	-1	-1	-1	-1	-1	-1	-1	-1	-1	-1	-1	-1	-1	-1	-1	-1	-1	-1	-1	-1	-1	-1	-1	-1	-1	-1	-1	-1	-1	-1	-1	-1	-1	-1	-1	-1	-1	-1	-1	-1	-1	-1	-1	-1	FFFFFF99	配饰	115	2004	1
59011728	5	4	33	11	Charm11_2	1	1+6+6		1	1	-1	-1	-1	-1	-1	-1	-1	-1	-1	-1	-1	-1	-1	-1	-1	-1	-1	-1	-1	-1	-1	-1	-1	-1	-1	-1	-1	-1	-1	-1	-1	-1	-1	-1	-1	-1	-1	-1	-1	-1	-1	-1	-1	-1	-1	-1	-1	-1	-1	-1	-1	-1	-1	-1	-1	-1	-1	-1	-1	-1	-1	-1	-1	-1	FFFFFF99	配饰	116	2004	1
59011729	5	4	33	11	Charm11_2	1	1+6+7		1	1	-1	-1	-1	-1	-1	-1	-1	-1	-1	-1	-1	-1	-1	-1	-1	-1	-1	-1	-1	-1	-1	-1	-1	-1	-1	-1	-1	-1	-1	-1	-1	-1	-1	-1	-1	-1	-1	-1	-1	-1	-1	-1	-1	-1	-1	-1	-1	-1	-1	-1	-1	-1	-1	-1	-1	-1	-1	-1	-1	-1	-1	-1	-1	-1	FFFFFF99	配饰	117	2004	1
59011730	5	4	33	11	Charm11_2	1	1+6+8		1	1	-1	-1	-1	-1	-1	-1	-1	-1	-1	-1	-1	-1	-1	-1	-1	-1	-1	-1	-1	-1	-1	-1	-1	-1	-1	-1	-1	-1	-1	-1	-1	-1	-1	-1	-1	-1	-1	-1	-1	-1	-1	-1	-1	-1	-1	-1	-1	-1	-1	-1	-1	-1	-1	-1	-1	-1	-1	-1	-1	-1	-1	-1	-1	-1	FFFFFF99	配饰	118	2004	1
59011731	5	4	33	11	Charm11_2	1	1+6+9		1	1	-1	-1	-1	-1	-1	-1	-1	-1	-1	-1	-1	-1	-1	-1	-1	-1	-1	-1	-1	-1	-1	-1	-1	-1	-1	-1	-1	-1	-1	-1	-1	-1	-1	-1	-1	-1	-1	-1	-1	-1	-1	-1	-1	-1	-1	-1	-1	-1	-1	-1	-1	-1	-1	-1	-1	-1	-1	-1	-1	-1	-1	-1	-1	-1	FFFFFF99	配饰	119	2004	1
59011732	5	4	33	11	Charm11_2	1	1+6+10		1	1	-1	-1	-1	-1	-1	-1	-1	-1	-1	-1	-1	-1	-1	-1	-1	-1	-1	-1	-1	-1	-1	-1	-1	-1	-1	-1	-1	-1	-1	-1	-1	-1	-1	-1	-1	-1	-1	-1	-1	-1	-1	-1	-1	-1	-1	-1	-1	-1	-1	-1	-1	-1	-1	-1	-1	-1	-1	-1	-1	-1	-1	-1	-1	-1	FFFFFF99	配饰	120	2004	1
59011733	5	4	33	11	Charm11_2	1	1+6+11		1	1	-1	-1	-1	-1	-1	-1	-1	-1	-1	-1	-1	-1	-1	-1	-1	-1	-1	-1	-1	-1	-1	-1	-1	-1	-1	-1	-1	-1	-1	-1	-1	-1	-1	-1	-1	-1	-1	-1	-1	-1	-1	-1	-1	-1	-1	-1	-1	-1	-1	-1	-1	-1	-1	-1	-1	-1	-1	-1	-1	-1	-1	-1	-1	-1	FFFFFF99	配饰	121	2004	1
59011823	5	4	33	11	Charm11_2	1	1+7+1		1	1	-1	-1	-1	-1	-1	-1	-1	-1	-1	-1	-1	-1	-1	-1	-1	-1	-1	-1	-1	-1	-1	-1	-1	-1	-1	-1	-1	-1	-1	-1	-1	-1	-1	-1	-1	-1	-1	-1	-1	-1	-1	-1	-1	-1	-1	-1	-1	-1	-1	-1	-1	-1	-1	-1	-1	-1	-1	-1	-1	-1	-1	-1	-1	-1	FFFFFF99	配饰	122	2004	1
59011824	5	4	33	11	Charm11_2	1	1+7+2		1	1	-1	-1	-1	-1	-1	-1	-1	-1	-1	-1	-1	-1	-1	-1	-1	-1	-1	-1	-1	-1	-1	-1	-1	-1	-1	-1	-1	-1	-1	-1	-1	-1	-1	-1	-1	-1	-1	-1	-1	-1	-1	-1	-1	-1	-1	-1	-1	-1	-1	-1	-1	-1	-1	-1	-1	-1	-1	-1	-1	-1	-1	-1	-1	-1	FFFFFF99	配饰	123	2004	1
59011825	5	4	33	11	Charm11_2	1	1+7+3		1	1	-1	-1	-1	-1	-1	-1	-1	-1	-1	-1	-1	-1	-1	-1	-1	-1	-1	-1	-1	-1	-1	-1	-1	-1	-1	-1	-1	-1	-1	-1	-1	-1	-1	-1	-1	-1	-1	-1	-1	-1	-1	-1	-1	-1	-1	-1	-1	-1	-1	-1	-1	-1	-1	-1	-1	-1	-1	-1	-1	-1	-1	-1	-1	-1	FFFFFF99	配饰	124	2004	1
59011826	5	4	33	11	Charm11_2	1	1+7+4		1	1	-1	-1	-1	-1	-1	-1	-1	-1	-1	-1	-1	-1	-1	-1	-1	-1	-1	-1	-1	-1	-1	-1	-1	-1	-1	-1	-1	-1	-1	-1	-1	-1	-1	-1	-1	-1	-1	-1	-1	-1	-1	-1	-1	-1	-1	-1	-1	-1	-1	-1	-1	-1	-1	-1	-1	-1	-1	-1	-1	-1	-1	-1	-1	-1	FFFFFF99	配饰	125	2004	1
59011827	5	4	33	11	Charm11_2	1	1+7+5		1	1	-1	-1	-1	-1	-1	-1	-1	-1	-1	-1	-1	-1	-1	-1	-1	-1	-1	-1	-1	-1	-1	-1	-1	-1	-1	-1	-1	-1	-1	-1	-1	-1	-1	-1	-1	-1	-1	-1	-1	-1	-1	-1	-1	-1	-1	-1	-1	-1	-1	-1	-1	-1	-1	-1	-1	-1	-1	-1	-1	-1	-1	-1	-1	-1	FFFFFF99	配饰	126	2004	1
59011828	5	4	33	11	Charm11_2	1	1+7+6		1	1	-1	-1	-1	-1	-1	-1	-1	-1	-1	-1	-1	-1	-1	-1	-1	-1	-1	-1	-1	-1	-1	-1	-1	-1	-1	-1	-1	-1	-1	-1	-1	-1	-1	-1	-1	-1	-1	-1	-1	-1	-1	-1	-1	-1	-1	-1	-1	-1	-1	-1	-1	-1	-1	-1	-1	-1	-1	-1	-1	-1	-1	-1	-1	-1	FFFFFF99	配饰	127	2004	1
59011829	5	4	33	11	Charm11_2	1	1+7+7		1	1	-1	-1	-1	-1	-1	-1	-1	-1	-1	-1	-1	-1	-1	-1	-1	-1	-1	-1	-1	-1	-1	-1	-1	-1	-1	-1	-1	-1	-1	-1	-1	-1	-1	-1	-1	-1	-1	-1	-1	-1	-1	-1	-1	-1	-1	-1	-1	-1	-1	-1	-1	-1	-1	-1	-1	-1	-1	-1	-1	-1	-1	-1	-1	-1	FFFFFF99	配饰	128	2004	1
59011830	5	4	33	11	Charm11_2	1	1+7+8		1	1	-1	-1	-1	-1	-1	-1	-1	-1	-1	-1	-1	-1	-1	-1	-1	-1	-1	-1	-1	-1	-1	-1	-1	-1	-1	-1	-1	-1	-1	-1	-1	-1	-1	-1	-1	-1	-1	-1	-1	-1	-1	-1	-1	-1	-1	-1	-1	-1	-1	-1	-1	-1	-1	-1	-1	-1	-1	-1	-1	-1	-1	-1	-1	-1	FFFFFF99	配饰	129	2004	1
59011831	5	4	33	11	Charm11_2	1	1+7+9		1	1	-1	-1	-1	-1	-1	-1	-1	-1	-1	-1	-1	-1	-1	-1	-1	-1	-1	-1	-1	-1	-1	-1	-1	-1	-1	-1	-1	-1	-1	-1	-1	-1	-1	-1	-1	-1	-1	-1	-1	-1	-1	-1	-1	-1	-1	-1	-1	-1	-1	-1	-1	-1	-1	-1	-1	-1	-1	-1	-1	-1	-1	-1	-1	-1	FFFFFF99	配饰	130	2004	1
59011832	5	4	33	11	Charm11_2	1	1+7+10		1	1	-1	-1	-1	-1	-1	-1	-1	-1	-1	-1	-1	-1	-1	-1	-1	-1	-1	-1	-1	-1	-1	-1	-1	-1	-1	-1	-1	-1	-1	-1	-1	-1	-1	-1	-1	-1	-1	-1	-1	-1	-1	-1	-1	-1	-1	-1	-1	-1	-1	-1	-1	-1	-1	-1	-1	-1	-1	-1	-1	-1	-1	-1	-1	-1	FFFFFF99	配饰	131	2004	1
59011833	5	4	33	11	Charm11_2	1	1+7+11		1	1	-1	-1	-1	-1	-1	-1	-1	-1	-1	-1	-1	-1	-1	-1	-1	-1	-1	-1	-1	-1	-1	-1	-1	-1	-1	-1	-1	-1	-1	-1	-1	-1	-1	-1	-1	-1	-1	-1	-1	-1	-1	-1	-1	-1	-1	-1	-1	-1	-1	-1	-1	-1	-1	-1	-1	-1	-1	-1	-1	-1	-1	-1	-1	-1	FFFFFF99	配饰	132	2004	1
59011923	5	4	33	11	Charm11_2	1	1+8+1		1	1	-1	-1	-1	-1	-1	-1	-1	-1	-1	-1	-1	-1	-1	-1	-1	-1	-1	-1	-1	-1	-1	-1	-1	-1	-1	-1	-1	-1	-1	-1	-1	-1	-1	-1	-1	-1	-1	-1	-1	-1	-1	-1	-1	-1	-1	-1	-1	-1	-1	-1	-1	-1	-1	-1	-1	-1	-1	-1	-1	-1	-1	-1	-1	-1	FFFFFF99	配饰	133	2004	1
59011924	5	4	33	11	Charm11_2	1	1+8+2		1	1	-1	-1	-1	-1	-1	-1	-1	-1	-1	-1	-1	-1	-1	-1	-1	-1	-1	-1	-1	-1	-1	-1	-1	-1	-1	-1	-1	-1	-1	-1	-1	-1	-1	-1	-1	-1	-1	-1	-1	-1	-1	-1	-1	-1	-1	-1	-1	-1	-1	-1	-1	-1	-1	-1	-1	-1	-1	-1	-1	-1	-1	-1	-1	-1	FFFFFF99	配饰	134	2004	1
59011925	5	4	33	11	Charm11_2	1	1+8+3		1	1	-1	-1	-1	-1	-1	-1	-1	-1	-1	-1	-1	-1	-1	-1	-1	-1	-1	-1	-1	-1	-1	-1	-1	-1	-1	-1	-1	-1	-1	-1	-1	-1	-1	-1	-1	-1	-1	-1	-1	-1	-1	-1	-1	-1	-1	-1	-1	-1	-1	-1	-1	-1	-1	-1	-1	-1	-1	-1	-1	-1	-1	-1	-1	-1	FFFFFF99	配饰	135	2004	1
59011926	5	4	33	11	Charm11_2	1	1+8+4		1	1	-1	-1	-1	-1	-1	-1	-1	-1	-1	-1	-1	-1	-1	-1	-1	-1	-1	-1	-1	-1	-1	-1	-1	-1	-1	-1	-1	-1	-1	-1	-1	-1	-1	-1	-1	-1	-1	-1	-1	-1	-1	-1	-1	-1	-1	-1	-1	-1	-1	-1	-1	-1	-1	-1	-1	-1	-1	-1	-1	-1	-1	-1	-1	-1	FFFFFF99	配饰	136	2004	1
59011927	5	4	33	11	Charm11_2	1	1+8+5		1	1	-1	-1	-1	-1	-1	-1	-1	-1	-1	-1	-1	-1	-1	-1	-1	-1	-1	-1	-1	-1	-1	-1	-1	-1	-1	-1	-1	-1	-1	-1	-1	-1	-1	-1	-1	-1	-1	-1	-1	-1	-1	-1	-1	-1	-1	-1	-1	-1	-1	-1	-1	-1	-1	-1	-1	-1	-1	-1	-1	-1	-1	-1	-1	-1	FFFFFF99	配饰	137	2004	1
59011928	5	4	33	11	Charm11_2	1	1+8+6		1	1	-1	-1	-1	-1	-1	-1	-1	-1	-1	-1	-1	-1	-1	-1	-1	-1	-1	-1	-1	-1	-1	-1	-1	-1	-1	-1	-1	-1	-1	-1	-1	-1	-1	-1	-1	-1	-1	-1	-1	-1	-1	-1	-1	-1	-1	-1	-1	-1	-1	-1	-1	-1	-1	-1	-1	-1	-1	-1	-1	-1	-1	-1	-1	-1	FFFFFF99	配饰	138	2004	1
59011929	5	4	33	11	Charm11_2	1	1+8+7		1	1	-1	-1	-1	-1	-1	-1	-1	-1	-1	-1	-1	-1	-1	-1	-1	-1	-1	-1	-1	-1	-1	-1	-1	-1	-1	-1	-1	-1	-1	-1	-1	-1	-1	-1	-1	-1	-1	-1	-1	-1	-1	-1	-1	-1	-1	-1	-1	-1	-1	-1	-1	-1	-1	-1	-1	-1	-1	-1	-1	-1	-1	-1	-1	-1	FFFFFF99	配饰	139	2004	1
59011930	5	4	33	11	Charm11_2	1	1+8+8		1	1	-1	-1	-1	-1	-1	-1	-1	-1	-1	-1	-1	-1	-1	-1	-1	-1	-1	-1	-1	-1	-1	-1	-1	-1	-1	-1	-1	-1	-1	-1	-1	-1	-1	-1	-1	-1	-1	-1	-1	-1	-1	-1	-1	-1	-1	-1	-1	-1	-1	-1	-1	-1	-1	-1	-1	-1	-1	-1	-1	-1	-1	-1	-1	-1	FFFFFF99	配饰	140	2004	1
59011931	5	4	33	11	Charm11_2	1	1+8+9		1	1	-1	-1	-1	-1	-1	-1	-1	-1	-1	-1	-1	-1	-1	-1	-1	-1	-1	-1	-1	-1	-1	-1	-1	-1	-1	-1	-1	-1	-1	-1	-1	-1	-1	-1	-1	-1	-1	-1	-1	-1	-1	-1	-1	-1	-1	-1	-1	-1	-1	-1	-1	-1	-1	-1	-1	-1	-1	-1	-1	-1	-1	-1	-1	-1	FFFFFF99	配饰	141	2004	1
59011932	5	4	33	11	Charm11_2	1	1+8+10		1	1	-1	-1	-1	-1	-1	-1	-1	-1	-1	-1	-1	-1	-1	-1	-1	-1	-1	-1	-1	-1	-1	-1	-1	-1	-1	-1	-1	-1	-1	-1	-1	-1	-1	-1	-1	-1	-1	-1	-1	-1	-1	-1	-1	-1	-1	-1	-1	-1	-1	-1	-1	-1	-1	-1	-1	-1	-1	-1	-1	-1	-1	-1	-1	-1	FFFFFF99	配饰	142	2004	1
59011933	5	4	33	11	Charm11_2	1	1+8+11		1	1	-1	-1	-1	-1	-1	-1	-1	-1	-1	-1	-1	-1	-1	-1	-1	-1	-1	-1	-1	-1	-1	-1	-1	-1	-1	-1	-1	-1	-1	-1	-1	-1	-1	-1	-1	-1	-1	-1	-1	-1	-1	-1	-1	-1	-1	-1	-1	-1	-1	-1	-1	-1	-1	-1	-1	-1	-1	-1	-1	-1	-1	-1	-1	-1	FFFFFF99	配饰	143	2004	1
59012023	5	4	33	11	Charm11_2	1	1+9+1		1	1	-1	-1	-1	-1	-1	-1	-1	-1	-1	-1	-1	-1	-1	-1	-1	-1	-1	-1	-1	-1	-1	-1	-1	-1	-1	-1	-1	-1	-1	-1	-1	-1	-1	-1	-1	-1	-1	-1	-1	-1	-1	-1	-1	-1	-1	-1	-1	-1	-1	-1	-1	-1	-1	-1	-1	-1	-1	-1	-1	-1	-1	-1	-1	-1	FFFFFF99	配饰	144	2004	1
59012024	5	4	33	11	Charm11_2	1	1+9+2		1	1	-1	-1	-1	-1	-1	-1	-1	-1	-1	-1	-1	-1	-1	-1	-1	-1	-1	-1	-1	-1	-1	-1	-1	-1	-1	-1	-1	-1	-1	-1	-1	-1	-1	-1	-1	-1	-1	-1	-1	-1	-1	-1	-1	-1	-1	-1	-1	-1	-1	-1	-1	-1	-1	-1	-1	-1	-1	-1	-1	-1	-1	-1	-1	-1	FFFFFF99	配饰	145	2004	1
59012025	5	4	33	11	Charm11_2	1	1+9+3		1	1	-1	-1	-1	-1	-1	-1	-1	-1	-1	-1	-1	-1	-1	-1	-1	-1	-1	-1	-1	-1	-1	-1	-1	-1	-1	-1	-1	-1	-1	-1	-1	-1	-1	-1	-1	-1	-1	-1	-1	-1	-1	-1	-1	-1	-1	-1	-1	-1	-1	-1	-1	-1	-1	-1	-1	-1	-1	-1	-1	-1	-1	-1	-1	-1	FFFFFF99	配饰	146	2004	1
59012026	5	4	33	11	Charm11_2	1	1+9+4		1	1	-1	-1	-1	-1	-1	-1	-1	-1	-1	-1	-1	-1	-1	-1	-1	-1	-1	-1	-1	-1	-1	-1	-1	-1	-1	-1	-1	-1	-1	-1	-1	-1	-1	-1	-1	-1	-1	-1	-1	-1	-1	-1	-1	-1	-1	-1	-1	-1	-1	-1	-1	-1	-1	-1	-1	-1	-1	-1	-1	-1	-1	-1	-1	-1	FFFFFF99	配饰	147	2004	1
59012027	5	4	33	11	Charm11_2	1	1+9+5		1	1	-1	-1	-1	-1	-1	-1	-1	-1	-1	-1	-1	-1	-1	-1	-1	-1	-1	-1	-1	-1	-1	-1	-1	-1	-1	-1	-1	-1	-1	-1	-1	-1	-1	-1	-1	-1	-1	-1	-1	-1	-1	-1	-1	-1	-1	-1	-1	-1	-1	-1	-1	-1	-1	-1	-1	-1	-1	-1	-1	-1	-1	-1	-1	-1	FFFFFF99	配饰	148	2004	1
59012028	5	4	33	11	Charm11_2	1	1+9+6		1	1	-1	-1	-1	-1	-1	-1	-1	-1	-1	-1	-1	-1	-1	-1	-1	-1	-1	-1	-1	-1	-1	-1	-1	-1	-1	-1	-1	-1	-1	-1	-1	-1	-1	-1	-1	-1	-1	-1	-1	-1	-1	-1	-1	-1	-1	-1	-1	-1	-1	-1	-1	-1	-1	-1	-1	-1	-1	-1	-1	-1	-1	-1	-1	-1	FFFFFF99	配饰	149	2004	1
59012029	5	4	33	11	Charm11_2	1	1+9+7		1	1	-1	-1	-1	-1	-1	-1	-1	-1	-1	-1	-1	-1	-1	-1	-1	-1	-1	-1	-1	-1	-1	-1	-1	-1	-1	-1	-1	-1	-1	-1	-1	-1	-1	-1	-1	-1	-1	-1	-1	-1	-1	-1	-1	-1	-1	-1	-1	-1	-1	-1	-1	-1	-1	-1	-1	-1	-1	-1	-1	-1	-1	-1	-1	-1	FFFFFF99	配饰	150	2004	1
59012030	5	4	33	11	Charm11_2	1	1+9+8		1	1	-1	-1	-1	-1	-1	-1	-1	-1	-1	-1	-1	-1	-1	-1	-1	-1	-1	-1	-1	-1	-1	-1	-1	-1	-1	-1	-1	-1	-1	-1	-1	-1	-1	-1	-1	-1	-1	-1	-1	-1	-1	-1	-1	-1	-1	-1	-1	-1	-1	-1	-1	-1	-1	-1	-1	-1	-1	-1	-1	-1	-1	-1	-1	-1	FFFFFF99	配饰	151	2004	1
59012031	5	4	33	11	Charm11_2	1	1+9+9		1	1	-1	-1	-1	-1	-1	-1	-1	-1	-1	-1	-1	-1	-1	-1	-1	-1	-1	-1	-1	-1	-1	-1	-1	-1	-1	-1	-1	-1	-1	-1	-1	-1	-1	-1	-1	-1	-1	-1	-1	-1	-1	-1	-1	-1	-1	-1	-1	-1	-1	-1	-1	-1	-1	-1	-1	-1	-1	-1	-1	-1	-1	-1	-1	-1	FFFFFF99	配饰	152	2004	1
59012032	5	4	33	11	Charm11_2	1	1+9+10		1	1	-1	-1	-1	-1	-1	-1	-1	-1	-1	-1	-1	-1	-1	-1	-1	-1	-1	-1	-1	-1	-1	-1	-1	-1	-1	-1	-1	-1	-1	-1	-1	-1	-1	-1	-1	-1	-1	-1	-1	-1	-1	-1	-1	-1	-1	-1	-1	-1	-1	-1	-1	-1	-1	-1	-1	-1	-1	-1	-1	-1	-1	-1	-1	-1	FFFFFF99	配饰	153	2004	1
59012033	5	4	33	11	Charm11_2	1	1+9+11		1	1	-1	-1	-1	-1	-1	-1	-1	-1	-1	-1	-1	-1	-1	-1	-1	-1	-1	-1	-1	-1	-1	-1	-1	-1	-1	-1	-1	-1	-1	-1	-1	-1	-1	-1	-1	-1	-1	-1	-1	-1	-1	-1	-1	-1	-1	-1	-1	-1	-1	-1	-1	-1	-1	-1	-1	-1	-1	-1	-1	-1	-1	-1	-1	-1	FFFFFF99	配饰	154	2004	1
59012123	5	4	33	11	Charm11_2	1	1+10+1		1	1	-1	-1	-1	-1	-1	-1	-1	-1	-1	-1	-1	-1	-1	-1	-1	-1	-1	-1	-1	-1	-1	-1	-1	-1	-1	-1	-1	-1	-1	-1	-1	-1	-1	-1	-1	-1	-1	-1	-1	-1	-1	-1	-1	-1	-1	-1	-1	-1	-1	-1	-1	-1	-1	-1	-1	-1	-1	-1	-1	-1	-1	-1	-1	-1	FFFFFF99	配饰	155	2004	1
59012124	5	4	33	11	Charm11_2	1	1+10+2		1	1	-1	-1	-1	-1	-1	-1	-1	-1	-1	-1	-1	-1	-1	-1	-1	-1	-1	-1	-1	-1	-1	-1	-1	-1	-1	-1	-1	-1	-1	-1	-1	-1	-1	-1	-1	-1	-1	-1	-1	-1	-1	-1	-1	-1	-1	-1	-1	-1	-1	-1	-1	-1	-1	-1	-1	-1	-1	-1	-1	-1	-1	-1	-1	-1	FFFFFF99	配饰	156	2004	1
59012125	5	4	33	11	Charm11_2	1	1+10+3		1	1	-1	-1	-1	-1	-1	-1	-1	-1	-1	-1	-1	-1	-1	-1	-1	-1	-1	-1	-1	-1	-1	-1	-1	-1	-1	-1	-1	-1	-1	-1	-1	-1	-1	-1	-1	-1	-1	-1	-1	-1	-1	-1	-1	-1	-1	-1	-1	-1	-1	-1	-1	-1	-1	-1	-1	-1	-1	-1	-1	-1	-1	-1	-1	-1	FFFFFF99	配饰	157	2004	1
59012126	5	4	33	11	Charm11_2	1	1+10+4		1	1	-1	-1	-1	-1	-1	-1	-1	-1	-1	-1	-1	-1	-1	-1	-1	-1	-1	-1	-1	-1	-1	-1	-1	-1	-1	-1	-1	-1	-1	-1	-1	-1	-1	-1	-1	-1	-1	-1	-1	-1	-1	-1	-1	-1	-1	-1	-1	-1	-1	-1	-1	-1	-1	-1	-1	-1	-1	-1	-1	-1	-1	-1	-1	-1	FFFFFF99	配饰	158	2004	1
59012127	5	4	33	11	Charm11_2	1	1+10+5		1	1	-1	-1	-1	-1	-1	-1	-1	-1	-1	-1	-1	-1	-1	-1	-1	-1	-1	-1	-1	-1	-1	-1	-1	-1	-1	-1	-1	-1	-1	-1	-1	-1	-1	-1	-1	-1	-1	-1	-1	-1	-1	-1	-1	-1	-1	-1	-1	-1	-1	-1	-1	-1	-1	-1	-1	-1	-1	-1	-1	-1	-1	-1	-1	-1	FFFFFF99	配饰	159	2004	1
59012128	5	4	33	11	Charm11_2	1	1+10+6		1	1	-1	-1	-1	-1	-1	-1	-1	-1	-1	-1	-1	-1	-1	-1	-1	-1	-1	-1	-1	-1	-1	-1	-1	-1	-1	-1	-1	-1	-1	-1	-1	-1	-1	-1	-1	-1	-1	-1	-1	-1	-1	-1	-1	-1	-1	-1	-1	-1	-1	-1	-1	-1	-1	-1	-1	-1	-1	-1	-1	-1	-1	-1	-1	-1	FFFFFF99	配饰	160	2004	1
59012129	5	4	33	11	Charm11_2	1	1+10+7		1	1	-1	-1	-1	-1	-1	-1	-1	-1	-1	-1	-1	-1	-1	-1	-1	-1	-1	-1	-1	-1	-1	-1	-1	-1	-1	-1	-1	-1	-1	-1	-1	-1	-1	-1	-1	-1	-1	-1	-1	-1	-1	-1	-1	-1	-1	-1	-1	-1	-1	-1	-1	-1	-1	-1	-1	-1	-1	-1	-1	-1	-1	-1	-1	-1	FFFFFF99	配饰	161	2004	1
59012130	5	4	33	11	Charm11_2	1	1+10+8		1	1	-1	-1	-1	-1	-1	-1	-1	-1	-1	-1	-1	-1	-1	-1	-1	-1	-1	-1	-1	-1	-1	-1	-1	-1	-1	-1	-1	-1	-1	-1	-1	-1	-1	-1	-1	-1	-1	-1	-1	-1	-1	-1	-1	-1	-1	-1	-1	-1	-1	-1	-1	-1	-1	-1	-1	-1	-1	-1	-1	-1	-1	-1	-1	-1	FFFFFF99	配饰	162	2004	1
59012131	5	4	33	11	Charm11_2	1	1+10+9		1	1	-1	-1	-1	-1	-1	-1	-1	-1	-1	-1	-1	-1	-1	-1	-1	-1	-1	-1	-1	-1	-1	-1	-1	-1	-1	-1	-1	-1	-1	-1	-1	-1	-1	-1	-1	-1	-1	-1	-1	-1	-1	-1	-1	-1	-1	-1	-1	-1	-1	-1	-1	-1	-1	-1	-1	-1	-1	-1	-1	-1	-1	-1	-1	-1	FFFFFF99	配饰	163	2004	1
59012132	5	4	33	11	Charm11_2	1	1+10+10		1	1	-1	-1	-1	-1	-1	-1	-1	-1	-1	-1	-1	-1	-1	-1	-1	-1	-1	-1	-1	-1	-1	-1	-1	-1	-1	-1	-1	-1	-1	-1	-1	-1	-1	-1	-1	-1	-1	-1	-1	-1	-1	-1	-1	-1	-1	-1	-1	-1	-1	-1	-1	-1	-1	-1	-1	-1	-1	-1	-1	-1	-1	-1	-1	-1	FFFFFF99	配饰	164	2004	1
59012133	5	4	33	11	Charm11_2	1	1+10+11		1	1	-1	-1	-1	-1	-1	-1	-1	-1	-1	-1	-1	-1	-1	-1	-1	-1	-1	-1	-1	-1	-1	-1	-1	-1	-1	-1	-1	-1	-1	-1	-1	-1	-1	-1	-1	-1	-1	-1	-1	-1	-1	-1	-1	-1	-1	-1	-1	-1	-1	-1	-1	-1	-1	-1	-1	-1	-1	-1	-1	-1	-1	-1	-1	-1	FFFFFF99	配饰	165	2004	1
59012223	5	4	33	11	Charm11_2	1	1+11+1		1	1	-1	-1	-1	-1	-1	-1	-1	-1	-1	-1	-1	-1	-1	-1	-1	-1	-1	-1	-1	-1	-1	-1	-1	-1	-1	-1	-1	-1	-1	-1	-1	-1	-1	-1	-1	-1	-1	-1	-1	-1	-1	-1	-1	-1	-1	-1	-1	-1	-1	-1	-1	-1	-1	-1	-1	-1	-1	-1	-1	-1	-1	-1	-1	-1	FFFFFF99	配饰	166	2004	1
59012224	5	4	33	11	Charm11_2	1	1+11+2		1	1	-1	-1	-1	-1	-1	-1	-1	-1	-1	-1	-1	-1	-1	-1	-1	-1	-1	-1	-1	-1	-1	-1	-1	-1	-1	-1	-1	-1	-1	-1	-1	-1	-1	-1	-1	-1	-1	-1	-1	-1	-1	-1	-1	-1	-1	-1	-1	-1	-1	-1	-1	-1	-1	-1	-1	-1	-1	-1	-1	-1	-1	-1	-1	-1	FFFFFF99	配饰	167	2004	1
59012225	5	4	33	11	Charm11_2	1	1+11+3		1	1	-1	-1	-1	-1	-1	-1	-1	-1	-1	-1	-1	-1	-1	-1	-1	-1	-1	-1	-1	-1	-1	-1	-1	-1	-1	-1	-1	-1	-1	-1	-1	-1	-1	-1	-1	-1	-1	-1	-1	-1	-1	-1	-1	-1	-1	-1	-1	-1	-1	-1	-1	-1	-1	-1	-1	-1	-1	-1	-1	-1	-1	-1	-1	-1	FFFFFF99	配饰	168	2004	1
59012226	5	4	33	11	Charm11_2	1	1+11+4		1	1	-1	-1	-1	-1	-1	-1	-1	-1	-1	-1	-1	-1	-1	-1	-1	-1	-1	-1	-1	-1	-1	-1	-1	-1	-1	-1	-1	-1	-1	-1	-1	-1	-1	-1	-1	-1	-1	-1	-1	-1	-1	-1	-1	-1	-1	-1	-1	-1	-1	-1	-1	-1	-1	-1	-1	-1	-1	-1	-1	-1	-1	-1	-1	-1	FFFFFF99	配饰	169	2004	1
59012227	5	4	33	11	Charm11_2	1	1+11+5		1	1	-1	-1	-1	-1	-1	-1	-1	-1	-1	-1	-1	-1	-1	-1	-1	-1	-1	-1	-1	-1	-1	-1	-1	-1	-1	-1	-1	-1	-1	-1	-1	-1	-1	-1	-1	-1	-1	-1	-1	-1	-1	-1	-1	-1	-1	-1	-1	-1	-1	-1	-1	-1	-1	-1	-1	-1	-1	-1	-1	-1	-1	-1	-1	-1	FFFFFF99	配饰	170	2004	1
59012228	5	4	33	11	Charm11_2	1	1+11+6		1	1	-1	-1	-1	-1	-1	-1	-1	-1	-1	-1	-1	-1	-1	-1	-1	-1	-1	-1	-1	-1	-1	-1	-1	-1	-1	-1	-1	-1	-1	-1	-1	-1	-1	-1	-1	-1	-1	-1	-1	-1	-1	-1	-1	-1	-1	-1	-1	-1	-1	-1	-1	-1	-1	-1	-1	-1	-1	-1	-1	-1	-1	-1	-1	-1	FFFFFF99	配饰	171	2004	1
59012229	5	4	33	11	Charm11_2	1	1+11+7		1	1	-1	-1	-1	-1	-1	-1	-1	-1	-1	-1	-1	-1	-1	-1	-1	-1	-1	-1	-1	-1	-1	-1	-1	-1	-1	-1	-1	-1	-1	-1	-1	-1	-1	-1	-1	-1	-1	-1	-1	-1	-1	-1	-1	-1	-1	-1	-1	-1	-1	-1	-1	-1	-1	-1	-1	-1	-1	-1	-1	-1	-1	-1	-1	-1	FFFFFF99	配饰	172	2004	1
59012230	5	4	33	11	Charm11_2	1	1+11+8		1	1	-1	-1	-1	-1	-1	-1	-1	-1	-1	-1	-1	-1	-1	-1	-1	-1	-1	-1	-1	-1	-1	-1	-1	-1	-1	-1	-1	-1	-1	-1	-1	-1	-1	-1	-1	-1	-1	-1	-1	-1	-1	-1	-1	-1	-1	-1	-1	-1	-1	-1	-1	-1	-1	-1	-1	-1	-1	-1	-1	-1	-1	-1	-1	-1	FFFFFF99	配饰	173	2004	1
59012231	5	4	33	11	Charm11_2	1	1+11+9		1	1	-1	-1	-1	-1	-1	-1	-1	-1	-1	-1	-1	-1	-1	-1	-1	-1	-1	-1	-1	-1	-1	-1	-1	-1	-1	-1	-1	-1	-1	-1	-1	-1	-1	-1	-1	-1	-1	-1	-1	-1	-1	-1	-1	-1	-1	-1	-1	-1	-1	-1	-1	-1	-1	-1	-1	-1	-1	-1	-1	-1	-1	-1	-1	-1	FFFFFF99	配饰	174	2004	1
59012232	5	4	33	11	Charm11_2	1	1+11+10		1	1	-1	-1	-1	-1	-1	-1	-1	-1	-1	-1	-1	-1	-1	-1	-1	-1	-1	-1	-1	-1	-1	-1	-1	-1	-1	-1	-1	-1	-1	-1	-1	-1	-1	-1	-1	-1	-1	-1	-1	-1	-1	-1	-1	-1	-1	-1	-1	-1	-1	-1	-1	-1	-1	-1	-1	-1	-1	-1	-1	-1	-1	-1	-1	-1	FFFFFF99	配饰	175	2004	1
59012233	5	4	33	11	Charm11_2	1	1+11+11		1	1	-1	-1	-1	-1	-1	-1	-1	-1	-1	-1	-1	-1	-1	-1	-1	-1	-1	-1	-1	-1	-1	-1	-1	-1	-1	-1	-1	-1	-1	-1	-1	-1	-1	-1	-1	-1	-1	-1	-1	-1	-1	-1	-1	-1	-1	-1	-1	-1	-1	-1	-1	-1	-1	-1	-1	-1	-1	-1	-1	-1	-1	-1	-1	-1	FFFFFF99	配饰	176	2004	1
#紫微星光·肩																																																																															
59021223	5	4	33	11	Charm11_2	1	2+1+1		1	1	-1	-1	-1	-1	-1	-1	-1	-1	-1	-1	-1	-1	-1	-1	-1	-1	-1	-1	-1	-1	-1	-1	-1	-1	-1	-1	-1	-1	-1	-1	-1	-1	-1	-1	-1	-1	-1	-1	-1	-1	-1	-1	-1	-1	-1	-1	-1	-1	-1	-1	-1	-1	-1	-1	-1	-1	-1	-1	-1	-1	-1	-1	-1	-1	FFFFFF99	配饰	199	2004	1
59021224	5	4	33	11	Charm11_2	1	2+1+2		1	1	-1	-1	-1	-1	-1	-1	-1	-1	-1	-1	-1	-1	-1	-1	-1	-1	-1	-1	-1	-1	-1	-1	-1	-1	-1	-1	-1	-1	-1	-1	-1	-1	-1	-1	-1	-1	-1	-1	-1	-1	-1	-1	-1	-1	-1	-1	-1	-1	-1	-1	-1	-1	-1	-1	-1	-1	-1	-1	-1	-1	-1	-1	-1	-1	FFFFFF99	配饰	200	2004	1
59021225	5	4	33	11	Charm11_2	1	2+1+3		1	1	-1	-1	-1	-1	-1	-1	-1	-1	-1	-1	-1	-1	-1	-1	-1	-1	-1	-1	-1	-1	-1	-1	-1	-1	-1	-1	-1	-1	-1	-1	-1	-1	-1	-1	-1	-1	-1	-1	-1	-1	-1	-1	-1	-1	-1	-1	-1	-1	-1	-1	-1	-1	-1	-1	-1	-1	-1	-1	-1	-1	-1	-1	-1	-1	FFFFFF99	配饰	201	2004	1
59021226	5	4	33	11	Charm11_2	1	2+1+4		1	1	-1	-1	-1	-1	-1	-1	-1	-1	-1	-1	-1	-1	-1	-1	-1	-1	-1	-1	-1	-1	-1	-1	-1	-1	-1	-1	-1	-1	-1	-1	-1	-1	-1	-1	-1	-1	-1	-1	-1	-1	-1	-1	-1	-1	-1	-1	-1	-1	-1	-1	-1	-1	-1	-1	-1	-1	-1	-1	-1	-1	-1	-1	-1	-1	FFFFFF99	配饰	202	2004	1
59021227	5	4	33	11	Charm11_2	1	2+1+5		1	1	-1	-1	-1	-1	-1	-1	-1	-1	-1	-1	-1	-1	-1	-1	-1	-1	-1	-1	-1	-1	-1	-1	-1	-1	-1	-1	-1	-1	-1	-1	-1	-1	-1	-1	-1	-1	-1	-1	-1	-1	-1	-1	-1	-1	-1	-1	-1	-1	-1	-1	-1	-1	-1	-1	-1	-1	-1	-1	-1	-1	-1	-1	-1	-1	FFFFFF99	配饰	203	2004	1
59021228	5	4	33	11	Charm11_2	1	2+1+6		1	1	-1	-1	-1	-1	-1	-1	-1	-1	-1	-1	-1	-1	-1	-1	-1	-1	-1	-1	-1	-1	-1	-1	-1	-1	-1	-1	-1	-1	-1	-1	-1	-1	-1	-1	-1	-1	-1	-1	-1	-1	-1	-1	-1	-1	-1	-1	-1	-1	-1	-1	-1	-1	-1	-1	-1	-1	-1	-1	-1	-1	-1	-1	-1	-1	FFFFFF99	配饰	204	2004	1
59021229	5	4	33	11	Charm11_2	1	2+1+7		1	1	-1	-1	-1	-1	-1	-1	-1	-1	-1	-1	-1	-1	-1	-1	-1	-1	-1	-1	-1	-1	-1	-1	-1	-1	-1	-1	-1	-1	-1	-1	-1	-1	-1	-1	-1	-1	-1	-1	-1	-1	-1	-1	-1	-1	-1	-1	-1	-1	-1	-1	-1	-1	-1	-1	-1	-1	-1	-1	-1	-1	-1	-1	-1	-1	FFFFFF99	配饰	205	2004	1
59021230	5	4	33	11	Charm11_2	1	2+1+8		1	1	-1	-1	-1	-1	-1	-1	-1	-1	-1	-1	-1	-1	-1	-1	-1	-1	-1	-1	-1	-1	-1	-1	-1	-1	-1	-1	-1	-1	-1	-1	-1	-1	-1	-1	-1	-1	-1	-1	-1	-1	-1	-1	-1	-1	-1	-1	-1	-1	-1	-1	-1	-1	-1	-1	-1	-1	-1	-1	-1	-1	-1	-1	-1	-1	FFFFFF99	配饰	206	2004	1
59021231	5	4	33	11	Charm11_2	1	2+1+9		1	1	-1	-1	-1	-1	-1	-1	-1	-1	-1	-1	-1	-1	-1	-1	-1	-1	-1	-1	-1	-1	-1	-1	-1	-1	-1	-1	-1	-1	-1	-1	-1	-1	-1	-1	-1	-1	-1	-1	-1	-1	-1	-1	-1	-1	-1	-1	-1	-1	-1	-1	-1	-1	-1	-1	-1	-1	-1	-1	-1	-1	-1	-1	-1	-1	FFFFFF99	配饰	207	2004	1
59021232	5	4	33	11	Charm11_2	1	2+1+10		1	1	-1	-1	-1	-1	-1	-1	-1	-1	-1	-1	-1	-1	-1	-1	-1	-1	-1	-1	-1	-1	-1	-1	-1	-1	-1	-1	-1	-1	-1	-1	-1	-1	-1	-1	-1	-1	-1	-1	-1	-1	-1	-1	-1	-1	-1	-1	-1	-1	-1	-1	-1	-1	-1	-1	-1	-1	-1	-1	-1	-1	-1	-1	-1	-1	FFFFFF99	配饰	208	2004	1
59021233	5	4	33	11	Charm11_2	1	2+1+11		1	1	-1	-1	-1	-1	-1	-1	-1	-1	-1	-1	-1	-1	-1	-1	-1	-1	-1	-1	-1	-1	-1	-1	-1	-1	-1	-1	-1	-1	-1	-1	-1	-1	-1	-1	-1	-1	-1	-1	-1	-1	-1	-1	-1	-1	-1	-1	-1	-1	-1	-1	-1	-1	-1	-1	-1	-1	-1	-1	-1	-1	-1	-1	-1	-1	FFFFFF99	配饰	209	2004	1
59021323	5	4	33	11	Charm11_2	1	2+2+1		1	1	-1	-1	-1	-1	-1	-1	-1	-1	-1	-1	-1	-1	-1	-1	-1	-1	-1	-1	-1	-1	-1	-1	-1	-1	-1	-1	-1	-1	-1	-1	-1	-1	-1	-1	-1	-1	-1	-1	-1	-1	-1	-1	-1	-1	-1	-1	-1	-1	-1	-1	-1	-1	-1	-1	-1	-1	-1	-1	-1	-1	-1	-1	-1	-1	FFFFFF99	配饰	210	2004	1
59021324	5	4	33	11	Charm11_2	1	2+2+2		1	1	-1	-1	-1	-1	-1	-1	-1	-1	-1	-1	-1	-1	-1	-1	-1	-1	-1	-1	-1	-1	-1	-1	-1	-1	-1	-1	-1	-1	-1	-1	-1	-1	-1	-1	-1	-1	-1	-1	-1	-1	-1	-1	-1	-1	-1	-1	-1	-1	-1	-1	-1	-1	-1	-1	-1	-1	-1	-1	-1	-1	-1	-1	-1	-1	FFFFFF99	配饰	211	2004	1
59021325	5	4	33	11	Charm11_2	1	2+2+3		1	1	-1	-1	-1	-1	-1	-1	-1	-1	-1	-1	-1	-1	-1	-1	-1	-1	-1	-1	-1	-1	-1	-1	-1	-1	-1	-1	-1	-1	-1	-1	-1	-1	-1	-1	-1	-1	-1	-1	-1	-1	-1	-1	-1	-1	-1	-1	-1	-1	-1	-1	-1	-1	-1	-1	-1	-1	-1	-1	-1	-1	-1	-1	-1	-1	FFFFFF99	配饰	212	2004	1
59021326	5	4	33	11	Charm11_2	1	2+2+4		1	1	-1	-1	-1	-1	-1	-1	-1	-1	-1	-1	-1	-1	-1	-1	-1	-1	-1	-1	-1	-1	-1	-1	-1	-1	-1	-1	-1	-1	-1	-1	-1	-1	-1	-1	-1	-1	-1	-1	-1	-1	-1	-1	-1	-1	-1	-1	-1	-1	-1	-1	-1	-1	-1	-1	-1	-1	-1	-1	-1	-1	-1	-1	-1	-1	FFFFFF99	配饰	213	2004	1
59021327	5	4	33	11	Charm11_2	1	2+2+5		1	1	-1	-1	-1	-1	-1	-1	-1	-1	-1	-1	-1	-1	-1	-1	-1	-1	-1	-1	-1	-1	-1	-1	-1	-1	-1	-1	-1	-1	-1	-1	-1	-1	-1	-1	-1	-1	-1	-1	-1	-1	-1	-1	-1	-1	-1	-1	-1	-1	-1	-1	-1	-1	-1	-1	-1	-1	-1	-1	-1	-1	-1	-1	-1	-1	FFFFFF99	配饰	214	2004	1
59021328	5	4	33	11	Charm11_2	1	2+2+6		1	1	-1	-1	-1	-1	-1	-1	-1	-1	-1	-1	-1	-1	-1	-1	-1	-1	-1	-1	-1	-1	-1	-1	-1	-1	-1	-1	-1	-1	-1	-1	-1	-1	-1	-1	-1	-1	-1	-1	-1	-1	-1	-1	-1	-1	-1	-1	-1	-1	-1	-1	-1	-1	-1	-1	-1	-1	-1	-1	-1	-1	-1	-1	-1	-1	FFFFFF99	配饰	215	2004	1
59021329	5	4	33	11	Charm11_2	1	2+2+7		1	1	-1	-1	-1	-1	-1	-1	-1	-1	-1	-1	-1	-1	-1	-1	-1	-1	-1	-1	-1	-1	-1	-1	-1	-1	-1	-1	-1	-1	-1	-1	-1	-1	-1	-1	-1	-1	-1	-1	-1	-1	-1	-1	-1	-1	-1	-1	-1	-1	-1	-1	-1	-1	-1	-1	-1	-1	-1	-1	-1	-1	-1	-1	-1	-1	FFFFFF99	配饰	216	2004	1
59021330	5	4	33	11	Charm11_2	1	2+2+8		1	1	-1	-1	-1	-1	-1	-1	-1	-1	-1	-1	-1	-1	-1	-1	-1	-1	-1	-1	-1	-1	-1	-1	-1	-1	-1	-1	-1	-1	-1	-1	-1	-1	-1	-1	-1	-1	-1	-1	-1	-1	-1	-1	-1	-1	-1	-1	-1	-1	-1	-1	-1	-1	-1	-1	-1	-1	-1	-1	-1	-1	-1	-1	-1	-1	FFFFFF99	配饰	217	2004	1
59021331	5	4	33	11	Charm11_2	1	2+2+9		1	1	-1	-1	-1	-1	-1	-1	-1	-1	-1	-1	-1	-1	-1	-1	-1	-1	-1	-1	-1	-1	-1	-1	-1	-1	-1	-1	-1	-1	-1	-1	-1	-1	-1	-1	-1	-1	-1	-1	-1	-1	-1	-1	-1	-1	-1	-1	-1	-1	-1	-1	-1	-1	-1	-1	-1	-1	-1	-1	-1	-1	-1	-1	-1	-1	FFFFFF99	配饰	218	2004	1
59021332	5	4	33	11	Charm11_2	1	2+2+10		1	1	-1	-1	-1	-1	-1	-1	-1	-1	-1	-1	-1	-1	-1	-1	-1	-1	-1	-1	-1	-1	-1	-1	-1	-1	-1	-1	-1	-1	-1	-1	-1	-1	-1	-1	-1	-1	-1	-1	-1	-1	-1	-1	-1	-1	-1	-1	-1	-1	-1	-1	-1	-1	-1	-1	-1	-1	-1	-1	-1	-1	-1	-1	-1	-1	FFFFFF99	配饰	219	2004	1
59021333	5	4	33	11	Charm11_2	1	2+2+11		1	1	-1	-1	-1	-1	-1	-1	-1	-1	-1	-1	-1	-1	-1	-1	-1	-1	-1	-1	-1	-1	-1	-1	-1	-1	-1	-1	-1	-1	-1	-1	-1	-1	-1	-1	-1	-1	-1	-1	-1	-1	-1	-1	-1	-1	-1	-1	-1	-1	-1	-1	-1	-1	-1	-1	-1	-1	-1	-1	-1	-1	-1	-1	-1	-1	FFFFFF99	配饰	220	2004	1
59021423	5	4	33	11	Charm11_2	1	2+3+1		1	1	-1	-1	-1	-1	-1	-1	-1	-1	-1	-1	-1	-1	-1	-1	-1	-1	-1	-1	-1	-1	-1	-1	-1	-1	-1	-1	-1	-1	-1	-1	-1	-1	-1	-1	-1	-1	-1	-1	-1	-1	-1	-1	-1	-1	-1	-1	-1	-1	-1	-1	-1	-1	-1	-1	-1	-1	-1	-1	-1	-1	-1	-1	-1	-1	FFFFFF99	配饰	221	2004	1
59021424	5	4	33	11	Charm11_2	1	2+3+2		1	1	-1	-1	-1	-1	-1	-1	-1	-1	-1	-1	-1	-1	-1	-1	-1	-1	-1	-1	-1	-1	-1	-1	-1	-1	-1	-1	-1	-1	-1	-1	-1	-1	-1	-1	-1	-1	-1	-1	-1	-1	-1	-1	-1	-1	-1	-1	-1	-1	-1	-1	-1	-1	-1	-1	-1	-1	-1	-1	-1	-1	-1	-1	-1	-1	FFFFFF99	配饰	222	2004	1
59021425	5	4	33	11	Charm11_2	1	2+3+3		1	1	-1	-1	-1	-1	-1	-1	-1	-1	-1	-1	-1	-1	-1	-1	-1	-1	-1	-1	-1	-1	-1	-1	-1	-1	-1	-1	-1	-1	-1	-1	-1	-1	-1	-1	-1	-1	-1	-1	-1	-1	-1	-1	-1	-1	-1	-1	-1	-1	-1	-1	-1	-1	-1	-1	-1	-1	-1	-1	-1	-1	-1	-1	-1	-1	FFFFFF99	配饰	223	2004	1
59021426	5	4	33	11	Charm11_2	1	2+3+4		1	1	-1	-1	-1	-1	-1	-1	-1	-1	-1	-1	-1	-1	-1	-1	-1	-1	-1	-1	-1	-1	-1	-1	-1	-1	-1	-1	-1	-1	-1	-1	-1	-1	-1	-1	-1	-1	-1	-1	-1	-1	-1	-1	-1	-1	-1	-1	-1	-1	-1	-1	-1	-1	-1	-1	-1	-1	-1	-1	-1	-1	-1	-1	-1	-1	FFFFFF99	配饰	224	2004	1
59021427	5	4	33	11	Charm11_2	1	2+3+5		1	1	-1	-1	-1	-1	-1	-1	-1	-1	-1	-1	-1	-1	-1	-1	-1	-1	-1	-1	-1	-1	-1	-1	-1	-1	-1	-1	-1	-1	-1	-1	-1	-1	-1	-1	-1	-1	-1	-1	-1	-1	-1	-1	-1	-1	-1	-1	-1	-1	-1	-1	-1	-1	-1	-1	-1	-1	-1	-1	-1	-1	-1	-1	-1	-1	FFFFFF99	配饰	225	2004	1
59021428	5	4	33	11	Charm11_2	1	2+3+6		1	1	-1	-1	-1	-1	-1	-1	-1	-1	-1	-1	-1	-1	-1	-1	-1	-1	-1	-1	-1	-1	-1	-1	-1	-1	-1	-1	-1	-1	-1	-1	-1	-1	-1	-1	-1	-1	-1	-1	-1	-1	-1	-1	-1	-1	-1	-1	-1	-1	-1	-1	-1	-1	-1	-1	-1	-1	-1	-1	-1	-1	-1	-1	-1	-1	FFFFFF99	配饰	226	2004	1
59021429	5	4	33	11	Charm11_2	1	2+3+7		1	1	-1	-1	-1	-1	-1	-1	-1	-1	-1	-1	-1	-1	-1	-1	-1	-1	-1	-1	-1	-1	-1	-1	-1	-1	-1	-1	-1	-1	-1	-1	-1	-1	-1	-1	-1	-1	-1	-1	-1	-1	-1	-1	-1	-1	-1	-1	-1	-1	-1	-1	-1	-1	-1	-1	-1	-1	-1	-1	-1	-1	-1	-1	-1	-1	FFFFFF99	配饰	227	2004	1
59021430	5	4	33	11	Charm11_2	1	2+3+8		1	1	-1	-1	-1	-1	-1	-1	-1	-1	-1	-1	-1	-1	-1	-1	-1	-1	-1	-1	-1	-1	-1	-1	-1	-1	-1	-1	-1	-1	-1	-1	-1	-1	-1	-1	-1	-1	-1	-1	-1	-1	-1	-1	-1	-1	-1	-1	-1	-1	-1	-1	-1	-1	-1	-1	-1	-1	-1	-1	-1	-1	-1	-1	-1	-1	FFFFFF99	配饰	228	2004	1
59021431	5	4	33	11	Charm11_2	1	2+3+9		1	1	-1	-1	-1	-1	-1	-1	-1	-1	-1	-1	-1	-1	-1	-1	-1	-1	-1	-1	-1	-1	-1	-1	-1	-1	-1	-1	-1	-1	-1	-1	-1	-1	-1	-1	-1	-1	-1	-1	-1	-1	-1	-1	-1	-1	-1	-1	-1	-1	-1	-1	-1	-1	-1	-1	-1	-1	-1	-1	-1	-1	-1	-1	-1	-1	FFFFFF99	配饰	229	2004	1
59021432	5	4	33	11	Charm11_2	1	2+3+10		1	1	-1	-1	-1	-1	-1	-1	-1	-1	-1	-1	-1	-1	-1	-1	-1	-1	-1	-1	-1	-1	-1	-1	-1	-1	-1	-1	-1	-1	-1	-1	-1	-1	-1	-1	-1	-1	-1	-1	-1	-1	-1	-1	-1	-1	-1	-1	-1	-1	-1	-1	-1	-1	-1	-1	-1	-1	-1	-1	-1	-1	-1	-1	-1	-1	FFFFFF99	配饰	230	2004	1
59021433	5	4	33	11	Charm11_2	1	2+3+11		1	1	-1	-1	-1	-1	-1	-1	-1	-1	-1	-1	-1	-1	-1	-1	-1	-1	-1	-1	-1	-1	-1	-1	-1	-1	-1	-1	-1	-1	-1	-1	-1	-1	-1	-1	-1	-1	-1	-1	-1	-1	-1	-1	-1	-1	-1	-1	-1	-1	-1	-1	-1	-1	-1	-1	-1	-1	-1	-1	-1	-1	-1	-1	-1	-1	FFFFFF99	配饰	231	2004	1
59021523	5	4	33	11	Charm11_2	1	2+4+1		1	1	-1	-1	-1	-1	-1	-1	-1	-1	-1	-1	-1	-1	-1	-1	-1	-1	-1	-1	-1	-1	-1	-1	-1	-1	-1	-1	-1	-1	-1	-1	-1	-1	-1	-1	-1	-1	-1	-1	-1	-1	-1	-1	-1	-1	-1	-1	-1	-1	-1	-1	-1	-1	-1	-1	-1	-1	-1	-1	-1	-1	-1	-1	-1	-1	FFFFFF99	配饰	232	2004	1
59021524	5	4	33	11	Charm11_2	1	2+4+2		1	1	-1	-1	-1	-1	-1	-1	-1	-1	-1	-1	-1	-1	-1	-1	-1	-1	-1	-1	-1	-1	-1	-1	-1	-1	-1	-1	-1	-1	-1	-1	-1	-1	-1	-1	-1	-1	-1	-1	-1	-1	-1	-1	-1	-1	-1	-1	-1	-1	-1	-1	-1	-1	-1	-1	-1	-1	-1	-1	-1	-1	-1	-1	-1	-1	FFFFFF99	配饰	233	2004	1
59021525	5	4	33	11	Charm11_2	1	2+4+3		1	1	-1	-1	-1	-1	-1	-1	-1	-1	-1	-1	-1	-1	-1	-1	-1	-1	-1	-1	-1	-1	-1	-1	-1	-1	-1	-1	-1	-1	-1	-1	-1	-1	-1	-1	-1	-1	-1	-1	-1	-1	-1	-1	-1	-1	-1	-1	-1	-1	-1	-1	-1	-1	-1	-1	-1	-1	-1	-1	-1	-1	-1	-1	-1	-1	FFFFFF99	配饰	234	2004	1
59021526	5	4	33	11	Charm11_2	1	2+4+4		1	1	-1	-1	-1	-1	-1	-1	-1	-1	-1	-1	-1	-1	-1	-1	-1	-1	-1	-1	-1	-1	-1	-1	-1	-1	-1	-1	-1	-1	-1	-1	-1	-1	-1	-1	-1	-1	-1	-1	-1	-1	-1	-1	-1	-1	-1	-1	-1	-1	-1	-1	-1	-1	-1	-1	-1	-1	-1	-1	-1	-1	-1	-1	-1	-1	FFFFFF99	配饰	235	2004	1
59021527	5	4	33	11	Charm11_2	1	2+4+5		1	1	-1	-1	-1	-1	-1	-1	-1	-1	-1	-1	-1	-1	-1	-1	-1	-1	-1	-1	-1	-1	-1	-1	-1	-1	-1	-1	-1	-1	-1	-1	-1	-1	-1	-1	-1	-1	-1	-1	-1	-1	-1	-1	-1	-1	-1	-1	-1	-1	-1	-1	-1	-1	-1	-1	-1	-1	-1	-1	-1	-1	-1	-1	-1	-1	FFFFFF99	配饰	236	2004	1
59021528	5	4	33	11	Charm11_2	1	2+4+6		1	1	-1	-1	-1	-1	-1	-1	-1	-1	-1	-1	-1	-1	-1	-1	-1	-1	-1	-1	-1	-1	-1	-1	-1	-1	-1	-1	-1	-1	-1	-1	-1	-1	-1	-1	-1	-1	-1	-1	-1	-1	-1	-1	-1	-1	-1	-1	-1	-1	-1	-1	-1	-1	-1	-1	-1	-1	-1	-1	-1	-1	-1	-1	-1	-1	FFFFFF99	配饰	237	2004	1
59021529	5	4	33	11	Charm11_2	1	2+4+7		1	1	-1	-1	-1	-1	-1	-1	-1	-1	-1	-1	-1	-1	-1	-1	-1	-1	-1	-1	-1	-1	-1	-1	-1	-1	-1	-1	-1	-1	-1	-1	-1	-1	-1	-1	-1	-1	-1	-1	-1	-1	-1	-1	-1	-1	-1	-1	-1	-1	-1	-1	-1	-1	-1	-1	-1	-1	-1	-1	-1	-1	-1	-1	-1	-1	FFFFFF99	配饰	238	2004	1
59021530	5	4	33	11	Charm11_2	1	2+4+8		1	1	-1	-1	-1	-1	-1	-1	-1	-1	-1	-1	-1	-1	-1	-1	-1	-1	-1	-1	-1	-1	-1	-1	-1	-1	-1	-1	-1	-1	-1	-1	-1	-1	-1	-1	-1	-1	-1	-1	-1	-1	-1	-1	-1	-1	-1	-1	-1	-1	-1	-1	-1	-1	-1	-1	-1	-1	-1	-1	-1	-1	-1	-1	-1	-1	FFFFFF99	配饰	239	2004	1
59021531	5	4	33	11	Charm11_2	1	2+4+9		1	1	-1	-1	-1	-1	-1	-1	-1	-1	-1	-1	-1	-1	-1	-1	-1	-1	-1	-1	-1	-1	-1	-1	-1	-1	-1	-1	-1	-1	-1	-1	-1	-1	-1	-1	-1	-1	-1	-1	-1	-1	-1	-1	-1	-1	-1	-1	-1	-1	-1	-1	-1	-1	-1	-1	-1	-1	-1	-1	-1	-1	-1	-1	-1	-1	FFFFFF99	配饰	240	2004	1
59021532	5	4	33	11	Charm11_2	1	2+4+10		1	1	-1	-1	-1	-1	-1	-1	-1	-1	-1	-1	-1	-1	-1	-1	-1	-1	-1	-1	-1	-1	-1	-1	-1	-1	-1	-1	-1	-1	-1	-1	-1	-1	-1	-1	-1	-1	-1	-1	-1	-1	-1	-1	-1	-1	-1	-1	-1	-1	-1	-1	-1	-1	-1	-1	-1	-1	-1	-1	-1	-1	-1	-1	-1	-1	FFFFFF99	配饰	241	2004	1
59021533	5	4	33	11	Charm11_2	1	2+4+11		1	1	-1	-1	-1	-1	-1	-1	-1	-1	-1	-1	-1	-1	-1	-1	-1	-1	-1	-1	-1	-1	-1	-1	-1	-1	-1	-1	-1	-1	-1	-1	-1	-1	-1	-1	-1	-1	-1	-1	-1	-1	-1	-1	-1	-1	-1	-1	-1	-1	-1	-1	-1	-1	-1	-1	-1	-1	-1	-1	-1	-1	-1	-1	-1	-1	FFFFFF99	配饰	242	2004	1
59021623	5	4	33	11	Charm11_2	1	2+5+1		1	1	-1	-1	-1	-1	-1	-1	-1	-1	-1	-1	-1	-1	-1	-1	-1	-1	-1	-1	-1	-1	-1	-1	-1	-1	-1	-1	-1	-1	-1	-1	-1	-1	-1	-1	-1	-1	-1	-1	-1	-1	-1	-1	-1	-1	-1	-1	-1	-1	-1	-1	-1	-1	-1	-1	-1	-1	-1	-1	-1	-1	-1	-1	-1	-1	FFFFFF99	配饰	243	2004	1
59021624	5	4	33	11	Charm11_2	1	2+5+2		1	1	-1	-1	-1	-1	-1	-1	-1	-1	-1	-1	-1	-1	-1	-1	-1	-1	-1	-1	-1	-1	-1	-1	-1	-1	-1	-1	-1	-1	-1	-1	-1	-1	-1	-1	-1	-1	-1	-1	-1	-1	-1	-1	-1	-1	-1	-1	-1	-1	-1	-1	-1	-1	-1	-1	-1	-1	-1	-1	-1	-1	-1	-1	-1	-1	FFFFFF99	配饰	244	2004	1
59021625	5	4	33	11	Charm11_2	1	2+5+3		1	1	-1	-1	-1	-1	-1	-1	-1	-1	-1	-1	-1	-1	-1	-1	-1	-1	-1	-1	-1	-1	-1	-1	-1	-1	-1	-1	-1	-1	-1	-1	-1	-1	-1	-1	-1	-1	-1	-1	-1	-1	-1	-1	-1	-1	-1	-1	-1	-1	-1	-1	-1	-1	-1	-1	-1	-1	-1	-1	-1	-1	-1	-1	-1	-1	FFFFFF99	配饰	245	2004	1
59021626	5	4	33	11	Charm11_2	1	2+5+4		1	1	-1	-1	-1	-1	-1	-1	-1	-1	-1	-1	-1	-1	-1	-1	-1	-1	-1	-1	-1	-1	-1	-1	-1	-1	-1	-1	-1	-1	-1	-1	-1	-1	-1	-1	-1	-1	-1	-1	-1	-1	-1	-1	-1	-1	-1	-1	-1	-1	-1	-1	-1	-1	-1	-1	-1	-1	-1	-1	-1	-1	-1	-1	-1	-1	FFFFFF99	配饰	246	2004	1
59021627	5	4	33	11	Charm11_2	1	2+5+5		1	1	-1	-1	-1	-1	-1	-1	-1	-1	-1	-1	-1	-1	-1	-1	-1	-1	-1	-1	-1	-1	-1	-1	-1	-1	-1	-1	-1	-1	-1	-1	-1	-1	-1	-1	-1	-1	-1	-1	-1	-1	-1	-1	-1	-1	-1	-1	-1	-1	-1	-1	-1	-1	-1	-1	-1	-1	-1	-1	-1	-1	-1	-1	-1	-1	FFFFFF99	配饰	247	2004	1
59021628	5	4	33	11	Charm11_2	1	2+5+6		1	1	-1	-1	-1	-1	-1	-1	-1	-1	-1	-1	-1	-1	-1	-1	-1	-1	-1	-1	-1	-1	-1	-1	-1	-1	-1	-1	-1	-1	-1	-1	-1	-1	-1	-1	-1	-1	-1	-1	-1	-1	-1	-1	-1	-1	-1	-1	-1	-1	-1	-1	-1	-1	-1	-1	-1	-1	-1	-1	-1	-1	-1	-1	-1	-1	FFFFFF99	配饰	248	2004	1
59021629	5	4	33	11	Charm11_2	1	2+5+7		1	1	-1	-1	-1	-1	-1	-1	-1	-1	-1	-1	-1	-1	-1	-1	-1	-1	-1	-1	-1	-1	-1	-1	-1	-1	-1	-1	-1	-1	-1	-1	-1	-1	-1	-1	-1	-1	-1	-1	-1	-1	-1	-1	-1	-1	-1	-1	-1	-1	-1	-1	-1	-1	-1	-1	-1	-1	-1	-1	-1	-1	-1	-1	-1	-1	FFFFFF99	配饰	249	2004	1
59021630	5	4	33	11	Charm11_2	1	2+5+8		1	1	-1	-1	-1	-1	-1	-1	-1	-1	-1	-1	-1	-1	-1	-1	-1	-1	-1	-1	-1	-1	-1	-1	-1	-1	-1	-1	-1	-1	-1	-1	-1	-1	-1	-1	-1	-1	-1	-1	-1	-1	-1	-1	-1	-1	-1	-1	-1	-1	-1	-1	-1	-1	-1	-1	-1	-1	-1	-1	-1	-1	-1	-1	-1	-1	FFFFFF99	配饰	250	2004	1
59021631	5	4	33	11	Charm11_2	1	2+5+9		1	1	-1	-1	-1	-1	-1	-1	-1	-1	-1	-1	-1	-1	-1	-1	-1	-1	-1	-1	-1	-1	-1	-1	-1	-1	-1	-1	-1	-1	-1	-1	-1	-1	-1	-1	-1	-1	-1	-1	-1	-1	-1	-1	-1	-1	-1	-1	-1	-1	-1	-1	-1	-1	-1	-1	-1	-1	-1	-1	-1	-1	-1	-1	-1	-1	FFFFFF99	配饰	251	2004	1
59021632	5	4	33	11	Charm11_2	1	2+5+10		1	1	-1	-1	-1	-1	-1	-1	-1	-1	-1	-1	-1	-1	-1	-1	-1	-1	-1	-1	-1	-1	-1	-1	-1	-1	-1	-1	-1	-1	-1	-1	-1	-1	-1	-1	-1	-1	-1	-1	-1	-1	-1	-1	-1	-1	-1	-1	-1	-1	-1	-1	-1	-1	-1	-1	-1	-1	-1	-1	-1	-1	-1	-1	-1	-1	FFFFFF99	配饰	252	2004	1
59021633	5	4	33	11	Charm11_2	1	2+5+11		1	1	-1	-1	-1	-1	-1	-1	-1	-1	-1	-1	-1	-1	-1	-1	-1	-1	-1	-1	-1	-1	-1	-1	-1	-1	-1	-1	-1	-1	-1	-1	-1	-1	-1	-1	-1	-1	-1	-1	-1	-1	-1	-1	-1	-1	-1	-1	-1	-1	-1	-1	-1	-1	-1	-1	-1	-1	-1	-1	-1	-1	-1	-1	-1	-1	FFFFFF99	配饰	253	2004	1
59021723	5	4	33	11	Charm11_2	1	2+6+1		1	1	-1	-1	-1	-1	-1	-1	-1	-1	-1	-1	-1	-1	-1	-1	-1	-1	-1	-1	-1	-1	-1	-1	-1	-1	-1	-1	-1	-1	-1	-1	-1	-1	-1	-1	-1	-1	-1	-1	-1	-1	-1	-1	-1	-1	-1	-1	-1	-1	-1	-1	-1	-1	-1	-1	-1	-1	-1	-1	-1	-1	-1	-1	-1	-1	FFFFFF99	配饰	254	2004	1
59021724	5	4	33	11	Charm11_2	1	2+6+2		1	1	-1	-1	-1	-1	-1	-1	-1	-1	-1	-1	-1	-1	-1	-1	-1	-1	-1	-1	-1	-1	-1	-1	-1	-1	-1	-1	-1	-1	-1	-1	-1	-1	-1	-1	-1	-1	-1	-1	-1	-1	-1	-1	-1	-1	-1	-1	-1	-1	-1	-1	-1	-1	-1	-1	-1	-1	-1	-1	-1	-1	-1	-1	-1	-1	FFFFFF99	配饰	255	2004	1
59021725	5	4	33	11	Charm11_2	1	2+6+3		1	1	-1	-1	-1	-1	-1	-1	-1	-1	-1	-1	-1	-1	-1	-1	-1	-1	-1	-1	-1	-1	-1	-1	-1	-1	-1	-1	-1	-1	-1	-1	-1	-1	-1	-1	-1	-1	-1	-1	-1	-1	-1	-1	-1	-1	-1	-1	-1	-1	-1	-1	-1	-1	-1	-1	-1	-1	-1	-1	-1	-1	-1	-1	-1	-1	FFFFFF99	配饰	256	2004	1
59021726	5	4	33	11	Charm11_2	1	2+6+4		1	1	-1	-1	-1	-1	-1	-1	-1	-1	-1	-1	-1	-1	-1	-1	-1	-1	-1	-1	-1	-1	-1	-1	-1	-1	-1	-1	-1	-1	-1	-1	-1	-1	-1	-1	-1	-1	-1	-1	-1	-1	-1	-1	-1	-1	-1	-1	-1	-1	-1	-1	-1	-1	-1	-1	-1	-1	-1	-1	-1	-1	-1	-1	-1	-1	FFFFFF99	配饰	257	2004	1
59021727	5	4	33	11	Charm11_2	1	2+6+5		1	1	-1	-1	-1	-1	-1	-1	-1	-1	-1	-1	-1	-1	-1	-1	-1	-1	-1	-1	-1	-1	-1	-1	-1	-1	-1	-1	-1	-1	-1	-1	-1	-1	-1	-1	-1	-1	-1	-1	-1	-1	-1	-1	-1	-1	-1	-1	-1	-1	-1	-1	-1	-1	-1	-1	-1	-1	-1	-1	-1	-1	-1	-1	-1	-1	FFFFFF99	配饰	258	2004	1
59021728	5	4	33	11	Charm11_2	1	2+6+6		1	1	-1	-1	-1	-1	-1	-1	-1	-1	-1	-1	-1	-1	-1	-1	-1	-1	-1	-1	-1	-1	-1	-1	-1	-1	-1	-1	-1	-1	-1	-1	-1	-1	-1	-1	-1	-1	-1	-1	-1	-1	-1	-1	-1	-1	-1	-1	-1	-1	-1	-1	-1	-1	-1	-1	-1	-1	-1	-1	-1	-1	-1	-1	-1	-1	FFFFFF99	配饰	259	2004	1
59021729	5	4	33	11	Charm11_2	1	2+6+7		1	1	-1	-1	-1	-1	-1	-1	-1	-1	-1	-1	-1	-1	-1	-1	-1	-1	-1	-1	-1	-1	-1	-1	-1	-1	-1	-1	-1	-1	-1	-1	-1	-1	-1	-1	-1	-1	-1	-1	-1	-1	-1	-1	-1	-1	-1	-1	-1	-1	-1	-1	-1	-1	-1	-1	-1	-1	-1	-1	-1	-1	-1	-1	-1	-1	FFFFFF99	配饰	260	2004	1
59021730	5	4	33	11	Charm11_2	1	2+6+8		1	1	-1	-1	-1	-1	-1	-1	-1	-1	-1	-1	-1	-1	-1	-1	-1	-1	-1	-1	-1	-1	-1	-1	-1	-1	-1	-1	-1	-1	-1	-1	-1	-1	-1	-1	-1	-1	-1	-1	-1	-1	-1	-1	-1	-1	-1	-1	-1	-1	-1	-1	-1	-1	-1	-1	-1	-1	-1	-1	-1	-1	-1	-1	-1	-1	FFFFFF99	配饰	261	2004	1
59021731	5	4	33	11	Charm11_2	1	2+6+9		1	1	-1	-1	-1	-1	-1	-1	-1	-1	-1	-1	-1	-1	-1	-1	-1	-1	-1	-1	-1	-1	-1	-1	-1	-1	-1	-1	-1	-1	-1	-1	-1	-1	-1	-1	-1	-1	-1	-1	-1	-1	-1	-1	-1	-1	-1	-1	-1	-1	-1	-1	-1	-1	-1	-1	-1	-1	-1	-1	-1	-1	-1	-1	-1	-1	FFFFFF99	配饰	262	2004	1
59021732	5	4	33	11	Charm11_2	1	2+6+10		1	1	-1	-1	-1	-1	-1	-1	-1	-1	-1	-1	-1	-1	-1	-1	-1	-1	-1	-1	-1	-1	-1	-1	-1	-1	-1	-1	-1	-1	-1	-1	-1	-1	-1	-1	-1	-1	-1	-1	-1	-1	-1	-1	-1	-1	-1	-1	-1	-1	-1	-1	-1	-1	-1	-1	-1	-1	-1	-1	-1	-1	-1	-1	-1	-1	FFFFFF99	配饰	263	2004	1
59021733	5	4	33	11	Charm11_2	1	2+6+11		1	1	-1	-1	-1	-1	-1	-1	-1	-1	-1	-1	-1	-1	-1	-1	-1	-1	-1	-1	-1	-1	-1	-1	-1	-1	-1	-1	-1	-1	-1	-1	-1	-1	-1	-1	-1	-1	-1	-1	-1	-1	-1	-1	-1	-1	-1	-1	-1	-1	-1	-1	-1	-1	-1	-1	-1	-1	-1	-1	-1	-1	-1	-1	-1	-1	FFFFFF99	配饰	264	2004	1
59021823	5	4	33	11	Charm11_2	1	2+7+1		1	1	-1	-1	-1	-1	-1	-1	-1	-1	-1	-1	-1	-1	-1	-1	-1	-1	-1	-1	-1	-1	-1	-1	-1	-1	-1	-1	-1	-1	-1	-1	-1	-1	-1	-1	-1	-1	-1	-1	-1	-1	-1	-1	-1	-1	-1	-1	-1	-1	-1	-1	-1	-1	-1	-1	-1	-1	-1	-1	-1	-1	-1	-1	-1	-1	FFFFFF99	配饰	265	2004	1
59021824	5	4	33	11	Charm11_2	1	2+7+2		1	1	-1	-1	-1	-1	-1	-1	-1	-1	-1	-1	-1	-1	-1	-1	-1	-1	-1	-1	-1	-1	-1	-1	-1	-1	-1	-1	-1	-1	-1	-1	-1	-1	-1	-1	-1	-1	-1	-1	-1	-1	-1	-1	-1	-1	-1	-1	-1	-1	-1	-1	-1	-1	-1	-1	-1	-1	-1	-1	-1	-1	-1	-1	-1	-1	FFFFFF99	配饰	266	2004	1
59021825	5	4	33	11	Charm11_2	1	2+7+3		1	1	-1	-1	-1	-1	-1	-1	-1	-1	-1	-1	-1	-1	-1	-1	-1	-1	-1	-1	-1	-1	-1	-1	-1	-1	-1	-1	-1	-1	-1	-1	-1	-1	-1	-1	-1	-1	-1	-1	-1	-1	-1	-1	-1	-1	-1	-1	-1	-1	-1	-1	-1	-1	-1	-1	-1	-1	-1	-1	-1	-1	-1	-1	-1	-1	FFFFFF99	配饰	267	2004	1
59021826	5	4	33	11	Charm11_2	1	2+7+4		1	1	-1	-1	-1	-1	-1	-1	-1	-1	-1	-1	-1	-1	-1	-1	-1	-1	-1	-1	-1	-1	-1	-1	-1	-1	-1	-1	-1	-1	-1	-1	-1	-1	-1	-1	-1	-1	-1	-1	-1	-1	-1	-1	-1	-1	-1	-1	-1	-1	-1	-1	-1	-1	-1	-1	-1	-1	-1	-1	-1	-1	-1	-1	-1	-1	FFFFFF99	配饰	268	2004	1
59021827	5	4	33	11	Charm11_2	1	2+7+5		1	1	-1	-1	-1	-1	-1	-1	-1	-1	-1	-1	-1	-1	-1	-1	-1	-1	-1	-1	-1	-1	-1	-1	-1	-1	-1	-1	-1	-1	-1	-1	-1	-1	-1	-1	-1	-1	-1	-1	-1	-1	-1	-1	-1	-1	-1	-1	-1	-1	-1	-1	-1	-1	-1	-1	-1	-1	-1	-1	-1	-1	-1	-1	-1	-1	FFFFFF99	配饰	269	2004	1
59021828	5	4	33	11	Charm11_2	1	2+7+6		1	1	-1	-1	-1	-1	-1	-1	-1	-1	-1	-1	-1	-1	-1	-1	-1	-1	-1	-1	-1	-1	-1	-1	-1	-1	-1	-1	-1	-1	-1	-1	-1	-1	-1	-1	-1	-1	-1	-1	-1	-1	-1	-1	-1	-1	-1	-1	-1	-1	-1	-1	-1	-1	-1	-1	-1	-1	-1	-1	-1	-1	-1	-1	-1	-1	FFFFFF99	配饰	270	2004	1
59021829	5	4	33	11	Charm11_2	1	2+7+7		1	1	-1	-1	-1	-1	-1	-1	-1	-1	-1	-1	-1	-1	-1	-1	-1	-1	-1	-1	-1	-1	-1	-1	-1	-1	-1	-1	-1	-1	-1	-1	-1	-1	-1	-1	-1	-1	-1	-1	-1	-1	-1	-1	-1	-1	-1	-1	-1	-1	-1	-1	-1	-1	-1	-1	-1	-1	-1	-1	-1	-1	-1	-1	-1	-1	FFFFFF99	配饰	271	2004	1
59021830	5	4	33	11	Charm11_2	1	2+7+8		1	1	-1	-1	-1	-1	-1	-1	-1	-1	-1	-1	-1	-1	-1	-1	-1	-1	-1	-1	-1	-1	-1	-1	-1	-1	-1	-1	-1	-1	-1	-1	-1	-1	-1	-1	-1	-1	-1	-1	-1	-1	-1	-1	-1	-1	-1	-1	-1	-1	-1	-1	-1	-1	-1	-1	-1	-1	-1	-1	-1	-1	-1	-1	-1	-1	FFFFFF99	配饰	272	2004	1
59021831	5	4	33	11	Charm11_2	1	2+7+9		1	1	-1	-1	-1	-1	-1	-1	-1	-1	-1	-1	-1	-1	-1	-1	-1	-1	-1	-1	-1	-1	-1	-1	-1	-1	-1	-1	-1	-1	-1	-1	-1	-1	-1	-1	-1	-1	-1	-1	-1	-1	-1	-1	-1	-1	-1	-1	-1	-1	-1	-1	-1	-1	-1	-1	-1	-1	-1	-1	-1	-1	-1	-1	-1	-1	FFFFFF99	配饰	273	2004	1
59021832	5	4	33	11	Charm11_2	1	2+7+10		1	1	-1	-1	-1	-1	-1	-1	-1	-1	-1	-1	-1	-1	-1	-1	-1	-1	-1	-1	-1	-1	-1	-1	-1	-1	-1	-1	-1	-1	-1	-1	-1	-1	-1	-1	-1	-1	-1	-1	-1	-1	-1	-1	-1	-1	-1	-1	-1	-1	-1	-1	-1	-1	-1	-1	-1	-1	-1	-1	-1	-1	-1	-1	-1	-1	FFFFFF99	配饰	274	2004	1
59021833	5	4	33	11	Charm11_2	1	2+7+11		1	1	-1	-1	-1	-1	-1	-1	-1	-1	-1	-1	-1	-1	-1	-1	-1	-1	-1	-1	-1	-1	-1	-1	-1	-1	-1	-1	-1	-1	-1	-1	-1	-1	-1	-1	-1	-1	-1	-1	-1	-1	-1	-1	-1	-1	-1	-1	-1	-1	-1	-1	-1	-1	-1	-1	-1	-1	-1	-1	-1	-1	-1	-1	-1	-1	FFFFFF99	配饰	275	2004	1
59021923	5	4	33	11	Charm11_2	1	2+8+1		1	1	-1	-1	-1	-1	-1	-1	-1	-1	-1	-1	-1	-1	-1	-1	-1	-1	-1	-1	-1	-1	-1	-1	-1	-1	-1	-1	-1	-1	-1	-1	-1	-1	-1	-1	-1	-1	-1	-1	-1	-1	-1	-1	-1	-1	-1	-1	-1	-1	-1	-1	-1	-1	-1	-1	-1	-1	-1	-1	-1	-1	-1	-1	-1	-1	FFFFFF99	配饰	276	2004	1
59021924	5	4	33	11	Charm11_2	1	2+8+2		1	1	-1	-1	-1	-1	-1	-1	-1	-1	-1	-1	-1	-1	-1	-1	-1	-1	-1	-1	-1	-1	-1	-1	-1	-1	-1	-1	-1	-1	-1	-1	-1	-1	-1	-1	-1	-1	-1	-1	-1	-1	-1	-1	-1	-1	-1	-1	-1	-1	-1	-1	-1	-1	-1	-1	-1	-1	-1	-1	-1	-1	-1	-1	-1	-1	FFFFFF99	配饰	277	2004	1
59021925	5	4	33	11	Charm11_2	1	2+8+3		1	1	-1	-1	-1	-1	-1	-1	-1	-1	-1	-1	-1	-1	-1	-1	-1	-1	-1	-1	-1	-1	-1	-1	-1	-1	-1	-1	-1	-1	-1	-1	-1	-1	-1	-1	-1	-1	-1	-1	-1	-1	-1	-1	-1	-1	-1	-1	-1	-1	-1	-1	-1	-1	-1	-1	-1	-1	-1	-1	-1	-1	-1	-1	-1	-1	FFFFFF99	配饰	278	2004	1
59021926	5	4	33	11	Charm11_2	1	2+8+4		1	1	-1	-1	-1	-1	-1	-1	-1	-1	-1	-1	-1	-1	-1	-1	-1	-1	-1	-1	-1	-1	-1	-1	-1	-1	-1	-1	-1	-1	-1	-1	-1	-1	-1	-1	-1	-1	-1	-1	-1	-1	-1	-1	-1	-1	-1	-1	-1	-1	-1	-1	-1	-1	-1	-1	-1	-1	-1	-1	-1	-1	-1	-1	-1	-1	FFFFFF99	配饰	279	2004	1
59021927	5	4	33	11	Charm11_2	1	2+8+5		1	1	-1	-1	-1	-1	-1	-1	-1	-1	-1	-1	-1	-1	-1	-1	-1	-1	-1	-1	-1	-1	-1	-1	-1	-1	-1	-1	-1	-1	-1	-1	-1	-1	-1	-1	-1	-1	-1	-1	-1	-1	-1	-1	-1	-1	-1	-1	-1	-1	-1	-1	-1	-1	-1	-1	-1	-1	-1	-1	-1	-1	-1	-1	-1	-1	FFFFFF99	配饰	280	2004	1
59021928	5	4	33	11	Charm11_2	1	2+8+6		1	1	-1	-1	-1	-1	-1	-1	-1	-1	-1	-1	-1	-1	-1	-1	-1	-1	-1	-1	-1	-1	-1	-1	-1	-1	-1	-1	-1	-1	-1	-1	-1	-1	-1	-1	-1	-1	-1	-1	-1	-1	-1	-1	-1	-1	-1	-1	-1	-1	-1	-1	-1	-1	-1	-1	-1	-1	-1	-1	-1	-1	-1	-1	-1	-1	FFFFFF99	配饰	281	2004	1
59021929	5	4	33	11	Charm11_2	1	2+8+7		1	1	-1	-1	-1	-1	-1	-1	-1	-1	-1	-1	-1	-1	-1	-1	-1	-1	-1	-1	-1	-1	-1	-1	-1	-1	-1	-1	-1	-1	-1	-1	-1	-1	-1	-1	-1	-1	-1	-1	-1	-1	-1	-1	-1	-1	-1	-1	-1	-1	-1	-1	-1	-1	-1	-1	-1	-1	-1	-1	-1	-1	-1	-1	-1	-1	FFFFFF99	配饰	282	2004	1
59021930	5	4	33	11	Charm11_2	1	2+8+8		1	1	-1	-1	-1	-1	-1	-1	-1	-1	-1	-1	-1	-1	-1	-1	-1	-1	-1	-1	-1	-1	-1	-1	-1	-1	-1	-1	-1	-1	-1	-1	-1	-1	-1	-1	-1	-1	-1	-1	-1	-1	-1	-1	-1	-1	-1	-1	-1	-1	-1	-1	-1	-1	-1	-1	-1	-1	-1	-1	-1	-1	-1	-1	-1	-1	FFFFFF99	配饰	283	2004	1
59021931	5	4	33	11	Charm11_2	1	2+8+9		1	1	-1	-1	-1	-1	-1	-1	-1	-1	-1	-1	-1	-1	-1	-1	-1	-1	-1	-1	-1	-1	-1	-1	-1	-1	-1	-1	-1	-1	-1	-1	-1	-1	-1	-1	-1	-1	-1	-1	-1	-1	-1	-1	-1	-1	-1	-1	-1	-1	-1	-1	-1	-1	-1	-1	-1	-1	-1	-1	-1	-1	-1	-1	-1	-1	FFFFFF99	配饰	284	2004	1
59021932	5	4	33	11	Charm11_2	1	2+8+10		1	1	-1	-1	-1	-1	-1	-1	-1	-1	-1	-1	-1	-1	-1	-1	-1	-1	-1	-1	-1	-1	-1	-1	-1	-1	-1	-1	-1	-1	-1	-1	-1	-1	-1	-1	-1	-1	-1	-1	-1	-1	-1	-1	-1	-1	-1	-1	-1	-1	-1	-1	-1	-1	-1	-1	-1	-1	-1	-1	-1	-1	-1	-1	-1	-1	FFFFFF99	配饰	285	2004	1
59021933	5	4	33	11	Charm11_2	1	2+8+11		1	1	-1	-1	-1	-1	-1	-1	-1	-1	-1	-1	-1	-1	-1	-1	-1	-1	-1	-1	-1	-1	-1	-1	-1	-1	-1	-1	-1	-1	-1	-1	-1	-1	-1	-1	-1	-1	-1	-1	-1	-1	-1	-1	-1	-1	-1	-1	-1	-1	-1	-1	-1	-1	-1	-1	-1	-1	-1	-1	-1	-1	-1	-1	-1	-1	FFFFFF99	配饰	286	2004	1
59022023	5	4	33	11	Charm11_2	1	2+9+1		1	1	-1	-1	-1	-1	-1	-1	-1	-1	-1	-1	-1	-1	-1	-1	-1	-1	-1	-1	-1	-1	-1	-1	-1	-1	-1	-1	-1	-1	-1	-1	-1	-1	-1	-1	-1	-1	-1	-1	-1	-1	-1	-1	-1	-1	-1	-1	-1	-1	-1	-1	-1	-1	-1	-1	-1	-1	-1	-1	-1	-1	-1	-1	-1	-1	FFFFFF99	配饰	287	2004	1
59022024	5	4	33	11	Charm11_2	1	2+9+2		1	1	-1	-1	-1	-1	-1	-1	-1	-1	-1	-1	-1	-1	-1	-1	-1	-1	-1	-1	-1	-1	-1	-1	-1	-1	-1	-1	-1	-1	-1	-1	-1	-1	-1	-1	-1	-1	-1	-1	-1	-1	-1	-1	-1	-1	-1	-1	-1	-1	-1	-1	-1	-1	-1	-1	-1	-1	-1	-1	-1	-1	-1	-1	-1	-1	FFFFFF99	配饰	288	2004	1
59022025	5	4	33	11	Charm11_2	1	2+9+3		1	1	-1	-1	-1	-1	-1	-1	-1	-1	-1	-1	-1	-1	-1	-1	-1	-1	-1	-1	-1	-1	-1	-1	-1	-1	-1	-1	-1	-1	-1	-1	-1	-1	-1	-1	-1	-1	-1	-1	-1	-1	-1	-1	-1	-1	-1	-1	-1	-1	-1	-1	-1	-1	-1	-1	-1	-1	-1	-1	-1	-1	-1	-1	-1	-1	FFFFFF99	配饰	289	2004	1
59022026	5	4	33	11	Charm11_2	1	2+9+4		1	1	-1	-1	-1	-1	-1	-1	-1	-1	-1	-1	-1	-1	-1	-1	-1	-1	-1	-1	-1	-1	-1	-1	-1	-1	-1	-1	-1	-1	-1	-1	-1	-1	-1	-1	-1	-1	-1	-1	-1	-1	-1	-1	-1	-1	-1	-1	-1	-1	-1	-1	-1	-1	-1	-1	-1	-1	-1	-1	-1	-1	-1	-1	-1	-1	FFFFFF99	配饰	290	2004	1
59022027	5	4	33	11	Charm11_2	1	2+9+5		1	1	-1	-1	-1	-1	-1	-1	-1	-1	-1	-1	-1	-1	-1	-1	-1	-1	-1	-1	-1	-1	-1	-1	-1	-1	-1	-1	-1	-1	-1	-1	-1	-1	-1	-1	-1	-1	-1	-1	-1	-1	-1	-1	-1	-1	-1	-1	-1	-1	-1	-1	-1	-1	-1	-1	-1	-1	-1	-1	-1	-1	-1	-1	-1	-1	FFFFFF99	配饰	291	2004	1
59022028	5	4	33	11	Charm11_2	1	2+9+6		1	1	-1	-1	-1	-1	-1	-1	-1	-1	-1	-1	-1	-1	-1	-1	-1	-1	-1	-1	-1	-1	-1	-1	-1	-1	-1	-1	-1	-1	-1	-1	-1	-1	-1	-1	-1	-1	-1	-1	-1	-1	-1	-1	-1	-1	-1	-1	-1	-1	-1	-1	-1	-1	-1	-1	-1	-1	-1	-1	-1	-1	-1	-1	-1	-1	FFFFFF99	配饰	292	2004	1
59022029	5	4	33	11	Charm11_2	1	2+9+7		1	1	-1	-1	-1	-1	-1	-1	-1	-1	-1	-1	-1	-1	-1	-1	-1	-1	-1	-1	-1	-1	-1	-1	-1	-1	-1	-1	-1	-1	-1	-1	-1	-1	-1	-1	-1	-1	-1	-1	-1	-1	-1	-1	-1	-1	-1	-1	-1	-1	-1	-1	-1	-1	-1	-1	-1	-1	-1	-1	-1	-1	-1	-1	-1	-1	FFFFFF99	配饰	293	2004	1
59022030	5	4	33	11	Charm11_2	1	2+9+8		1	1	-1	-1	-1	-1	-1	-1	-1	-1	-1	-1	-1	-1	-1	-1	-1	-1	-1	-1	-1	-1	-1	-1	-1	-1	-1	-1	-1	-1	-1	-1	-1	-1	-1	-1	-1	-1	-1	-1	-1	-1	-1	-1	-1	-1	-1	-1	-1	-1	-1	-1	-1	-1	-1	-1	-1	-1	-1	-1	-1	-1	-1	-1	-1	-1	FFFFFF99	配饰	294	2004	1
59022031	5	4	33	11	Charm11_2	1	2+9+9		1	1	-1	-1	-1	-1	-1	-1	-1	-1	-1	-1	-1	-1	-1	-1	-1	-1	-1	-1	-1	-1	-1	-1	-1	-1	-1	-1	-1	-1	-1	-1	-1	-1	-1	-1	-1	-1	-1	-1	-1	-1	-1	-1	-1	-1	-1	-1	-1	-1	-1	-1	-1	-1	-1	-1	-1	-1	-1	-1	-1	-1	-1	-1	-1	-1	FFFFFF99	配饰	295	2004	1
59022032	5	4	33	11	Charm11_2	1	2+9+10		1	1	-1	-1	-1	-1	-1	-1	-1	-1	-1	-1	-1	-1	-1	-1	-1	-1	-1	-1	-1	-1	-1	-1	-1	-1	-1	-1	-1	-1	-1	-1	-1	-1	-1	-1	-1	-1	-1	-1	-1	-1	-1	-1	-1	-1	-1	-1	-1	-1	-1	-1	-1	-1	-1	-1	-1	-1	-1	-1	-1	-1	-1	-1	-1	-1	FFFFFF99	配饰	296	2004	1
59022033	5	4	33	11	Charm11_2	1	2+9+11		1	1	-1	-1	-1	-1	-1	-1	-1	-1	-1	-1	-1	-1	-1	-1	-1	-1	-1	-1	-1	-1	-1	-1	-1	-1	-1	-1	-1	-1	-1	-1	-1	-1	-1	-1	-1	-1	-1	-1	-1	-1	-1	-1	-1	-1	-1	-1	-1	-1	-1	-1	-1	-1	-1	-1	-1	-1	-1	-1	-1	-1	-1	-1	-1	-1	FFFFFF99	配饰	297	2004	1
59022123	5	4	33	11	Charm11_2	1	2+10+1		1	1	-1	-1	-1	-1	-1	-1	-1	-1	-1	-1	-1	-1	-1	-1	-1	-1	-1	-1	-1	-1	-1	-1	-1	-1	-1	-1	-1	-1	-1	-1	-1	-1	-1	-1	-1	-1	-1	-1	-1	-1	-1	-1	-1	-1	-1	-1	-1	-1	-1	-1	-1	-1	-1	-1	-1	-1	-1	-1	-1	-1	-1	-1	-1	-1	FFFFFF99	配饰	298	2004	1
59022124	5	4	33	11	Charm11_2	1	2+10+2		1	1	-1	-1	-1	-1	-1	-1	-1	-1	-1	-1	-1	-1	-1	-1	-1	-1	-1	-1	-1	-1	-1	-1	-1	-1	-1	-1	-1	-1	-1	-1	-1	-1	-1	-1	-1	-1	-1	-1	-1	-1	-1	-1	-1	-1	-1	-1	-1	-1	-1	-1	-1	-1	-1	-1	-1	-1	-1	-1	-1	-1	-1	-1	-1	-1	FFFFFF99	配饰	299	2004	1
59022125	5	4	33	11	Charm11_2	1	2+10+3		1	1	-1	-1	-1	-1	-1	-1	-1	-1	-1	-1	-1	-1	-1	-1	-1	-1	-1	-1	-1	-1	-1	-1	-1	-1	-1	-1	-1	-1	-1	-1	-1	-1	-1	-1	-1	-1	-1	-1	-1	-1	-1	-1	-1	-1	-1	-1	-1	-1	-1	-1	-1	-1	-1	-1	-1	-1	-1	-1	-1	-1	-1	-1	-1	-1	FFFFFF99	配饰	300	2004	1
59022126	5	4	33	11	Charm11_2	1	2+10+4		1	1	-1	-1	-1	-1	-1	-1	-1	-1	-1	-1	-1	-1	-1	-1	-1	-1	-1	-1	-1	-1	-1	-1	-1	-1	-1	-1	-1	-1	-1	-1	-1	-1	-1	-1	-1	-1	-1	-1	-1	-1	-1	-1	-1	-1	-1	-1	-1	-1	-1	-1	-1	-1	-1	-1	-1	-1	-1	-1	-1	-1	-1	-1	-1	-1	FFFFFF99	配饰	301	2004	1
59022127	5	4	33	11	Charm11_2	1	2+10+5		1	1	-1	-1	-1	-1	-1	-1	-1	-1	-1	-1	-1	-1	-1	-1	-1	-1	-1	-1	-1	-1	-1	-1	-1	-1	-1	-1	-1	-1	-1	-1	-1	-1	-1	-1	-1	-1	-1	-1	-1	-1	-1	-1	-1	-1	-1	-1	-1	-1	-1	-1	-1	-1	-1	-1	-1	-1	-1	-1	-1	-1	-1	-1	-1	-1	FFFFFF99	配饰	302	2004	1
59022128	5	4	33	11	Charm11_2	1	2+10+6		1	1	-1	-1	-1	-1	-1	-1	-1	-1	-1	-1	-1	-1	-1	-1	-1	-1	-1	-1	-1	-1	-1	-1	-1	-1	-1	-1	-1	-1	-1	-1	-1	-1	-1	-1	-1	-1	-1	-1	-1	-1	-1	-1	-1	-1	-1	-1	-1	-1	-1	-1	-1	-1	-1	-1	-1	-1	-1	-1	-1	-1	-1	-1	-1	-1	FFFFFF99	配饰	303	2004	1
59022129	5	4	33	11	Charm11_2	1	2+10+7		1	1	-1	-1	-1	-1	-1	-1	-1	-1	-1	-1	-1	-1	-1	-1	-1	-1	-1	-1	-1	-1	-1	-1	-1	-1	-1	-1	-1	-1	-1	-1	-1	-1	-1	-1	-1	-1	-1	-1	-1	-1	-1	-1	-1	-1	-1	-1	-1	-1	-1	-1	-1	-1	-1	-1	-1	-1	-1	-1	-1	-1	-1	-1	-1	-1	FFFFFF99	配饰	304	2004	1
59022130	5	4	33	11	Charm11_2	1	2+10+8		1	1	-1	-1	-1	-1	-1	-1	-1	-1	-1	-1	-1	-1	-1	-1	-1	-1	-1	-1	-1	-1	-1	-1	-1	-1	-1	-1	-1	-1	-1	-1	-1	-1	-1	-1	-1	-1	-1	-1	-1	-1	-1	-1	-1	-1	-1	-1	-1	-1	-1	-1	-1	-1	-1	-1	-1	-1	-1	-1	-1	-1	-1	-1	-1	-1	FFFFFF99	配饰	305	2004	1
59022131	5	4	33	11	Charm11_2	1	2+10+9		1	1	-1	-1	-1	-1	-1	-1	-1	-1	-1	-1	-1	-1	-1	-1	-1	-1	-1	-1	-1	-1	-1	-1	-1	-1	-1	-1	-1	-1	-1	-1	-1	-1	-1	-1	-1	-1	-1	-1	-1	-1	-1	-1	-1	-1	-1	-1	-1	-1	-1	-1	-1	-1	-1	-1	-1	-1	-1	-1	-1	-1	-1	-1	-1	-1	FFFFFF99	配饰	306	2004	1
59022132	5	4	33	11	Charm11_2	1	2+10+10		1	1	-1	-1	-1	-1	-1	-1	-1	-1	-1	-1	-1	-1	-1	-1	-1	-1	-1	-1	-1	-1	-1	-1	-1	-1	-1	-1	-1	-1	-1	-1	-1	-1	-1	-1	-1	-1	-1	-1	-1	-1	-1	-1	-1	-1	-1	-1	-1	-1	-1	-1	-1	-1	-1	-1	-1	-1	-1	-1	-1	-1	-1	-1	-1	-1	FFFFFF99	配饰	307	2004	1
59022133	5	4	33	11	Charm11_2	1	2+10+11		1	1	-1	-1	-1	-1	-1	-1	-1	-1	-1	-1	-1	-1	-1	-1	-1	-1	-1	-1	-1	-1	-1	-1	-1	-1	-1	-1	-1	-1	-1	-1	-1	-1	-1	-1	-1	-1	-1	-1	-1	-1	-1	-1	-1	-1	-1	-1	-1	-1	-1	-1	-1	-1	-1	-1	-1	-1	-1	-1	-1	-1	-1	-1	-1	-1	FFFFFF99	配饰	308	2004	1
59022223	5	4	33	11	Charm11_2	1	2+11+1		1	1	-1	-1	-1	-1	-1	-1	-1	-1	-1	-1	-1	-1	-1	-1	-1	-1	-1	-1	-1	-1	-1	-1	-1	-1	-1	-1	-1	-1	-1	-1	-1	-1	-1	-1	-1	-1	-1	-1	-1	-1	-1	-1	-1	-1	-1	-1	-1	-1	-1	-1	-1	-1	-1	-1	-1	-1	-1	-1	-1	-1	-1	-1	-1	-1	FFFFFF99	配饰	309	2004	1
59022224	5	4	33	11	Charm11_2	1	2+11+2		1	1	-1	-1	-1	-1	-1	-1	-1	-1	-1	-1	-1	-1	-1	-1	-1	-1	-1	-1	-1	-1	-1	-1	-1	-1	-1	-1	-1	-1	-1	-1	-1	-1	-1	-1	-1	-1	-1	-1	-1	-1	-1	-1	-1	-1	-1	-1	-1	-1	-1	-1	-1	-1	-1	-1	-1	-1	-1	-1	-1	-1	-1	-1	-1	-1	FFFFFF99	配饰	310	2004	1
59022225	5	4	33	11	Charm11_2	1	2+11+3		1	1	-1	-1	-1	-1	-1	-1	-1	-1	-1	-1	-1	-1	-1	-1	-1	-1	-1	-1	-1	-1	-1	-1	-1	-1	-1	-1	-1	-1	-1	-1	-1	-1	-1	-1	-1	-1	-1	-1	-1	-1	-1	-1	-1	-1	-1	-1	-1	-1	-1	-1	-1	-1	-1	-1	-1	-1	-1	-1	-1	-1	-1	-1	-1	-1	FFFFFF99	配饰	311	2004	1
59022226	5	4	33	11	Charm11_2	1	2+11+4		1	1	-1	-1	-1	-1	-1	-1	-1	-1	-1	-1	-1	-1	-1	-1	-1	-1	-1	-1	-1	-1	-1	-1	-1	-1	-1	-1	-1	-1	-1	-1	-1	-1	-1	-1	-1	-1	-1	-1	-1	-1	-1	-1	-1	-1	-1	-1	-1	-1	-1	-1	-1	-1	-1	-1	-1	-1	-1	-1	-1	-1	-1	-1	-1	-1	FFFFFF99	配饰	312	2004	1
59022227	5	4	33	11	Charm11_2	1	2+11+5		1	1	-1	-1	-1	-1	-1	-1	-1	-1	-1	-1	-1	-1	-1	-1	-1	-1	-1	-1	-1	-1	-1	-1	-1	-1	-1	-1	-1	-1	-1	-1	-1	-1	-1	-1	-1	-1	-1	-1	-1	-1	-1	-1	-1	-1	-1	-1	-1	-1	-1	-1	-1	-1	-1	-1	-1	-1	-1	-1	-1	-1	-1	-1	-1	-1	FFFFFF99	配饰	313	2004	1
59022228	5	4	33	11	Charm11_2	1	2+11+6		1	1	-1	-1	-1	-1	-1	-1	-1	-1	-1	-1	-1	-1	-1	-1	-1	-1	-1	-1	-1	-1	-1	-1	-1	-1	-1	-1	-1	-1	-1	-1	-1	-1	-1	-1	-1	-1	-1	-1	-1	-1	-1	-1	-1	-1	-1	-1	-1	-1	-1	-1	-1	-1	-1	-1	-1	-1	-1	-1	-1	-1	-1	-1	-1	-1	FFFFFF99	配饰	314	2004	1
59022229	5	4	33	11	Charm11_2	1	2+11+7		1	1	-1	-1	-1	-1	-1	-1	-1	-1	-1	-1	-1	-1	-1	-1	-1	-1	-1	-1	-1	-1	-1	-1	-1	-1	-1	-1	-1	-1	-1	-1	-1	-1	-1	-1	-1	-1	-1	-1	-1	-1	-1	-1	-1	-1	-1	-1	-1	-1	-1	-1	-1	-1	-1	-1	-1	-1	-1	-1	-1	-1	-1	-1	-1	-1	FFFFFF99	配饰	315	2004	1
59022230	5	4	33	11	Charm11_2	1	2+11+8		1	1	-1	-1	-1	-1	-1	-1	-1	-1	-1	-1	-1	-1	-1	-1	-1	-1	-1	-1	-1	-1	-1	-1	-1	-1	-1	-1	-1	-1	-1	-1	-1	-1	-1	-1	-1	-1	-1	-1	-1	-1	-1	-1	-1	-1	-1	-1	-1	-1	-1	-1	-1	-1	-1	-1	-1	-1	-1	-1	-1	-1	-1	-1	-1	-1	FFFFFF99	配饰	316	2004	1
59022231	5	4	33	11	Charm11_2	1	2+11+9		1	1	-1	-1	-1	-1	-1	-1	-1	-1	-1	-1	-1	-1	-1	-1	-1	-1	-1	-1	-1	-1	-1	-1	-1	-1	-1	-1	-1	-1	-1	-1	-1	-1	-1	-1	-1	-1	-1	-1	-1	-1	-1	-1	-1	-1	-1	-1	-1	-1	-1	-1	-1	-1	-1	-1	-1	-1	-1	-1	-1	-1	-1	-1	-1	-1	FFFFFF99	配饰	317	2004	1
59022232	5	4	33	11	Charm11_2	1	2+11+10		1	1	-1	-1	-1	-1	-1	-1	-1	-1	-1	-1	-1	-1	-1	-1	-1	-1	-1	-1	-1	-1	-1	-1	-1	-1	-1	-1	-1	-1	-1	-1	-1	-1	-1	-1	-1	-1	-1	-1	-1	-1	-1	-1	-1	-1	-1	-1	-1	-1	-1	-1	-1	-1	-1	-1	-1	-1	-1	-1	-1	-1	-1	-1	-1	-1	FFFFFF99	配饰	318	2004	1
59022233	5	4	33	11	Charm11_2	1	2+11+11		1	1	-1	-1	-1	-1	-1	-1	-1	-1	-1	-1	-1	-1	-1	-1	-1	-1	-1	-1	-1	-1	-1	-1	-1	-1	-1	-1	-1	-1	-1	-1	-1	-1	-1	-1	-1	-1	-1	-1	-1	-1	-1	-1	-1	-1	-1	-1	-1	-1	-1	-1	-1	-1	-1	-1	-1	-1	-1	-1	-1	-1	-1	-1	-1	-1	FFFFFF99	配饰	319	2004	1
#翠玉星尘·肩																																																																															
59031223	5	4	33	11	Charm11_2	1	3+1+1		1	1	-1	-1	-1	-1	-1	-1	-1	-1	-1	-1	-1	-1	-1	-1	-1	-1	-1	-1	-1	-1	-1	-1	-1	-1	-1	-1	-1	-1	-1	-1	-1	-1	-1	-1	-1	-1	-1	-1	-1	-1	-1	-1	-1	-1	-1	-1	-1	-1	-1	-1	-1	-1	-1	-1	-1	-1	-1	-1	-1	-1	-1	-1	-1	-1	FFFFFF99	配饰	342	2004	1
59031224	5	4	33	11	Charm11_2	1	3+1+2		1	1	-1	-1	-1	-1	-1	-1	-1	-1	-1	-1	-1	-1	-1	-1	-1	-1	-1	-1	-1	-1	-1	-1	-1	-1	-1	-1	-1	-1	-1	-1	-1	-1	-1	-1	-1	-1	-1	-1	-1	-1	-1	-1	-1	-1	-1	-1	-1	-1	-1	-1	-1	-1	-1	-1	-1	-1	-1	-1	-1	-1	-1	-1	-1	-1	FFFFFF99	配饰	343	2004	1
59031225	5	4	33	11	Charm11_2	1	3+1+3		1	1	-1	-1	-1	-1	-1	-1	-1	-1	-1	-1	-1	-1	-1	-1	-1	-1	-1	-1	-1	-1	-1	-1	-1	-1	-1	-1	-1	-1	-1	-1	-1	-1	-1	-1	-1	-1	-1	-1	-1	-1	-1	-1	-1	-1	-1	-1	-1	-1	-1	-1	-1	-1	-1	-1	-1	-1	-1	-1	-1	-1	-1	-1	-1	-1	FFFFFF99	配饰	344	2004	1
59031226	5	4	33	11	Charm11_2	1	3+1+4		1	1	-1	-1	-1	-1	-1	-1	-1	-1	-1	-1	-1	-1	-1	-1	-1	-1	-1	-1	-1	-1	-1	-1	-1	-1	-1	-1	-1	-1	-1	-1	-1	-1	-1	-1	-1	-1	-1	-1	-1	-1	-1	-1	-1	-1	-1	-1	-1	-1	-1	-1	-1	-1	-1	-1	-1	-1	-1	-1	-1	-1	-1	-1	-1	-1	FFFFFF99	配饰	345	2004	1
59031227	5	4	33	11	Charm11_2	1	3+1+5		1	1	-1	-1	-1	-1	-1	-1	-1	-1	-1	-1	-1	-1	-1	-1	-1	-1	-1	-1	-1	-1	-1	-1	-1	-1	-1	-1	-1	-1	-1	-1	-1	-1	-1	-1	-1	-1	-1	-1	-1	-1	-1	-1	-1	-1	-1	-1	-1	-1	-1	-1	-1	-1	-1	-1	-1	-1	-1	-1	-1	-1	-1	-1	-1	-1	FFFFFF99	配饰	346	2004	1
59031228	5	4	33	11	Charm11_2	1	3+1+6		1	1	-1	-1	-1	-1	-1	-1	-1	-1	-1	-1	-1	-1	-1	-1	-1	-1	-1	-1	-1	-1	-1	-1	-1	-1	-1	-1	-1	-1	-1	-1	-1	-1	-1	-1	-1	-1	-1	-1	-1	-1	-1	-1	-1	-1	-1	-1	-1	-1	-1	-1	-1	-1	-1	-1	-1	-1	-1	-1	-1	-1	-1	-1	-1	-1	FFFFFF99	配饰	347	2004	1
59031229	5	4	33	11	Charm11_2	1	3+1+7		1	1	-1	-1	-1	-1	-1	-1	-1	-1	-1	-1	-1	-1	-1	-1	-1	-1	-1	-1	-1	-1	-1	-1	-1	-1	-1	-1	-1	-1	-1	-1	-1	-1	-1	-1	-1	-1	-1	-1	-1	-1	-1	-1	-1	-1	-1	-1	-1	-1	-1	-1	-1	-1	-1	-1	-1	-1	-1	-1	-1	-1	-1	-1	-1	-1	FFFFFF99	配饰	348	2004	1
59031230	5	4	33	11	Charm11_2	1	3+1+8		1	1	-1	-1	-1	-1	-1	-1	-1	-1	-1	-1	-1	-1	-1	-1	-1	-1	-1	-1	-1	-1	-1	-1	-1	-1	-1	-1	-1	-1	-1	-1	-1	-1	-1	-1	-1	-1	-1	-1	-1	-1	-1	-1	-1	-1	-1	-1	-1	-1	-1	-1	-1	-1	-1	-1	-1	-1	-1	-1	-1	-1	-1	-1	-1	-1	FFFFFF99	配饰	349	2004	1
59031231	5	4	33	11	Charm11_2	1	3+1+9		1	1	-1	-1	-1	-1	-1	-1	-1	-1	-1	-1	-1	-1	-1	-1	-1	-1	-1	-1	-1	-1	-1	-1	-1	-1	-1	-1	-1	-1	-1	-1	-1	-1	-1	-1	-1	-1	-1	-1	-1	-1	-1	-1	-1	-1	-1	-1	-1	-1	-1	-1	-1	-1	-1	-1	-1	-1	-1	-1	-1	-1	-1	-1	-1	-1	FFFFFF99	配饰	350	2004	1
59031232	5	4	33	11	Charm11_2	1	3+1+10		1	1	-1	-1	-1	-1	-1	-1	-1	-1	-1	-1	-1	-1	-1	-1	-1	-1	-1	-1	-1	-1	-1	-1	-1	-1	-1	-1	-1	-1	-1	-1	-1	-1	-1	-1	-1	-1	-1	-1	-1	-1	-1	-1	-1	-1	-1	-1	-1	-1	-1	-1	-1	-1	-1	-1	-1	-1	-1	-1	-1	-1	-1	-1	-1	-1	FFFFFF99	配饰	351	2004	1
59031233	5	4	33	11	Charm11_2	1	3+1+11		1	1	-1	-1	-1	-1	-1	-1	-1	-1	-1	-1	-1	-1	-1	-1	-1	-1	-1	-1	-1	-1	-1	-1	-1	-1	-1	-1	-1	-1	-1	-1	-1	-1	-1	-1	-1	-1	-1	-1	-1	-1	-1	-1	-1	-1	-1	-1	-1	-1	-1	-1	-1	-1	-1	-1	-1	-1	-1	-1	-1	-1	-1	-1	-1	-1	FFFFFF99	配饰	352	2004	1
59031323	5	4	33	11	Charm11_2	1	3+3+1		1	1	-1	-1	-1	-1	-1	-1	-1	-1	-1	-1	-1	-1	-1	-1	-1	-1	-1	-1	-1	-1	-1	-1	-1	-1	-1	-1	-1	-1	-1	-1	-1	-1	-1	-1	-1	-1	-1	-1	-1	-1	-1	-1	-1	-1	-1	-1	-1	-1	-1	-1	-1	-1	-1	-1	-1	-1	-1	-1	-1	-1	-1	-1	-1	-1	FFFFFF99	配饰	353	2004	1
59031324	5	4	33	11	Charm11_2	1	3+3+2		1	1	-1	-1	-1	-1	-1	-1	-1	-1	-1	-1	-1	-1	-1	-1	-1	-1	-1	-1	-1	-1	-1	-1	-1	-1	-1	-1	-1	-1	-1	-1	-1	-1	-1	-1	-1	-1	-1	-1	-1	-1	-1	-1	-1	-1	-1	-1	-1	-1	-1	-1	-1	-1	-1	-1	-1	-1	-1	-1	-1	-1	-1	-1	-1	-1	FFFFFF99	配饰	354	2004	1
59031325	5	4	33	11	Charm11_2	1	3+3+3		1	1	-1	-1	-1	-1	-1	-1	-1	-1	-1	-1	-1	-1	-1	-1	-1	-1	-1	-1	-1	-1	-1	-1	-1	-1	-1	-1	-1	-1	-1	-1	-1	-1	-1	-1	-1	-1	-1	-1	-1	-1	-1	-1	-1	-1	-1	-1	-1	-1	-1	-1	-1	-1	-1	-1	-1	-1	-1	-1	-1	-1	-1	-1	-1	-1	FFFFFF99	配饰	355	2004	1
59031326	5	4	33	11	Charm11_2	1	3+3+4		1	1	-1	-1	-1	-1	-1	-1	-1	-1	-1	-1	-1	-1	-1	-1	-1	-1	-1	-1	-1	-1	-1	-1	-1	-1	-1	-1	-1	-1	-1	-1	-1	-1	-1	-1	-1	-1	-1	-1	-1	-1	-1	-1	-1	-1	-1	-1	-1	-1	-1	-1	-1	-1	-1	-1	-1	-1	-1	-1	-1	-1	-1	-1	-1	-1	FFFFFF99	配饰	356	2004	1
59031327	5	4	33	11	Charm11_2	1	3+3+5		1	1	-1	-1	-1	-1	-1	-1	-1	-1	-1	-1	-1	-1	-1	-1	-1	-1	-1	-1	-1	-1	-1	-1	-1	-1	-1	-1	-1	-1	-1	-1	-1	-1	-1	-1	-1	-1	-1	-1	-1	-1	-1	-1	-1	-1	-1	-1	-1	-1	-1	-1	-1	-1	-1	-1	-1	-1	-1	-1	-1	-1	-1	-1	-1	-1	FFFFFF99	配饰	357	2004	1
59031328	5	4	33	11	Charm11_2	1	3+3+6		1	1	-1	-1	-1	-1	-1	-1	-1	-1	-1	-1	-1	-1	-1	-1	-1	-1	-1	-1	-1	-1	-1	-1	-1	-1	-1	-1	-1	-1	-1	-1	-1	-1	-1	-1	-1	-1	-1	-1	-1	-1	-1	-1	-1	-1	-1	-1	-1	-1	-1	-1	-1	-1	-1	-1	-1	-1	-1	-1	-1	-1	-1	-1	-1	-1	FFFFFF99	配饰	358	2004	1
59031329	5	4	33	11	Charm11_2	1	3+3+7		1	1	-1	-1	-1	-1	-1	-1	-1	-1	-1	-1	-1	-1	-1	-1	-1	-1	-1	-1	-1	-1	-1	-1	-1	-1	-1	-1	-1	-1	-1	-1	-1	-1	-1	-1	-1	-1	-1	-1	-1	-1	-1	-1	-1	-1	-1	-1	-1	-1	-1	-1	-1	-1	-1	-1	-1	-1	-1	-1	-1	-1	-1	-1	-1	-1	FFFFFF99	配饰	359	2004	1
59031330	5	4	33	11	Charm11_2	1	3+3+8		1	1	-1	-1	-1	-1	-1	-1	-1	-1	-1	-1	-1	-1	-1	-1	-1	-1	-1	-1	-1	-1	-1	-1	-1	-1	-1	-1	-1	-1	-1	-1	-1	-1	-1	-1	-1	-1	-1	-1	-1	-1	-1	-1	-1	-1	-1	-1	-1	-1	-1	-1	-1	-1	-1	-1	-1	-1	-1	-1	-1	-1	-1	-1	-1	-1	FFFFFF99	配饰	360	2004	1
59031331	5	4	33	11	Charm11_2	1	3+3+9		1	1	-1	-1	-1	-1	-1	-1	-1	-1	-1	-1	-1	-1	-1	-1	-1	-1	-1	-1	-1	-1	-1	-1	-1	-1	-1	-1	-1	-1	-1	-1	-1	-1	-1	-1	-1	-1	-1	-1	-1	-1	-1	-1	-1	-1	-1	-1	-1	-1	-1	-1	-1	-1	-1	-1	-1	-1	-1	-1	-1	-1	-1	-1	-1	-1	FFFFFF99	配饰	361	2004	1
59031332	5	4	33	11	Charm11_2	1	3+3+10		1	1	-1	-1	-1	-1	-1	-1	-1	-1	-1	-1	-1	-1	-1	-1	-1	-1	-1	-1	-1	-1	-1	-1	-1	-1	-1	-1	-1	-1	-1	-1	-1	-1	-1	-1	-1	-1	-1	-1	-1	-1	-1	-1	-1	-1	-1	-1	-1	-1	-1	-1	-1	-1	-1	-1	-1	-1	-1	-1	-1	-1	-1	-1	-1	-1	FFFFFF99	配饰	362	2004	1
59031333	5	4	33	11	Charm11_2	1	3+3+11		1	1	-1	-1	-1	-1	-1	-1	-1	-1	-1	-1	-1	-1	-1	-1	-1	-1	-1	-1	-1	-1	-1	-1	-1	-1	-1	-1	-1	-1	-1	-1	-1	-1	-1	-1	-1	-1	-1	-1	-1	-1	-1	-1	-1	-1	-1	-1	-1	-1	-1	-1	-1	-1	-1	-1	-1	-1	-1	-1	-1	-1	-1	-1	-1	-1	FFFFFF99	配饰	363	2004	1
59031423	5	4	33	11	Charm11_2	1	3+3+1		1	1	-1	-1	-1	-1	-1	-1	-1	-1	-1	-1	-1	-1	-1	-1	-1	-1	-1	-1	-1	-1	-1	-1	-1	-1	-1	-1	-1	-1	-1	-1	-1	-1	-1	-1	-1	-1	-1	-1	-1	-1	-1	-1	-1	-1	-1	-1	-1	-1	-1	-1	-1	-1	-1	-1	-1	-1	-1	-1	-1	-1	-1	-1	-1	-1	FFFFFF99	配饰	364	2004	1
59031424	5	4	33	11	Charm11_2	1	3+3+2		1	1	-1	-1	-1	-1	-1	-1	-1	-1	-1	-1	-1	-1	-1	-1	-1	-1	-1	-1	-1	-1	-1	-1	-1	-1	-1	-1	-1	-1	-1	-1	-1	-1	-1	-1	-1	-1	-1	-1	-1	-1	-1	-1	-1	-1	-1	-1	-1	-1	-1	-1	-1	-1	-1	-1	-1	-1	-1	-1	-1	-1	-1	-1	-1	-1	FFFFFF99	配饰	365	2004	1
59031425	5	4	33	11	Charm11_2	1	3+3+3		1	1	-1	-1	-1	-1	-1	-1	-1	-1	-1	-1	-1	-1	-1	-1	-1	-1	-1	-1	-1	-1	-1	-1	-1	-1	-1	-1	-1	-1	-1	-1	-1	-1	-1	-1	-1	-1	-1	-1	-1	-1	-1	-1	-1	-1	-1	-1	-1	-1	-1	-1	-1	-1	-1	-1	-1	-1	-1	-1	-1	-1	-1	-1	-1	-1	FFFFFF99	配饰	366	2004	1
59031426	5	4	33	11	Charm11_2	1	3+3+4		1	1	-1	-1	-1	-1	-1	-1	-1	-1	-1	-1	-1	-1	-1	-1	-1	-1	-1	-1	-1	-1	-1	-1	-1	-1	-1	-1	-1	-1	-1	-1	-1	-1	-1	-1	-1	-1	-1	-1	-1	-1	-1	-1	-1	-1	-1	-1	-1	-1	-1	-1	-1	-1	-1	-1	-1	-1	-1	-1	-1	-1	-1	-1	-1	-1	FFFFFF99	配饰	367	2004	1
59031427	5	4	33	11	Charm11_2	1	3+3+5		1	1	-1	-1	-1	-1	-1	-1	-1	-1	-1	-1	-1	-1	-1	-1	-1	-1	-1	-1	-1	-1	-1	-1	-1	-1	-1	-1	-1	-1	-1	-1	-1	-1	-1	-1	-1	-1	-1	-1	-1	-1	-1	-1	-1	-1	-1	-1	-1	-1	-1	-1	-1	-1	-1	-1	-1	-1	-1	-1	-1	-1	-1	-1	-1	-1	FFFFFF99	配饰	368	2004	1
59031428	5	4	33	11	Charm11_2	1	3+3+6		1	1	-1	-1	-1	-1	-1	-1	-1	-1	-1	-1	-1	-1	-1	-1	-1	-1	-1	-1	-1	-1	-1	-1	-1	-1	-1	-1	-1	-1	-1	-1	-1	-1	-1	-1	-1	-1	-1	-1	-1	-1	-1	-1	-1	-1	-1	-1	-1	-1	-1	-1	-1	-1	-1	-1	-1	-1	-1	-1	-1	-1	-1	-1	-1	-1	FFFFFF99	配饰	369	2004	1
59031429	5	4	33	11	Charm11_2	1	3+3+7		1	1	-1	-1	-1	-1	-1	-1	-1	-1	-1	-1	-1	-1	-1	-1	-1	-1	-1	-1	-1	-1	-1	-1	-1	-1	-1	-1	-1	-1	-1	-1	-1	-1	-1	-1	-1	-1	-1	-1	-1	-1	-1	-1	-1	-1	-1	-1	-1	-1	-1	-1	-1	-1	-1	-1	-1	-1	-1	-1	-1	-1	-1	-1	-1	-1	FFFFFF99	配饰	370	2004	1
59031430	5	4	33	11	Charm11_2	1	3+3+8		1	1	-1	-1	-1	-1	-1	-1	-1	-1	-1	-1	-1	-1	-1	-1	-1	-1	-1	-1	-1	-1	-1	-1	-1	-1	-1	-1	-1	-1	-1	-1	-1	-1	-1	-1	-1	-1	-1	-1	-1	-1	-1	-1	-1	-1	-1	-1	-1	-1	-1	-1	-1	-1	-1	-1	-1	-1	-1	-1	-1	-1	-1	-1	-1	-1	FFFFFF99	配饰	371	2004	1
59031431	5	4	33	11	Charm11_2	1	3+3+9		1	1	-1	-1	-1	-1	-1	-1	-1	-1	-1	-1	-1	-1	-1	-1	-1	-1	-1	-1	-1	-1	-1	-1	-1	-1	-1	-1	-1	-1	-1	-1	-1	-1	-1	-1	-1	-1	-1	-1	-1	-1	-1	-1	-1	-1	-1	-1	-1	-1	-1	-1	-1	-1	-1	-1	-1	-1	-1	-1	-1	-1	-1	-1	-1	-1	FFFFFF99	配饰	372	2004	1
59031432	5	4	33	11	Charm11_2	1	3+3+10		1	1	-1	-1	-1	-1	-1	-1	-1	-1	-1	-1	-1	-1	-1	-1	-1	-1	-1	-1	-1	-1	-1	-1	-1	-1	-1	-1	-1	-1	-1	-1	-1	-1	-1	-1	-1	-1	-1	-1	-1	-1	-1	-1	-1	-1	-1	-1	-1	-1	-1	-1	-1	-1	-1	-1	-1	-1	-1	-1	-1	-1	-1	-1	-1	-1	FFFFFF99	配饰	373	2004	1
59031433	5	4	33	11	Charm11_2	1	3+3+11		1	1	-1	-1	-1	-1	-1	-1	-1	-1	-1	-1	-1	-1	-1	-1	-1	-1	-1	-1	-1	-1	-1	-1	-1	-1	-1	-1	-1	-1	-1	-1	-1	-1	-1	-1	-1	-1	-1	-1	-1	-1	-1	-1	-1	-1	-1	-1	-1	-1	-1	-1	-1	-1	-1	-1	-1	-1	-1	-1	-1	-1	-1	-1	-1	-1	FFFFFF99	配饰	374	2004	1
59031523	5	4	33	11	Charm11_2	1	3+4+1		1	1	-1	-1	-1	-1	-1	-1	-1	-1	-1	-1	-1	-1	-1	-1	-1	-1	-1	-1	-1	-1	-1	-1	-1	-1	-1	-1	-1	-1	-1	-1	-1	-1	-1	-1	-1	-1	-1	-1	-1	-1	-1	-1	-1	-1	-1	-1	-1	-1	-1	-1	-1	-1	-1	-1	-1	-1	-1	-1	-1	-1	-1	-1	-1	-1	FFFFFF99	配饰	375	2004	1
59031524	5	4	33	11	Charm11_2	1	3+4+2		1	1	-1	-1	-1	-1	-1	-1	-1	-1	-1	-1	-1	-1	-1	-1	-1	-1	-1	-1	-1	-1	-1	-1	-1	-1	-1	-1	-1	-1	-1	-1	-1	-1	-1	-1	-1	-1	-1	-1	-1	-1	-1	-1	-1	-1	-1	-1	-1	-1	-1	-1	-1	-1	-1	-1	-1	-1	-1	-1	-1	-1	-1	-1	-1	-1	FFFFFF99	配饰	376	2004	1
59031525	5	4	33	11	Charm11_2	1	3+4+3		1	1	-1	-1	-1	-1	-1	-1	-1	-1	-1	-1	-1	-1	-1	-1	-1	-1	-1	-1	-1	-1	-1	-1	-1	-1	-1	-1	-1	-1	-1	-1	-1	-1	-1	-1	-1	-1	-1	-1	-1	-1	-1	-1	-1	-1	-1	-1	-1	-1	-1	-1	-1	-1	-1	-1	-1	-1	-1	-1	-1	-1	-1	-1	-1	-1	FFFFFF99	配饰	377	2004	1
59031526	5	4	33	11	Charm11_2	1	3+4+4		1	1	-1	-1	-1	-1	-1	-1	-1	-1	-1	-1	-1	-1	-1	-1	-1	-1	-1	-1	-1	-1	-1	-1	-1	-1	-1	-1	-1	-1	-1	-1	-1	-1	-1	-1	-1	-1	-1	-1	-1	-1	-1	-1	-1	-1	-1	-1	-1	-1	-1	-1	-1	-1	-1	-1	-1	-1	-1	-1	-1	-1	-1	-1	-1	-1	FFFFFF99	配饰	378	2004	1
59031527	5	4	33	11	Charm11_2	1	3+4+5		1	1	-1	-1	-1	-1	-1	-1	-1	-1	-1	-1	-1	-1	-1	-1	-1	-1	-1	-1	-1	-1	-1	-1	-1	-1	-1	-1	-1	-1	-1	-1	-1	-1	-1	-1	-1	-1	-1	-1	-1	-1	-1	-1	-1	-1	-1	-1	-1	-1	-1	-1	-1	-1	-1	-1	-1	-1	-1	-1	-1	-1	-1	-1	-1	-1	FFFFFF99	配饰	379	2004	1
59031528	5	4	33	11	Charm11_2	1	3+4+6		1	1	-1	-1	-1	-1	-1	-1	-1	-1	-1	-1	-1	-1	-1	-1	-1	-1	-1	-1	-1	-1	-1	-1	-1	-1	-1	-1	-1	-1	-1	-1	-1	-1	-1	-1	-1	-1	-1	-1	-1	-1	-1	-1	-1	-1	-1	-1	-1	-1	-1	-1	-1	-1	-1	-1	-1	-1	-1	-1	-1	-1	-1	-1	-1	-1	FFFFFF99	配饰	380	2004	1
59031529	5	4	33	11	Charm11_2	1	3+4+7		1	1	-1	-1	-1	-1	-1	-1	-1	-1	-1	-1	-1	-1	-1	-1	-1	-1	-1	-1	-1	-1	-1	-1	-1	-1	-1	-1	-1	-1	-1	-1	-1	-1	-1	-1	-1	-1	-1	-1	-1	-1	-1	-1	-1	-1	-1	-1	-1	-1	-1	-1	-1	-1	-1	-1	-1	-1	-1	-1	-1	-1	-1	-1	-1	-1	FFFFFF99	配饰	381	2004	1
59031530	5	4	33	11	Charm11_2	1	3+4+8		1	1	-1	-1	-1	-1	-1	-1	-1	-1	-1	-1	-1	-1	-1	-1	-1	-1	-1	-1	-1	-1	-1	-1	-1	-1	-1	-1	-1	-1	-1	-1	-1	-1	-1	-1	-1	-1	-1	-1	-1	-1	-1	-1	-1	-1	-1	-1	-1	-1	-1	-1	-1	-1	-1	-1	-1	-1	-1	-1	-1	-1	-1	-1	-1	-1	FFFFFF99	配饰	382	2004	1
59031531	5	4	33	11	Charm11_2	1	3+4+9		1	1	-1	-1	-1	-1	-1	-1	-1	-1	-1	-1	-1	-1	-1	-1	-1	-1	-1	-1	-1	-1	-1	-1	-1	-1	-1	-1	-1	-1	-1	-1	-1	-1	-1	-1	-1	-1	-1	-1	-1	-1	-1	-1	-1	-1	-1	-1	-1	-1	-1	-1	-1	-1	-1	-1	-1	-1	-1	-1	-1	-1	-1	-1	-1	-1	FFFFFF99	配饰	383	2004	1
59031532	5	4	33	11	Charm11_2	1	3+4+10		1	1	-1	-1	-1	-1	-1	-1	-1	-1	-1	-1	-1	-1	-1	-1	-1	-1	-1	-1	-1	-1	-1	-1	-1	-1	-1	-1	-1	-1	-1	-1	-1	-1	-1	-1	-1	-1	-1	-1	-1	-1	-1	-1	-1	-1	-1	-1	-1	-1	-1	-1	-1	-1	-1	-1	-1	-1	-1	-1	-1	-1	-1	-1	-1	-1	FFFFFF99	配饰	384	2004	1
59031533	5	4	33	11	Charm11_2	1	3+4+11		1	1	-1	-1	-1	-1	-1	-1	-1	-1	-1	-1	-1	-1	-1	-1	-1	-1	-1	-1	-1	-1	-1	-1	-1	-1	-1	-1	-1	-1	-1	-1	-1	-1	-1	-1	-1	-1	-1	-1	-1	-1	-1	-1	-1	-1	-1	-1	-1	-1	-1	-1	-1	-1	-1	-1	-1	-1	-1	-1	-1	-1	-1	-1	-1	-1	FFFFFF99	配饰	385	2004	1
59031623	5	4	33	11	Charm11_2	1	3+5+1		1	1	-1	-1	-1	-1	-1	-1	-1	-1	-1	-1	-1	-1	-1	-1	-1	-1	-1	-1	-1	-1	-1	-1	-1	-1	-1	-1	-1	-1	-1	-1	-1	-1	-1	-1	-1	-1	-1	-1	-1	-1	-1	-1	-1	-1	-1	-1	-1	-1	-1	-1	-1	-1	-1	-1	-1	-1	-1	-1	-1	-1	-1	-1	-1	-1	FFFFFF99	配饰	386	2004	1
59031624	5	4	33	11	Charm11_2	1	3+5+2		1	1	-1	-1	-1	-1	-1	-1	-1	-1	-1	-1	-1	-1	-1	-1	-1	-1	-1	-1	-1	-1	-1	-1	-1	-1	-1	-1	-1	-1	-1	-1	-1	-1	-1	-1	-1	-1	-1	-1	-1	-1	-1	-1	-1	-1	-1	-1	-1	-1	-1	-1	-1	-1	-1	-1	-1	-1	-1	-1	-1	-1	-1	-1	-1	-1	FFFFFF99	配饰	387	2004	1
59031625	5	4	33	11	Charm11_2	1	3+5+3		1	1	-1	-1	-1	-1	-1	-1	-1	-1	-1	-1	-1	-1	-1	-1	-1	-1	-1	-1	-1	-1	-1	-1	-1	-1	-1	-1	-1	-1	-1	-1	-1	-1	-1	-1	-1	-1	-1	-1	-1	-1	-1	-1	-1	-1	-1	-1	-1	-1	-1	-1	-1	-1	-1	-1	-1	-1	-1	-1	-1	-1	-1	-1	-1	-1	FFFFFF99	配饰	388	2004	1
59031626	5	4	33	11	Charm11_2	1	3+5+4		1	1	-1	-1	-1	-1	-1	-1	-1	-1	-1	-1	-1	-1	-1	-1	-1	-1	-1	-1	-1	-1	-1	-1	-1	-1	-1	-1	-1	-1	-1	-1	-1	-1	-1	-1	-1	-1	-1	-1	-1	-1	-1	-1	-1	-1	-1	-1	-1	-1	-1	-1	-1	-1	-1	-1	-1	-1	-1	-1	-1	-1	-1	-1	-1	-1	FFFFFF99	配饰	389	2004	1
59031627	5	4	33	11	Charm11_2	1	3+5+5		1	1	-1	-1	-1	-1	-1	-1	-1	-1	-1	-1	-1	-1	-1	-1	-1	-1	-1	-1	-1	-1	-1	-1	-1	-1	-1	-1	-1	-1	-1	-1	-1	-1	-1	-1	-1	-1	-1	-1	-1	-1	-1	-1	-1	-1	-1	-1	-1	-1	-1	-1	-1	-1	-1	-1	-1	-1	-1	-1	-1	-1	-1	-1	-1	-1	FFFFFF99	配饰	390	2004	1
59031628	5	4	33	11	Charm11_2	1	3+5+6		1	1	-1	-1	-1	-1	-1	-1	-1	-1	-1	-1	-1	-1	-1	-1	-1	-1	-1	-1	-1	-1	-1	-1	-1	-1	-1	-1	-1	-1	-1	-1	-1	-1	-1	-1	-1	-1	-1	-1	-1	-1	-1	-1	-1	-1	-1	-1	-1	-1	-1	-1	-1	-1	-1	-1	-1	-1	-1	-1	-1	-1	-1	-1	-1	-1	FFFFFF99	配饰	391	2004	1
59031629	5	4	33	11	Charm11_2	1	3+5+7		1	1	-1	-1	-1	-1	-1	-1	-1	-1	-1	-1	-1	-1	-1	-1	-1	-1	-1	-1	-1	-1	-1	-1	-1	-1	-1	-1	-1	-1	-1	-1	-1	-1	-1	-1	-1	-1	-1	-1	-1	-1	-1	-1	-1	-1	-1	-1	-1	-1	-1	-1	-1	-1	-1	-1	-1	-1	-1	-1	-1	-1	-1	-1	-1	-1	FFFFFF99	配饰	392	2004	1
59031630	5	4	33	11	Charm11_2	1	3+5+8		1	1	-1	-1	-1	-1	-1	-1	-1	-1	-1	-1	-1	-1	-1	-1	-1	-1	-1	-1	-1	-1	-1	-1	-1	-1	-1	-1	-1	-1	-1	-1	-1	-1	-1	-1	-1	-1	-1	-1	-1	-1	-1	-1	-1	-1	-1	-1	-1	-1	-1	-1	-1	-1	-1	-1	-1	-1	-1	-1	-1	-1	-1	-1	-1	-1	FFFFFF99	配饰	393	2004	1
59031631	5	4	33	11	Charm11_2	1	3+5+9		1	1	-1	-1	-1	-1	-1	-1	-1	-1	-1	-1	-1	-1	-1	-1	-1	-1	-1	-1	-1	-1	-1	-1	-1	-1	-1	-1	-1	-1	-1	-1	-1	-1	-1	-1	-1	-1	-1	-1	-1	-1	-1	-1	-1	-1	-1	-1	-1	-1	-1	-1	-1	-1	-1	-1	-1	-1	-1	-1	-1	-1	-1	-1	-1	-1	FFFFFF99	配饰	394	2004	1
59031632	5	4	33	11	Charm11_2	1	3+5+10		1	1	-1	-1	-1	-1	-1	-1	-1	-1	-1	-1	-1	-1	-1	-1	-1	-1	-1	-1	-1	-1	-1	-1	-1	-1	-1	-1	-1	-1	-1	-1	-1	-1	-1	-1	-1	-1	-1	-1	-1	-1	-1	-1	-1	-1	-1	-1	-1	-1	-1	-1	-1	-1	-1	-1	-1	-1	-1	-1	-1	-1	-1	-1	-1	-1	FFFFFF99	配饰	395	2004	1
59031633	5	4	33	11	Charm11_2	1	3+5+11		1	1	-1	-1	-1	-1	-1	-1	-1	-1	-1	-1	-1	-1	-1	-1	-1	-1	-1	-1	-1	-1	-1	-1	-1	-1	-1	-1	-1	-1	-1	-1	-1	-1	-1	-1	-1	-1	-1	-1	-1	-1	-1	-1	-1	-1	-1	-1	-1	-1	-1	-1	-1	-1	-1	-1	-1	-1	-1	-1	-1	-1	-1	-1	-1	-1	FFFFFF99	配饰	396	2004	1
59031723	5	4	33	11	Charm11_2	1	3+6+1		1	1	-1	-1	-1	-1	-1	-1	-1	-1	-1	-1	-1	-1	-1	-1	-1	-1	-1	-1	-1	-1	-1	-1	-1	-1	-1	-1	-1	-1	-1	-1	-1	-1	-1	-1	-1	-1	-1	-1	-1	-1	-1	-1	-1	-1	-1	-1	-1	-1	-1	-1	-1	-1	-1	-1	-1	-1	-1	-1	-1	-1	-1	-1	-1	-1	FFFFFF99	配饰	397	2004	1
59031724	5	4	33	11	Charm11_2	1	3+6+2		1	1	-1	-1	-1	-1	-1	-1	-1	-1	-1	-1	-1	-1	-1	-1	-1	-1	-1	-1	-1	-1	-1	-1	-1	-1	-1	-1	-1	-1	-1	-1	-1	-1	-1	-1	-1	-1	-1	-1	-1	-1	-1	-1	-1	-1	-1	-1	-1	-1	-1	-1	-1	-1	-1	-1	-1	-1	-1	-1	-1	-1	-1	-1	-1	-1	FFFFFF99	配饰	398	2004	1
59031725	5	4	33	11	Charm11_2	1	3+6+3		1	1	-1	-1	-1	-1	-1	-1	-1	-1	-1	-1	-1	-1	-1	-1	-1	-1	-1	-1	-1	-1	-1	-1	-1	-1	-1	-1	-1	-1	-1	-1	-1	-1	-1	-1	-1	-1	-1	-1	-1	-1	-1	-1	-1	-1	-1	-1	-1	-1	-1	-1	-1	-1	-1	-1	-1	-1	-1	-1	-1	-1	-1	-1	-1	-1	FFFFFF99	配饰	399	2004	1
59031726	5	4	33	11	Charm11_2	1	3+6+4		1	1	-1	-1	-1	-1	-1	-1	-1	-1	-1	-1	-1	-1	-1	-1	-1	-1	-1	-1	-1	-1	-1	-1	-1	-1	-1	-1	-1	-1	-1	-1	-1	-1	-1	-1	-1	-1	-1	-1	-1	-1	-1	-1	-1	-1	-1	-1	-1	-1	-1	-1	-1	-1	-1	-1	-1	-1	-1	-1	-1	-1	-1	-1	-1	-1	FFFFFF99	配饰	400	2004	1
59031727	5	4	33	11	Charm11_2	1	3+6+5		1	1	-1	-1	-1	-1	-1	-1	-1	-1	-1	-1	-1	-1	-1	-1	-1	-1	-1	-1	-1	-1	-1	-1	-1	-1	-1	-1	-1	-1	-1	-1	-1	-1	-1	-1	-1	-1	-1	-1	-1	-1	-1	-1	-1	-1	-1	-1	-1	-1	-1	-1	-1	-1	-1	-1	-1	-1	-1	-1	-1	-1	-1	-1	-1	-1	FFFFFF99	配饰	401	2004	1
59031728	5	4	33	11	Charm11_2	1	3+6+6		1	1	-1	-1	-1	-1	-1	-1	-1	-1	-1	-1	-1	-1	-1	-1	-1	-1	-1	-1	-1	-1	-1	-1	-1	-1	-1	-1	-1	-1	-1	-1	-1	-1	-1	-1	-1	-1	-1	-1	-1	-1	-1	-1	-1	-1	-1	-1	-1	-1	-1	-1	-1	-1	-1	-1	-1	-1	-1	-1	-1	-1	-1	-1	-1	-1	FFFFFF99	配饰	402	2004	1
59031729	5	4	33	11	Charm11_2	1	3+6+7		1	1	-1	-1	-1	-1	-1	-1	-1	-1	-1	-1	-1	-1	-1	-1	-1	-1	-1	-1	-1	-1	-1	-1	-1	-1	-1	-1	-1	-1	-1	-1	-1	-1	-1	-1	-1	-1	-1	-1	-1	-1	-1	-1	-1	-1	-1	-1	-1	-1	-1	-1	-1	-1	-1	-1	-1	-1	-1	-1	-1	-1	-1	-1	-1	-1	FFFFFF99	配饰	403	2004	1
59031730	5	4	33	11	Charm11_2	1	3+6+8		1	1	-1	-1	-1	-1	-1	-1	-1	-1	-1	-1	-1	-1	-1	-1	-1	-1	-1	-1	-1	-1	-1	-1	-1	-1	-1	-1	-1	-1	-1	-1	-1	-1	-1	-1	-1	-1	-1	-1	-1	-1	-1	-1	-1	-1	-1	-1	-1	-1	-1	-1	-1	-1	-1	-1	-1	-1	-1	-1	-1	-1	-1	-1	-1	-1	FFFFFF99	配饰	404	2004	1
59031731	5	4	33	11	Charm11_2	1	3+6+9		1	1	-1	-1	-1	-1	-1	-1	-1	-1	-1	-1	-1	-1	-1	-1	-1	-1	-1	-1	-1	-1	-1	-1	-1	-1	-1	-1	-1	-1	-1	-1	-1	-1	-1	-1	-1	-1	-1	-1	-1	-1	-1	-1	-1	-1	-1	-1	-1	-1	-1	-1	-1	-1	-1	-1	-1	-1	-1	-1	-1	-1	-1	-1	-1	-1	FFFFFF99	配饰	405	2004	1
59031732	5	4	33	11	Charm11_2	1	3+6+10		1	1	-1	-1	-1	-1	-1	-1	-1	-1	-1	-1	-1	-1	-1	-1	-1	-1	-1	-1	-1	-1	-1	-1	-1	-1	-1	-1	-1	-1	-1	-1	-1	-1	-1	-1	-1	-1	-1	-1	-1	-1	-1	-1	-1	-1	-1	-1	-1	-1	-1	-1	-1	-1	-1	-1	-1	-1	-1	-1	-1	-1	-1	-1	-1	-1	FFFFFF99	配饰	406	2004	1
59031733	5	4	33	11	Charm11_2	1	3+6+11		1	1	-1	-1	-1	-1	-1	-1	-1	-1	-1	-1	-1	-1	-1	-1	-1	-1	-1	-1	-1	-1	-1	-1	-1	-1	-1	-1	-1	-1	-1	-1	-1	-1	-1	-1	-1	-1	-1	-1	-1	-1	-1	-1	-1	-1	-1	-1	-1	-1	-1	-1	-1	-1	-1	-1	-1	-1	-1	-1	-1	-1	-1	-1	-1	-1	FFFFFF99	配饰	407	2004	1
59031823	5	4	33	11	Charm11_2	1	3+7+1		1	1	-1	-1	-1	-1	-1	-1	-1	-1	-1	-1	-1	-1	-1	-1	-1	-1	-1	-1	-1	-1	-1	-1	-1	-1	-1	-1	-1	-1	-1	-1	-1	-1	-1	-1	-1	-1	-1	-1	-1	-1	-1	-1	-1	-1	-1	-1	-1	-1	-1	-1	-1	-1	-1	-1	-1	-1	-1	-1	-1	-1	-1	-1	-1	-1	FFFFFF99	配饰	408	2004	1
59031824	5	4	33	11	Charm11_2	1	3+7+2		1	1	-1	-1	-1	-1	-1	-1	-1	-1	-1	-1	-1	-1	-1	-1	-1	-1	-1	-1	-1	-1	-1	-1	-1	-1	-1	-1	-1	-1	-1	-1	-1	-1	-1	-1	-1	-1	-1	-1	-1	-1	-1	-1	-1	-1	-1	-1	-1	-1	-1	-1	-1	-1	-1	-1	-1	-1	-1	-1	-1	-1	-1	-1	-1	-1	FFFFFF99	配饰	409	2004	1
59031825	5	4	33	11	Charm11_2	1	3+7+3		1	1	-1	-1	-1	-1	-1	-1	-1	-1	-1	-1	-1	-1	-1	-1	-1	-1	-1	-1	-1	-1	-1	-1	-1	-1	-1	-1	-1	-1	-1	-1	-1	-1	-1	-1	-1	-1	-1	-1	-1	-1	-1	-1	-1	-1	-1	-1	-1	-1	-1	-1	-1	-1	-1	-1	-1	-1	-1	-1	-1	-1	-1	-1	-1	-1	FFFFFF99	配饰	410	2004	1
59031826	5	4	33	11	Charm11_2	1	3+7+4		1	1	-1	-1	-1	-1	-1	-1	-1	-1	-1	-1	-1	-1	-1	-1	-1	-1	-1	-1	-1	-1	-1	-1	-1	-1	-1	-1	-1	-1	-1	-1	-1	-1	-1	-1	-1	-1	-1	-1	-1	-1	-1	-1	-1	-1	-1	-1	-1	-1	-1	-1	-1	-1	-1	-1	-1	-1	-1	-1	-1	-1	-1	-1	-1	-1	FFFFFF99	配饰	411	2004	1
59031827	5	4	33	11	Charm11_2	1	3+7+5		1	1	-1	-1	-1	-1	-1	-1	-1	-1	-1	-1	-1	-1	-1	-1	-1	-1	-1	-1	-1	-1	-1	-1	-1	-1	-1	-1	-1	-1	-1	-1	-1	-1	-1	-1	-1	-1	-1	-1	-1	-1	-1	-1	-1	-1	-1	-1	-1	-1	-1	-1	-1	-1	-1	-1	-1	-1	-1	-1	-1	-1	-1	-1	-1	-1	FFFFFF99	配饰	412	2004	1
59031828	5	4	33	11	Charm11_2	1	3+7+6		1	1	-1	-1	-1	-1	-1	-1	-1	-1	-1	-1	-1	-1	-1	-1	-1	-1	-1	-1	-1	-1	-1	-1	-1	-1	-1	-1	-1	-1	-1	-1	-1	-1	-1	-1	-1	-1	-1	-1	-1	-1	-1	-1	-1	-1	-1	-1	-1	-1	-1	-1	-1	-1	-1	-1	-1	-1	-1	-1	-1	-1	-1	-1	-1	-1	FFFFFF99	配饰	413	2004	1
59031829	5	4	33	11	Charm11_2	1	3+7+7		1	1	-1	-1	-1	-1	-1	-1	-1	-1	-1	-1	-1	-1	-1	-1	-1	-1	-1	-1	-1	-1	-1	-1	-1	-1	-1	-1	-1	-1	-1	-1	-1	-1	-1	-1	-1	-1	-1	-1	-1	-1	-1	-1	-1	-1	-1	-1	-1	-1	-1	-1	-1	-1	-1	-1	-1	-1	-1	-1	-1	-1	-1	-1	-1	-1	FFFFFF99	配饰	414	2004	1
59031830	5	4	33	11	Charm11_2	1	3+7+8		1	1	-1	-1	-1	-1	-1	-1	-1	-1	-1	-1	-1	-1	-1	-1	-1	-1	-1	-1	-1	-1	-1	-1	-1	-1	-1	-1	-1	-1	-1	-1	-1	-1	-1	-1	-1	-1	-1	-1	-1	-1	-1	-1	-1	-1	-1	-1	-1	-1	-1	-1	-1	-1	-1	-1	-1	-1	-1	-1	-1	-1	-1	-1	-1	-1	FFFFFF99	配饰	415	2004	1
59031831	5	4	33	11	Charm11_2	1	3+7+9		1	1	-1	-1	-1	-1	-1	-1	-1	-1	-1	-1	-1	-1	-1	-1	-1	-1	-1	-1	-1	-1	-1	-1	-1	-1	-1	-1	-1	-1	-1	-1	-1	-1	-1	-1	-1	-1	-1	-1	-1	-1	-1	-1	-1	-1	-1	-1	-1	-1	-1	-1	-1	-1	-1	-1	-1	-1	-1	-1	-1	-1	-1	-1	-1	-1	FFFFFF99	配饰	416	2004	1
59031832	5	4	33	11	Charm11_2	1	3+7+10		1	1	-1	-1	-1	-1	-1	-1	-1	-1	-1	-1	-1	-1	-1	-1	-1	-1	-1	-1	-1	-1	-1	-1	-1	-1	-1	-1	-1	-1	-1	-1	-1	-1	-1	-1	-1	-1	-1	-1	-1	-1	-1	-1	-1	-1	-1	-1	-1	-1	-1	-1	-1	-1	-1	-1	-1	-1	-1	-1	-1	-1	-1	-1	-1	-1	FFFFFF99	配饰	417	2004	1
59031833	5	4	33	11	Charm11_2	1	3+7+11		1	1	-1	-1	-1	-1	-1	-1	-1	-1	-1	-1	-1	-1	-1	-1	-1	-1	-1	-1	-1	-1	-1	-1	-1	-1	-1	-1	-1	-1	-1	-1	-1	-1	-1	-1	-1	-1	-1	-1	-1	-1	-1	-1	-1	-1	-1	-1	-1	-1	-1	-1	-1	-1	-1	-1	-1	-1	-1	-1	-1	-1	-1	-1	-1	-1	FFFFFF99	配饰	418	2004	1
59031923	5	4	33	11	Charm11_2	1	3+8+1		1	1	-1	-1	-1	-1	-1	-1	-1	-1	-1	-1	-1	-1	-1	-1	-1	-1	-1	-1	-1	-1	-1	-1	-1	-1	-1	-1	-1	-1	-1	-1	-1	-1	-1	-1	-1	-1	-1	-1	-1	-1	-1	-1	-1	-1	-1	-1	-1	-1	-1	-1	-1	-1	-1	-1	-1	-1	-1	-1	-1	-1	-1	-1	-1	-1	FFFFFF99	配饰	419	2004	1
59031924	5	4	33	11	Charm11_2	1	3+8+2		1	1	-1	-1	-1	-1	-1	-1	-1	-1	-1	-1	-1	-1	-1	-1	-1	-1	-1	-1	-1	-1	-1	-1	-1	-1	-1	-1	-1	-1	-1	-1	-1	-1	-1	-1	-1	-1	-1	-1	-1	-1	-1	-1	-1	-1	-1	-1	-1	-1	-1	-1	-1	-1	-1	-1	-1	-1	-1	-1	-1	-1	-1	-1	-1	-1	FFFFFF99	配饰	420	2004	1
59031925	5	4	33	11	Charm11_2	1	3+8+3		1	1	-1	-1	-1	-1	-1	-1	-1	-1	-1	-1	-1	-1	-1	-1	-1	-1	-1	-1	-1	-1	-1	-1	-1	-1	-1	-1	-1	-1	-1	-1	-1	-1	-1	-1	-1	-1	-1	-1	-1	-1	-1	-1	-1	-1	-1	-1	-1	-1	-1	-1	-1	-1	-1	-1	-1	-1	-1	-1	-1	-1	-1	-1	-1	-1	FFFFFF99	配饰	421	2004	1
59031926	5	4	33	11	Charm11_2	1	3+8+4		1	1	-1	-1	-1	-1	-1	-1	-1	-1	-1	-1	-1	-1	-1	-1	-1	-1	-1	-1	-1	-1	-1	-1	-1	-1	-1	-1	-1	-1	-1	-1	-1	-1	-1	-1	-1	-1	-1	-1	-1	-1	-1	-1	-1	-1	-1	-1	-1	-1	-1	-1	-1	-1	-1	-1	-1	-1	-1	-1	-1	-1	-1	-1	-1	-1	FFFFFF99	配饰	422	2004	1
59031927	5	4	33	11	Charm11_2	1	3+8+5		1	1	-1	-1	-1	-1	-1	-1	-1	-1	-1	-1	-1	-1	-1	-1	-1	-1	-1	-1	-1	-1	-1	-1	-1	-1	-1	-1	-1	-1	-1	-1	-1	-1	-1	-1	-1	-1	-1	-1	-1	-1	-1	-1	-1	-1	-1	-1	-1	-1	-1	-1	-1	-1	-1	-1	-1	-1	-1	-1	-1	-1	-1	-1	-1	-1	FFFFFF99	配饰	423	2004	1
59031928	5	4	33	11	Charm11_2	1	3+8+6		1	1	-1	-1	-1	-1	-1	-1	-1	-1	-1	-1	-1	-1	-1	-1	-1	-1	-1	-1	-1	-1	-1	-1	-1	-1	-1	-1	-1	-1	-1	-1	-1	-1	-1	-1	-1	-1	-1	-1	-1	-1	-1	-1	-1	-1	-1	-1	-1	-1	-1	-1	-1	-1	-1	-1	-1	-1	-1	-1	-1	-1	-1	-1	-1	-1	FFFFFF99	配饰	424	2004	1
59031929	5	4	33	11	Charm11_2	1	3+8+7		1	1	-1	-1	-1	-1	-1	-1	-1	-1	-1	-1	-1	-1	-1	-1	-1	-1	-1	-1	-1	-1	-1	-1	-1	-1	-1	-1	-1	-1	-1	-1	-1	-1	-1	-1	-1	-1	-1	-1	-1	-1	-1	-1	-1	-1	-1	-1	-1	-1	-1	-1	-1	-1	-1	-1	-1	-1	-1	-1	-1	-1	-1	-1	-1	-1	FFFFFF99	配饰	425	2004	1
59031930	5	4	33	11	Charm11_2	1	3+8+8		1	1	-1	-1	-1	-1	-1	-1	-1	-1	-1	-1	-1	-1	-1	-1	-1	-1	-1	-1	-1	-1	-1	-1	-1	-1	-1	-1	-1	-1	-1	-1	-1	-1	-1	-1	-1	-1	-1	-1	-1	-1	-1	-1	-1	-1	-1	-1	-1	-1	-1	-1	-1	-1	-1	-1	-1	-1	-1	-1	-1	-1	-1	-1	-1	-1	FFFFFF99	配饰	426	2004	1
59031931	5	4	33	11	Charm11_2	1	3+8+9		1	1	-1	-1	-1	-1	-1	-1	-1	-1	-1	-1	-1	-1	-1	-1	-1	-1	-1	-1	-1	-1	-1	-1	-1	-1	-1	-1	-1	-1	-1	-1	-1	-1	-1	-1	-1	-1	-1	-1	-1	-1	-1	-1	-1	-1	-1	-1	-1	-1	-1	-1	-1	-1	-1	-1	-1	-1	-1	-1	-1	-1	-1	-1	-1	-1	FFFFFF99	配饰	427	2004	1
59031932	5	4	33	11	Charm11_2	1	3+8+10		1	1	-1	-1	-1	-1	-1	-1	-1	-1	-1	-1	-1	-1	-1	-1	-1	-1	-1	-1	-1	-1	-1	-1	-1	-1	-1	-1	-1	-1	-1	-1	-1	-1	-1	-1	-1	-1	-1	-1	-1	-1	-1	-1	-1	-1	-1	-1	-1	-1	-1	-1	-1	-1	-1	-1	-1	-1	-1	-1	-1	-1	-1	-1	-1	-1	FFFFFF99	配饰	428	2004	1
59031933	5	4	33	11	Charm11_2	1	3+8+11		1	1	-1	-1	-1	-1	-1	-1	-1	-1	-1	-1	-1	-1	-1	-1	-1	-1	-1	-1	-1	-1	-1	-1	-1	-1	-1	-1	-1	-1	-1	-1	-1	-1	-1	-1	-1	-1	-1	-1	-1	-1	-1	-1	-1	-1	-1	-1	-1	-1	-1	-1	-1	-1	-1	-1	-1	-1	-1	-1	-1	-1	-1	-1	-1	-1	FFFFFF99	配饰	429	2004	1
59032023	5	4	33	11	Charm11_2	1	3+9+1		1	1	-1	-1	-1	-1	-1	-1	-1	-1	-1	-1	-1	-1	-1	-1	-1	-1	-1	-1	-1	-1	-1	-1	-1	-1	-1	-1	-1	-1	-1	-1	-1	-1	-1	-1	-1	-1	-1	-1	-1	-1	-1	-1	-1	-1	-1	-1	-1	-1	-1	-1	-1	-1	-1	-1	-1	-1	-1	-1	-1	-1	-1	-1	-1	-1	FFFFFF99	配饰	430	2004	1
59032024	5	4	33	11	Charm11_2	1	3+9+2		1	1	-1	-1	-1	-1	-1	-1	-1	-1	-1	-1	-1	-1	-1	-1	-1	-1	-1	-1	-1	-1	-1	-1	-1	-1	-1	-1	-1	-1	-1	-1	-1	-1	-1	-1	-1	-1	-1	-1	-1	-1	-1	-1	-1	-1	-1	-1	-1	-1	-1	-1	-1	-1	-1	-1	-1	-1	-1	-1	-1	-1	-1	-1	-1	-1	FFFFFF99	配饰	431	2004	1
59032025	5	4	33	11	Charm11_2	1	3+9+3		1	1	-1	-1	-1	-1	-1	-1	-1	-1	-1	-1	-1	-1	-1	-1	-1	-1	-1	-1	-1	-1	-1	-1	-1	-1	-1	-1	-1	-1	-1	-1	-1	-1	-1	-1	-1	-1	-1	-1	-1	-1	-1	-1	-1	-1	-1	-1	-1	-1	-1	-1	-1	-1	-1	-1	-1	-1	-1	-1	-1	-1	-1	-1	-1	-1	FFFFFF99	配饰	432	2004	1
59032026	5	4	33	11	Charm11_2	1	3+9+4		1	1	-1	-1	-1	-1	-1	-1	-1	-1	-1	-1	-1	-1	-1	-1	-1	-1	-1	-1	-1	-1	-1	-1	-1	-1	-1	-1	-1	-1	-1	-1	-1	-1	-1	-1	-1	-1	-1	-1	-1	-1	-1	-1	-1	-1	-1	-1	-1	-1	-1	-1	-1	-1	-1	-1	-1	-1	-1	-1	-1	-1	-1	-1	-1	-1	FFFFFF99	配饰	433	2004	1
59032027	5	4	33	11	Charm11_2	1	3+9+5		1	1	-1	-1	-1	-1	-1	-1	-1	-1	-1	-1	-1	-1	-1	-1	-1	-1	-1	-1	-1	-1	-1	-1	-1	-1	-1	-1	-1	-1	-1	-1	-1	-1	-1	-1	-1	-1	-1	-1	-1	-1	-1	-1	-1	-1	-1	-1	-1	-1	-1	-1	-1	-1	-1	-1	-1	-1	-1	-1	-1	-1	-1	-1	-1	-1	FFFFFF99	配饰	434	2004	1
59032028	5	4	33	11	Charm11_2	1	3+9+6		1	1	-1	-1	-1	-1	-1	-1	-1	-1	-1	-1	-1	-1	-1	-1	-1	-1	-1	-1	-1	-1	-1	-1	-1	-1	-1	-1	-1	-1	-1	-1	-1	-1	-1	-1	-1	-1	-1	-1	-1	-1	-1	-1	-1	-1	-1	-1	-1	-1	-1	-1	-1	-1	-1	-1	-1	-1	-1	-1	-1	-1	-1	-1	-1	-1	FFFFFF99	配饰	435	2004	1
59032029	5	4	33	11	Charm11_2	1	3+9+7		1	1	-1	-1	-1	-1	-1	-1	-1	-1	-1	-1	-1	-1	-1	-1	-1	-1	-1	-1	-1	-1	-1	-1	-1	-1	-1	-1	-1	-1	-1	-1	-1	-1	-1	-1	-1	-1	-1	-1	-1	-1	-1	-1	-1	-1	-1	-1	-1	-1	-1	-1	-1	-1	-1	-1	-1	-1	-1	-1	-1	-1	-1	-1	-1	-1	FFFFFF99	配饰	436	2004	1
59032030	5	4	33	11	Charm11_2	1	3+9+8		1	1	-1	-1	-1	-1	-1	-1	-1	-1	-1	-1	-1	-1	-1	-1	-1	-1	-1	-1	-1	-1	-1	-1	-1	-1	-1	-1	-1	-1	-1	-1	-1	-1	-1	-1	-1	-1	-1	-1	-1	-1	-1	-1	-1	-1	-1	-1	-1	-1	-1	-1	-1	-1	-1	-1	-1	-1	-1	-1	-1	-1	-1	-1	-1	-1	FFFFFF99	配饰	437	2004	1
59032031	5	4	33	11	Charm11_2	1	3+9+9		1	1	-1	-1	-1	-1	-1	-1	-1	-1	-1	-1	-1	-1	-1	-1	-1	-1	-1	-1	-1	-1	-1	-1	-1	-1	-1	-1	-1	-1	-1	-1	-1	-1	-1	-1	-1	-1	-1	-1	-1	-1	-1	-1	-1	-1	-1	-1	-1	-1	-1	-1	-1	-1	-1	-1	-1	-1	-1	-1	-1	-1	-1	-1	-1	-1	FFFFFF99	配饰	438	2004	1
59032032	5	4	33	11	Charm11_2	1	3+9+10		1	1	-1	-1	-1	-1	-1	-1	-1	-1	-1	-1	-1	-1	-1	-1	-1	-1	-1	-1	-1	-1	-1	-1	-1	-1	-1	-1	-1	-1	-1	-1	-1	-1	-1	-1	-1	-1	-1	-1	-1	-1	-1	-1	-1	-1	-1	-1	-1	-1	-1	-1	-1	-1	-1	-1	-1	-1	-1	-1	-1	-1	-1	-1	-1	-1	FFFFFF99	配饰	439	2004	1
59032033	5	4	33	11	Charm11_2	1	3+9+11		1	1	-1	-1	-1	-1	-1	-1	-1	-1	-1	-1	-1	-1	-1	-1	-1	-1	-1	-1	-1	-1	-1	-1	-1	-1	-1	-1	-1	-1	-1	-1	-1	-1	-1	-1	-1	-1	-1	-1	-1	-1	-1	-1	-1	-1	-1	-1	-1	-1	-1	-1	-1	-1	-1	-1	-1	-1	-1	-1	-1	-1	-1	-1	-1	-1	FFFFFF99	配饰	440	2004	1
59032123	5	4	33	11	Charm11_2	1	3+10+1		1	1	-1	-1	-1	-1	-1	-1	-1	-1	-1	-1	-1	-1	-1	-1	-1	-1	-1	-1	-1	-1	-1	-1	-1	-1	-1	-1	-1	-1	-1	-1	-1	-1	-1	-1	-1	-1	-1	-1	-1	-1	-1	-1	-1	-1	-1	-1	-1	-1	-1	-1	-1	-1	-1	-1	-1	-1	-1	-1	-1	-1	-1	-1	-1	-1	FFFFFF99	配饰	441	2004	1
59032124	5	4	33	11	Charm11_2	1	3+10+2		1	1	-1	-1	-1	-1	-1	-1	-1	-1	-1	-1	-1	-1	-1	-1	-1	-1	-1	-1	-1	-1	-1	-1	-1	-1	-1	-1	-1	-1	-1	-1	-1	-1	-1	-1	-1	-1	-1	-1	-1	-1	-1	-1	-1	-1	-1	-1	-1	-1	-1	-1	-1	-1	-1	-1	-1	-1	-1	-1	-1	-1	-1	-1	-1	-1	FFFFFF99	配饰	442	2004	1
59032125	5	4	33	11	Charm11_2	1	3+10+3		1	1	-1	-1	-1	-1	-1	-1	-1	-1	-1	-1	-1	-1	-1	-1	-1	-1	-1	-1	-1	-1	-1	-1	-1	-1	-1	-1	-1	-1	-1	-1	-1	-1	-1	-1	-1	-1	-1	-1	-1	-1	-1	-1	-1	-1	-1	-1	-1	-1	-1	-1	-1	-1	-1	-1	-1	-1	-1	-1	-1	-1	-1	-1	-1	-1	FFFFFF99	配饰	443	2004	1
59032126	5	4	33	11	Charm11_2	1	3+10+4		1	1	-1	-1	-1	-1	-1	-1	-1	-1	-1	-1	-1	-1	-1	-1	-1	-1	-1	-1	-1	-1	-1	-1	-1	-1	-1	-1	-1	-1	-1	-1	-1	-1	-1	-1	-1	-1	-1	-1	-1	-1	-1	-1	-1	-1	-1	-1	-1	-1	-1	-1	-1	-1	-1	-1	-1	-1	-1	-1	-1	-1	-1	-1	-1	-1	FFFFFF99	配饰	444	2004	1
59032127	5	4	33	11	Charm11_2	1	3+10+5		1	1	-1	-1	-1	-1	-1	-1	-1	-1	-1	-1	-1	-1	-1	-1	-1	-1	-1	-1	-1	-1	-1	-1	-1	-1	-1	-1	-1	-1	-1	-1	-1	-1	-1	-1	-1	-1	-1	-1	-1	-1	-1	-1	-1	-1	-1	-1	-1	-1	-1	-1	-1	-1	-1	-1	-1	-1	-1	-1	-1	-1	-1	-1	-1	-1	FFFFFF99	配饰	445	2004	1
59032128	5	4	33	11	Charm11_2	1	3+10+6		1	1	-1	-1	-1	-1	-1	-1	-1	-1	-1	-1	-1	-1	-1	-1	-1	-1	-1	-1	-1	-1	-1	-1	-1	-1	-1	-1	-1	-1	-1	-1	-1	-1	-1	-1	-1	-1	-1	-1	-1	-1	-1	-1	-1	-1	-1	-1	-1	-1	-1	-1	-1	-1	-1	-1	-1	-1	-1	-1	-1	-1	-1	-1	-1	-1	FFFFFF99	配饰	446	2004	1
59032129	5	4	33	11	Charm11_2	1	3+10+7		1	1	-1	-1	-1	-1	-1	-1	-1	-1	-1	-1	-1	-1	-1	-1	-1	-1	-1	-1	-1	-1	-1	-1	-1	-1	-1	-1	-1	-1	-1	-1	-1	-1	-1	-1	-1	-1	-1	-1	-1	-1	-1	-1	-1	-1	-1	-1	-1	-1	-1	-1	-1	-1	-1	-1	-1	-1	-1	-1	-1	-1	-1	-1	-1	-1	FFFFFF99	配饰	447	2004	1
59032130	5	4	33	11	Charm11_2	1	3+10+8		1	1	-1	-1	-1	-1	-1	-1	-1	-1	-1	-1	-1	-1	-1	-1	-1	-1	-1	-1	-1	-1	-1	-1	-1	-1	-1	-1	-1	-1	-1	-1	-1	-1	-1	-1	-1	-1	-1	-1	-1	-1	-1	-1	-1	-1	-1	-1	-1	-1	-1	-1	-1	-1	-1	-1	-1	-1	-1	-1	-1	-1	-1	-1	-1	-1	FFFFFF99	配饰	448	2004	1
59032131	5	4	33	11	Charm11_2	1	3+10+9		1	1	-1	-1	-1	-1	-1	-1	-1	-1	-1	-1	-1	-1	-1	-1	-1	-1	-1	-1	-1	-1	-1	-1	-1	-1	-1	-1	-1	-1	-1	-1	-1	-1	-1	-1	-1	-1	-1	-1	-1	-1	-1	-1	-1	-1	-1	-1	-1	-1	-1	-1	-1	-1	-1	-1	-1	-1	-1	-1	-1	-1	-1	-1	-1	-1	FFFFFF99	配饰	449	2004	1
59032132	5	4	33	11	Charm11_2	1	3+10+10		1	1	-1	-1	-1	-1	-1	-1	-1	-1	-1	-1	-1	-1	-1	-1	-1	-1	-1	-1	-1	-1	-1	-1	-1	-1	-1	-1	-1	-1	-1	-1	-1	-1	-1	-1	-1	-1	-1	-1	-1	-1	-1	-1	-1	-1	-1	-1	-1	-1	-1	-1	-1	-1	-1	-1	-1	-1	-1	-1	-1	-1	-1	-1	-1	-1	FFFFFF99	配饰	450	2004	1
59032133	5	4	33	11	Charm11_2	1	3+10+11		1	1	-1	-1	-1	-1	-1	-1	-1	-1	-1	-1	-1	-1	-1	-1	-1	-1	-1	-1	-1	-1	-1	-1	-1	-1	-1	-1	-1	-1	-1	-1	-1	-1	-1	-1	-1	-1	-1	-1	-1	-1	-1	-1	-1	-1	-1	-1	-1	-1	-1	-1	-1	-1	-1	-1	-1	-1	-1	-1	-1	-1	-1	-1	-1	-1	FFFFFF99	配饰	451	2004	1
59032223	5	4	33	11	Charm11_2	1	3+11+1		1	1	-1	-1	-1	-1	-1	-1	-1	-1	-1	-1	-1	-1	-1	-1	-1	-1	-1	-1	-1	-1	-1	-1	-1	-1	-1	-1	-1	-1	-1	-1	-1	-1	-1	-1	-1	-1	-1	-1	-1	-1	-1	-1	-1	-1	-1	-1	-1	-1	-1	-1	-1	-1	-1	-1	-1	-1	-1	-1	-1	-1	-1	-1	-1	-1	FFFFFF99	配饰	452	2004	1
59032224	5	4	33	11	Charm11_2	1	3+11+2		1	1	-1	-1	-1	-1	-1	-1	-1	-1	-1	-1	-1	-1	-1	-1	-1	-1	-1	-1	-1	-1	-1	-1	-1	-1	-1	-1	-1	-1	-1	-1	-1	-1	-1	-1	-1	-1	-1	-1	-1	-1	-1	-1	-1	-1	-1	-1	-1	-1	-1	-1	-1	-1	-1	-1	-1	-1	-1	-1	-1	-1	-1	-1	-1	-1	FFFFFF99	配饰	453	2004	1
59032225	5	4	33	11	Charm11_2	1	3+11+3		1	1	-1	-1	-1	-1	-1	-1	-1	-1	-1	-1	-1	-1	-1	-1	-1	-1	-1	-1	-1	-1	-1	-1	-1	-1	-1	-1	-1	-1	-1	-1	-1	-1	-1	-1	-1	-1	-1	-1	-1	-1	-1	-1	-1	-1	-1	-1	-1	-1	-1	-1	-1	-1	-1	-1	-1	-1	-1	-1	-1	-1	-1	-1	-1	-1	FFFFFF99	配饰	454	2004	1
59032226	5	4	33	11	Charm11_2	1	3+11+4		1	1	-1	-1	-1	-1	-1	-1	-1	-1	-1	-1	-1	-1	-1	-1	-1	-1	-1	-1	-1	-1	-1	-1	-1	-1	-1	-1	-1	-1	-1	-1	-1	-1	-1	-1	-1	-1	-1	-1	-1	-1	-1	-1	-1	-1	-1	-1	-1	-1	-1	-1	-1	-1	-1	-1	-1	-1	-1	-1	-1	-1	-1	-1	-1	-1	FFFFFF99	配饰	455	2004	1
59032227	5	4	33	11	Charm11_2	1	3+11+5		1	1	-1	-1	-1	-1	-1	-1	-1	-1	-1	-1	-1	-1	-1	-1	-1	-1	-1	-1	-1	-1	-1	-1	-1	-1	-1	-1	-1	-1	-1	-1	-1	-1	-1	-1	-1	-1	-1	-1	-1	-1	-1	-1	-1	-1	-1	-1	-1	-1	-1	-1	-1	-1	-1	-1	-1	-1	-1	-1	-1	-1	-1	-1	-1	-1	FFFFFF99	配饰	456	2004	1
59032228	5	4	33	11	Charm11_2	1	3+11+6		1	1	-1	-1	-1	-1	-1	-1	-1	-1	-1	-1	-1	-1	-1	-1	-1	-1	-1	-1	-1	-1	-1	-1	-1	-1	-1	-1	-1	-1	-1	-1	-1	-1	-1	-1	-1	-1	-1	-1	-1	-1	-1	-1	-1	-1	-1	-1	-1	-1	-1	-1	-1	-1	-1	-1	-1	-1	-1	-1	-1	-1	-1	-1	-1	-1	FFFFFF99	配饰	457	2004	1
59032229	5	4	33	11	Charm11_2	1	3+11+7		1	1	-1	-1	-1	-1	-1	-1	-1	-1	-1	-1	-1	-1	-1	-1	-1	-1	-1	-1	-1	-1	-1	-1	-1	-1	-1	-1	-1	-1	-1	-1	-1	-1	-1	-1	-1	-1	-1	-1	-1	-1	-1	-1	-1	-1	-1	-1	-1	-1	-1	-1	-1	-1	-1	-1	-1	-1	-1	-1	-1	-1	-1	-1	-1	-1	FFFFFF99	配饰	458	2004	1
59032230	5	4	33	11	Charm11_2	1	3+11+8		1	1	-1	-1	-1	-1	-1	-1	-1	-1	-1	-1	-1	-1	-1	-1	-1	-1	-1	-1	-1	-1	-1	-1	-1	-1	-1	-1	-1	-1	-1	-1	-1	-1	-1	-1	-1	-1	-1	-1	-1	-1	-1	-1	-1	-1	-1	-1	-1	-1	-1	-1	-1	-1	-1	-1	-1	-1	-1	-1	-1	-1	-1	-1	-1	-1	FFFFFF99	配饰	459	2004	1
59032231	5	4	33	11	Charm11_2	1	3+11+9		1	1	-1	-1	-1	-1	-1	-1	-1	-1	-1	-1	-1	-1	-1	-1	-1	-1	-1	-1	-1	-1	-1	-1	-1	-1	-1	-1	-1	-1	-1	-1	-1	-1	-1	-1	-1	-1	-1	-1	-1	-1	-1	-1	-1	-1	-1	-1	-1	-1	-1	-1	-1	-1	-1	-1	-1	-1	-1	-1	-1	-1	-1	-1	-1	-1	FFFFFF99	配饰	460	2004	1
59032232	5	4	33	11	Charm11_2	1	3+11+10		1	1	-1	-1	-1	-1	-1	-1	-1	-1	-1	-1	-1	-1	-1	-1	-1	-1	-1	-1	-1	-1	-1	-1	-1	-1	-1	-1	-1	-1	-1	-1	-1	-1	-1	-1	-1	-1	-1	-1	-1	-1	-1	-1	-1	-1	-1	-1	-1	-1	-1	-1	-1	-1	-1	-1	-1	-1	-1	-1	-1	-1	-1	-1	-1	-1	FFFFFF99	配饰	461	2004	1
59032233	5	4	33	11	Charm11_2	1	3+11+11		1	1	-1	-1	-1	-1	-1	-1	-1	-1	-1	-1	-1	-1	-1	-1	-1	-1	-1	-1	-1	-1	-1	-1	-1	-1	-1	-1	-1	-1	-1	-1	-1	-1	-1	-1	-1	-1	-1	-1	-1	-1	-1	-1	-1	-1	-1	-1	-1	-1	-1	-1	-1	-1	-1	-1	-1	-1	-1	-1	-1	-1	-1	-1	-1	-1	FFFFFF99	配饰	462	2004	1
#橙影如梦·肩																																																																															
59041223	5	4	33	11	Charm11_2	1	4+1+1		1	1	-1	-1	-1	-1	-1	-1	-1	-1	-1	-1	-1	-1	-1	-1	-1	-1	-1	-1	-1	-1	-1	-1	-1	-1	-1	-1	-1	-1	-1	-1	-1	-1	-1	-1	-1	-1	-1	-1	-1	-1	-1	-1	-1	-1	-1	-1	-1	-1	-1	-1	-1	-1	-1	-1	-1	-1	-1	-1	-1	-1	-1	-1	-1	-1	FFFFFF99	配饰	485	2004	1
59041224	5	4	33	11	Charm11_2	1	4+1+2		1	1	-1	-1	-1	-1	-1	-1	-1	-1	-1	-1	-1	-1	-1	-1	-1	-1	-1	-1	-1	-1	-1	-1	-1	-1	-1	-1	-1	-1	-1	-1	-1	-1	-1	-1	-1	-1	-1	-1	-1	-1	-1	-1	-1	-1	-1	-1	-1	-1	-1	-1	-1	-1	-1	-1	-1	-1	-1	-1	-1	-1	-1	-1	-1	-1	FFFFFF99	配饰	486	2004	1
59041225	5	4	33	11	Charm11_2	1	4+1+3		1	1	-1	-1	-1	-1	-1	-1	-1	-1	-1	-1	-1	-1	-1	-1	-1	-1	-1	-1	-1	-1	-1	-1	-1	-1	-1	-1	-1	-1	-1	-1	-1	-1	-1	-1	-1	-1	-1	-1	-1	-1	-1	-1	-1	-1	-1	-1	-1	-1	-1	-1	-1	-1	-1	-1	-1	-1	-1	-1	-1	-1	-1	-1	-1	-1	FFFFFF99	配饰	487	2004	1
59041226	5	4	33	11	Charm11_2	1	4+1+4		1	1	-1	-1	-1	-1	-1	-1	-1	-1	-1	-1	-1	-1	-1	-1	-1	-1	-1	-1	-1	-1	-1	-1	-1	-1	-1	-1	-1	-1	-1	-1	-1	-1	-1	-1	-1	-1	-1	-1	-1	-1	-1	-1	-1	-1	-1	-1	-1	-1	-1	-1	-1	-1	-1	-1	-1	-1	-1	-1	-1	-1	-1	-1	-1	-1	FFFFFF99	配饰	488	2004	1
59041227	5	4	33	11	Charm11_2	1	4+1+5		1	1	-1	-1	-1	-1	-1	-1	-1	-1	-1	-1	-1	-1	-1	-1	-1	-1	-1	-1	-1	-1	-1	-1	-1	-1	-1	-1	-1	-1	-1	-1	-1	-1	-1	-1	-1	-1	-1	-1	-1	-1	-1	-1	-1	-1	-1	-1	-1	-1	-1	-1	-1	-1	-1	-1	-1	-1	-1	-1	-1	-1	-1	-1	-1	-1	FFFFFF99	配饰	489	2004	1
59041228	5	4	33	11	Charm11_2	1	4+1+6		1	1	-1	-1	-1	-1	-1	-1	-1	-1	-1	-1	-1	-1	-1	-1	-1	-1	-1	-1	-1	-1	-1	-1	-1	-1	-1	-1	-1	-1	-1	-1	-1	-1	-1	-1	-1	-1	-1	-1	-1	-1	-1	-1	-1	-1	-1	-1	-1	-1	-1	-1	-1	-1	-1	-1	-1	-1	-1	-1	-1	-1	-1	-1	-1	-1	FFFFFF99	配饰	490	2004	1
59041229	5	4	33	11	Charm11_2	1	4+1+7		1	1	-1	-1	-1	-1	-1	-1	-1	-1	-1	-1	-1	-1	-1	-1	-1	-1	-1	-1	-1	-1	-1	-1	-1	-1	-1	-1	-1	-1	-1	-1	-1	-1	-1	-1	-1	-1	-1	-1	-1	-1	-1	-1	-1	-1	-1	-1	-1	-1	-1	-1	-1	-1	-1	-1	-1	-1	-1	-1	-1	-1	-1	-1	-1	-1	FFFFFF99	配饰	491	2004	1
59041230	5	4	33	11	Charm11_2	1	4+1+8		1	1	-1	-1	-1	-1	-1	-1	-1	-1	-1	-1	-1	-1	-1	-1	-1	-1	-1	-1	-1	-1	-1	-1	-1	-1	-1	-1	-1	-1	-1	-1	-1	-1	-1	-1	-1	-1	-1	-1	-1	-1	-1	-1	-1	-1	-1	-1	-1	-1	-1	-1	-1	-1	-1	-1	-1	-1	-1	-1	-1	-1	-1	-1	-1	-1	FFFFFF99	配饰	492	2004	1
59041231	5	4	33	11	Charm11_2	1	4+1+9		1	1	-1	-1	-1	-1	-1	-1	-1	-1	-1	-1	-1	-1	-1	-1	-1	-1	-1	-1	-1	-1	-1	-1	-1	-1	-1	-1	-1	-1	-1	-1	-1	-1	-1	-1	-1	-1	-1	-1	-1	-1	-1	-1	-1	-1	-1	-1	-1	-1	-1	-1	-1	-1	-1	-1	-1	-1	-1	-1	-1	-1	-1	-1	-1	-1	FFFFFF99	配饰	493	2004	1
59041232	5	4	33	11	Charm11_2	1	4+1+10		1	1	-1	-1	-1	-1	-1	-1	-1	-1	-1	-1	-1	-1	-1	-1	-1	-1	-1	-1	-1	-1	-1	-1	-1	-1	-1	-1	-1	-1	-1	-1	-1	-1	-1	-1	-1	-1	-1	-1	-1	-1	-1	-1	-1	-1	-1	-1	-1	-1	-1	-1	-1	-1	-1	-1	-1	-1	-1	-1	-1	-1	-1	-1	-1	-1	FFFFFF99	配饰	494	2004	1
59041233	5	4	33	11	Charm11_2	1	4+1+11		1	1	-1	-1	-1	-1	-1	-1	-1	-1	-1	-1	-1	-1	-1	-1	-1	-1	-1	-1	-1	-1	-1	-1	-1	-1	-1	-1	-1	-1	-1	-1	-1	-1	-1	-1	-1	-1	-1	-1	-1	-1	-1	-1	-1	-1	-1	-1	-1	-1	-1	-1	-1	-1	-1	-1	-1	-1	-1	-1	-1	-1	-1	-1	-1	-1	FFFFFF99	配饰	495	2004	1
59041323	5	4	33	11	Charm11_2	1	4+4+1		1	1	-1	-1	-1	-1	-1	-1	-1	-1	-1	-1	-1	-1	-1	-1	-1	-1	-1	-1	-1	-1	-1	-1	-1	-1	-1	-1	-1	-1	-1	-1	-1	-1	-1	-1	-1	-1	-1	-1	-1	-1	-1	-1	-1	-1	-1	-1	-1	-1	-1	-1	-1	-1	-1	-1	-1	-1	-1	-1	-1	-1	-1	-1	-1	-1	FFFFFF99	配饰	496	2004	1
59041324	5	4	33	11	Charm11_2	1	4+4+2		1	1	-1	-1	-1	-1	-1	-1	-1	-1	-1	-1	-1	-1	-1	-1	-1	-1	-1	-1	-1	-1	-1	-1	-1	-1	-1	-1	-1	-1	-1	-1	-1	-1	-1	-1	-1	-1	-1	-1	-1	-1	-1	-1	-1	-1	-1	-1	-1	-1	-1	-1	-1	-1	-1	-1	-1	-1	-1	-1	-1	-1	-1	-1	-1	-1	FFFFFF99	配饰	497	2004	1
59041325	5	4	33	11	Charm11_2	1	4+4+3		1	1	-1	-1	-1	-1	-1	-1	-1	-1	-1	-1	-1	-1	-1	-1	-1	-1	-1	-1	-1	-1	-1	-1	-1	-1	-1	-1	-1	-1	-1	-1	-1	-1	-1	-1	-1	-1	-1	-1	-1	-1	-1	-1	-1	-1	-1	-1	-1	-1	-1	-1	-1	-1	-1	-1	-1	-1	-1	-1	-1	-1	-1	-1	-1	-1	FFFFFF99	配饰	498	2004	1
59041326	5	4	33	11	Charm11_2	1	4+4+4		1	1	-1	-1	-1	-1	-1	-1	-1	-1	-1	-1	-1	-1	-1	-1	-1	-1	-1	-1	-1	-1	-1	-1	-1	-1	-1	-1	-1	-1	-1	-1	-1	-1	-1	-1	-1	-1	-1	-1	-1	-1	-1	-1	-1	-1	-1	-1	-1	-1	-1	-1	-1	-1	-1	-1	-1	-1	-1	-1	-1	-1	-1	-1	-1	-1	FFFFFF99	配饰	499	2004	1
59041327	5	4	33	11	Charm11_2	1	4+4+5		1	1	-1	-1	-1	-1	-1	-1	-1	-1	-1	-1	-1	-1	-1	-1	-1	-1	-1	-1	-1	-1	-1	-1	-1	-1	-1	-1	-1	-1	-1	-1	-1	-1	-1	-1	-1	-1	-1	-1	-1	-1	-1	-1	-1	-1	-1	-1	-1	-1	-1	-1	-1	-1	-1	-1	-1	-1	-1	-1	-1	-1	-1	-1	-1	-1	FFFFFF99	配饰	500	2004	1
59041328	5	4	33	11	Charm11_2	1	4+4+6		1	1	-1	-1	-1	-1	-1	-1	-1	-1	-1	-1	-1	-1	-1	-1	-1	-1	-1	-1	-1	-1	-1	-1	-1	-1	-1	-1	-1	-1	-1	-1	-1	-1	-1	-1	-1	-1	-1	-1	-1	-1	-1	-1	-1	-1	-1	-1	-1	-1	-1	-1	-1	-1	-1	-1	-1	-1	-1	-1	-1	-1	-1	-1	-1	-1	FFFFFF99	配饰	501	2004	1
59041329	5	4	33	11	Charm11_2	1	4+4+7		1	1	-1	-1	-1	-1	-1	-1	-1	-1	-1	-1	-1	-1	-1	-1	-1	-1	-1	-1	-1	-1	-1	-1	-1	-1	-1	-1	-1	-1	-1	-1	-1	-1	-1	-1	-1	-1	-1	-1	-1	-1	-1	-1	-1	-1	-1	-1	-1	-1	-1	-1	-1	-1	-1	-1	-1	-1	-1	-1	-1	-1	-1	-1	-1	-1	FFFFFF99	配饰	502	2004	1
59041330	5	4	33	11	Charm11_2	1	4+4+8		1	1	-1	-1	-1	-1	-1	-1	-1	-1	-1	-1	-1	-1	-1	-1	-1	-1	-1	-1	-1	-1	-1	-1	-1	-1	-1	-1	-1	-1	-1	-1	-1	-1	-1	-1	-1	-1	-1	-1	-1	-1	-1	-1	-1	-1	-1	-1	-1	-1	-1	-1	-1	-1	-1	-1	-1	-1	-1	-1	-1	-1	-1	-1	-1	-1	FFFFFF99	配饰	503	2004	1
59041331	5	4	33	11	Charm11_2	1	4+4+9		1	1	-1	-1	-1	-1	-1	-1	-1	-1	-1	-1	-1	-1	-1	-1	-1	-1	-1	-1	-1	-1	-1	-1	-1	-1	-1	-1	-1	-1	-1	-1	-1	-1	-1	-1	-1	-1	-1	-1	-1	-1	-1	-1	-1	-1	-1	-1	-1	-1	-1	-1	-1	-1	-1	-1	-1	-1	-1	-1	-1	-1	-1	-1	-1	-1	FFFFFF99	配饰	504	2004	1
59041332	5	4	33	11	Charm11_2	1	4+4+10		1	1	-1	-1	-1	-1	-1	-1	-1	-1	-1	-1	-1	-1	-1	-1	-1	-1	-1	-1	-1	-1	-1	-1	-1	-1	-1	-1	-1	-1	-1	-1	-1	-1	-1	-1	-1	-1	-1	-1	-1	-1	-1	-1	-1	-1	-1	-1	-1	-1	-1	-1	-1	-1	-1	-1	-1	-1	-1	-1	-1	-1	-1	-1	-1	-1	FFFFFF99	配饰	505	2004	1
59041333	5	4	33	11	Charm11_2	1	4+4+11		1	1	-1	-1	-1	-1	-1	-1	-1	-1	-1	-1	-1	-1	-1	-1	-1	-1	-1	-1	-1	-1	-1	-1	-1	-1	-1	-1	-1	-1	-1	-1	-1	-1	-1	-1	-1	-1	-1	-1	-1	-1	-1	-1	-1	-1	-1	-1	-1	-1	-1	-1	-1	-1	-1	-1	-1	-1	-1	-1	-1	-1	-1	-1	-1	-1	FFFFFF99	配饰	506	2004	1
59041423	5	4	33	11	Charm11_2	1	4+4+1		1	1	-1	-1	-1	-1	-1	-1	-1	-1	-1	-1	-1	-1	-1	-1	-1	-1	-1	-1	-1	-1	-1	-1	-1	-1	-1	-1	-1	-1	-1	-1	-1	-1	-1	-1	-1	-1	-1	-1	-1	-1	-1	-1	-1	-1	-1	-1	-1	-1	-1	-1	-1	-1	-1	-1	-1	-1	-1	-1	-1	-1	-1	-1	-1	-1	FFFFFF99	配饰	507	2004	1
59041424	5	4	33	11	Charm11_2	1	4+4+2		1	1	-1	-1	-1	-1	-1	-1	-1	-1	-1	-1	-1	-1	-1	-1	-1	-1	-1	-1	-1	-1	-1	-1	-1	-1	-1	-1	-1	-1	-1	-1	-1	-1	-1	-1	-1	-1	-1	-1	-1	-1	-1	-1	-1	-1	-1	-1	-1	-1	-1	-1	-1	-1	-1	-1	-1	-1	-1	-1	-1	-1	-1	-1	-1	-1	FFFFFF99	配饰	508	2004	1
59041425	5	4	33	11	Charm11_2	1	4+4+3		1	1	-1	-1	-1	-1	-1	-1	-1	-1	-1	-1	-1	-1	-1	-1	-1	-1	-1	-1	-1	-1	-1	-1	-1	-1	-1	-1	-1	-1	-1	-1	-1	-1	-1	-1	-1	-1	-1	-1	-1	-1	-1	-1	-1	-1	-1	-1	-1	-1	-1	-1	-1	-1	-1	-1	-1	-1	-1	-1	-1	-1	-1	-1	-1	-1	FFFFFF99	配饰	509	2004	1
59041426	5	4	33	11	Charm11_2	1	4+4+4		1	1	-1	-1	-1	-1	-1	-1	-1	-1	-1	-1	-1	-1	-1	-1	-1	-1	-1	-1	-1	-1	-1	-1	-1	-1	-1	-1	-1	-1	-1	-1	-1	-1	-1	-1	-1	-1	-1	-1	-1	-1	-1	-1	-1	-1	-1	-1	-1	-1	-1	-1	-1	-1	-1	-1	-1	-1	-1	-1	-1	-1	-1	-1	-1	-1	FFFFFF99	配饰	510	2004	1
59041427	5	4	33	11	Charm11_2	1	4+4+5		1	1	-1	-1	-1	-1	-1	-1	-1	-1	-1	-1	-1	-1	-1	-1	-1	-1	-1	-1	-1	-1	-1	-1	-1	-1	-1	-1	-1	-1	-1	-1	-1	-1	-1	-1	-1	-1	-1	-1	-1	-1	-1	-1	-1	-1	-1	-1	-1	-1	-1	-1	-1	-1	-1	-1	-1	-1	-1	-1	-1	-1	-1	-1	-1	-1	FFFFFF99	配饰	511	2004	1
59041428	5	4	33	11	Charm11_2	1	4+4+6		1	1	-1	-1	-1	-1	-1	-1	-1	-1	-1	-1	-1	-1	-1	-1	-1	-1	-1	-1	-1	-1	-1	-1	-1	-1	-1	-1	-1	-1	-1	-1	-1	-1	-1	-1	-1	-1	-1	-1	-1	-1	-1	-1	-1	-1	-1	-1	-1	-1	-1	-1	-1	-1	-1	-1	-1	-1	-1	-1	-1	-1	-1	-1	-1	-1	FFFFFF99	配饰	512	2004	1
59041429	5	4	33	11	Charm11_2	1	4+4+7		1	1	-1	-1	-1	-1	-1	-1	-1	-1	-1	-1	-1	-1	-1	-1	-1	-1	-1	-1	-1	-1	-1	-1	-1	-1	-1	-1	-1	-1	-1	-1	-1	-1	-1	-1	-1	-1	-1	-1	-1	-1	-1	-1	-1	-1	-1	-1	-1	-1	-1	-1	-1	-1	-1	-1	-1	-1	-1	-1	-1	-1	-1	-1	-1	-1	FFFFFF99	配饰	513	2004	1
59041430	5	4	33	11	Charm11_2	1	4+4+8		1	1	-1	-1	-1	-1	-1	-1	-1	-1	-1	-1	-1	-1	-1	-1	-1	-1	-1	-1	-1	-1	-1	-1	-1	-1	-1	-1	-1	-1	-1	-1	-1	-1	-1	-1	-1	-1	-1	-1	-1	-1	-1	-1	-1	-1	-1	-1	-1	-1	-1	-1	-1	-1	-1	-1	-1	-1	-1	-1	-1	-1	-1	-1	-1	-1	FFFFFF99	配饰	514	2004	1
59041431	5	4	33	11	Charm11_2	1	4+4+9		1	1	-1	-1	-1	-1	-1	-1	-1	-1	-1	-1	-1	-1	-1	-1	-1	-1	-1	-1	-1	-1	-1	-1	-1	-1	-1	-1	-1	-1	-1	-1	-1	-1	-1	-1	-1	-1	-1	-1	-1	-1	-1	-1	-1	-1	-1	-1	-1	-1	-1	-1	-1	-1	-1	-1	-1	-1	-1	-1	-1	-1	-1	-1	-1	-1	FFFFFF99	配饰	515	2004	1
59041432	5	4	33	11	Charm11_2	1	4+4+10		1	1	-1	-1	-1	-1	-1	-1	-1	-1	-1	-1	-1	-1	-1	-1	-1	-1	-1	-1	-1	-1	-1	-1	-1	-1	-1	-1	-1	-1	-1	-1	-1	-1	-1	-1	-1	-1	-1	-1	-1	-1	-1	-1	-1	-1	-1	-1	-1	-1	-1	-1	-1	-1	-1	-1	-1	-1	-1	-1	-1	-1	-1	-1	-1	-1	FFFFFF99	配饰	516	2004	1
59041433	5	4	33	11	Charm11_2	1	4+4+11		1	1	-1	-1	-1	-1	-1	-1	-1	-1	-1	-1	-1	-1	-1	-1	-1	-1	-1	-1	-1	-1	-1	-1	-1	-1	-1	-1	-1	-1	-1	-1	-1	-1	-1	-1	-1	-1	-1	-1	-1	-1	-1	-1	-1	-1	-1	-1	-1	-1	-1	-1	-1	-1	-1	-1	-1	-1	-1	-1	-1	-1	-1	-1	-1	-1	FFFFFF99	配饰	517	2004	1
59041523	5	4	33	11	Charm11_2	1	4+4+1		1	1	-1	-1	-1	-1	-1	-1	-1	-1	-1	-1	-1	-1	-1	-1	-1	-1	-1	-1	-1	-1	-1	-1	-1	-1	-1	-1	-1	-1	-1	-1	-1	-1	-1	-1	-1	-1	-1	-1	-1	-1	-1	-1	-1	-1	-1	-1	-1	-1	-1	-1	-1	-1	-1	-1	-1	-1	-1	-1	-1	-1	-1	-1	-1	-1	FFFFFF99	配饰	518	2004	1
59041524	5	4	33	11	Charm11_2	1	4+4+2		1	1	-1	-1	-1	-1	-1	-1	-1	-1	-1	-1	-1	-1	-1	-1	-1	-1	-1	-1	-1	-1	-1	-1	-1	-1	-1	-1	-1	-1	-1	-1	-1	-1	-1	-1	-1	-1	-1	-1	-1	-1	-1	-1	-1	-1	-1	-1	-1	-1	-1	-1	-1	-1	-1	-1	-1	-1	-1	-1	-1	-1	-1	-1	-1	-1	FFFFFF99	配饰	519	2004	1
59041525	5	4	33	11	Charm11_2	1	4+4+3		1	1	-1	-1	-1	-1	-1	-1	-1	-1	-1	-1	-1	-1	-1	-1	-1	-1	-1	-1	-1	-1	-1	-1	-1	-1	-1	-1	-1	-1	-1	-1	-1	-1	-1	-1	-1	-1	-1	-1	-1	-1	-1	-1	-1	-1	-1	-1	-1	-1	-1	-1	-1	-1	-1	-1	-1	-1	-1	-1	-1	-1	-1	-1	-1	-1	FFFFFF99	配饰	520	2004	1
59041526	5	4	33	11	Charm11_2	1	4+4+4		1	1	-1	-1	-1	-1	-1	-1	-1	-1	-1	-1	-1	-1	-1	-1	-1	-1	-1	-1	-1	-1	-1	-1	-1	-1	-1	-1	-1	-1	-1	-1	-1	-1	-1	-1	-1	-1	-1	-1	-1	-1	-1	-1	-1	-1	-1	-1	-1	-1	-1	-1	-1	-1	-1	-1	-1	-1	-1	-1	-1	-1	-1	-1	-1	-1	FFFFFF99	配饰	521	2004	1
59041527	5	4	33	11	Charm11_2	1	4+4+5		1	1	-1	-1	-1	-1	-1	-1	-1	-1	-1	-1	-1	-1	-1	-1	-1	-1	-1	-1	-1	-1	-1	-1	-1	-1	-1	-1	-1	-1	-1	-1	-1	-1	-1	-1	-1	-1	-1	-1	-1	-1	-1	-1	-1	-1	-1	-1	-1	-1	-1	-1	-1	-1	-1	-1	-1	-1	-1	-1	-1	-1	-1	-1	-1	-1	FFFFFF99	配饰	522	2004	1
59041528	5	4	33	11	Charm11_2	1	4+4+6		1	1	-1	-1	-1	-1	-1	-1	-1	-1	-1	-1	-1	-1	-1	-1	-1	-1	-1	-1	-1	-1	-1	-1	-1	-1	-1	-1	-1	-1	-1	-1	-1	-1	-1	-1	-1	-1	-1	-1	-1	-1	-1	-1	-1	-1	-1	-1	-1	-1	-1	-1	-1	-1	-1	-1	-1	-1	-1	-1	-1	-1	-1	-1	-1	-1	FFFFFF99	配饰	523	2004	1
59041529	5	4	33	11	Charm11_2	1	4+4+7		1	1	-1	-1	-1	-1	-1	-1	-1	-1	-1	-1	-1	-1	-1	-1	-1	-1	-1	-1	-1	-1	-1	-1	-1	-1	-1	-1	-1	-1	-1	-1	-1	-1	-1	-1	-1	-1	-1	-1	-1	-1	-1	-1	-1	-1	-1	-1	-1	-1	-1	-1	-1	-1	-1	-1	-1	-1	-1	-1	-1	-1	-1	-1	-1	-1	FFFFFF99	配饰	524	2004	1
59041530	5	4	33	11	Charm11_2	1	4+4+8		1	1	-1	-1	-1	-1	-1	-1	-1	-1	-1	-1	-1	-1	-1	-1	-1	-1	-1	-1	-1	-1	-1	-1	-1	-1	-1	-1	-1	-1	-1	-1	-1	-1	-1	-1	-1	-1	-1	-1	-1	-1	-1	-1	-1	-1	-1	-1	-1	-1	-1	-1	-1	-1	-1	-1	-1	-1	-1	-1	-1	-1	-1	-1	-1	-1	FFFFFF99	配饰	525	2004	1
59041531	5	4	33	11	Charm11_2	1	4+4+9		1	1	-1	-1	-1	-1	-1	-1	-1	-1	-1	-1	-1	-1	-1	-1	-1	-1	-1	-1	-1	-1	-1	-1	-1	-1	-1	-1	-1	-1	-1	-1	-1	-1	-1	-1	-1	-1	-1	-1	-1	-1	-1	-1	-1	-1	-1	-1	-1	-1	-1	-1	-1	-1	-1	-1	-1	-1	-1	-1	-1	-1	-1	-1	-1	-1	FFFFFF99	配饰	526	2004	1
59041532	5	4	33	11	Charm11_2	1	4+4+10		1	1	-1	-1	-1	-1	-1	-1	-1	-1	-1	-1	-1	-1	-1	-1	-1	-1	-1	-1	-1	-1	-1	-1	-1	-1	-1	-1	-1	-1	-1	-1	-1	-1	-1	-1	-1	-1	-1	-1	-1	-1	-1	-1	-1	-1	-1	-1	-1	-1	-1	-1	-1	-1	-1	-1	-1	-1	-1	-1	-1	-1	-1	-1	-1	-1	FFFFFF99	配饰	527	2004	1
59041533	5	4	33	11	Charm11_2	1	4+4+11		1	1	-1	-1	-1	-1	-1	-1	-1	-1	-1	-1	-1	-1	-1	-1	-1	-1	-1	-1	-1	-1	-1	-1	-1	-1	-1	-1	-1	-1	-1	-1	-1	-1	-1	-1	-1	-1	-1	-1	-1	-1	-1	-1	-1	-1	-1	-1	-1	-1	-1	-1	-1	-1	-1	-1	-1	-1	-1	-1	-1	-1	-1	-1	-1	-1	FFFFFF99	配饰	528	2004	1
59041623	5	4	33	11	Charm11_2	1	4+5+1		1	1	-1	-1	-1	-1	-1	-1	-1	-1	-1	-1	-1	-1	-1	-1	-1	-1	-1	-1	-1	-1	-1	-1	-1	-1	-1	-1	-1	-1	-1	-1	-1	-1	-1	-1	-1	-1	-1	-1	-1	-1	-1	-1	-1	-1	-1	-1	-1	-1	-1	-1	-1	-1	-1	-1	-1	-1	-1	-1	-1	-1	-1	-1	-1	-1	FFFFFF99	配饰	529	2004	1
59041624	5	4	33	11	Charm11_2	1	4+5+2		1	1	-1	-1	-1	-1	-1	-1	-1	-1	-1	-1	-1	-1	-1	-1	-1	-1	-1	-1	-1	-1	-1	-1	-1	-1	-1	-1	-1	-1	-1	-1	-1	-1	-1	-1	-1	-1	-1	-1	-1	-1	-1	-1	-1	-1	-1	-1	-1	-1	-1	-1	-1	-1	-1	-1	-1	-1	-1	-1	-1	-1	-1	-1	-1	-1	FFFFFF99	配饰	530	2004	1
59041625	5	4	33	11	Charm11_2	1	4+5+3		1	1	-1	-1	-1	-1	-1	-1	-1	-1	-1	-1	-1	-1	-1	-1	-1	-1	-1	-1	-1	-1	-1	-1	-1	-1	-1	-1	-1	-1	-1	-1	-1	-1	-1	-1	-1	-1	-1	-1	-1	-1	-1	-1	-1	-1	-1	-1	-1	-1	-1	-1	-1	-1	-1	-1	-1	-1	-1	-1	-1	-1	-1	-1	-1	-1	FFFFFF99	配饰	531	2004	1
59041626	5	4	33	11	Charm11_2	1	4+5+4		1	1	-1	-1	-1	-1	-1	-1	-1	-1	-1	-1	-1	-1	-1	-1	-1	-1	-1	-1	-1	-1	-1	-1	-1	-1	-1	-1	-1	-1	-1	-1	-1	-1	-1	-1	-1	-1	-1	-1	-1	-1	-1	-1	-1	-1	-1	-1	-1	-1	-1	-1	-1	-1	-1	-1	-1	-1	-1	-1	-1	-1	-1	-1	-1	-1	FFFFFF99	配饰	532	2004	1
59041627	5	4	33	11	Charm11_2	1	4+5+5		1	1	-1	-1	-1	-1	-1	-1	-1	-1	-1	-1	-1	-1	-1	-1	-1	-1	-1	-1	-1	-1	-1	-1	-1	-1	-1	-1	-1	-1	-1	-1	-1	-1	-1	-1	-1	-1	-1	-1	-1	-1	-1	-1	-1	-1	-1	-1	-1	-1	-1	-1	-1	-1	-1	-1	-1	-1	-1	-1	-1	-1	-1	-1	-1	-1	FFFFFF99	配饰	533	2004	1
59041628	5	4	33	11	Charm11_2	1	4+5+6		1	1	-1	-1	-1	-1	-1	-1	-1	-1	-1	-1	-1	-1	-1	-1	-1	-1	-1	-1	-1	-1	-1	-1	-1	-1	-1	-1	-1	-1	-1	-1	-1	-1	-1	-1	-1	-1	-1	-1	-1	-1	-1	-1	-1	-1	-1	-1	-1	-1	-1	-1	-1	-1	-1	-1	-1	-1	-1	-1	-1	-1	-1	-1	-1	-1	FFFFFF99	配饰	534	2004	1
59041629	5	4	33	11	Charm11_2	1	4+5+7		1	1	-1	-1	-1	-1	-1	-1	-1	-1	-1	-1	-1	-1	-1	-1	-1	-1	-1	-1	-1	-1	-1	-1	-1	-1	-1	-1	-1	-1	-1	-1	-1	-1	-1	-1	-1	-1	-1	-1	-1	-1	-1	-1	-1	-1	-1	-1	-1	-1	-1	-1	-1	-1	-1	-1	-1	-1	-1	-1	-1	-1	-1	-1	-1	-1	FFFFFF99	配饰	535	2004	1
59041630	5	4	33	11	Charm11_2	1	4+5+8		1	1	-1	-1	-1	-1	-1	-1	-1	-1	-1	-1	-1	-1	-1	-1	-1	-1	-1	-1	-1	-1	-1	-1	-1	-1	-1	-1	-1	-1	-1	-1	-1	-1	-1	-1	-1	-1	-1	-1	-1	-1	-1	-1	-1	-1	-1	-1	-1	-1	-1	-1	-1	-1	-1	-1	-1	-1	-1	-1	-1	-1	-1	-1	-1	-1	FFFFFF99	配饰	536	2004	1
59041631	5	4	33	11	Charm11_2	1	4+5+9		1	1	-1	-1	-1	-1	-1	-1	-1	-1	-1	-1	-1	-1	-1	-1	-1	-1	-1	-1	-1	-1	-1	-1	-1	-1	-1	-1	-1	-1	-1	-1	-1	-1	-1	-1	-1	-1	-1	-1	-1	-1	-1	-1	-1	-1	-1	-1	-1	-1	-1	-1	-1	-1	-1	-1	-1	-1	-1	-1	-1	-1	-1	-1	-1	-1	FFFFFF99	配饰	537	2004	1
59041632	5	4	33	11	Charm11_2	1	4+5+10		1	1	-1	-1	-1	-1	-1	-1	-1	-1	-1	-1	-1	-1	-1	-1	-1	-1	-1	-1	-1	-1	-1	-1	-1	-1	-1	-1	-1	-1	-1	-1	-1	-1	-1	-1	-1	-1	-1	-1	-1	-1	-1	-1	-1	-1	-1	-1	-1	-1	-1	-1	-1	-1	-1	-1	-1	-1	-1	-1	-1	-1	-1	-1	-1	-1	FFFFFF99	配饰	538	2004	1
59041633	5	4	33	11	Charm11_2	1	4+5+11		1	1	-1	-1	-1	-1	-1	-1	-1	-1	-1	-1	-1	-1	-1	-1	-1	-1	-1	-1	-1	-1	-1	-1	-1	-1	-1	-1	-1	-1	-1	-1	-1	-1	-1	-1	-1	-1	-1	-1	-1	-1	-1	-1	-1	-1	-1	-1	-1	-1	-1	-1	-1	-1	-1	-1	-1	-1	-1	-1	-1	-1	-1	-1	-1	-1	FFFFFF99	配饰	539	2004	1
59041723	5	4	33	11	Charm11_2	1	4+6+1		1	1	-1	-1	-1	-1	-1	-1	-1	-1	-1	-1	-1	-1	-1	-1	-1	-1	-1	-1	-1	-1	-1	-1	-1	-1	-1	-1	-1	-1	-1	-1	-1	-1	-1	-1	-1	-1	-1	-1	-1	-1	-1	-1	-1	-1	-1	-1	-1	-1	-1	-1	-1	-1	-1	-1	-1	-1	-1	-1	-1	-1	-1	-1	-1	-1	FFFFFF99	配饰	540	2004	1
59041724	5	4	33	11	Charm11_2	1	4+6+2		1	1	-1	-1	-1	-1	-1	-1	-1	-1	-1	-1	-1	-1	-1	-1	-1	-1	-1	-1	-1	-1	-1	-1	-1	-1	-1	-1	-1	-1	-1	-1	-1	-1	-1	-1	-1	-1	-1	-1	-1	-1	-1	-1	-1	-1	-1	-1	-1	-1	-1	-1	-1	-1	-1	-1	-1	-1	-1	-1	-1	-1	-1	-1	-1	-1	FFFFFF99	配饰	541	2004	1
59041725	5	4	33	11	Charm11_2	1	4+6+3		1	1	-1	-1	-1	-1	-1	-1	-1	-1	-1	-1	-1	-1	-1	-1	-1	-1	-1	-1	-1	-1	-1	-1	-1	-1	-1	-1	-1	-1	-1	-1	-1	-1	-1	-1	-1	-1	-1	-1	-1	-1	-1	-1	-1	-1	-1	-1	-1	-1	-1	-1	-1	-1	-1	-1	-1	-1	-1	-1	-1	-1	-1	-1	-1	-1	FFFFFF99	配饰	542	2004	1
59041726	5	4	33	11	Charm11_2	1	4+6+4		1	1	-1	-1	-1	-1	-1	-1	-1	-1	-1	-1	-1	-1	-1	-1	-1	-1	-1	-1	-1	-1	-1	-1	-1	-1	-1	-1	-1	-1	-1	-1	-1	-1	-1	-1	-1	-1	-1	-1	-1	-1	-1	-1	-1	-1	-1	-1	-1	-1	-1	-1	-1	-1	-1	-1	-1	-1	-1	-1	-1	-1	-1	-1	-1	-1	FFFFFF99	配饰	543	2004	1
59041727	5	4	33	11	Charm11_2	1	4+6+5		1	1	-1	-1	-1	-1	-1	-1	-1	-1	-1	-1	-1	-1	-1	-1	-1	-1	-1	-1	-1	-1	-1	-1	-1	-1	-1	-1	-1	-1	-1	-1	-1	-1	-1	-1	-1	-1	-1	-1	-1	-1	-1	-1	-1	-1	-1	-1	-1	-1	-1	-1	-1	-1	-1	-1	-1	-1	-1	-1	-1	-1	-1	-1	-1	-1	FFFFFF99	配饰	544	2004	1
59041728	5	4	33	11	Charm11_2	1	4+6+6		1	1	-1	-1	-1	-1	-1	-1	-1	-1	-1	-1	-1	-1	-1	-1	-1	-1	-1	-1	-1	-1	-1	-1	-1	-1	-1	-1	-1	-1	-1	-1	-1	-1	-1	-1	-1	-1	-1	-1	-1	-1	-1	-1	-1	-1	-1	-1	-1	-1	-1	-1	-1	-1	-1	-1	-1	-1	-1	-1	-1	-1	-1	-1	-1	-1	FFFFFF99	配饰	545	2004	1
59041729	5	4	33	11	Charm11_2	1	4+6+7		1	1	-1	-1	-1	-1	-1	-1	-1	-1	-1	-1	-1	-1	-1	-1	-1	-1	-1	-1	-1	-1	-1	-1	-1	-1	-1	-1	-1	-1	-1	-1	-1	-1	-1	-1	-1	-1	-1	-1	-1	-1	-1	-1	-1	-1	-1	-1	-1	-1	-1	-1	-1	-1	-1	-1	-1	-1	-1	-1	-1	-1	-1	-1	-1	-1	FFFFFF99	配饰	546	2004	1
59041730	5	4	33	11	Charm11_2	1	4+6+8		1	1	-1	-1	-1	-1	-1	-1	-1	-1	-1	-1	-1	-1	-1	-1	-1	-1	-1	-1	-1	-1	-1	-1	-1	-1	-1	-1	-1	-1	-1	-1	-1	-1	-1	-1	-1	-1	-1	-1	-1	-1	-1	-1	-1	-1	-1	-1	-1	-1	-1	-1	-1	-1	-1	-1	-1	-1	-1	-1	-1	-1	-1	-1	-1	-1	FFFFFF99	配饰	547	2004	1
59041731	5	4	33	11	Charm11_2	1	4+6+9		1	1	-1	-1	-1	-1	-1	-1	-1	-1	-1	-1	-1	-1	-1	-1	-1	-1	-1	-1	-1	-1	-1	-1	-1	-1	-1	-1	-1	-1	-1	-1	-1	-1	-1	-1	-1	-1	-1	-1	-1	-1	-1	-1	-1	-1	-1	-1	-1	-1	-1	-1	-1	-1	-1	-1	-1	-1	-1	-1	-1	-1	-1	-1	-1	-1	FFFFFF99	配饰	548	2004	1
59041732	5	4	33	11	Charm11_2	1	4+6+10		1	1	-1	-1	-1	-1	-1	-1	-1	-1	-1	-1	-1	-1	-1	-1	-1	-1	-1	-1	-1	-1	-1	-1	-1	-1	-1	-1	-1	-1	-1	-1	-1	-1	-1	-1	-1	-1	-1	-1	-1	-1	-1	-1	-1	-1	-1	-1	-1	-1	-1	-1	-1	-1	-1	-1	-1	-1	-1	-1	-1	-1	-1	-1	-1	-1	FFFFFF99	配饰	549	2004	1
59041733	5	4	33	11	Charm11_2	1	4+6+11		1	1	-1	-1	-1	-1	-1	-1	-1	-1	-1	-1	-1	-1	-1	-1	-1	-1	-1	-1	-1	-1	-1	-1	-1	-1	-1	-1	-1	-1	-1	-1	-1	-1	-1	-1	-1	-1	-1	-1	-1	-1	-1	-1	-1	-1	-1	-1	-1	-1	-1	-1	-1	-1	-1	-1	-1	-1	-1	-1	-1	-1	-1	-1	-1	-1	FFFFFF99	配饰	550	2004	1
59041823	5	4	33	11	Charm11_2	1	4+7+1		1	1	-1	-1	-1	-1	-1	-1	-1	-1	-1	-1	-1	-1	-1	-1	-1	-1	-1	-1	-1	-1	-1	-1	-1	-1	-1	-1	-1	-1	-1	-1	-1	-1	-1	-1	-1	-1	-1	-1	-1	-1	-1	-1	-1	-1	-1	-1	-1	-1	-1	-1	-1	-1	-1	-1	-1	-1	-1	-1	-1	-1	-1	-1	-1	-1	FFFFFF99	配饰	551	2004	1
59041824	5	4	33	11	Charm11_2	1	4+7+2		1	1	-1	-1	-1	-1	-1	-1	-1	-1	-1	-1	-1	-1	-1	-1	-1	-1	-1	-1	-1	-1	-1	-1	-1	-1	-1	-1	-1	-1	-1	-1	-1	-1	-1	-1	-1	-1	-1	-1	-1	-1	-1	-1	-1	-1	-1	-1	-1	-1	-1	-1	-1	-1	-1	-1	-1	-1	-1	-1	-1	-1	-1	-1	-1	-1	FFFFFF99	配饰	552	2004	1
59041825	5	4	33	11	Charm11_2	1	4+7+3		1	1	-1	-1	-1	-1	-1	-1	-1	-1	-1	-1	-1	-1	-1	-1	-1	-1	-1	-1	-1	-1	-1	-1	-1	-1	-1	-1	-1	-1	-1	-1	-1	-1	-1	-1	-1	-1	-1	-1	-1	-1	-1	-1	-1	-1	-1	-1	-1	-1	-1	-1	-1	-1	-1	-1	-1	-1	-1	-1	-1	-1	-1	-1	-1	-1	FFFFFF99	配饰	553	2004	1
59041826	5	4	33	11	Charm11_2	1	4+7+4		1	1	-1	-1	-1	-1	-1	-1	-1	-1	-1	-1	-1	-1	-1	-1	-1	-1	-1	-1	-1	-1	-1	-1	-1	-1	-1	-1	-1	-1	-1	-1	-1	-1	-1	-1	-1	-1	-1	-1	-1	-1	-1	-1	-1	-1	-1	-1	-1	-1	-1	-1	-1	-1	-1	-1	-1	-1	-1	-1	-1	-1	-1	-1	-1	-1	FFFFFF99	配饰	554	2004	1
59041827	5	4	33	11	Charm11_2	1	4+7+5		1	1	-1	-1	-1	-1	-1	-1	-1	-1	-1	-1	-1	-1	-1	-1	-1	-1	-1	-1	-1	-1	-1	-1	-1	-1	-1	-1	-1	-1	-1	-1	-1	-1	-1	-1	-1	-1	-1	-1	-1	-1	-1	-1	-1	-1	-1	-1	-1	-1	-1	-1	-1	-1	-1	-1	-1	-1	-1	-1	-1	-1	-1	-1	-1	-1	FFFFFF99	配饰	555	2004	1
59041828	5	4	33	11	Charm11_2	1	4+7+6		1	1	-1	-1	-1	-1	-1	-1	-1	-1	-1	-1	-1	-1	-1	-1	-1	-1	-1	-1	-1	-1	-1	-1	-1	-1	-1	-1	-1	-1	-1	-1	-1	-1	-1	-1	-1	-1	-1	-1	-1	-1	-1	-1	-1	-1	-1	-1	-1	-1	-1	-1	-1	-1	-1	-1	-1	-1	-1	-1	-1	-1	-1	-1	-1	-1	FFFFFF99	配饰	556	2004	1
59041829	5	4	33	11	Charm11_2	1	4+7+7		1	1	-1	-1	-1	-1	-1	-1	-1	-1	-1	-1	-1	-1	-1	-1	-1	-1	-1	-1	-1	-1	-1	-1	-1	-1	-1	-1	-1	-1	-1	-1	-1	-1	-1	-1	-1	-1	-1	-1	-1	-1	-1	-1	-1	-1	-1	-1	-1	-1	-1	-1	-1	-1	-1	-1	-1	-1	-1	-1	-1	-1	-1	-1	-1	-1	FFFFFF99	配饰	557	2004	1
59041830	5	4	33	11	Charm11_2	1	4+7+8		1	1	-1	-1	-1	-1	-1	-1	-1	-1	-1	-1	-1	-1	-1	-1	-1	-1	-1	-1	-1	-1	-1	-1	-1	-1	-1	-1	-1	-1	-1	-1	-1	-1	-1	-1	-1	-1	-1	-1	-1	-1	-1	-1	-1	-1	-1	-1	-1	-1	-1	-1	-1	-1	-1	-1	-1	-1	-1	-1	-1	-1	-1	-1	-1	-1	FFFFFF99	配饰	558	2004	1
59041831	5	4	33	11	Charm11_2	1	4+7+9		1	1	-1	-1	-1	-1	-1	-1	-1	-1	-1	-1	-1	-1	-1	-1	-1	-1	-1	-1	-1	-1	-1	-1	-1	-1	-1	-1	-1	-1	-1	-1	-1	-1	-1	-1	-1	-1	-1	-1	-1	-1	-1	-1	-1	-1	-1	-1	-1	-1	-1	-1	-1	-1	-1	-1	-1	-1	-1	-1	-1	-1	-1	-1	-1	-1	FFFFFF99	配饰	559	2004	1
59041832	5	4	33	11	Charm11_2	1	4+7+10		1	1	-1	-1	-1	-1	-1	-1	-1	-1	-1	-1	-1	-1	-1	-1	-1	-1	-1	-1	-1	-1	-1	-1	-1	-1	-1	-1	-1	-1	-1	-1	-1	-1	-1	-1	-1	-1	-1	-1	-1	-1	-1	-1	-1	-1	-1	-1	-1	-1	-1	-1	-1	-1	-1	-1	-1	-1	-1	-1	-1	-1	-1	-1	-1	-1	FFFFFF99	配饰	560	2004	1
59041833	5	4	33	11	Charm11_2	1	4+7+11		1	1	-1	-1	-1	-1	-1	-1	-1	-1	-1	-1	-1	-1	-1	-1	-1	-1	-1	-1	-1	-1	-1	-1	-1	-1	-1	-1	-1	-1	-1	-1	-1	-1	-1	-1	-1	-1	-1	-1	-1	-1	-1	-1	-1	-1	-1	-1	-1	-1	-1	-1	-1	-1	-1	-1	-1	-1	-1	-1	-1	-1	-1	-1	-1	-1	FFFFFF99	配饰	561	2004	1
59041923	5	4	33	11	Charm11_2	1	4+8+1		1	1	-1	-1	-1	-1	-1	-1	-1	-1	-1	-1	-1	-1	-1	-1	-1	-1	-1	-1	-1	-1	-1	-1	-1	-1	-1	-1	-1	-1	-1	-1	-1	-1	-1	-1	-1	-1	-1	-1	-1	-1	-1	-1	-1	-1	-1	-1	-1	-1	-1	-1	-1	-1	-1	-1	-1	-1	-1	-1	-1	-1	-1	-1	-1	-1	FFFFFF99	配饰	562	2004	1
59041924	5	4	33	11	Charm11_2	1	4+8+2		1	1	-1	-1	-1	-1	-1	-1	-1	-1	-1	-1	-1	-1	-1	-1	-1	-1	-1	-1	-1	-1	-1	-1	-1	-1	-1	-1	-1	-1	-1	-1	-1	-1	-1	-1	-1	-1	-1	-1	-1	-1	-1	-1	-1	-1	-1	-1	-1	-1	-1	-1	-1	-1	-1	-1	-1	-1	-1	-1	-1	-1	-1	-1	-1	-1	FFFFFF99	配饰	563	2004	1
59041925	5	4	33	11	Charm11_2	1	4+8+3		1	1	-1	-1	-1	-1	-1	-1	-1	-1	-1	-1	-1	-1	-1	-1	-1	-1	-1	-1	-1	-1	-1	-1	-1	-1	-1	-1	-1	-1	-1	-1	-1	-1	-1	-1	-1	-1	-1	-1	-1	-1	-1	-1	-1	-1	-1	-1	-1	-1	-1	-1	-1	-1	-1	-1	-1	-1	-1	-1	-1	-1	-1	-1	-1	-1	FFFFFF99	配饰	564	2004	1
59041926	5	4	33	11	Charm11_2	1	4+8+4		1	1	-1	-1	-1	-1	-1	-1	-1	-1	-1	-1	-1	-1	-1	-1	-1	-1	-1	-1	-1	-1	-1	-1	-1	-1	-1	-1	-1	-1	-1	-1	-1	-1	-1	-1	-1	-1	-1	-1	-1	-1	-1	-1	-1	-1	-1	-1	-1	-1	-1	-1	-1	-1	-1	-1	-1	-1	-1	-1	-1	-1	-1	-1	-1	-1	FFFFFF99	配饰	565	2004	1
59041927	5	4	33	11	Charm11_2	1	4+8+5		1	1	-1	-1	-1	-1	-1	-1	-1	-1	-1	-1	-1	-1	-1	-1	-1	-1	-1	-1	-1	-1	-1	-1	-1	-1	-1	-1	-1	-1	-1	-1	-1	-1	-1	-1	-1	-1	-1	-1	-1	-1	-1	-1	-1	-1	-1	-1	-1	-1	-1	-1	-1	-1	-1	-1	-1	-1	-1	-1	-1	-1	-1	-1	-1	-1	FFFFFF99	配饰	566	2004	1
59041928	5	4	33	11	Charm11_2	1	4+8+6		1	1	-1	-1	-1	-1	-1	-1	-1	-1	-1	-1	-1	-1	-1	-1	-1	-1	-1	-1	-1	-1	-1	-1	-1	-1	-1	-1	-1	-1	-1	-1	-1	-1	-1	-1	-1	-1	-1	-1	-1	-1	-1	-1	-1	-1	-1	-1	-1	-1	-1	-1	-1	-1	-1	-1	-1	-1	-1	-1	-1	-1	-1	-1	-1	-1	FFFFFF99	配饰	567	2004	1
59041929	5	4	33	11	Charm11_2	1	4+8+7		1	1	-1	-1	-1	-1	-1	-1	-1	-1	-1	-1	-1	-1	-1	-1	-1	-1	-1	-1	-1	-1	-1	-1	-1	-1	-1	-1	-1	-1	-1	-1	-1	-1	-1	-1	-1	-1	-1	-1	-1	-1	-1	-1	-1	-1	-1	-1	-1	-1	-1	-1	-1	-1	-1	-1	-1	-1	-1	-1	-1	-1	-1	-1	-1	-1	FFFFFF99	配饰	568	2004	1
59041930	5	4	33	11	Charm11_2	1	4+8+8		1	1	-1	-1	-1	-1	-1	-1	-1	-1	-1	-1	-1	-1	-1	-1	-1	-1	-1	-1	-1	-1	-1	-1	-1	-1	-1	-1	-1	-1	-1	-1	-1	-1	-1	-1	-1	-1	-1	-1	-1	-1	-1	-1	-1	-1	-1	-1	-1	-1	-1	-1	-1	-1	-1	-1	-1	-1	-1	-1	-1	-1	-1	-1	-1	-1	FFFFFF99	配饰	569	2004	1
59041931	5	4	33	11	Charm11_2	1	4+8+9		1	1	-1	-1	-1	-1	-1	-1	-1	-1	-1	-1	-1	-1	-1	-1	-1	-1	-1	-1	-1	-1	-1	-1	-1	-1	-1	-1	-1	-1	-1	-1	-1	-1	-1	-1	-1	-1	-1	-1	-1	-1	-1	-1	-1	-1	-1	-1	-1	-1	-1	-1	-1	-1	-1	-1	-1	-1	-1	-1	-1	-1	-1	-1	-1	-1	FFFFFF99	配饰	570	2004	1
59041932	5	4	33	11	Charm11_2	1	4+8+10		1	1	-1	-1	-1	-1	-1	-1	-1	-1	-1	-1	-1	-1	-1	-1	-1	-1	-1	-1	-1	-1	-1	-1	-1	-1	-1	-1	-1	-1	-1	-1	-1	-1	-1	-1	-1	-1	-1	-1	-1	-1	-1	-1	-1	-1	-1	-1	-1	-1	-1	-1	-1	-1	-1	-1	-1	-1	-1	-1	-1	-1	-1	-1	-1	-1	FFFFFF99	配饰	571	2004	1
59041933	5	4	33	11	Charm11_2	1	4+8+11		1	1	-1	-1	-1	-1	-1	-1	-1	-1	-1	-1	-1	-1	-1	-1	-1	-1	-1	-1	-1	-1	-1	-1	-1	-1	-1	-1	-1	-1	-1	-1	-1	-1	-1	-1	-1	-1	-1	-1	-1	-1	-1	-1	-1	-1	-1	-1	-1	-1	-1	-1	-1	-1	-1	-1	-1	-1	-1	-1	-1	-1	-1	-1	-1	-1	FFFFFF99	配饰	572	2004	1
59042023	5	4	33	11	Charm11_2	1	4+9+1		1	1	-1	-1	-1	-1	-1	-1	-1	-1	-1	-1	-1	-1	-1	-1	-1	-1	-1	-1	-1	-1	-1	-1	-1	-1	-1	-1	-1	-1	-1	-1	-1	-1	-1	-1	-1	-1	-1	-1	-1	-1	-1	-1	-1	-1	-1	-1	-1	-1	-1	-1	-1	-1	-1	-1	-1	-1	-1	-1	-1	-1	-1	-1	-1	-1	FFFFFF99	配饰	573	2004	1
59042024	5	4	33	11	Charm11_2	1	4+9+2		1	1	-1	-1	-1	-1	-1	-1	-1	-1	-1	-1	-1	-1	-1	-1	-1	-1	-1	-1	-1	-1	-1	-1	-1	-1	-1	-1	-1	-1	-1	-1	-1	-1	-1	-1	-1	-1	-1	-1	-1	-1	-1	-1	-1	-1	-1	-1	-1	-1	-1	-1	-1	-1	-1	-1	-1	-1	-1	-1	-1	-1	-1	-1	-1	-1	FFFFFF99	配饰	574	2004	1
59042025	5	4	33	11	Charm11_2	1	4+9+3		1	1	-1	-1	-1	-1	-1	-1	-1	-1	-1	-1	-1	-1	-1	-1	-1	-1	-1	-1	-1	-1	-1	-1	-1	-1	-1	-1	-1	-1	-1	-1	-1	-1	-1	-1	-1	-1	-1	-1	-1	-1	-1	-1	-1	-1	-1	-1	-1	-1	-1	-1	-1	-1	-1	-1	-1	-1	-1	-1	-1	-1	-1	-1	-1	-1	FFFFFF99	配饰	575	2004	1
59042026	5	4	33	11	Charm11_2	1	4+9+4		1	1	-1	-1	-1	-1	-1	-1	-1	-1	-1	-1	-1	-1	-1	-1	-1	-1	-1	-1	-1	-1	-1	-1	-1	-1	-1	-1	-1	-1	-1	-1	-1	-1	-1	-1	-1	-1	-1	-1	-1	-1	-1	-1	-1	-1	-1	-1	-1	-1	-1	-1	-1	-1	-1	-1	-1	-1	-1	-1	-1	-1	-1	-1	-1	-1	FFFFFF99	配饰	576	2004	1
59042027	5	4	33	11	Charm11_2	1	4+9+5		1	1	-1	-1	-1	-1	-1	-1	-1	-1	-1	-1	-1	-1	-1	-1	-1	-1	-1	-1	-1	-1	-1	-1	-1	-1	-1	-1	-1	-1	-1	-1	-1	-1	-1	-1	-1	-1	-1	-1	-1	-1	-1	-1	-1	-1	-1	-1	-1	-1	-1	-1	-1	-1	-1	-1	-1	-1	-1	-1	-1	-1	-1	-1	-1	-1	FFFFFF99	配饰	577	2004	1
59042028	5	4	33	11	Charm11_2	1	4+9+6		1	1	-1	-1	-1	-1	-1	-1	-1	-1	-1	-1	-1	-1	-1	-1	-1	-1	-1	-1	-1	-1	-1	-1	-1	-1	-1	-1	-1	-1	-1	-1	-1	-1	-1	-1	-1	-1	-1	-1	-1	-1	-1	-1	-1	-1	-1	-1	-1	-1	-1	-1	-1	-1	-1	-1	-1	-1	-1	-1	-1	-1	-1	-1	-1	-1	FFFFFF99	配饰	578	2004	1
59042029	5	4	33	11	Charm11_2	1	4+9+7		1	1	-1	-1	-1	-1	-1	-1	-1	-1	-1	-1	-1	-1	-1	-1	-1	-1	-1	-1	-1	-1	-1	-1	-1	-1	-1	-1	-1	-1	-1	-1	-1	-1	-1	-1	-1	-1	-1	-1	-1	-1	-1	-1	-1	-1	-1	-1	-1	-1	-1	-1	-1	-1	-1	-1	-1	-1	-1	-1	-1	-1	-1	-1	-1	-1	FFFFFF99	配饰	579	2004	1
59042030	5	4	33	11	Charm11_2	1	4+9+8		1	1	-1	-1	-1	-1	-1	-1	-1	-1	-1	-1	-1	-1	-1	-1	-1	-1	-1	-1	-1	-1	-1	-1	-1	-1	-1	-1	-1	-1	-1	-1	-1	-1	-1	-1	-1	-1	-1	-1	-1	-1	-1	-1	-1	-1	-1	-1	-1	-1	-1	-1	-1	-1	-1	-1	-1	-1	-1	-1	-1	-1	-1	-1	-1	-1	FFFFFF99	配饰	580	2004	1
59042031	5	4	33	11	Charm11_2	1	4+9+9		1	1	-1	-1	-1	-1	-1	-1	-1	-1	-1	-1	-1	-1	-1	-1	-1	-1	-1	-1	-1	-1	-1	-1	-1	-1	-1	-1	-1	-1	-1	-1	-1	-1	-1	-1	-1	-1	-1	-1	-1	-1	-1	-1	-1	-1	-1	-1	-1	-1	-1	-1	-1	-1	-1	-1	-1	-1	-1	-1	-1	-1	-1	-1	-1	-1	FFFFFF99	配饰	581	2004	1
59042032	5	4	33	11	Charm11_2	1	4+9+10		1	1	-1	-1	-1	-1	-1	-1	-1	-1	-1	-1	-1	-1	-1	-1	-1	-1	-1	-1	-1	-1	-1	-1	-1	-1	-1	-1	-1	-1	-1	-1	-1	-1	-1	-1	-1	-1	-1	-1	-1	-1	-1	-1	-1	-1	-1	-1	-1	-1	-1	-1	-1	-1	-1	-1	-1	-1	-1	-1	-1	-1	-1	-1	-1	-1	FFFFFF99	配饰	582	2004	1
59042033	5	4	33	11	Charm11_2	1	4+9+11		1	1	-1	-1	-1	-1	-1	-1	-1	-1	-1	-1	-1	-1	-1	-1	-1	-1	-1	-1	-1	-1	-1	-1	-1	-1	-1	-1	-1	-1	-1	-1	-1	-1	-1	-1	-1	-1	-1	-1	-1	-1	-1	-1	-1	-1	-1	-1	-1	-1	-1	-1	-1	-1	-1	-1	-1	-1	-1	-1	-1	-1	-1	-1	-1	-1	FFFFFF99	配饰	583	2004	1
59042123	5	4	33	11	Charm11_2	1	4+10+1		1	1	-1	-1	-1	-1	-1	-1	-1	-1	-1	-1	-1	-1	-1	-1	-1	-1	-1	-1	-1	-1	-1	-1	-1	-1	-1	-1	-1	-1	-1	-1	-1	-1	-1	-1	-1	-1	-1	-1	-1	-1	-1	-1	-1	-1	-1	-1	-1	-1	-1	-1	-1	-1	-1	-1	-1	-1	-1	-1	-1	-1	-1	-1	-1	-1	FFFFFF99	配饰	584	2004	1
59042124	5	4	33	11	Charm11_2	1	4+10+2		1	1	-1	-1	-1	-1	-1	-1	-1	-1	-1	-1	-1	-1	-1	-1	-1	-1	-1	-1	-1	-1	-1	-1	-1	-1	-1	-1	-1	-1	-1	-1	-1	-1	-1	-1	-1	-1	-1	-1	-1	-1	-1	-1	-1	-1	-1	-1	-1	-1	-1	-1	-1	-1	-1	-1	-1	-1	-1	-1	-1	-1	-1	-1	-1	-1	FFFFFF99	配饰	585	2004	1
59042125	5	4	33	11	Charm11_2	1	4+10+3		1	1	-1	-1	-1	-1	-1	-1	-1	-1	-1	-1	-1	-1	-1	-1	-1	-1	-1	-1	-1	-1	-1	-1	-1	-1	-1	-1	-1	-1	-1	-1	-1	-1	-1	-1	-1	-1	-1	-1	-1	-1	-1	-1	-1	-1	-1	-1	-1	-1	-1	-1	-1	-1	-1	-1	-1	-1	-1	-1	-1	-1	-1	-1	-1	-1	FFFFFF99	配饰	586	2004	1
59042126	5	4	33	11	Charm11_2	1	4+10+4		1	1	-1	-1	-1	-1	-1	-1	-1	-1	-1	-1	-1	-1	-1	-1	-1	-1	-1	-1	-1	-1	-1	-1	-1	-1	-1	-1	-1	-1	-1	-1	-1	-1	-1	-1	-1	-1	-1	-1	-1	-1	-1	-1	-1	-1	-1	-1	-1	-1	-1	-1	-1	-1	-1	-1	-1	-1	-1	-1	-1	-1	-1	-1	-1	-1	FFFFFF99	配饰	587	2004	1
59042127	5	4	33	11	Charm11_2	1	4+10+5		1	1	-1	-1	-1	-1	-1	-1	-1	-1	-1	-1	-1	-1	-1	-1	-1	-1	-1	-1	-1	-1	-1	-1	-1	-1	-1	-1	-1	-1	-1	-1	-1	-1	-1	-1	-1	-1	-1	-1	-1	-1	-1	-1	-1	-1	-1	-1	-1	-1	-1	-1	-1	-1	-1	-1	-1	-1	-1	-1	-1	-1	-1	-1	-1	-1	FFFFFF99	配饰	588	2004	1
59042128	5	4	33	11	Charm11_2	1	4+10+6		1	1	-1	-1	-1	-1	-1	-1	-1	-1	-1	-1	-1	-1	-1	-1	-1	-1	-1	-1	-1	-1	-1	-1	-1	-1	-1	-1	-1	-1	-1	-1	-1	-1	-1	-1	-1	-1	-1	-1	-1	-1	-1	-1	-1	-1	-1	-1	-1	-1	-1	-1	-1	-1	-1	-1	-1	-1	-1	-1	-1	-1	-1	-1	-1	-1	FFFFFF99	配饰	589	2004	1
59042129	5	4	33	11	Charm11_2	1	4+10+7		1	1	-1	-1	-1	-1	-1	-1	-1	-1	-1	-1	-1	-1	-1	-1	-1	-1	-1	-1	-1	-1	-1	-1	-1	-1	-1	-1	-1	-1	-1	-1	-1	-1	-1	-1	-1	-1	-1	-1	-1	-1	-1	-1	-1	-1	-1	-1	-1	-1	-1	-1	-1	-1	-1	-1	-1	-1	-1	-1	-1	-1	-1	-1	-1	-1	FFFFFF99	配饰	590	2004	1
59042130	5	4	33	11	Charm11_2	1	4+10+8		1	1	-1	-1	-1	-1	-1	-1	-1	-1	-1	-1	-1	-1	-1	-1	-1	-1	-1	-1	-1	-1	-1	-1	-1	-1	-1	-1	-1	-1	-1	-1	-1	-1	-1	-1	-1	-1	-1	-1	-1	-1	-1	-1	-1	-1	-1	-1	-1	-1	-1	-1	-1	-1	-1	-1	-1	-1	-1	-1	-1	-1	-1	-1	-1	-1	FFFFFF99	配饰	591	2004	1
59042131	5	4	33	11	Charm11_2	1	4+10+9		1	1	-1	-1	-1	-1	-1	-1	-1	-1	-1	-1	-1	-1	-1	-1	-1	-1	-1	-1	-1	-1	-1	-1	-1	-1	-1	-1	-1	-1	-1	-1	-1	-1	-1	-1	-1	-1	-1	-1	-1	-1	-1	-1	-1	-1	-1	-1	-1	-1	-1	-1	-1	-1	-1	-1	-1	-1	-1	-1	-1	-1	-1	-1	-1	-1	FFFFFF99	配饰	592	2004	1
59042132	5	4	33	11	Charm11_2	1	4+10+10		1	1	-1	-1	-1	-1	-1	-1	-1	-1	-1	-1	-1	-1	-1	-1	-1	-1	-1	-1	-1	-1	-1	-1	-1	-1	-1	-1	-1	-1	-1	-1	-1	-1	-1	-1	-1	-1	-1	-1	-1	-1	-1	-1	-1	-1	-1	-1	-1	-1	-1	-1	-1	-1	-1	-1	-1	-1	-1	-1	-1	-1	-1	-1	-1	-1	FFFFFF99	配饰	593	2004	1
59042133	5	4	33	11	Charm11_2	1	4+10+11		1	1	-1	-1	-1	-1	-1	-1	-1	-1	-1	-1	-1	-1	-1	-1	-1	-1	-1	-1	-1	-1	-1	-1	-1	-1	-1	-1	-1	-1	-1	-1	-1	-1	-1	-1	-1	-1	-1	-1	-1	-1	-1	-1	-1	-1	-1	-1	-1	-1	-1	-1	-1	-1	-1	-1	-1	-1	-1	-1	-1	-1	-1	-1	-1	-1	FFFFFF99	配饰	594	2004	1
59042223	5	4	33	11	Charm11_2	1	4+11+1		1	1	-1	-1	-1	-1	-1	-1	-1	-1	-1	-1	-1	-1	-1	-1	-1	-1	-1	-1	-1	-1	-1	-1	-1	-1	-1	-1	-1	-1	-1	-1	-1	-1	-1	-1	-1	-1	-1	-1	-1	-1	-1	-1	-1	-1	-1	-1	-1	-1	-1	-1	-1	-1	-1	-1	-1	-1	-1	-1	-1	-1	-1	-1	-1	-1	FFFFFF99	配饰	595	2004	1
59042224	5	4	33	11	Charm11_2	1	4+11+2		1	1	-1	-1	-1	-1	-1	-1	-1	-1	-1	-1	-1	-1	-1	-1	-1	-1	-1	-1	-1	-1	-1	-1	-1	-1	-1	-1	-1	-1	-1	-1	-1	-1	-1	-1	-1	-1	-1	-1	-1	-1	-1	-1	-1	-1	-1	-1	-1	-1	-1	-1	-1	-1	-1	-1	-1	-1	-1	-1	-1	-1	-1	-1	-1	-1	FFFFFF99	配饰	596	2004	1
59042225	5	4	33	11	Charm11_2	1	4+11+3		1	1	-1	-1	-1	-1	-1	-1	-1	-1	-1	-1	-1	-1	-1	-1	-1	-1	-1	-1	-1	-1	-1	-1	-1	-1	-1	-1	-1	-1	-1	-1	-1	-1	-1	-1	-1	-1	-1	-1	-1	-1	-1	-1	-1	-1	-1	-1	-1	-1	-1	-1	-1	-1	-1	-1	-1	-1	-1	-1	-1	-1	-1	-1	-1	-1	FFFFFF99	配饰	597	2004	1
59042226	5	4	33	11	Charm11_2	1	4+11+4		1	1	-1	-1	-1	-1	-1	-1	-1	-1	-1	-1	-1	-1	-1	-1	-1	-1	-1	-1	-1	-1	-1	-1	-1	-1	-1	-1	-1	-1	-1	-1	-1	-1	-1	-1	-1	-1	-1	-1	-1	-1	-1	-1	-1	-1	-1	-1	-1	-1	-1	-1	-1	-1	-1	-1	-1	-1	-1	-1	-1	-1	-1	-1	-1	-1	FFFFFF99	配饰	598	2004	1
59042227	5	4	33	11	Charm11_2	1	4+11+5		1	1	-1	-1	-1	-1	-1	-1	-1	-1	-1	-1	-1	-1	-1	-1	-1	-1	-1	-1	-1	-1	-1	-1	-1	-1	-1	-1	-1	-1	-1	-1	-1	-1	-1	-1	-1	-1	-1	-1	-1	-1	-1	-1	-1	-1	-1	-1	-1	-1	-1	-1	-1	-1	-1	-1	-1	-1	-1	-1	-1	-1	-1	-1	-1	-1	FFFFFF99	配饰	599	2004	1
59042228	5	4	33	11	Charm11_2	1	4+11+6		1	1	-1	-1	-1	-1	-1	-1	-1	-1	-1	-1	-1	-1	-1	-1	-1	-1	-1	-1	-1	-1	-1	-1	-1	-1	-1	-1	-1	-1	-1	-1	-1	-1	-1	-1	-1	-1	-1	-1	-1	-1	-1	-1	-1	-1	-1	-1	-1	-1	-1	-1	-1	-1	-1	-1	-1	-1	-1	-1	-1	-1	-1	-1	-1	-1	FFFFFF99	配饰	600	2004	1
59042229	5	4	33	11	Charm11_2	1	4+11+7		1	1	-1	-1	-1	-1	-1	-1	-1	-1	-1	-1	-1	-1	-1	-1	-1	-1	-1	-1	-1	-1	-1	-1	-1	-1	-1	-1	-1	-1	-1	-1	-1	-1	-1	-1	-1	-1	-1	-1	-1	-1	-1	-1	-1	-1	-1	-1	-1	-1	-1	-1	-1	-1	-1	-1	-1	-1	-1	-1	-1	-1	-1	-1	-1	-1	FFFFFF99	配饰	601	2004	1
59042230	5	4	33	11	Charm11_2	1	4+11+8		1	1	-1	-1	-1	-1	-1	-1	-1	-1	-1	-1	-1	-1	-1	-1	-1	-1	-1	-1	-1	-1	-1	-1	-1	-1	-1	-1	-1	-1	-1	-1	-1	-1	-1	-1	-1	-1	-1	-1	-1	-1	-1	-1	-1	-1	-1	-1	-1	-1	-1	-1	-1	-1	-1	-1	-1	-1	-1	-1	-1	-1	-1	-1	-1	-1	FFFFFF99	配饰	602	2004	1
59042231	5	4	33	11	Charm11_2	1	4+11+9		1	1	-1	-1	-1	-1	-1	-1	-1	-1	-1	-1	-1	-1	-1	-1	-1	-1	-1	-1	-1	-1	-1	-1	-1	-1	-1	-1	-1	-1	-1	-1	-1	-1	-1	-1	-1	-1	-1	-1	-1	-1	-1	-1	-1	-1	-1	-1	-1	-1	-1	-1	-1	-1	-1	-1	-1	-1	-1	-1	-1	-1	-1	-1	-1	-1	FFFFFF99	配饰	603	2004	1
59042232	5	4	33	11	Charm11_2	1	4+11+10		1	1	-1	-1	-1	-1	-1	-1	-1	-1	-1	-1	-1	-1	-1	-1	-1	-1	-1	-1	-1	-1	-1	-1	-1	-1	-1	-1	-1	-1	-1	-1	-1	-1	-1	-1	-1	-1	-1	-1	-1	-1	-1	-1	-1	-1	-1	-1	-1	-1	-1	-1	-1	-1	-1	-1	-1	-1	-1	-1	-1	-1	-1	-1	-1	-1	FFFFFF99	配饰	604	2004	1
59042233	5	4	33	11	Charm11_2	1	4+11+11		1	1	-1	-1	-1	-1	-1	-1	-1	-1	-1	-1	-1	-1	-1	-1	-1	-1	-1	-1	-1	-1	-1	-1	-1	-1	-1	-1	-1	-1	-1	-1	-1	-1	-1	-1	-1	-1	-1	-1	-1	-1	-1	-1	-1	-1	-1	-1	-1	-1	-1	-1	-1	-1	-1	-1	-1	-1	-1	-1	-1	-1	-1	-1	-1	-1	FFFFFF99	配饰	605	2004	1
#花落红尘·肩																																																																															
59051223	5	4	33	11	Charm11_2	1	5+1+1		1	1	-1	-1	-1	-1	-1	-1	-1	-1	-1	-1	-1	-1	-1	-1	-1	-1	-1	-1	-1	-1	-1	-1	-1	-1	-1	-1	-1	-1	-1	-1	-1	-1	-1	-1	-1	-1	-1	-1	-1	-1	-1	-1	-1	-1	-1	-1	-1	-1	-1	-1	-1	-1	-1	-1	-1	-1	-1	-1	-1	-1	-1	-1	-1	-1	FFFFFF99	配饰	628	2004	1
59051224	5	4	33	11	Charm11_2	1	5+1+2		1	1	-1	-1	-1	-1	-1	-1	-1	-1	-1	-1	-1	-1	-1	-1	-1	-1	-1	-1	-1	-1	-1	-1	-1	-1	-1	-1	-1	-1	-1	-1	-1	-1	-1	-1	-1	-1	-1	-1	-1	-1	-1	-1	-1	-1	-1	-1	-1	-1	-1	-1	-1	-1	-1	-1	-1	-1	-1	-1	-1	-1	-1	-1	-1	-1	FFFFFF99	配饰	629	2004	1
59051225	5	4	33	11	Charm11_2	1	5+1+3		1	1	-1	-1	-1	-1	-1	-1	-1	-1	-1	-1	-1	-1	-1	-1	-1	-1	-1	-1	-1	-1	-1	-1	-1	-1	-1	-1	-1	-1	-1	-1	-1	-1	-1	-1	-1	-1	-1	-1	-1	-1	-1	-1	-1	-1	-1	-1	-1	-1	-1	-1	-1	-1	-1	-1	-1	-1	-1	-1	-1	-1	-1	-1	-1	-1	FFFFFF99	配饰	630	2004	1
59051226	5	4	33	11	Charm11_2	1	5+1+4		1	1	-1	-1	-1	-1	-1	-1	-1	-1	-1	-1	-1	-1	-1	-1	-1	-1	-1	-1	-1	-1	-1	-1	-1	-1	-1	-1	-1	-1	-1	-1	-1	-1	-1	-1	-1	-1	-1	-1	-1	-1	-1	-1	-1	-1	-1	-1	-1	-1	-1	-1	-1	-1	-1	-1	-1	-1	-1	-1	-1	-1	-1	-1	-1	-1	FFFFFF99	配饰	631	2004	1
59051227	5	4	33	11	Charm11_2	1	5+1+5		1	1	-1	-1	-1	-1	-1	-1	-1	-1	-1	-1	-1	-1	-1	-1	-1	-1	-1	-1	-1	-1	-1	-1	-1	-1	-1	-1	-1	-1	-1	-1	-1	-1	-1	-1	-1	-1	-1	-1	-1	-1	-1	-1	-1	-1	-1	-1	-1	-1	-1	-1	-1	-1	-1	-1	-1	-1	-1	-1	-1	-1	-1	-1	-1	-1	FFFFFF99	配饰	632	2004	1
59051228	5	4	33	11	Charm11_2	1	5+1+6		1	1	-1	-1	-1	-1	-1	-1	-1	-1	-1	-1	-1	-1	-1	-1	-1	-1	-1	-1	-1	-1	-1	-1	-1	-1	-1	-1	-1	-1	-1	-1	-1	-1	-1	-1	-1	-1	-1	-1	-1	-1	-1	-1	-1	-1	-1	-1	-1	-1	-1	-1	-1	-1	-1	-1	-1	-1	-1	-1	-1	-1	-1	-1	-1	-1	FFFFFF99	配饰	633	2004	1
59051229	5	4	33	11	Charm11_2	1	5+1+7		1	1	-1	-1	-1	-1	-1	-1	-1	-1	-1	-1	-1	-1	-1	-1	-1	-1	-1	-1	-1	-1	-1	-1	-1	-1	-1	-1	-1	-1	-1	-1	-1	-1	-1	-1	-1	-1	-1	-1	-1	-1	-1	-1	-1	-1	-1	-1	-1	-1	-1	-1	-1	-1	-1	-1	-1	-1	-1	-1	-1	-1	-1	-1	-1	-1	FFFFFF99	配饰	634	2004	1
59051230	5	4	33	11	Charm11_2	1	5+1+8		1	1	-1	-1	-1	-1	-1	-1	-1	-1	-1	-1	-1	-1	-1	-1	-1	-1	-1	-1	-1	-1	-1	-1	-1	-1	-1	-1	-1	-1	-1	-1	-1	-1	-1	-1	-1	-1	-1	-1	-1	-1	-1	-1	-1	-1	-1	-1	-1	-1	-1	-1	-1	-1	-1	-1	-1	-1	-1	-1	-1	-1	-1	-1	-1	-1	FFFFFF99	配饰	635	2004	1
59051231	5	4	33	11	Charm11_2	1	5+1+9		1	1	-1	-1	-1	-1	-1	-1	-1	-1	-1	-1	-1	-1	-1	-1	-1	-1	-1	-1	-1	-1	-1	-1	-1	-1	-1	-1	-1	-1	-1	-1	-1	-1	-1	-1	-1	-1	-1	-1	-1	-1	-1	-1	-1	-1	-1	-1	-1	-1	-1	-1	-1	-1	-1	-1	-1	-1	-1	-1	-1	-1	-1	-1	-1	-1	FFFFFF99	配饰	636	2004	1
59051232	5	4	33	11	Charm11_2	1	5+1+10		1	1	-1	-1	-1	-1	-1	-1	-1	-1	-1	-1	-1	-1	-1	-1	-1	-1	-1	-1	-1	-1	-1	-1	-1	-1	-1	-1	-1	-1	-1	-1	-1	-1	-1	-1	-1	-1	-1	-1	-1	-1	-1	-1	-1	-1	-1	-1	-1	-1	-1	-1	-1	-1	-1	-1	-1	-1	-1	-1	-1	-1	-1	-1	-1	-1	FFFFFF99	配饰	637	2004	1
59051233	5	4	33	11	Charm11_2	1	5+1+11		1	1	-1	-1	-1	-1	-1	-1	-1	-1	-1	-1	-1	-1	-1	-1	-1	-1	-1	-1	-1	-1	-1	-1	-1	-1	-1	-1	-1	-1	-1	-1	-1	-1	-1	-1	-1	-1	-1	-1	-1	-1	-1	-1	-1	-1	-1	-1	-1	-1	-1	-1	-1	-1	-1	-1	-1	-1	-1	-1	-1	-1	-1	-1	-1	-1	FFFFFF99	配饰	638	2004	1
59051323	5	4	33	11	Charm11_2	1	5+5+1		1	1	-1	-1	-1	-1	-1	-1	-1	-1	-1	-1	-1	-1	-1	-1	-1	-1	-1	-1	-1	-1	-1	-1	-1	-1	-1	-1	-1	-1	-1	-1	-1	-1	-1	-1	-1	-1	-1	-1	-1	-1	-1	-1	-1	-1	-1	-1	-1	-1	-1	-1	-1	-1	-1	-1	-1	-1	-1	-1	-1	-1	-1	-1	-1	-1	FFFFFF99	配饰	639	2004	1
59051324	5	4	33	11	Charm11_2	1	5+5+2		1	1	-1	-1	-1	-1	-1	-1	-1	-1	-1	-1	-1	-1	-1	-1	-1	-1	-1	-1	-1	-1	-1	-1	-1	-1	-1	-1	-1	-1	-1	-1	-1	-1	-1	-1	-1	-1	-1	-1	-1	-1	-1	-1	-1	-1	-1	-1	-1	-1	-1	-1	-1	-1	-1	-1	-1	-1	-1	-1	-1	-1	-1	-1	-1	-1	FFFFFF99	配饰	640	2004	1
59051325	5	4	33	11	Charm11_2	1	5+5+3		1	1	-1	-1	-1	-1	-1	-1	-1	-1	-1	-1	-1	-1	-1	-1	-1	-1	-1	-1	-1	-1	-1	-1	-1	-1	-1	-1	-1	-1	-1	-1	-1	-1	-1	-1	-1	-1	-1	-1	-1	-1	-1	-1	-1	-1	-1	-1	-1	-1	-1	-1	-1	-1	-1	-1	-1	-1	-1	-1	-1	-1	-1	-1	-1	-1	FFFFFF99	配饰	641	2004	1
59051326	5	4	33	11	Charm11_2	1	5+5+4		1	1	-1	-1	-1	-1	-1	-1	-1	-1	-1	-1	-1	-1	-1	-1	-1	-1	-1	-1	-1	-1	-1	-1	-1	-1	-1	-1	-1	-1	-1	-1	-1	-1	-1	-1	-1	-1	-1	-1	-1	-1	-1	-1	-1	-1	-1	-1	-1	-1	-1	-1	-1	-1	-1	-1	-1	-1	-1	-1	-1	-1	-1	-1	-1	-1	FFFFFF99	配饰	642	2004	1
59051327	5	4	33	11	Charm11_2	1	5+5+5		1	1	-1	-1	-1	-1	-1	-1	-1	-1	-1	-1	-1	-1	-1	-1	-1	-1	-1	-1	-1	-1	-1	-1	-1	-1	-1	-1	-1	-1	-1	-1	-1	-1	-1	-1	-1	-1	-1	-1	-1	-1	-1	-1	-1	-1	-1	-1	-1	-1	-1	-1	-1	-1	-1	-1	-1	-1	-1	-1	-1	-1	-1	-1	-1	-1	FFFFFF99	配饰	643	2004	1
59051328	5	4	33	11	Charm11_2	1	5+5+6		1	1	-1	-1	-1	-1	-1	-1	-1	-1	-1	-1	-1	-1	-1	-1	-1	-1	-1	-1	-1	-1	-1	-1	-1	-1	-1	-1	-1	-1	-1	-1	-1	-1	-1	-1	-1	-1	-1	-1	-1	-1	-1	-1	-1	-1	-1	-1	-1	-1	-1	-1	-1	-1	-1	-1	-1	-1	-1	-1	-1	-1	-1	-1	-1	-1	FFFFFF99	配饰	644	2004	1
59051329	5	4	33	11	Charm11_2	1	5+5+7		1	1	-1	-1	-1	-1	-1	-1	-1	-1	-1	-1	-1	-1	-1	-1	-1	-1	-1	-1	-1	-1	-1	-1	-1	-1	-1	-1	-1	-1	-1	-1	-1	-1	-1	-1	-1	-1	-1	-1	-1	-1	-1	-1	-1	-1	-1	-1	-1	-1	-1	-1	-1	-1	-1	-1	-1	-1	-1	-1	-1	-1	-1	-1	-1	-1	FFFFFF99	配饰	645	2004	1
59051330	5	4	33	11	Charm11_2	1	5+5+8		1	1	-1	-1	-1	-1	-1	-1	-1	-1	-1	-1	-1	-1	-1	-1	-1	-1	-1	-1	-1	-1	-1	-1	-1	-1	-1	-1	-1	-1	-1	-1	-1	-1	-1	-1	-1	-1	-1	-1	-1	-1	-1	-1	-1	-1	-1	-1	-1	-1	-1	-1	-1	-1	-1	-1	-1	-1	-1	-1	-1	-1	-1	-1	-1	-1	FFFFFF99	配饰	646	2004	1
59051331	5	4	33	11	Charm11_2	1	5+5+9		1	1	-1	-1	-1	-1	-1	-1	-1	-1	-1	-1	-1	-1	-1	-1	-1	-1	-1	-1	-1	-1	-1	-1	-1	-1	-1	-1	-1	-1	-1	-1	-1	-1	-1	-1	-1	-1	-1	-1	-1	-1	-1	-1	-1	-1	-1	-1	-1	-1	-1	-1	-1	-1	-1	-1	-1	-1	-1	-1	-1	-1	-1	-1	-1	-1	FFFFFF99	配饰	647	2004	1
59051332	5	4	33	11	Charm11_2	1	5+5+10		1	1	-1	-1	-1	-1	-1	-1	-1	-1	-1	-1	-1	-1	-1	-1	-1	-1	-1	-1	-1	-1	-1	-1	-1	-1	-1	-1	-1	-1	-1	-1	-1	-1	-1	-1	-1	-1	-1	-1	-1	-1	-1	-1	-1	-1	-1	-1	-1	-1	-1	-1	-1	-1	-1	-1	-1	-1	-1	-1	-1	-1	-1	-1	-1	-1	FFFFFF99	配饰	648	2004	1
59051333	5	4	33	11	Charm11_2	1	5+5+11		1	1	-1	-1	-1	-1	-1	-1	-1	-1	-1	-1	-1	-1	-1	-1	-1	-1	-1	-1	-1	-1	-1	-1	-1	-1	-1	-1	-1	-1	-1	-1	-1	-1	-1	-1	-1	-1	-1	-1	-1	-1	-1	-1	-1	-1	-1	-1	-1	-1	-1	-1	-1	-1	-1	-1	-1	-1	-1	-1	-1	-1	-1	-1	-1	-1	FFFFFF99	配饰	649	2004	1
59051423	5	4	33	11	Charm11_2	1	5+5+1		1	1	-1	-1	-1	-1	-1	-1	-1	-1	-1	-1	-1	-1	-1	-1	-1	-1	-1	-1	-1	-1	-1	-1	-1	-1	-1	-1	-1	-1	-1	-1	-1	-1	-1	-1	-1	-1	-1	-1	-1	-1	-1	-1	-1	-1	-1	-1	-1	-1	-1	-1	-1	-1	-1	-1	-1	-1	-1	-1	-1	-1	-1	-1	-1	-1	FFFFFF99	配饰	650	2004	1
59051424	5	4	33	11	Charm11_2	1	5+5+2		1	1	-1	-1	-1	-1	-1	-1	-1	-1	-1	-1	-1	-1	-1	-1	-1	-1	-1	-1	-1	-1	-1	-1	-1	-1	-1	-1	-1	-1	-1	-1	-1	-1	-1	-1	-1	-1	-1	-1	-1	-1	-1	-1	-1	-1	-1	-1	-1	-1	-1	-1	-1	-1	-1	-1	-1	-1	-1	-1	-1	-1	-1	-1	-1	-1	FFFFFF99	配饰	651	2004	1
59051425	5	4	33	11	Charm11_2	1	5+5+3		1	1	-1	-1	-1	-1	-1	-1	-1	-1	-1	-1	-1	-1	-1	-1	-1	-1	-1	-1	-1	-1	-1	-1	-1	-1	-1	-1	-1	-1	-1	-1	-1	-1	-1	-1	-1	-1	-1	-1	-1	-1	-1	-1	-1	-1	-1	-1	-1	-1	-1	-1	-1	-1	-1	-1	-1	-1	-1	-1	-1	-1	-1	-1	-1	-1	FFFFFF99	配饰	652	2004	1
59051426	5	4	33	11	Charm11_2	1	5+5+4		1	1	-1	-1	-1	-1	-1	-1	-1	-1	-1	-1	-1	-1	-1	-1	-1	-1	-1	-1	-1	-1	-1	-1	-1	-1	-1	-1	-1	-1	-1	-1	-1	-1	-1	-1	-1	-1	-1	-1	-1	-1	-1	-1	-1	-1	-1	-1	-1	-1	-1	-1	-1	-1	-1	-1	-1	-1	-1	-1	-1	-1	-1	-1	-1	-1	FFFFFF99	配饰	653	2004	1
59051427	5	4	33	11	Charm11_2	1	5+5+5		1	1	-1	-1	-1	-1	-1	-1	-1	-1	-1	-1	-1	-1	-1	-1	-1	-1	-1	-1	-1	-1	-1	-1	-1	-1	-1	-1	-1	-1	-1	-1	-1	-1	-1	-1	-1	-1	-1	-1	-1	-1	-1	-1	-1	-1	-1	-1	-1	-1	-1	-1	-1	-1	-1	-1	-1	-1	-1	-1	-1	-1	-1	-1	-1	-1	FFFFFF99	配饰	654	2004	1
59051428	5	4	33	11	Charm11_2	1	5+5+6		1	1	-1	-1	-1	-1	-1	-1	-1	-1	-1	-1	-1	-1	-1	-1	-1	-1	-1	-1	-1	-1	-1	-1	-1	-1	-1	-1	-1	-1	-1	-1	-1	-1	-1	-1	-1	-1	-1	-1	-1	-1	-1	-1	-1	-1	-1	-1	-1	-1	-1	-1	-1	-1	-1	-1	-1	-1	-1	-1	-1	-1	-1	-1	-1	-1	FFFFFF99	配饰	655	2004	1
59051429	5	4	33	11	Charm11_2	1	5+5+7		1	1	-1	-1	-1	-1	-1	-1	-1	-1	-1	-1	-1	-1	-1	-1	-1	-1	-1	-1	-1	-1	-1	-1	-1	-1	-1	-1	-1	-1	-1	-1	-1	-1	-1	-1	-1	-1	-1	-1	-1	-1	-1	-1	-1	-1	-1	-1	-1	-1	-1	-1	-1	-1	-1	-1	-1	-1	-1	-1	-1	-1	-1	-1	-1	-1	FFFFFF99	配饰	656	2004	1
59051430	5	4	33	11	Charm11_2	1	5+5+8		1	1	-1	-1	-1	-1	-1	-1	-1	-1	-1	-1	-1	-1	-1	-1	-1	-1	-1	-1	-1	-1	-1	-1	-1	-1	-1	-1	-1	-1	-1	-1	-1	-1	-1	-1	-1	-1	-1	-1	-1	-1	-1	-1	-1	-1	-1	-1	-1	-1	-1	-1	-1	-1	-1	-1	-1	-1	-1	-1	-1	-1	-1	-1	-1	-1	FFFFFF99	配饰	657	2004	1
59051431	5	4	33	11	Charm11_2	1	5+5+9		1	1	-1	-1	-1	-1	-1	-1	-1	-1	-1	-1	-1	-1	-1	-1	-1	-1	-1	-1	-1	-1	-1	-1	-1	-1	-1	-1	-1	-1	-1	-1	-1	-1	-1	-1	-1	-1	-1	-1	-1	-1	-1	-1	-1	-1	-1	-1	-1	-1	-1	-1	-1	-1	-1	-1	-1	-1	-1	-1	-1	-1	-1	-1	-1	-1	FFFFFF99	配饰	658	2004	1
59051432	5	4	33	11	Charm11_2	1	5+5+10		1	1	-1	-1	-1	-1	-1	-1	-1	-1	-1	-1	-1	-1	-1	-1	-1	-1	-1	-1	-1	-1	-1	-1	-1	-1	-1	-1	-1	-1	-1	-1	-1	-1	-1	-1	-1	-1	-1	-1	-1	-1	-1	-1	-1	-1	-1	-1	-1	-1	-1	-1	-1	-1	-1	-1	-1	-1	-1	-1	-1	-1	-1	-1	-1	-1	FFFFFF99	配饰	659	2004	1
59051433	5	4	33	11	Charm11_2	1	5+5+11		1	1	-1	-1	-1	-1	-1	-1	-1	-1	-1	-1	-1	-1	-1	-1	-1	-1	-1	-1	-1	-1	-1	-1	-1	-1	-1	-1	-1	-1	-1	-1	-1	-1	-1	-1	-1	-1	-1	-1	-1	-1	-1	-1	-1	-1	-1	-1	-1	-1	-1	-1	-1	-1	-1	-1	-1	-1	-1	-1	-1	-1	-1	-1	-1	-1	FFFFFF99	配饰	660	2004	1
59051523	5	4	33	11	Charm11_2	1	5+5+1		1	1	-1	-1	-1	-1	-1	-1	-1	-1	-1	-1	-1	-1	-1	-1	-1	-1	-1	-1	-1	-1	-1	-1	-1	-1	-1	-1	-1	-1	-1	-1	-1	-1	-1	-1	-1	-1	-1	-1	-1	-1	-1	-1	-1	-1	-1	-1	-1	-1	-1	-1	-1	-1	-1	-1	-1	-1	-1	-1	-1	-1	-1	-1	-1	-1	FFFFFF99	配饰	661	2004	1
59051524	5	4	33	11	Charm11_2	1	5+5+2		1	1	-1	-1	-1	-1	-1	-1	-1	-1	-1	-1	-1	-1	-1	-1	-1	-1	-1	-1	-1	-1	-1	-1	-1	-1	-1	-1	-1	-1	-1	-1	-1	-1	-1	-1	-1	-1	-1	-1	-1	-1	-1	-1	-1	-1	-1	-1	-1	-1	-1	-1	-1	-1	-1	-1	-1	-1	-1	-1	-1	-1	-1	-1	-1	-1	FFFFFF99	配饰	662	2004	1
59051525	5	4	33	11	Charm11_2	1	5+5+3		1	1	-1	-1	-1	-1	-1	-1	-1	-1	-1	-1	-1	-1	-1	-1	-1	-1	-1	-1	-1	-1	-1	-1	-1	-1	-1	-1	-1	-1	-1	-1	-1	-1	-1	-1	-1	-1	-1	-1	-1	-1	-1	-1	-1	-1	-1	-1	-1	-1	-1	-1	-1	-1	-1	-1	-1	-1	-1	-1	-1	-1	-1	-1	-1	-1	FFFFFF99	配饰	663	2004	1
59051526	5	4	33	11	Charm11_2	1	5+5+4		1	1	-1	-1	-1	-1	-1	-1	-1	-1	-1	-1	-1	-1	-1	-1	-1	-1	-1	-1	-1	-1	-1	-1	-1	-1	-1	-1	-1	-1	-1	-1	-1	-1	-1	-1	-1	-1	-1	-1	-1	-1	-1	-1	-1	-1	-1	-1	-1	-1	-1	-1	-1	-1	-1	-1	-1	-1	-1	-1	-1	-1	-1	-1	-1	-1	FFFFFF99	配饰	664	2004	1
59051527	5	4	33	11	Charm11_2	1	5+5+5		1	1	-1	-1	-1	-1	-1	-1	-1	-1	-1	-1	-1	-1	-1	-1	-1	-1	-1	-1	-1	-1	-1	-1	-1	-1	-1	-1	-1	-1	-1	-1	-1	-1	-1	-1	-1	-1	-1	-1	-1	-1	-1	-1	-1	-1	-1	-1	-1	-1	-1	-1	-1	-1	-1	-1	-1	-1	-1	-1	-1	-1	-1	-1	-1	-1	FFFFFF99	配饰	665	2004	1
59051528	5	4	33	11	Charm11_2	1	5+5+6		1	1	-1	-1	-1	-1	-1	-1	-1	-1	-1	-1	-1	-1	-1	-1	-1	-1	-1	-1	-1	-1	-1	-1	-1	-1	-1	-1	-1	-1	-1	-1	-1	-1	-1	-1	-1	-1	-1	-1	-1	-1	-1	-1	-1	-1	-1	-1	-1	-1	-1	-1	-1	-1	-1	-1	-1	-1	-1	-1	-1	-1	-1	-1	-1	-1	FFFFFF99	配饰	666	2004	1
59051529	5	4	33	11	Charm11_2	1	5+5+7		1	1	-1	-1	-1	-1	-1	-1	-1	-1	-1	-1	-1	-1	-1	-1	-1	-1	-1	-1	-1	-1	-1	-1	-1	-1	-1	-1	-1	-1	-1	-1	-1	-1	-1	-1	-1	-1	-1	-1	-1	-1	-1	-1	-1	-1	-1	-1	-1	-1	-1	-1	-1	-1	-1	-1	-1	-1	-1	-1	-1	-1	-1	-1	-1	-1	FFFFFF99	配饰	667	2004	1
59051530	5	4	33	11	Charm11_2	1	5+5+8		1	1	-1	-1	-1	-1	-1	-1	-1	-1	-1	-1	-1	-1	-1	-1	-1	-1	-1	-1	-1	-1	-1	-1	-1	-1	-1	-1	-1	-1	-1	-1	-1	-1	-1	-1	-1	-1	-1	-1	-1	-1	-1	-1	-1	-1	-1	-1	-1	-1	-1	-1	-1	-1	-1	-1	-1	-1	-1	-1	-1	-1	-1	-1	-1	-1	FFFFFF99	配饰	668	2004	1
59051531	5	4	33	11	Charm11_2	1	5+5+9		1	1	-1	-1	-1	-1	-1	-1	-1	-1	-1	-1	-1	-1	-1	-1	-1	-1	-1	-1	-1	-1	-1	-1	-1	-1	-1	-1	-1	-1	-1	-1	-1	-1	-1	-1	-1	-1	-1	-1	-1	-1	-1	-1	-1	-1	-1	-1	-1	-1	-1	-1	-1	-1	-1	-1	-1	-1	-1	-1	-1	-1	-1	-1	-1	-1	FFFFFF99	配饰	669	2004	1
59051532	5	4	33	11	Charm11_2	1	5+5+10		1	1	-1	-1	-1	-1	-1	-1	-1	-1	-1	-1	-1	-1	-1	-1	-1	-1	-1	-1	-1	-1	-1	-1	-1	-1	-1	-1	-1	-1	-1	-1	-1	-1	-1	-1	-1	-1	-1	-1	-1	-1	-1	-1	-1	-1	-1	-1	-1	-1	-1	-1	-1	-1	-1	-1	-1	-1	-1	-1	-1	-1	-1	-1	-1	-1	FFFFFF99	配饰	670	2004	1
59051533	5	4	33	11	Charm11_2	1	5+5+11		1	1	-1	-1	-1	-1	-1	-1	-1	-1	-1	-1	-1	-1	-1	-1	-1	-1	-1	-1	-1	-1	-1	-1	-1	-1	-1	-1	-1	-1	-1	-1	-1	-1	-1	-1	-1	-1	-1	-1	-1	-1	-1	-1	-1	-1	-1	-1	-1	-1	-1	-1	-1	-1	-1	-1	-1	-1	-1	-1	-1	-1	-1	-1	-1	-1	FFFFFF99	配饰	671	2004	1
59051623	5	4	33	11	Charm11_2	1	5+5+1		1	1	-1	-1	-1	-1	-1	-1	-1	-1	-1	-1	-1	-1	-1	-1	-1	-1	-1	-1	-1	-1	-1	-1	-1	-1	-1	-1	-1	-1	-1	-1	-1	-1	-1	-1	-1	-1	-1	-1	-1	-1	-1	-1	-1	-1	-1	-1	-1	-1	-1	-1	-1	-1	-1	-1	-1	-1	-1	-1	-1	-1	-1	-1	-1	-1	FFFFFF99	配饰	672	2004	1
59051624	5	4	33	11	Charm11_2	1	5+5+2		1	1	-1	-1	-1	-1	-1	-1	-1	-1	-1	-1	-1	-1	-1	-1	-1	-1	-1	-1	-1	-1	-1	-1	-1	-1	-1	-1	-1	-1	-1	-1	-1	-1	-1	-1	-1	-1	-1	-1	-1	-1	-1	-1	-1	-1	-1	-1	-1	-1	-1	-1	-1	-1	-1	-1	-1	-1	-1	-1	-1	-1	-1	-1	-1	-1	FFFFFF99	配饰	673	2004	1
59051625	5	4	33	11	Charm11_2	1	5+5+3		1	1	-1	-1	-1	-1	-1	-1	-1	-1	-1	-1	-1	-1	-1	-1	-1	-1	-1	-1	-1	-1	-1	-1	-1	-1	-1	-1	-1	-1	-1	-1	-1	-1	-1	-1	-1	-1	-1	-1	-1	-1	-1	-1	-1	-1	-1	-1	-1	-1	-1	-1	-1	-1	-1	-1	-1	-1	-1	-1	-1	-1	-1	-1	-1	-1	FFFFFF99	配饰	674	2004	1
59051626	5	4	33	11	Charm11_2	1	5+5+4		1	1	-1	-1	-1	-1	-1	-1	-1	-1	-1	-1	-1	-1	-1	-1	-1	-1	-1	-1	-1	-1	-1	-1	-1	-1	-1	-1	-1	-1	-1	-1	-1	-1	-1	-1	-1	-1	-1	-1	-1	-1	-1	-1	-1	-1	-1	-1	-1	-1	-1	-1	-1	-1	-1	-1	-1	-1	-1	-1	-1	-1	-1	-1	-1	-1	FFFFFF99	配饰	675	2004	1
59051627	5	4	33	11	Charm11_2	1	5+5+5		1	1	-1	-1	-1	-1	-1	-1	-1	-1	-1	-1	-1	-1	-1	-1	-1	-1	-1	-1	-1	-1	-1	-1	-1	-1	-1	-1	-1	-1	-1	-1	-1	-1	-1	-1	-1	-1	-1	-1	-1	-1	-1	-1	-1	-1	-1	-1	-1	-1	-1	-1	-1	-1	-1	-1	-1	-1	-1	-1	-1	-1	-1	-1	-1	-1	FFFFFF99	配饰	676	2004	1
59051628	5	4	33	11	Charm11_2	1	5+5+6		1	1	-1	-1	-1	-1	-1	-1	-1	-1	-1	-1	-1	-1	-1	-1	-1	-1	-1	-1	-1	-1	-1	-1	-1	-1	-1	-1	-1	-1	-1	-1	-1	-1	-1	-1	-1	-1	-1	-1	-1	-1	-1	-1	-1	-1	-1	-1	-1	-1	-1	-1	-1	-1	-1	-1	-1	-1	-1	-1	-1	-1	-1	-1	-1	-1	FFFFFF99	配饰	677	2004	1
59051629	5	4	33	11	Charm11_2	1	5+5+7		1	1	-1	-1	-1	-1	-1	-1	-1	-1	-1	-1	-1	-1	-1	-1	-1	-1	-1	-1	-1	-1	-1	-1	-1	-1	-1	-1	-1	-1	-1	-1	-1	-1	-1	-1	-1	-1	-1	-1	-1	-1	-1	-1	-1	-1	-1	-1	-1	-1	-1	-1	-1	-1	-1	-1	-1	-1	-1	-1	-1	-1	-1	-1	-1	-1	FFFFFF99	配饰	678	2004	1
59051630	5	4	33	11	Charm11_2	1	5+5+8		1	1	-1	-1	-1	-1	-1	-1	-1	-1	-1	-1	-1	-1	-1	-1	-1	-1	-1	-1	-1	-1	-1	-1	-1	-1	-1	-1	-1	-1	-1	-1	-1	-1	-1	-1	-1	-1	-1	-1	-1	-1	-1	-1	-1	-1	-1	-1	-1	-1	-1	-1	-1	-1	-1	-1	-1	-1	-1	-1	-1	-1	-1	-1	-1	-1	FFFFFF99	配饰	679	2004	1
59051631	5	4	33	11	Charm11_2	1	5+5+9		1	1	-1	-1	-1	-1	-1	-1	-1	-1	-1	-1	-1	-1	-1	-1	-1	-1	-1	-1	-1	-1	-1	-1	-1	-1	-1	-1	-1	-1	-1	-1	-1	-1	-1	-1	-1	-1	-1	-1	-1	-1	-1	-1	-1	-1	-1	-1	-1	-1	-1	-1	-1	-1	-1	-1	-1	-1	-1	-1	-1	-1	-1	-1	-1	-1	FFFFFF99	配饰	680	2004	1
59051632	5	4	33	11	Charm11_2	1	5+5+10		1	1	-1	-1	-1	-1	-1	-1	-1	-1	-1	-1	-1	-1	-1	-1	-1	-1	-1	-1	-1	-1	-1	-1	-1	-1	-1	-1	-1	-1	-1	-1	-1	-1	-1	-1	-1	-1	-1	-1	-1	-1	-1	-1	-1	-1	-1	-1	-1	-1	-1	-1	-1	-1	-1	-1	-1	-1	-1	-1	-1	-1	-1	-1	-1	-1	FFFFFF99	配饰	681	2004	1
59051633	5	4	33	11	Charm11_2	1	5+5+11		1	1	-1	-1	-1	-1	-1	-1	-1	-1	-1	-1	-1	-1	-1	-1	-1	-1	-1	-1	-1	-1	-1	-1	-1	-1	-1	-1	-1	-1	-1	-1	-1	-1	-1	-1	-1	-1	-1	-1	-1	-1	-1	-1	-1	-1	-1	-1	-1	-1	-1	-1	-1	-1	-1	-1	-1	-1	-1	-1	-1	-1	-1	-1	-1	-1	FFFFFF99	配饰	682	2004	1
59051723	5	4	33	11	Charm11_2	1	5+6+1		1	1	-1	-1	-1	-1	-1	-1	-1	-1	-1	-1	-1	-1	-1	-1	-1	-1	-1	-1	-1	-1	-1	-1	-1	-1	-1	-1	-1	-1	-1	-1	-1	-1	-1	-1	-1	-1	-1	-1	-1	-1	-1	-1	-1	-1	-1	-1	-1	-1	-1	-1	-1	-1	-1	-1	-1	-1	-1	-1	-1	-1	-1	-1	-1	-1	FFFFFF99	配饰	683	2004	1
59051724	5	4	33	11	Charm11_2	1	5+6+2		1	1	-1	-1	-1	-1	-1	-1	-1	-1	-1	-1	-1	-1	-1	-1	-1	-1	-1	-1	-1	-1	-1	-1	-1	-1	-1	-1	-1	-1	-1	-1	-1	-1	-1	-1	-1	-1	-1	-1	-1	-1	-1	-1	-1	-1	-1	-1	-1	-1	-1	-1	-1	-1	-1	-1	-1	-1	-1	-1	-1	-1	-1	-1	-1	-1	FFFFFF99	配饰	684	2004	1
59051725	5	4	33	11	Charm11_2	1	5+6+3		1	1	-1	-1	-1	-1	-1	-1	-1	-1	-1	-1	-1	-1	-1	-1	-1	-1	-1	-1	-1	-1	-1	-1	-1	-1	-1	-1	-1	-1	-1	-1	-1	-1	-1	-1	-1	-1	-1	-1	-1	-1	-1	-1	-1	-1	-1	-1	-1	-1	-1	-1	-1	-1	-1	-1	-1	-1	-1	-1	-1	-1	-1	-1	-1	-1	FFFFFF99	配饰	685	2004	1
59051726	5	4	33	11	Charm11_2	1	5+6+4		1	1	-1	-1	-1	-1	-1	-1	-1	-1	-1	-1	-1	-1	-1	-1	-1	-1	-1	-1	-1	-1	-1	-1	-1	-1	-1	-1	-1	-1	-1	-1	-1	-1	-1	-1	-1	-1	-1	-1	-1	-1	-1	-1	-1	-1	-1	-1	-1	-1	-1	-1	-1	-1	-1	-1	-1	-1	-1	-1	-1	-1	-1	-1	-1	-1	FFFFFF99	配饰	686	2004	1
59051727	5	4	33	11	Charm11_2	1	5+6+5		1	1	-1	-1	-1	-1	-1	-1	-1	-1	-1	-1	-1	-1	-1	-1	-1	-1	-1	-1	-1	-1	-1	-1	-1	-1	-1	-1	-1	-1	-1	-1	-1	-1	-1	-1	-1	-1	-1	-1	-1	-1	-1	-1	-1	-1	-1	-1	-1	-1	-1	-1	-1	-1	-1	-1	-1	-1	-1	-1	-1	-1	-1	-1	-1	-1	FFFFFF99	配饰	687	2004	1
59051728	5	4	33	11	Charm11_2	1	5+6+6		1	1	-1	-1	-1	-1	-1	-1	-1	-1	-1	-1	-1	-1	-1	-1	-1	-1	-1	-1	-1	-1	-1	-1	-1	-1	-1	-1	-1	-1	-1	-1	-1	-1	-1	-1	-1	-1	-1	-1	-1	-1	-1	-1	-1	-1	-1	-1	-1	-1	-1	-1	-1	-1	-1	-1	-1	-1	-1	-1	-1	-1	-1	-1	-1	-1	FFFFFF99	配饰	688	2004	1
59051729	5	4	33	11	Charm11_2	1	5+6+7		1	1	-1	-1	-1	-1	-1	-1	-1	-1	-1	-1	-1	-1	-1	-1	-1	-1	-1	-1	-1	-1	-1	-1	-1	-1	-1	-1	-1	-1	-1	-1	-1	-1	-1	-1	-1	-1	-1	-1	-1	-1	-1	-1	-1	-1	-1	-1	-1	-1	-1	-1	-1	-1	-1	-1	-1	-1	-1	-1	-1	-1	-1	-1	-1	-1	FFFFFF99	配饰	689	2004	1
59051730	5	4	33	11	Charm11_2	1	5+6+8		1	1	-1	-1	-1	-1	-1	-1	-1	-1	-1	-1	-1	-1	-1	-1	-1	-1	-1	-1	-1	-1	-1	-1	-1	-1	-1	-1	-1	-1	-1	-1	-1	-1	-1	-1	-1	-1	-1	-1	-1	-1	-1	-1	-1	-1	-1	-1	-1	-1	-1	-1	-1	-1	-1	-1	-1	-1	-1	-1	-1	-1	-1	-1	-1	-1	FFFFFF99	配饰	690	2004	1
59051731	5	4	33	11	Charm11_2	1	5+6+9		1	1	-1	-1	-1	-1	-1	-1	-1	-1	-1	-1	-1	-1	-1	-1	-1	-1	-1	-1	-1	-1	-1	-1	-1	-1	-1	-1	-1	-1	-1	-1	-1	-1	-1	-1	-1	-1	-1	-1	-1	-1	-1	-1	-1	-1	-1	-1	-1	-1	-1	-1	-1	-1	-1	-1	-1	-1	-1	-1	-1	-1	-1	-1	-1	-1	FFFFFF99	配饰	691	2004	1
59051732	5	4	33	11	Charm11_2	1	5+6+10		1	1	-1	-1	-1	-1	-1	-1	-1	-1	-1	-1	-1	-1	-1	-1	-1	-1	-1	-1	-1	-1	-1	-1	-1	-1	-1	-1	-1	-1	-1	-1	-1	-1	-1	-1	-1	-1	-1	-1	-1	-1	-1	-1	-1	-1	-1	-1	-1	-1	-1	-1	-1	-1	-1	-1	-1	-1	-1	-1	-1	-1	-1	-1	-1	-1	FFFFFF99	配饰	692	2004	1
59051733	5	4	33	11	Charm11_2	1	5+6+11		1	1	-1	-1	-1	-1	-1	-1	-1	-1	-1	-1	-1	-1	-1	-1	-1	-1	-1	-1	-1	-1	-1	-1	-1	-1	-1	-1	-1	-1	-1	-1	-1	-1	-1	-1	-1	-1	-1	-1	-1	-1	-1	-1	-1	-1	-1	-1	-1	-1	-1	-1	-1	-1	-1	-1	-1	-1	-1	-1	-1	-1	-1	-1	-1	-1	FFFFFF99	配饰	693	2004	1
59051823	5	4	33	11	Charm11_2	1	5+7+1		1	1	-1	-1	-1	-1	-1	-1	-1	-1	-1	-1	-1	-1	-1	-1	-1	-1	-1	-1	-1	-1	-1	-1	-1	-1	-1	-1	-1	-1	-1	-1	-1	-1	-1	-1	-1	-1	-1	-1	-1	-1	-1	-1	-1	-1	-1	-1	-1	-1	-1	-1	-1	-1	-1	-1	-1	-1	-1	-1	-1	-1	-1	-1	-1	-1	FFFFFF99	配饰	694	2004	1
59051824	5	4	33	11	Charm11_2	1	5+7+2		1	1	-1	-1	-1	-1	-1	-1	-1	-1	-1	-1	-1	-1	-1	-1	-1	-1	-1	-1	-1	-1	-1	-1	-1	-1	-1	-1	-1	-1	-1	-1	-1	-1	-1	-1	-1	-1	-1	-1	-1	-1	-1	-1	-1	-1	-1	-1	-1	-1	-1	-1	-1	-1	-1	-1	-1	-1	-1	-1	-1	-1	-1	-1	-1	-1	FFFFFF99	配饰	695	2004	1
59051825	5	4	33	11	Charm11_2	1	5+7+3		1	1	-1	-1	-1	-1	-1	-1	-1	-1	-1	-1	-1	-1	-1	-1	-1	-1	-1	-1	-1	-1	-1	-1	-1	-1	-1	-1	-1	-1	-1	-1	-1	-1	-1	-1	-1	-1	-1	-1	-1	-1	-1	-1	-1	-1	-1	-1	-1	-1	-1	-1	-1	-1	-1	-1	-1	-1	-1	-1	-1	-1	-1	-1	-1	-1	FFFFFF99	配饰	696	2004	1
59051826	5	4	33	11	Charm11_2	1	5+7+4		1	1	-1	-1	-1	-1	-1	-1	-1	-1	-1	-1	-1	-1	-1	-1	-1	-1	-1	-1	-1	-1	-1	-1	-1	-1	-1	-1	-1	-1	-1	-1	-1	-1	-1	-1	-1	-1	-1	-1	-1	-1	-1	-1	-1	-1	-1	-1	-1	-1	-1	-1	-1	-1	-1	-1	-1	-1	-1	-1	-1	-1	-1	-1	-1	-1	FFFFFF99	配饰	697	2004	1
59051827	5	4	33	11	Charm11_2	1	5+7+5		1	1	-1	-1	-1	-1	-1	-1	-1	-1	-1	-1	-1	-1	-1	-1	-1	-1	-1	-1	-1	-1	-1	-1	-1	-1	-1	-1	-1	-1	-1	-1	-1	-1	-1	-1	-1	-1	-1	-1	-1	-1	-1	-1	-1	-1	-1	-1	-1	-1	-1	-1	-1	-1	-1	-1	-1	-1	-1	-1	-1	-1	-1	-1	-1	-1	FFFFFF99	配饰	698	2004	1
59051828	5	4	33	11	Charm11_2	1	5+7+6		1	1	-1	-1	-1	-1	-1	-1	-1	-1	-1	-1	-1	-1	-1	-1	-1	-1	-1	-1	-1	-1	-1	-1	-1	-1	-1	-1	-1	-1	-1	-1	-1	-1	-1	-1	-1	-1	-1	-1	-1	-1	-1	-1	-1	-1	-1	-1	-1	-1	-1	-1	-1	-1	-1	-1	-1	-1	-1	-1	-1	-1	-1	-1	-1	-1	FFFFFF99	配饰	699	2004	1
59051829	5	4	33	11	Charm11_2	1	5+7+7		1	1	-1	-1	-1	-1	-1	-1	-1	-1	-1	-1	-1	-1	-1	-1	-1	-1	-1	-1	-1	-1	-1	-1	-1	-1	-1	-1	-1	-1	-1	-1	-1	-1	-1	-1	-1	-1	-1	-1	-1	-1	-1	-1	-1	-1	-1	-1	-1	-1	-1	-1	-1	-1	-1	-1	-1	-1	-1	-1	-1	-1	-1	-1	-1	-1	FFFFFF99	配饰	700	2004	1
59051830	5	4	33	11	Charm11_2	1	5+7+8		1	1	-1	-1	-1	-1	-1	-1	-1	-1	-1	-1	-1	-1	-1	-1	-1	-1	-1	-1	-1	-1	-1	-1	-1	-1	-1	-1	-1	-1	-1	-1	-1	-1	-1	-1	-1	-1	-1	-1	-1	-1	-1	-1	-1	-1	-1	-1	-1	-1	-1	-1	-1	-1	-1	-1	-1	-1	-1	-1	-1	-1	-1	-1	-1	-1	FFFFFF99	配饰	701	2004	1
59051831	5	4	33	11	Charm11_2	1	5+7+9		1	1	-1	-1	-1	-1	-1	-1	-1	-1	-1	-1	-1	-1	-1	-1	-1	-1	-1	-1	-1	-1	-1	-1	-1	-1	-1	-1	-1	-1	-1	-1	-1	-1	-1	-1	-1	-1	-1	-1	-1	-1	-1	-1	-1	-1	-1	-1	-1	-1	-1	-1	-1	-1	-1	-1	-1	-1	-1	-1	-1	-1	-1	-1	-1	-1	FFFFFF99	配饰	702	2004	1
59051832	5	4	33	11	Charm11_2	1	5+7+10		1	1	-1	-1	-1	-1	-1	-1	-1	-1	-1	-1	-1	-1	-1	-1	-1	-1	-1	-1	-1	-1	-1	-1	-1	-1	-1	-1	-1	-1	-1	-1	-1	-1	-1	-1	-1	-1	-1	-1	-1	-1	-1	-1	-1	-1	-1	-1	-1	-1	-1	-1	-1	-1	-1	-1	-1	-1	-1	-1	-1	-1	-1	-1	-1	-1	FFFFFF99	配饰	703	2004	1
59051833	5	4	33	11	Charm11_2	1	5+7+11		1	1	-1	-1	-1	-1	-1	-1	-1	-1	-1	-1	-1	-1	-1	-1	-1	-1	-1	-1	-1	-1	-1	-1	-1	-1	-1	-1	-1	-1	-1	-1	-1	-1	-1	-1	-1	-1	-1	-1	-1	-1	-1	-1	-1	-1	-1	-1	-1	-1	-1	-1	-1	-1	-1	-1	-1	-1	-1	-1	-1	-1	-1	-1	-1	-1	FFFFFF99	配饰	704	2004	1
59051923	5	4	33	11	Charm11_2	1	5+8+1		1	1	-1	-1	-1	-1	-1	-1	-1	-1	-1	-1	-1	-1	-1	-1	-1	-1	-1	-1	-1	-1	-1	-1	-1	-1	-1	-1	-1	-1	-1	-1	-1	-1	-1	-1	-1	-1	-1	-1	-1	-1	-1	-1	-1	-1	-1	-1	-1	-1	-1	-1	-1	-1	-1	-1	-1	-1	-1	-1	-1	-1	-1	-1	-1	-1	FFFFFF99	配饰	705	2004	1
59051924	5	4	33	11	Charm11_2	1	5+8+2		1	1	-1	-1	-1	-1	-1	-1	-1	-1	-1	-1	-1	-1	-1	-1	-1	-1	-1	-1	-1	-1	-1	-1	-1	-1	-1	-1	-1	-1	-1	-1	-1	-1	-1	-1	-1	-1	-1	-1	-1	-1	-1	-1	-1	-1	-1	-1	-1	-1	-1	-1	-1	-1	-1	-1	-1	-1	-1	-1	-1	-1	-1	-1	-1	-1	FFFFFF99	配饰	706	2004	1
59051925	5	4	33	11	Charm11_2	1	5+8+3		1	1	-1	-1	-1	-1	-1	-1	-1	-1	-1	-1	-1	-1	-1	-1	-1	-1	-1	-1	-1	-1	-1	-1	-1	-1	-1	-1	-1	-1	-1	-1	-1	-1	-1	-1	-1	-1	-1	-1	-1	-1	-1	-1	-1	-1	-1	-1	-1	-1	-1	-1	-1	-1	-1	-1	-1	-1	-1	-1	-1	-1	-1	-1	-1	-1	FFFFFF99	配饰	707	2004	1
59051926	5	4	33	11	Charm11_2	1	5+8+4		1	1	-1	-1	-1	-1	-1	-1	-1	-1	-1	-1	-1	-1	-1	-1	-1	-1	-1	-1	-1	-1	-1	-1	-1	-1	-1	-1	-1	-1	-1	-1	-1	-1	-1	-1	-1	-1	-1	-1	-1	-1	-1	-1	-1	-1	-1	-1	-1	-1	-1	-1	-1	-1	-1	-1	-1	-1	-1	-1	-1	-1	-1	-1	-1	-1	FFFFFF99	配饰	708	2004	1
59051927	5	4	33	11	Charm11_2	1	5+8+5		1	1	-1	-1	-1	-1	-1	-1	-1	-1	-1	-1	-1	-1	-1	-1	-1	-1	-1	-1	-1	-1	-1	-1	-1	-1	-1	-1	-1	-1	-1	-1	-1	-1	-1	-1	-1	-1	-1	-1	-1	-1	-1	-1	-1	-1	-1	-1	-1	-1	-1	-1	-1	-1	-1	-1	-1	-1	-1	-1	-1	-1	-1	-1	-1	-1	FFFFFF99	配饰	709	2004	1
59051928	5	4	33	11	Charm11_2	1	5+8+6		1	1	-1	-1	-1	-1	-1	-1	-1	-1	-1	-1	-1	-1	-1	-1	-1	-1	-1	-1	-1	-1	-1	-1	-1	-1	-1	-1	-1	-1	-1	-1	-1	-1	-1	-1	-1	-1	-1	-1	-1	-1	-1	-1	-1	-1	-1	-1	-1	-1	-1	-1	-1	-1	-1	-1	-1	-1	-1	-1	-1	-1	-1	-1	-1	-1	FFFFFF99	配饰	710	2004	1
59051929	5	4	33	11	Charm11_2	1	5+8+7		1	1	-1	-1	-1	-1	-1	-1	-1	-1	-1	-1	-1	-1	-1	-1	-1	-1	-1	-1	-1	-1	-1	-1	-1	-1	-1	-1	-1	-1	-1	-1	-1	-1	-1	-1	-1	-1	-1	-1	-1	-1	-1	-1	-1	-1	-1	-1	-1	-1	-1	-1	-1	-1	-1	-1	-1	-1	-1	-1	-1	-1	-1	-1	-1	-1	FFFFFF99	配饰	711	2004	1
59051930	5	4	33	11	Charm11_2	1	5+8+8		1	1	-1	-1	-1	-1	-1	-1	-1	-1	-1	-1	-1	-1	-1	-1	-1	-1	-1	-1	-1	-1	-1	-1	-1	-1	-1	-1	-1	-1	-1	-1	-1	-1	-1	-1	-1	-1	-1	-1	-1	-1	-1	-1	-1	-1	-1	-1	-1	-1	-1	-1	-1	-1	-1	-1	-1	-1	-1	-1	-1	-1	-1	-1	-1	-1	FFFFFF99	配饰	712	2004	1
59051931	5	4	33	11	Charm11_2	1	5+8+9		1	1	-1	-1	-1	-1	-1	-1	-1	-1	-1	-1	-1	-1	-1	-1	-1	-1	-1	-1	-1	-1	-1	-1	-1	-1	-1	-1	-1	-1	-1	-1	-1	-1	-1	-1	-1	-1	-1	-1	-1	-1	-1	-1	-1	-1	-1	-1	-1	-1	-1	-1	-1	-1	-1	-1	-1	-1	-1	-1	-1	-1	-1	-1	-1	-1	FFFFFF99	配饰	713	2004	1
59051932	5	4	33	11	Charm11_2	1	5+8+10		1	1	-1	-1	-1	-1	-1	-1	-1	-1	-1	-1	-1	-1	-1	-1	-1	-1	-1	-1	-1	-1	-1	-1	-1	-1	-1	-1	-1	-1	-1	-1	-1	-1	-1	-1	-1	-1	-1	-1	-1	-1	-1	-1	-1	-1	-1	-1	-1	-1	-1	-1	-1	-1	-1	-1	-1	-1	-1	-1	-1	-1	-1	-1	-1	-1	FFFFFF99	配饰	714	2004	1
59051933	5	4	33	11	Charm11_2	1	5+8+11		1	1	-1	-1	-1	-1	-1	-1	-1	-1	-1	-1	-1	-1	-1	-1	-1	-1	-1	-1	-1	-1	-1	-1	-1	-1	-1	-1	-1	-1	-1	-1	-1	-1	-1	-1	-1	-1	-1	-1	-1	-1	-1	-1	-1	-1	-1	-1	-1	-1	-1	-1	-1	-1	-1	-1	-1	-1	-1	-1	-1	-1	-1	-1	-1	-1	FFFFFF99	配饰	715	2004	1
59052023	5	4	33	11	Charm11_2	1	5+9+1		1	1	-1	-1	-1	-1	-1	-1	-1	-1	-1	-1	-1	-1	-1	-1	-1	-1	-1	-1	-1	-1	-1	-1	-1	-1	-1	-1	-1	-1	-1	-1	-1	-1	-1	-1	-1	-1	-1	-1	-1	-1	-1	-1	-1	-1	-1	-1	-1	-1	-1	-1	-1	-1	-1	-1	-1	-1	-1	-1	-1	-1	-1	-1	-1	-1	FFFFFF99	配饰	716	2004	1
59052024	5	4	33	11	Charm11_2	1	5+9+2		1	1	-1	-1	-1	-1	-1	-1	-1	-1	-1	-1	-1	-1	-1	-1	-1	-1	-1	-1	-1	-1	-1	-1	-1	-1	-1	-1	-1	-1	-1	-1	-1	-1	-1	-1	-1	-1	-1	-1	-1	-1	-1	-1	-1	-1	-1	-1	-1	-1	-1	-1	-1	-1	-1	-1	-1	-1	-1	-1	-1	-1	-1	-1	-1	-1	FFFFFF99	配饰	717	2004	1
59052025	5	4	33	11	Charm11_2	1	5+9+3		1	1	-1	-1	-1	-1	-1	-1	-1	-1	-1	-1	-1	-1	-1	-1	-1	-1	-1	-1	-1	-1	-1	-1	-1	-1	-1	-1	-1	-1	-1	-1	-1	-1	-1	-1	-1	-1	-1	-1	-1	-1	-1	-1	-1	-1	-1	-1	-1	-1	-1	-1	-1	-1	-1	-1	-1	-1	-1	-1	-1	-1	-1	-1	-1	-1	FFFFFF99	配饰	718	2004	1
59052026	5	4	33	11	Charm11_2	1	5+9+4		1	1	-1	-1	-1	-1	-1	-1	-1	-1	-1	-1	-1	-1	-1	-1	-1	-1	-1	-1	-1	-1	-1	-1	-1	-1	-1	-1	-1	-1	-1	-1	-1	-1	-1	-1	-1	-1	-1	-1	-1	-1	-1	-1	-1	-1	-1	-1	-1	-1	-1	-1	-1	-1	-1	-1	-1	-1	-1	-1	-1	-1	-1	-1	-1	-1	FFFFFF99	配饰	719	2004	1
59052027	5	4	33	11	Charm11_2	1	5+9+5		1	1	-1	-1	-1	-1	-1	-1	-1	-1	-1	-1	-1	-1	-1	-1	-1	-1	-1	-1	-1	-1	-1	-1	-1	-1	-1	-1	-1	-1	-1	-1	-1	-1	-1	-1	-1	-1	-1	-1	-1	-1	-1	-1	-1	-1	-1	-1	-1	-1	-1	-1	-1	-1	-1	-1	-1	-1	-1	-1	-1	-1	-1	-1	-1	-1	FFFFFF99	配饰	720	2004	1
59052028	5	4	33	11	Charm11_2	1	5+9+6		1	1	-1	-1	-1	-1	-1	-1	-1	-1	-1	-1	-1	-1	-1	-1	-1	-1	-1	-1	-1	-1	-1	-1	-1	-1	-1	-1	-1	-1	-1	-1	-1	-1	-1	-1	-1	-1	-1	-1	-1	-1	-1	-1	-1	-1	-1	-1	-1	-1	-1	-1	-1	-1	-1	-1	-1	-1	-1	-1	-1	-1	-1	-1	-1	-1	FFFFFF99	配饰	721	2004	1
59052029	5	4	33	11	Charm11_2	1	5+9+7		1	1	-1	-1	-1	-1	-1	-1	-1	-1	-1	-1	-1	-1	-1	-1	-1	-1	-1	-1	-1	-1	-1	-1	-1	-1	-1	-1	-1	-1	-1	-1	-1	-1	-1	-1	-1	-1	-1	-1	-1	-1	-1	-1	-1	-1	-1	-1	-1	-1	-1	-1	-1	-1	-1	-1	-1	-1	-1	-1	-1	-1	-1	-1	-1	-1	FFFFFF99	配饰	722	2004	1
59052030	5	4	33	11	Charm11_2	1	5+9+8		1	1	-1	-1	-1	-1	-1	-1	-1	-1	-1	-1	-1	-1	-1	-1	-1	-1	-1	-1	-1	-1	-1	-1	-1	-1	-1	-1	-1	-1	-1	-1	-1	-1	-1	-1	-1	-1	-1	-1	-1	-1	-1	-1	-1	-1	-1	-1	-1	-1	-1	-1	-1	-1	-1	-1	-1	-1	-1	-1	-1	-1	-1	-1	-1	-1	FFFFFF99	配饰	723	2004	1
59052031	5	4	33	11	Charm11_2	1	5+9+9		1	1	-1	-1	-1	-1	-1	-1	-1	-1	-1	-1	-1	-1	-1	-1	-1	-1	-1	-1	-1	-1	-1	-1	-1	-1	-1	-1	-1	-1	-1	-1	-1	-1	-1	-1	-1	-1	-1	-1	-1	-1	-1	-1	-1	-1	-1	-1	-1	-1	-1	-1	-1	-1	-1	-1	-1	-1	-1	-1	-1	-1	-1	-1	-1	-1	FFFFFF99	配饰	724	2004	1
59052032	5	4	33	11	Charm11_2	1	5+9+10		1	1	-1	-1	-1	-1	-1	-1	-1	-1	-1	-1	-1	-1	-1	-1	-1	-1	-1	-1	-1	-1	-1	-1	-1	-1	-1	-1	-1	-1	-1	-1	-1	-1	-1	-1	-1	-1	-1	-1	-1	-1	-1	-1	-1	-1	-1	-1	-1	-1	-1	-1	-1	-1	-1	-1	-1	-1	-1	-1	-1	-1	-1	-1	-1	-1	FFFFFF99	配饰	725	2004	1
59052033	5	4	33	11	Charm11_2	1	5+9+11		1	1	-1	-1	-1	-1	-1	-1	-1	-1	-1	-1	-1	-1	-1	-1	-1	-1	-1	-1	-1	-1	-1	-1	-1	-1	-1	-1	-1	-1	-1	-1	-1	-1	-1	-1	-1	-1	-1	-1	-1	-1	-1	-1	-1	-1	-1	-1	-1	-1	-1	-1	-1	-1	-1	-1	-1	-1	-1	-1	-1	-1	-1	-1	-1	-1	FFFFFF99	配饰	726	2004	1
59052123	5	4	33	11	Charm11_2	1	5+10+1		1	1	-1	-1	-1	-1	-1	-1	-1	-1	-1	-1	-1	-1	-1	-1	-1	-1	-1	-1	-1	-1	-1	-1	-1	-1	-1	-1	-1	-1	-1	-1	-1	-1	-1	-1	-1	-1	-1	-1	-1	-1	-1	-1	-1	-1	-1	-1	-1	-1	-1	-1	-1	-1	-1	-1	-1	-1	-1	-1	-1	-1	-1	-1	-1	-1	FFFFFF99	配饰	727	2004	1
59052124	5	4	33	11	Charm11_2	1	5+10+2		1	1	-1	-1	-1	-1	-1	-1	-1	-1	-1	-1	-1	-1	-1	-1	-1	-1	-1	-1	-1	-1	-1	-1	-1	-1	-1	-1	-1	-1	-1	-1	-1	-1	-1	-1	-1	-1	-1	-1	-1	-1	-1	-1	-1	-1	-1	-1	-1	-1	-1	-1	-1	-1	-1	-1	-1	-1	-1	-1	-1	-1	-1	-1	-1	-1	FFFFFF99	配饰	728	2004	1
59052125	5	4	33	11	Charm11_2	1	5+10+3		1	1	-1	-1	-1	-1	-1	-1	-1	-1	-1	-1	-1	-1	-1	-1	-1	-1	-1	-1	-1	-1	-1	-1	-1	-1	-1	-1	-1	-1	-1	-1	-1	-1	-1	-1	-1	-1	-1	-1	-1	-1	-1	-1	-1	-1	-1	-1	-1	-1	-1	-1	-1	-1	-1	-1	-1	-1	-1	-1	-1	-1	-1	-1	-1	-1	FFFFFF99	配饰	729	2004	1
59052126	5	4	33	11	Charm11_2	1	5+10+4		1	1	-1	-1	-1	-1	-1	-1	-1	-1	-1	-1	-1	-1	-1	-1	-1	-1	-1	-1	-1	-1	-1	-1	-1	-1	-1	-1	-1	-1	-1	-1	-1	-1	-1	-1	-1	-1	-1	-1	-1	-1	-1	-1	-1	-1	-1	-1	-1	-1	-1	-1	-1	-1	-1	-1	-1	-1	-1	-1	-1	-1	-1	-1	-1	-1	FFFFFF99	配饰	730	2004	1
59052127	5	4	33	11	Charm11_2	1	5+10+5		1	1	-1	-1	-1	-1	-1	-1	-1	-1	-1	-1	-1	-1	-1	-1	-1	-1	-1	-1	-1	-1	-1	-1	-1	-1	-1	-1	-1	-1	-1	-1	-1	-1	-1	-1	-1	-1	-1	-1	-1	-1	-1	-1	-1	-1	-1	-1	-1	-1	-1	-1	-1	-1	-1	-1	-1	-1	-1	-1	-1	-1	-1	-1	-1	-1	FFFFFF99	配饰	731	2004	1
59052128	5	4	33	11	Charm11_2	1	5+10+6		1	1	-1	-1	-1	-1	-1	-1	-1	-1	-1	-1	-1	-1	-1	-1	-1	-1	-1	-1	-1	-1	-1	-1	-1	-1	-1	-1	-1	-1	-1	-1	-1	-1	-1	-1	-1	-1	-1	-1	-1	-1	-1	-1	-1	-1	-1	-1	-1	-1	-1	-1	-1	-1	-1	-1	-1	-1	-1	-1	-1	-1	-1	-1	-1	-1	FFFFFF99	配饰	732	2004	1
59052129	5	4	33	11	Charm11_2	1	5+10+7		1	1	-1	-1	-1	-1	-1	-1	-1	-1	-1	-1	-1	-1	-1	-1	-1	-1	-1	-1	-1	-1	-1	-1	-1	-1	-1	-1	-1	-1	-1	-1	-1	-1	-1	-1	-1	-1	-1	-1	-1	-1	-1	-1	-1	-1	-1	-1	-1	-1	-1	-1	-1	-1	-1	-1	-1	-1	-1	-1	-1	-1	-1	-1	-1	-1	FFFFFF99	配饰	733	2004	1
59052130	5	4	33	11	Charm11_2	1	5+10+8		1	1	-1	-1	-1	-1	-1	-1	-1	-1	-1	-1	-1	-1	-1	-1	-1	-1	-1	-1	-1	-1	-1	-1	-1	-1	-1	-1	-1	-1	-1	-1	-1	-1	-1	-1	-1	-1	-1	-1	-1	-1	-1	-1	-1	-1	-1	-1	-1	-1	-1	-1	-1	-1	-1	-1	-1	-1	-1	-1	-1	-1	-1	-1	-1	-1	FFFFFF99	配饰	734	2004	1
59052131	5	4	33	11	Charm11_2	1	5+10+9		1	1	-1	-1	-1	-1	-1	-1	-1	-1	-1	-1	-1	-1	-1	-1	-1	-1	-1	-1	-1	-1	-1	-1	-1	-1	-1	-1	-1	-1	-1	-1	-1	-1	-1	-1	-1	-1	-1	-1	-1	-1	-1	-1	-1	-1	-1	-1	-1	-1	-1	-1	-1	-1	-1	-1	-1	-1	-1	-1	-1	-1	-1	-1	-1	-1	FFFFFF99	配饰	735	2004	1
59052132	5	4	33	11	Charm11_2	1	5+10+10		1	1	-1	-1	-1	-1	-1	-1	-1	-1	-1	-1	-1	-1	-1	-1	-1	-1	-1	-1	-1	-1	-1	-1	-1	-1	-1	-1	-1	-1	-1	-1	-1	-1	-1	-1	-1	-1	-1	-1	-1	-1	-1	-1	-1	-1	-1	-1	-1	-1	-1	-1	-1	-1	-1	-1	-1	-1	-1	-1	-1	-1	-1	-1	-1	-1	FFFFFF99	配饰	736	2004	1
59052133	5	4	33	11	Charm11_2	1	5+10+11		1	1	-1	-1	-1	-1	-1	-1	-1	-1	-1	-1	-1	-1	-1	-1	-1	-1	-1	-1	-1	-1	-1	-1	-1	-1	-1	-1	-1	-1	-1	-1	-1	-1	-1	-1	-1	-1	-1	-1	-1	-1	-1	-1	-1	-1	-1	-1	-1	-1	-1	-1	-1	-1	-1	-1	-1	-1	-1	-1	-1	-1	-1	-1	-1	-1	FFFFFF99	配饰	737	2004	1
59052223	5	4	33	11	Charm11_2	1	5+11+1		1	1	-1	-1	-1	-1	-1	-1	-1	-1	-1	-1	-1	-1	-1	-1	-1	-1	-1	-1	-1	-1	-1	-1	-1	-1	-1	-1	-1	-1	-1	-1	-1	-1	-1	-1	-1	-1	-1	-1	-1	-1	-1	-1	-1	-1	-1	-1	-1	-1	-1	-1	-1	-1	-1	-1	-1	-1	-1	-1	-1	-1	-1	-1	-1	-1	FFFFFF99	配饰	738	2004	1
59052224	5	4	33	11	Charm11_2	1	5+11+2		1	1	-1	-1	-1	-1	-1	-1	-1	-1	-1	-1	-1	-1	-1	-1	-1	-1	-1	-1	-1	-1	-1	-1	-1	-1	-1	-1	-1	-1	-1	-1	-1	-1	-1	-1	-1	-1	-1	-1	-1	-1	-1	-1	-1	-1	-1	-1	-1	-1	-1	-1	-1	-1	-1	-1	-1	-1	-1	-1	-1	-1	-1	-1	-1	-1	FFFFFF99	配饰	739	2004	1
59052225	5	4	33	11	Charm11_2	1	5+11+3		1	1	-1	-1	-1	-1	-1	-1	-1	-1	-1	-1	-1	-1	-1	-1	-1	-1	-1	-1	-1	-1	-1	-1	-1	-1	-1	-1	-1	-1	-1	-1	-1	-1	-1	-1	-1	-1	-1	-1	-1	-1	-1	-1	-1	-1	-1	-1	-1	-1	-1	-1	-1	-1	-1	-1	-1	-1	-1	-1	-1	-1	-1	-1	-1	-1	FFFFFF99	配饰	740	2004	1
59052226	5	4	33	11	Charm11_2	1	5+11+4		1	1	-1	-1	-1	-1	-1	-1	-1	-1	-1	-1	-1	-1	-1	-1	-1	-1	-1	-1	-1	-1	-1	-1	-1	-1	-1	-1	-1	-1	-1	-1	-1	-1	-1	-1	-1	-1	-1	-1	-1	-1	-1	-1	-1	-1	-1	-1	-1	-1	-1	-1	-1	-1	-1	-1	-1	-1	-1	-1	-1	-1	-1	-1	-1	-1	FFFFFF99	配饰	741	2004	1
59052227	5	4	33	11	Charm11_2	1	5+11+5		1	1	-1	-1	-1	-1	-1	-1	-1	-1	-1	-1	-1	-1	-1	-1	-1	-1	-1	-1	-1	-1	-1	-1	-1	-1	-1	-1	-1	-1	-1	-1	-1	-1	-1	-1	-1	-1	-1	-1	-1	-1	-1	-1	-1	-1	-1	-1	-1	-1	-1	-1	-1	-1	-1	-1	-1	-1	-1	-1	-1	-1	-1	-1	-1	-1	FFFFFF99	配饰	742	2004	1
59052228	5	4	33	11	Charm11_2	1	5+11+6		1	1	-1	-1	-1	-1	-1	-1	-1	-1	-1	-1	-1	-1	-1	-1	-1	-1	-1	-1	-1	-1	-1	-1	-1	-1	-1	-1	-1	-1	-1	-1	-1	-1	-1	-1	-1	-1	-1	-1	-1	-1	-1	-1	-1	-1	-1	-1	-1	-1	-1	-1	-1	-1	-1	-1	-1	-1	-1	-1	-1	-1	-1	-1	-1	-1	FFFFFF99	配饰	743	2004	1
59052229	5	4	33	11	Charm11_2	1	5+11+7		1	1	-1	-1	-1	-1	-1	-1	-1	-1	-1	-1	-1	-1	-1	-1	-1	-1	-1	-1	-1	-1	-1	-1	-1	-1	-1	-1	-1	-1	-1	-1	-1	-1	-1	-1	-1	-1	-1	-1	-1	-1	-1	-1	-1	-1	-1	-1	-1	-1	-1	-1	-1	-1	-1	-1	-1	-1	-1	-1	-1	-1	-1	-1	-1	-1	FFFFFF99	配饰	744	2004	1
59052230	5	4	33	11	Charm11_2	1	5+11+8		1	1	-1	-1	-1	-1	-1	-1	-1	-1	-1	-1	-1	-1	-1	-1	-1	-1	-1	-1	-1	-1	-1	-1	-1	-1	-1	-1	-1	-1	-1	-1	-1	-1	-1	-1	-1	-1	-1	-1	-1	-1	-1	-1	-1	-1	-1	-1	-1	-1	-1	-1	-1	-1	-1	-1	-1	-1	-1	-1	-1	-1	-1	-1	-1	-1	FFFFFF99	配饰	745	2004	1
59052231	5	4	33	11	Charm11_2	1	5+11+9		1	1	-1	-1	-1	-1	-1	-1	-1	-1	-1	-1	-1	-1	-1	-1	-1	-1	-1	-1	-1	-1	-1	-1	-1	-1	-1	-1	-1	-1	-1	-1	-1	-1	-1	-1	-1	-1	-1	-1	-1	-1	-1	-1	-1	-1	-1	-1	-1	-1	-1	-1	-1	-1	-1	-1	-1	-1	-1	-1	-1	-1	-1	-1	-1	-1	FFFFFF99	配饰	746	2004	1
59052232	5	4	33	11	Charm11_2	1	5+11+10		1	1	-1	-1	-1	-1	-1	-1	-1	-1	-1	-1	-1	-1	-1	-1	-1	-1	-1	-1	-1	-1	-1	-1	-1	-1	-1	-1	-1	-1	-1	-1	-1	-1	-1	-1	-1	-1	-1	-1	-1	-1	-1	-1	-1	-1	-1	-1	-1	-1	-1	-1	-1	-1	-1	-1	-1	-1	-1	-1	-1	-1	-1	-1	-1	-1	FFFFFF99	配饰	747	2004	1
59052233	5	4	33	11	Charm11_2	1	5+11+11		1	1	-1	-1	-1	-1	-1	-1	-1	-1	-1	-1	-1	-1	-1	-1	-1	-1	-1	-1	-1	-1	-1	-1	-1	-1	-1	-1	-1	-1	-1	-1	-1	-1	-1	-1	-1	-1	-1	-1	-1	-1	-1	-1	-1	-1	-1	-1	-1	-1	-1	-1	-1	-1	-1	-1	-1	-1	-1	-1	-1	-1	-1	-1	-1	-1	FFFFFF99	配饰	748	2004	1
#蝶影心华·肩																																																																															
59061223	5	4	33	11	Charm11_2	1	6+1+1		1	1	-1	-1	-1	-1	-1	-1	-1	-1	-1	-1	-1	-1	-1	-1	-1	-1	-1	-1	-1	-1	-1	-1	-1	-1	-1	-1	-1	-1	-1	-1	-1	-1	-1	-1	-1	-1	-1	-1	-1	-1	-1	-1	-1	-1	-1	-1	-1	-1	-1	-1	-1	-1	-1	-1	-1	-1	-1	-1	-1	-1	-1	-1	-1	-1	FFFFFF99	配饰	771	2004	1
59061224	5	4	33	11	Charm11_2	1	6+1+2		1	1	-1	-1	-1	-1	-1	-1	-1	-1	-1	-1	-1	-1	-1	-1	-1	-1	-1	-1	-1	-1	-1	-1	-1	-1	-1	-1	-1	-1	-1	-1	-1	-1	-1	-1	-1	-1	-1	-1	-1	-1	-1	-1	-1	-1	-1	-1	-1	-1	-1	-1	-1	-1	-1	-1	-1	-1	-1	-1	-1	-1	-1	-1	-1	-1	FFFFFF99	配饰	772	2004	1
59061225	5	4	33	11	Charm11_2	1	6+1+3		1	1	-1	-1	-1	-1	-1	-1	-1	-1	-1	-1	-1	-1	-1	-1	-1	-1	-1	-1	-1	-1	-1	-1	-1	-1	-1	-1	-1	-1	-1	-1	-1	-1	-1	-1	-1	-1	-1	-1	-1	-1	-1	-1	-1	-1	-1	-1	-1	-1	-1	-1	-1	-1	-1	-1	-1	-1	-1	-1	-1	-1	-1	-1	-1	-1	FFFFFF99	配饰	773	2004	1
59061226	5	4	33	11	Charm11_2	1	6+1+4		1	1	-1	-1	-1	-1	-1	-1	-1	-1	-1	-1	-1	-1	-1	-1	-1	-1	-1	-1	-1	-1	-1	-1	-1	-1	-1	-1	-1	-1	-1	-1	-1	-1	-1	-1	-1	-1	-1	-1	-1	-1	-1	-1	-1	-1	-1	-1	-1	-1	-1	-1	-1	-1	-1	-1	-1	-1	-1	-1	-1	-1	-1	-1	-1	-1	FFFFFF99	配饰	774	2004	1
59061227	5	4	33	11	Charm11_2	1	6+1+5		1	1	-1	-1	-1	-1	-1	-1	-1	-1	-1	-1	-1	-1	-1	-1	-1	-1	-1	-1	-1	-1	-1	-1	-1	-1	-1	-1	-1	-1	-1	-1	-1	-1	-1	-1	-1	-1	-1	-1	-1	-1	-1	-1	-1	-1	-1	-1	-1	-1	-1	-1	-1	-1	-1	-1	-1	-1	-1	-1	-1	-1	-1	-1	-1	-1	FFFFFF99	配饰	775	2004	1
59061228	5	4	33	11	Charm11_2	1	6+1+6		1	1	-1	-1	-1	-1	-1	-1	-1	-1	-1	-1	-1	-1	-1	-1	-1	-1	-1	-1	-1	-1	-1	-1	-1	-1	-1	-1	-1	-1	-1	-1	-1	-1	-1	-1	-1	-1	-1	-1	-1	-1	-1	-1	-1	-1	-1	-1	-1	-1	-1	-1	-1	-1	-1	-1	-1	-1	-1	-1	-1	-1	-1	-1	-1	-1	FFFFFF99	配饰	776	2004	1
59061229	5	4	33	11	Charm11_2	1	6+1+7		1	1	-1	-1	-1	-1	-1	-1	-1	-1	-1	-1	-1	-1	-1	-1	-1	-1	-1	-1	-1	-1	-1	-1	-1	-1	-1	-1	-1	-1	-1	-1	-1	-1	-1	-1	-1	-1	-1	-1	-1	-1	-1	-1	-1	-1	-1	-1	-1	-1	-1	-1	-1	-1	-1	-1	-1	-1	-1	-1	-1	-1	-1	-1	-1	-1	FFFFFF99	配饰	777	2004	1
59061230	5	4	33	11	Charm11_2	1	6+1+8		1	1	-1	-1	-1	-1	-1	-1	-1	-1	-1	-1	-1	-1	-1	-1	-1	-1	-1	-1	-1	-1	-1	-1	-1	-1	-1	-1	-1	-1	-1	-1	-1	-1	-1	-1	-1	-1	-1	-1	-1	-1	-1	-1	-1	-1	-1	-1	-1	-1	-1	-1	-1	-1	-1	-1	-1	-1	-1	-1	-1	-1	-1	-1	-1	-1	FFFFFF99	配饰	778	2004	1
59061231	5	4	33	11	Charm11_2	1	6+1+9		1	1	-1	-1	-1	-1	-1	-1	-1	-1	-1	-1	-1	-1	-1	-1	-1	-1	-1	-1	-1	-1	-1	-1	-1	-1	-1	-1	-1	-1	-1	-1	-1	-1	-1	-1	-1	-1	-1	-1	-1	-1	-1	-1	-1	-1	-1	-1	-1	-1	-1	-1	-1	-1	-1	-1	-1	-1	-1	-1	-1	-1	-1	-1	-1	-1	FFFFFF99	配饰	779	2004	1
59061232	5	4	33	11	Charm11_2	1	6+1+10		1	1	-1	-1	-1	-1	-1	-1	-1	-1	-1	-1	-1	-1	-1	-1	-1	-1	-1	-1	-1	-1	-1	-1	-1	-1	-1	-1	-1	-1	-1	-1	-1	-1	-1	-1	-1	-1	-1	-1	-1	-1	-1	-1	-1	-1	-1	-1	-1	-1	-1	-1	-1	-1	-1	-1	-1	-1	-1	-1	-1	-1	-1	-1	-1	-1	FFFFFF99	配饰	780	2004	1
59061233	5	4	33	11	Charm11_2	1	6+1+11		1	1	-1	-1	-1	-1	-1	-1	-1	-1	-1	-1	-1	-1	-1	-1	-1	-1	-1	-1	-1	-1	-1	-1	-1	-1	-1	-1	-1	-1	-1	-1	-1	-1	-1	-1	-1	-1	-1	-1	-1	-1	-1	-1	-1	-1	-1	-1	-1	-1	-1	-1	-1	-1	-1	-1	-1	-1	-1	-1	-1	-1	-1	-1	-1	-1	FFFFFF99	配饰	781	2004	1
59061323	5	4	33	11	Charm11_2	1	6+6+1		1	1	-1	-1	-1	-1	-1	-1	-1	-1	-1	-1	-1	-1	-1	-1	-1	-1	-1	-1	-1	-1	-1	-1	-1	-1	-1	-1	-1	-1	-1	-1	-1	-1	-1	-1	-1	-1	-1	-1	-1	-1	-1	-1	-1	-1	-1	-1	-1	-1	-1	-1	-1	-1	-1	-1	-1	-1	-1	-1	-1	-1	-1	-1	-1	-1	FFFFFF99	配饰	782	2004	1
59061324	5	4	33	11	Charm11_2	1	6+6+2		1	1	-1	-1	-1	-1	-1	-1	-1	-1	-1	-1	-1	-1	-1	-1	-1	-1	-1	-1	-1	-1	-1	-1	-1	-1	-1	-1	-1	-1	-1	-1	-1	-1	-1	-1	-1	-1	-1	-1	-1	-1	-1	-1	-1	-1	-1	-1	-1	-1	-1	-1	-1	-1	-1	-1	-1	-1	-1	-1	-1	-1	-1	-1	-1	-1	FFFFFF99	配饰	783	2004	1
59061325	5	4	33	11	Charm11_2	1	6+6+3		1	1	-1	-1	-1	-1	-1	-1	-1	-1	-1	-1	-1	-1	-1	-1	-1	-1	-1	-1	-1	-1	-1	-1	-1	-1	-1	-1	-1	-1	-1	-1	-1	-1	-1	-1	-1	-1	-1	-1	-1	-1	-1	-1	-1	-1	-1	-1	-1	-1	-1	-1	-1	-1	-1	-1	-1	-1	-1	-1	-1	-1	-1	-1	-1	-1	FFFFFF99	配饰	784	2004	1
59061326	5	4	33	11	Charm11_2	1	6+6+4		1	1	-1	-1	-1	-1	-1	-1	-1	-1	-1	-1	-1	-1	-1	-1	-1	-1	-1	-1	-1	-1	-1	-1	-1	-1	-1	-1	-1	-1	-1	-1	-1	-1	-1	-1	-1	-1	-1	-1	-1	-1	-1	-1	-1	-1	-1	-1	-1	-1	-1	-1	-1	-1	-1	-1	-1	-1	-1	-1	-1	-1	-1	-1	-1	-1	FFFFFF99	配饰	785	2004	1
59061327	5	4	33	11	Charm11_2	1	6+6+5		1	1	-1	-1	-1	-1	-1	-1	-1	-1	-1	-1	-1	-1	-1	-1	-1	-1	-1	-1	-1	-1	-1	-1	-1	-1	-1	-1	-1	-1	-1	-1	-1	-1	-1	-1	-1	-1	-1	-1	-1	-1	-1	-1	-1	-1	-1	-1	-1	-1	-1	-1	-1	-1	-1	-1	-1	-1	-1	-1	-1	-1	-1	-1	-1	-1	FFFFFF99	配饰	786	2004	1
59061328	5	4	33	11	Charm11_2	1	6+6+6		1	1	-1	-1	-1	-1	-1	-1	-1	-1	-1	-1	-1	-1	-1	-1	-1	-1	-1	-1	-1	-1	-1	-1	-1	-1	-1	-1	-1	-1	-1	-1	-1	-1	-1	-1	-1	-1	-1	-1	-1	-1	-1	-1	-1	-1	-1	-1	-1	-1	-1	-1	-1	-1	-1	-1	-1	-1	-1	-1	-1	-1	-1	-1	-1	-1	FFFFFF99	配饰	787	2004	1
59061329	5	4	33	11	Charm11_2	1	6+6+7		1	1	-1	-1	-1	-1	-1	-1	-1	-1	-1	-1	-1	-1	-1	-1	-1	-1	-1	-1	-1	-1	-1	-1	-1	-1	-1	-1	-1	-1	-1	-1	-1	-1	-1	-1	-1	-1	-1	-1	-1	-1	-1	-1	-1	-1	-1	-1	-1	-1	-1	-1	-1	-1	-1	-1	-1	-1	-1	-1	-1	-1	-1	-1	-1	-1	FFFFFF99	配饰	788	2004	1
59061330	5	4	33	11	Charm11_2	1	6+6+8		1	1	-1	-1	-1	-1	-1	-1	-1	-1	-1	-1	-1	-1	-1	-1	-1	-1	-1	-1	-1	-1	-1	-1	-1	-1	-1	-1	-1	-1	-1	-1	-1	-1	-1	-1	-1	-1	-1	-1	-1	-1	-1	-1	-1	-1	-1	-1	-1	-1	-1	-1	-1	-1	-1	-1	-1	-1	-1	-1	-1	-1	-1	-1	-1	-1	FFFFFF99	配饰	789	2004	1
59061331	5	4	33	11	Charm11_2	1	6+6+9		1	1	-1	-1	-1	-1	-1	-1	-1	-1	-1	-1	-1	-1	-1	-1	-1	-1	-1	-1	-1	-1	-1	-1	-1	-1	-1	-1	-1	-1	-1	-1	-1	-1	-1	-1	-1	-1	-1	-1	-1	-1	-1	-1	-1	-1	-1	-1	-1	-1	-1	-1	-1	-1	-1	-1	-1	-1	-1	-1	-1	-1	-1	-1	-1	-1	FFFFFF99	配饰	790	2004	1
59061332	5	4	33	11	Charm11_2	1	6+6+10		1	1	-1	-1	-1	-1	-1	-1	-1	-1	-1	-1	-1	-1	-1	-1	-1	-1	-1	-1	-1	-1	-1	-1	-1	-1	-1	-1	-1	-1	-1	-1	-1	-1	-1	-1	-1	-1	-1	-1	-1	-1	-1	-1	-1	-1	-1	-1	-1	-1	-1	-1	-1	-1	-1	-1	-1	-1	-1	-1	-1	-1	-1	-1	-1	-1	FFFFFF99	配饰	791	2004	1
59061333	5	4	33	11	Charm11_2	1	6+6+11		1	1	-1	-1	-1	-1	-1	-1	-1	-1	-1	-1	-1	-1	-1	-1	-1	-1	-1	-1	-1	-1	-1	-1	-1	-1	-1	-1	-1	-1	-1	-1	-1	-1	-1	-1	-1	-1	-1	-1	-1	-1	-1	-1	-1	-1	-1	-1	-1	-1	-1	-1	-1	-1	-1	-1	-1	-1	-1	-1	-1	-1	-1	-1	-1	-1	FFFFFF99	配饰	792	2004	1
59061423	5	4	33	11	Charm11_2	1	6+6+1		1	1	-1	-1	-1	-1	-1	-1	-1	-1	-1	-1	-1	-1	-1	-1	-1	-1	-1	-1	-1	-1	-1	-1	-1	-1	-1	-1	-1	-1	-1	-1	-1	-1	-1	-1	-1	-1	-1	-1	-1	-1	-1	-1	-1	-1	-1	-1	-1	-1	-1	-1	-1	-1	-1	-1	-1	-1	-1	-1	-1	-1	-1	-1	-1	-1	FFFFFF99	配饰	793	2004	1
59061424	5	4	33	11	Charm11_2	1	6+6+2		1	1	-1	-1	-1	-1	-1	-1	-1	-1	-1	-1	-1	-1	-1	-1	-1	-1	-1	-1	-1	-1	-1	-1	-1	-1	-1	-1	-1	-1	-1	-1	-1	-1	-1	-1	-1	-1	-1	-1	-1	-1	-1	-1	-1	-1	-1	-1	-1	-1	-1	-1	-1	-1	-1	-1	-1	-1	-1	-1	-1	-1	-1	-1	-1	-1	FFFFFF99	配饰	794	2004	1
59061425	5	4	33	11	Charm11_2	1	6+6+3		1	1	-1	-1	-1	-1	-1	-1	-1	-1	-1	-1	-1	-1	-1	-1	-1	-1	-1	-1	-1	-1	-1	-1	-1	-1	-1	-1	-1	-1	-1	-1	-1	-1	-1	-1	-1	-1	-1	-1	-1	-1	-1	-1	-1	-1	-1	-1	-1	-1	-1	-1	-1	-1	-1	-1	-1	-1	-1	-1	-1	-1	-1	-1	-1	-1	FFFFFF99	配饰	795	2004	1
59061426	5	4	33	11	Charm11_2	1	6+6+4		1	1	-1	-1	-1	-1	-1	-1	-1	-1	-1	-1	-1	-1	-1	-1	-1	-1	-1	-1	-1	-1	-1	-1	-1	-1	-1	-1	-1	-1	-1	-1	-1	-1	-1	-1	-1	-1	-1	-1	-1	-1	-1	-1	-1	-1	-1	-1	-1	-1	-1	-1	-1	-1	-1	-1	-1	-1	-1	-1	-1	-1	-1	-1	-1	-1	FFFFFF99	配饰	796	2004	1
59061427	5	4	33	11	Charm11_2	1	6+6+5		1	1	-1	-1	-1	-1	-1	-1	-1	-1	-1	-1	-1	-1	-1	-1	-1	-1	-1	-1	-1	-1	-1	-1	-1	-1	-1	-1	-1	-1	-1	-1	-1	-1	-1	-1	-1	-1	-1	-1	-1	-1	-1	-1	-1	-1	-1	-1	-1	-1	-1	-1	-1	-1	-1	-1	-1	-1	-1	-1	-1	-1	-1	-1	-1	-1	FFFFFF99	配饰	797	2004	1
59061428	5	4	33	11	Charm11_2	1	6+6+6		1	1	-1	-1	-1	-1	-1	-1	-1	-1	-1	-1	-1	-1	-1	-1	-1	-1	-1	-1	-1	-1	-1	-1	-1	-1	-1	-1	-1	-1	-1	-1	-1	-1	-1	-1	-1	-1	-1	-1	-1	-1	-1	-1	-1	-1	-1	-1	-1	-1	-1	-1	-1	-1	-1	-1	-1	-1	-1	-1	-1	-1	-1	-1	-1	-1	FFFFFF99	配饰	798	2004	1
59061429	5	4	33	11	Charm11_2	1	6+6+7		1	1	-1	-1	-1	-1	-1	-1	-1	-1	-1	-1	-1	-1	-1	-1	-1	-1	-1	-1	-1	-1	-1	-1	-1	-1	-1	-1	-1	-1	-1	-1	-1	-1	-1	-1	-1	-1	-1	-1	-1	-1	-1	-1	-1	-1	-1	-1	-1	-1	-1	-1	-1	-1	-1	-1	-1	-1	-1	-1	-1	-1	-1	-1	-1	-1	FFFFFF99	配饰	799	2004	1
59061430	5	4	33	11	Charm11_2	1	6+6+8		1	1	-1	-1	-1	-1	-1	-1	-1	-1	-1	-1	-1	-1	-1	-1	-1	-1	-1	-1	-1	-1	-1	-1	-1	-1	-1	-1	-1	-1	-1	-1	-1	-1	-1	-1	-1	-1	-1	-1	-1	-1	-1	-1	-1	-1	-1	-1	-1	-1	-1	-1	-1	-1	-1	-1	-1	-1	-1	-1	-1	-1	-1	-1	-1	-1	FFFFFF99	配饰	800	2004	1
59061431	5	4	33	11	Charm11_2	1	6+6+9		1	1	-1	-1	-1	-1	-1	-1	-1	-1	-1	-1	-1	-1	-1	-1	-1	-1	-1	-1	-1	-1	-1	-1	-1	-1	-1	-1	-1	-1	-1	-1	-1	-1	-1	-1	-1	-1	-1	-1	-1	-1	-1	-1	-1	-1	-1	-1	-1	-1	-1	-1	-1	-1	-1	-1	-1	-1	-1	-1	-1	-1	-1	-1	-1	-1	FFFFFF99	配饰	801	2004	1
59061432	5	4	33	11	Charm11_2	1	6+6+10		1	1	-1	-1	-1	-1	-1	-1	-1	-1	-1	-1	-1	-1	-1	-1	-1	-1	-1	-1	-1	-1	-1	-1	-1	-1	-1	-1	-1	-1	-1	-1	-1	-1	-1	-1	-1	-1	-1	-1	-1	-1	-1	-1	-1	-1	-1	-1	-1	-1	-1	-1	-1	-1	-1	-1	-1	-1	-1	-1	-1	-1	-1	-1	-1	-1	FFFFFF99	配饰	802	2004	1
59061433	5	4	33	11	Charm11_2	1	6+6+11		1	1	-1	-1	-1	-1	-1	-1	-1	-1	-1	-1	-1	-1	-1	-1	-1	-1	-1	-1	-1	-1	-1	-1	-1	-1	-1	-1	-1	-1	-1	-1	-1	-1	-1	-1	-1	-1	-1	-1	-1	-1	-1	-1	-1	-1	-1	-1	-1	-1	-1	-1	-1	-1	-1	-1	-1	-1	-1	-1	-1	-1	-1	-1	-1	-1	FFFFFF99	配饰	803	2004	1
59061523	5	4	33	11	Charm11_2	1	6+6+1		1	1	-1	-1	-1	-1	-1	-1	-1	-1	-1	-1	-1	-1	-1	-1	-1	-1	-1	-1	-1	-1	-1	-1	-1	-1	-1	-1	-1	-1	-1	-1	-1	-1	-1	-1	-1	-1	-1	-1	-1	-1	-1	-1	-1	-1	-1	-1	-1	-1	-1	-1	-1	-1	-1	-1	-1	-1	-1	-1	-1	-1	-1	-1	-1	-1	FFFFFF99	配饰	804	2004	1
59061524	5	4	33	11	Charm11_2	1	6+6+2		1	1	-1	-1	-1	-1	-1	-1	-1	-1	-1	-1	-1	-1	-1	-1	-1	-1	-1	-1	-1	-1	-1	-1	-1	-1	-1	-1	-1	-1	-1	-1	-1	-1	-1	-1	-1	-1	-1	-1	-1	-1	-1	-1	-1	-1	-1	-1	-1	-1	-1	-1	-1	-1	-1	-1	-1	-1	-1	-1	-1	-1	-1	-1	-1	-1	FFFFFF99	配饰	805	2004	1
59061525	5	4	33	11	Charm11_2	1	6+6+3		1	1	-1	-1	-1	-1	-1	-1	-1	-1	-1	-1	-1	-1	-1	-1	-1	-1	-1	-1	-1	-1	-1	-1	-1	-1	-1	-1	-1	-1	-1	-1	-1	-1	-1	-1	-1	-1	-1	-1	-1	-1	-1	-1	-1	-1	-1	-1	-1	-1	-1	-1	-1	-1	-1	-1	-1	-1	-1	-1	-1	-1	-1	-1	-1	-1	FFFFFF99	配饰	806	2004	1
59061526	5	4	33	11	Charm11_2	1	6+6+4		1	1	-1	-1	-1	-1	-1	-1	-1	-1	-1	-1	-1	-1	-1	-1	-1	-1	-1	-1	-1	-1	-1	-1	-1	-1	-1	-1	-1	-1	-1	-1	-1	-1	-1	-1	-1	-1	-1	-1	-1	-1	-1	-1	-1	-1	-1	-1	-1	-1	-1	-1	-1	-1	-1	-1	-1	-1	-1	-1	-1	-1	-1	-1	-1	-1	FFFFFF99	配饰	807	2004	1
59061527	5	4	33	11	Charm11_2	1	6+6+5		1	1	-1	-1	-1	-1	-1	-1	-1	-1	-1	-1	-1	-1	-1	-1	-1	-1	-1	-1	-1	-1	-1	-1	-1	-1	-1	-1	-1	-1	-1	-1	-1	-1	-1	-1	-1	-1	-1	-1	-1	-1	-1	-1	-1	-1	-1	-1	-1	-1	-1	-1	-1	-1	-1	-1	-1	-1	-1	-1	-1	-1	-1	-1	-1	-1	FFFFFF99	配饰	808	2004	1
59061528	5	4	33	11	Charm11_2	1	6+6+6		1	1	-1	-1	-1	-1	-1	-1	-1	-1	-1	-1	-1	-1	-1	-1	-1	-1	-1	-1	-1	-1	-1	-1	-1	-1	-1	-1	-1	-1	-1	-1	-1	-1	-1	-1	-1	-1	-1	-1	-1	-1	-1	-1	-1	-1	-1	-1	-1	-1	-1	-1	-1	-1	-1	-1	-1	-1	-1	-1	-1	-1	-1	-1	-1	-1	FFFFFF99	配饰	809	2004	1
59061529	5	4	33	11	Charm11_2	1	6+6+7		1	1	-1	-1	-1	-1	-1	-1	-1	-1	-1	-1	-1	-1	-1	-1	-1	-1	-1	-1	-1	-1	-1	-1	-1	-1	-1	-1	-1	-1	-1	-1	-1	-1	-1	-1	-1	-1	-1	-1	-1	-1	-1	-1	-1	-1	-1	-1	-1	-1	-1	-1	-1	-1	-1	-1	-1	-1	-1	-1	-1	-1	-1	-1	-1	-1	FFFFFF99	配饰	810	2004	1
59061530	5	4	33	11	Charm11_2	1	6+6+8		1	1	-1	-1	-1	-1	-1	-1	-1	-1	-1	-1	-1	-1	-1	-1	-1	-1	-1	-1	-1	-1	-1	-1	-1	-1	-1	-1	-1	-1	-1	-1	-1	-1	-1	-1	-1	-1	-1	-1	-1	-1	-1	-1	-1	-1	-1	-1	-1	-1	-1	-1	-1	-1	-1	-1	-1	-1	-1	-1	-1	-1	-1	-1	-1	-1	FFFFFF99	配饰	811	2004	1
59061531	5	4	33	11	Charm11_2	1	6+6+9		1	1	-1	-1	-1	-1	-1	-1	-1	-1	-1	-1	-1	-1	-1	-1	-1	-1	-1	-1	-1	-1	-1	-1	-1	-1	-1	-1	-1	-1	-1	-1	-1	-1	-1	-1	-1	-1	-1	-1	-1	-1	-1	-1	-1	-1	-1	-1	-1	-1	-1	-1	-1	-1	-1	-1	-1	-1	-1	-1	-1	-1	-1	-1	-1	-1	FFFFFF99	配饰	812	2004	1
59061532	5	4	33	11	Charm11_2	1	6+6+10		1	1	-1	-1	-1	-1	-1	-1	-1	-1	-1	-1	-1	-1	-1	-1	-1	-1	-1	-1	-1	-1	-1	-1	-1	-1	-1	-1	-1	-1	-1	-1	-1	-1	-1	-1	-1	-1	-1	-1	-1	-1	-1	-1	-1	-1	-1	-1	-1	-1	-1	-1	-1	-1	-1	-1	-1	-1	-1	-1	-1	-1	-1	-1	-1	-1	FFFFFF99	配饰	813	2004	1
59061533	5	4	33	11	Charm11_2	1	6+6+11		1	1	-1	-1	-1	-1	-1	-1	-1	-1	-1	-1	-1	-1	-1	-1	-1	-1	-1	-1	-1	-1	-1	-1	-1	-1	-1	-1	-1	-1	-1	-1	-1	-1	-1	-1	-1	-1	-1	-1	-1	-1	-1	-1	-1	-1	-1	-1	-1	-1	-1	-1	-1	-1	-1	-1	-1	-1	-1	-1	-1	-1	-1	-1	-1	-1	FFFFFF99	配饰	814	2004	1
59061623	5	4	33	11	Charm11_2	1	6+6+1		1	1	-1	-1	-1	-1	-1	-1	-1	-1	-1	-1	-1	-1	-1	-1	-1	-1	-1	-1	-1	-1	-1	-1	-1	-1	-1	-1	-1	-1	-1	-1	-1	-1	-1	-1	-1	-1	-1	-1	-1	-1	-1	-1	-1	-1	-1	-1	-1	-1	-1	-1	-1	-1	-1	-1	-1	-1	-1	-1	-1	-1	-1	-1	-1	-1	FFFFFF99	配饰	815	2004	1
59061624	5	4	33	11	Charm11_2	1	6+6+2		1	1	-1	-1	-1	-1	-1	-1	-1	-1	-1	-1	-1	-1	-1	-1	-1	-1	-1	-1	-1	-1	-1	-1	-1	-1	-1	-1	-1	-1	-1	-1	-1	-1	-1	-1	-1	-1	-1	-1	-1	-1	-1	-1	-1	-1	-1	-1	-1	-1	-1	-1	-1	-1	-1	-1	-1	-1	-1	-1	-1	-1	-1	-1	-1	-1	FFFFFF99	配饰	816	2004	1
59061625	5	4	33	11	Charm11_2	1	6+6+3		1	1	-1	-1	-1	-1	-1	-1	-1	-1	-1	-1	-1	-1	-1	-1	-1	-1	-1	-1	-1	-1	-1	-1	-1	-1	-1	-1	-1	-1	-1	-1	-1	-1	-1	-1	-1	-1	-1	-1	-1	-1	-1	-1	-1	-1	-1	-1	-1	-1	-1	-1	-1	-1	-1	-1	-1	-1	-1	-1	-1	-1	-1	-1	-1	-1	FFFFFF99	配饰	817	2004	1
59061626	5	4	33	11	Charm11_2	1	6+6+4		1	1	-1	-1	-1	-1	-1	-1	-1	-1	-1	-1	-1	-1	-1	-1	-1	-1	-1	-1	-1	-1	-1	-1	-1	-1	-1	-1	-1	-1	-1	-1	-1	-1	-1	-1	-1	-1	-1	-1	-1	-1	-1	-1	-1	-1	-1	-1	-1	-1	-1	-1	-1	-1	-1	-1	-1	-1	-1	-1	-1	-1	-1	-1	-1	-1	FFFFFF99	配饰	818	2004	1
59061627	5	4	33	11	Charm11_2	1	6+6+5		1	1	-1	-1	-1	-1	-1	-1	-1	-1	-1	-1	-1	-1	-1	-1	-1	-1	-1	-1	-1	-1	-1	-1	-1	-1	-1	-1	-1	-1	-1	-1	-1	-1	-1	-1	-1	-1	-1	-1	-1	-1	-1	-1	-1	-1	-1	-1	-1	-1	-1	-1	-1	-1	-1	-1	-1	-1	-1	-1	-1	-1	-1	-1	-1	-1	FFFFFF99	配饰	819	2004	1
59061628	5	4	33	11	Charm11_2	1	6+6+6		1	1	-1	-1	-1	-1	-1	-1	-1	-1	-1	-1	-1	-1	-1	-1	-1	-1	-1	-1	-1	-1	-1	-1	-1	-1	-1	-1	-1	-1	-1	-1	-1	-1	-1	-1	-1	-1	-1	-1	-1	-1	-1	-1	-1	-1	-1	-1	-1	-1	-1	-1	-1	-1	-1	-1	-1	-1	-1	-1	-1	-1	-1	-1	-1	-1	FFFFFF99	配饰	820	2004	1
59061629	5	4	33	11	Charm11_2	1	6+6+7		1	1	-1	-1	-1	-1	-1	-1	-1	-1	-1	-1	-1	-1	-1	-1	-1	-1	-1	-1	-1	-1	-1	-1	-1	-1	-1	-1	-1	-1	-1	-1	-1	-1	-1	-1	-1	-1	-1	-1	-1	-1	-1	-1	-1	-1	-1	-1	-1	-1	-1	-1	-1	-1	-1	-1	-1	-1	-1	-1	-1	-1	-1	-1	-1	-1	FFFFFF99	配饰	821	2004	1
59061630	5	4	33	11	Charm11_2	1	6+6+8		1	1	-1	-1	-1	-1	-1	-1	-1	-1	-1	-1	-1	-1	-1	-1	-1	-1	-1	-1	-1	-1	-1	-1	-1	-1	-1	-1	-1	-1	-1	-1	-1	-1	-1	-1	-1	-1	-1	-1	-1	-1	-1	-1	-1	-1	-1	-1	-1	-1	-1	-1	-1	-1	-1	-1	-1	-1	-1	-1	-1	-1	-1	-1	-1	-1	FFFFFF99	配饰	822	2004	1
59061631	5	4	33	11	Charm11_2	1	6+6+9		1	1	-1	-1	-1	-1	-1	-1	-1	-1	-1	-1	-1	-1	-1	-1	-1	-1	-1	-1	-1	-1	-1	-1	-1	-1	-1	-1	-1	-1	-1	-1	-1	-1	-1	-1	-1	-1	-1	-1	-1	-1	-1	-1	-1	-1	-1	-1	-1	-1	-1	-1	-1	-1	-1	-1	-1	-1	-1	-1	-1	-1	-1	-1	-1	-1	FFFFFF99	配饰	823	2004	1
59061632	5	4	33	11	Charm11_2	1	6+6+10		1	1	-1	-1	-1	-1	-1	-1	-1	-1	-1	-1	-1	-1	-1	-1	-1	-1	-1	-1	-1	-1	-1	-1	-1	-1	-1	-1	-1	-1	-1	-1	-1	-1	-1	-1	-1	-1	-1	-1	-1	-1	-1	-1	-1	-1	-1	-1	-1	-1	-1	-1	-1	-1	-1	-1	-1	-1	-1	-1	-1	-1	-1	-1	-1	-1	FFFFFF99	配饰	824	2004	1
59061633	5	4	33	11	Charm11_2	1	6+6+11		1	1	-1	-1	-1	-1	-1	-1	-1	-1	-1	-1	-1	-1	-1	-1	-1	-1	-1	-1	-1	-1	-1	-1	-1	-1	-1	-1	-1	-1	-1	-1	-1	-1	-1	-1	-1	-1	-1	-1	-1	-1	-1	-1	-1	-1	-1	-1	-1	-1	-1	-1	-1	-1	-1	-1	-1	-1	-1	-1	-1	-1	-1	-1	-1	-1	FFFFFF99	配饰	825	2004	1
59061723	5	4	33	11	Charm11_2	1	6+6+1		1	1	-1	-1	-1	-1	-1	-1	-1	-1	-1	-1	-1	-1	-1	-1	-1	-1	-1	-1	-1	-1	-1	-1	-1	-1	-1	-1	-1	-1	-1	-1	-1	-1	-1	-1	-1	-1	-1	-1	-1	-1	-1	-1	-1	-1	-1	-1	-1	-1	-1	-1	-1	-1	-1	-1	-1	-1	-1	-1	-1	-1	-1	-1	-1	-1	FFFFFF99	配饰	826	2004	1
59061724	5	4	33	11	Charm11_2	1	6+6+2		1	1	-1	-1	-1	-1	-1	-1	-1	-1	-1	-1	-1	-1	-1	-1	-1	-1	-1	-1	-1	-1	-1	-1	-1	-1	-1	-1	-1	-1	-1	-1	-1	-1	-1	-1	-1	-1	-1	-1	-1	-1	-1	-1	-1	-1	-1	-1	-1	-1	-1	-1	-1	-1	-1	-1	-1	-1	-1	-1	-1	-1	-1	-1	-1	-1	FFFFFF99	配饰	827	2004	1
59061725	5	4	33	11	Charm11_2	1	6+6+3		1	1	-1	-1	-1	-1	-1	-1	-1	-1	-1	-1	-1	-1	-1	-1	-1	-1	-1	-1	-1	-1	-1	-1	-1	-1	-1	-1	-1	-1	-1	-1	-1	-1	-1	-1	-1	-1	-1	-1	-1	-1	-1	-1	-1	-1	-1	-1	-1	-1	-1	-1	-1	-1	-1	-1	-1	-1	-1	-1	-1	-1	-1	-1	-1	-1	FFFFFF99	配饰	828	2004	1
59061726	5	4	33	11	Charm11_2	1	6+6+4		1	1	-1	-1	-1	-1	-1	-1	-1	-1	-1	-1	-1	-1	-1	-1	-1	-1	-1	-1	-1	-1	-1	-1	-1	-1	-1	-1	-1	-1	-1	-1	-1	-1	-1	-1	-1	-1	-1	-1	-1	-1	-1	-1	-1	-1	-1	-1	-1	-1	-1	-1	-1	-1	-1	-1	-1	-1	-1	-1	-1	-1	-1	-1	-1	-1	FFFFFF99	配饰	829	2004	1
59061727	5	4	33	11	Charm11_2	1	6+6+5		1	1	-1	-1	-1	-1	-1	-1	-1	-1	-1	-1	-1	-1	-1	-1	-1	-1	-1	-1	-1	-1	-1	-1	-1	-1	-1	-1	-1	-1	-1	-1	-1	-1	-1	-1	-1	-1	-1	-1	-1	-1	-1	-1	-1	-1	-1	-1	-1	-1	-1	-1	-1	-1	-1	-1	-1	-1	-1	-1	-1	-1	-1	-1	-1	-1	FFFFFF99	配饰	830	2004	1
59061728	5	4	33	11	Charm11_2	1	6+6+6		1	1	-1	-1	-1	-1	-1	-1	-1	-1	-1	-1	-1	-1	-1	-1	-1	-1	-1	-1	-1	-1	-1	-1	-1	-1	-1	-1	-1	-1	-1	-1	-1	-1	-1	-1	-1	-1	-1	-1	-1	-1	-1	-1	-1	-1	-1	-1	-1	-1	-1	-1	-1	-1	-1	-1	-1	-1	-1	-1	-1	-1	-1	-1	-1	-1	FFFFFF99	配饰	831	2004	1
59061729	5	4	33	11	Charm11_2	1	6+6+7		1	1	-1	-1	-1	-1	-1	-1	-1	-1	-1	-1	-1	-1	-1	-1	-1	-1	-1	-1	-1	-1	-1	-1	-1	-1	-1	-1	-1	-1	-1	-1	-1	-1	-1	-1	-1	-1	-1	-1	-1	-1	-1	-1	-1	-1	-1	-1	-1	-1	-1	-1	-1	-1	-1	-1	-1	-1	-1	-1	-1	-1	-1	-1	-1	-1	FFFFFF99	配饰	832	2004	1
59061730	5	4	33	11	Charm11_2	1	6+6+8		1	1	-1	-1	-1	-1	-1	-1	-1	-1	-1	-1	-1	-1	-1	-1	-1	-1	-1	-1	-1	-1	-1	-1	-1	-1	-1	-1	-1	-1	-1	-1	-1	-1	-1	-1	-1	-1	-1	-1	-1	-1	-1	-1	-1	-1	-1	-1	-1	-1	-1	-1	-1	-1	-1	-1	-1	-1	-1	-1	-1	-1	-1	-1	-1	-1	FFFFFF99	配饰	833	2004	1
59061731	5	4	33	11	Charm11_2	1	6+6+9		1	1	-1	-1	-1	-1	-1	-1	-1	-1	-1	-1	-1	-1	-1	-1	-1	-1	-1	-1	-1	-1	-1	-1	-1	-1	-1	-1	-1	-1	-1	-1	-1	-1	-1	-1	-1	-1	-1	-1	-1	-1	-1	-1	-1	-1	-1	-1	-1	-1	-1	-1	-1	-1	-1	-1	-1	-1	-1	-1	-1	-1	-1	-1	-1	-1	FFFFFF99	配饰	834	2004	1
59061732	5	4	33	11	Charm11_2	1	6+6+10		1	1	-1	-1	-1	-1	-1	-1	-1	-1	-1	-1	-1	-1	-1	-1	-1	-1	-1	-1	-1	-1	-1	-1	-1	-1	-1	-1	-1	-1	-1	-1	-1	-1	-1	-1	-1	-1	-1	-1	-1	-1	-1	-1	-1	-1	-1	-1	-1	-1	-1	-1	-1	-1	-1	-1	-1	-1	-1	-1	-1	-1	-1	-1	-1	-1	FFFFFF99	配饰	835	2004	1
59061733	5	4	33	11	Charm11_2	1	6+6+11		1	1	-1	-1	-1	-1	-1	-1	-1	-1	-1	-1	-1	-1	-1	-1	-1	-1	-1	-1	-1	-1	-1	-1	-1	-1	-1	-1	-1	-1	-1	-1	-1	-1	-1	-1	-1	-1	-1	-1	-1	-1	-1	-1	-1	-1	-1	-1	-1	-1	-1	-1	-1	-1	-1	-1	-1	-1	-1	-1	-1	-1	-1	-1	-1	-1	FFFFFF99	配饰	836	2004	1
59061823	5	4	33	11	Charm11_2	1	6+7+1		1	1	-1	-1	-1	-1	-1	-1	-1	-1	-1	-1	-1	-1	-1	-1	-1	-1	-1	-1	-1	-1	-1	-1	-1	-1	-1	-1	-1	-1	-1	-1	-1	-1	-1	-1	-1	-1	-1	-1	-1	-1	-1	-1	-1	-1	-1	-1	-1	-1	-1	-1	-1	-1	-1	-1	-1	-1	-1	-1	-1	-1	-1	-1	-1	-1	FFFFFF99	配饰	837	2004	1
59061824	5	4	33	11	Charm11_2	1	6+7+2		1	1	-1	-1	-1	-1	-1	-1	-1	-1	-1	-1	-1	-1	-1	-1	-1	-1	-1	-1	-1	-1	-1	-1	-1	-1	-1	-1	-1	-1	-1	-1	-1	-1	-1	-1	-1	-1	-1	-1	-1	-1	-1	-1	-1	-1	-1	-1	-1	-1	-1	-1	-1	-1	-1	-1	-1	-1	-1	-1	-1	-1	-1	-1	-1	-1	FFFFFF99	配饰	838	2004	1
59061825	5	4	33	11	Charm11_2	1	6+7+3		1	1	-1	-1	-1	-1	-1	-1	-1	-1	-1	-1	-1	-1	-1	-1	-1	-1	-1	-1	-1	-1	-1	-1	-1	-1	-1	-1	-1	-1	-1	-1	-1	-1	-1	-1	-1	-1	-1	-1	-1	-1	-1	-1	-1	-1	-1	-1	-1	-1	-1	-1	-1	-1	-1	-1	-1	-1	-1	-1	-1	-1	-1	-1	-1	-1	FFFFFF99	配饰	839	2004	1
59061826	5	4	33	11	Charm11_2	1	6+7+4		1	1	-1	-1	-1	-1	-1	-1	-1	-1	-1	-1	-1	-1	-1	-1	-1	-1	-1	-1	-1	-1	-1	-1	-1	-1	-1	-1	-1	-1	-1	-1	-1	-1	-1	-1	-1	-1	-1	-1	-1	-1	-1	-1	-1	-1	-1	-1	-1	-1	-1	-1	-1	-1	-1	-1	-1	-1	-1	-1	-1	-1	-1	-1	-1	-1	FFFFFF99	配饰	840	2004	1
59061827	5	4	33	11	Charm11_2	1	6+7+5		1	1	-1	-1	-1	-1	-1	-1	-1	-1	-1	-1	-1	-1	-1	-1	-1	-1	-1	-1	-1	-1	-1	-1	-1	-1	-1	-1	-1	-1	-1	-1	-1	-1	-1	-1	-1	-1	-1	-1	-1	-1	-1	-1	-1	-1	-1	-1	-1	-1	-1	-1	-1	-1	-1	-1	-1	-1	-1	-1	-1	-1	-1	-1	-1	-1	FFFFFF99	配饰	841	2004	1
59061828	5	4	33	11	Charm11_2	1	6+7+6		1	1	-1	-1	-1	-1	-1	-1	-1	-1	-1	-1	-1	-1	-1	-1	-1	-1	-1	-1	-1	-1	-1	-1	-1	-1	-1	-1	-1	-1	-1	-1	-1	-1	-1	-1	-1	-1	-1	-1	-1	-1	-1	-1	-1	-1	-1	-1	-1	-1	-1	-1	-1	-1	-1	-1	-1	-1	-1	-1	-1	-1	-1	-1	-1	-1	FFFFFF99	配饰	842	2004	1
59061829	5	4	33	11	Charm11_2	1	6+7+7		1	1	-1	-1	-1	-1	-1	-1	-1	-1	-1	-1	-1	-1	-1	-1	-1	-1	-1	-1	-1	-1	-1	-1	-1	-1	-1	-1	-1	-1	-1	-1	-1	-1	-1	-1	-1	-1	-1	-1	-1	-1	-1	-1	-1	-1	-1	-1	-1	-1	-1	-1	-1	-1	-1	-1	-1	-1	-1	-1	-1	-1	-1	-1	-1	-1	FFFFFF99	配饰	843	2004	1
59061830	5	4	33	11	Charm11_2	1	6+7+8		1	1	-1	-1	-1	-1	-1	-1	-1	-1	-1	-1	-1	-1	-1	-1	-1	-1	-1	-1	-1	-1	-1	-1	-1	-1	-1	-1	-1	-1	-1	-1	-1	-1	-1	-1	-1	-1	-1	-1	-1	-1	-1	-1	-1	-1	-1	-1	-1	-1	-1	-1	-1	-1	-1	-1	-1	-1	-1	-1	-1	-1	-1	-1	-1	-1	FFFFFF99	配饰	844	2004	1
59061831	5	4	33	11	Charm11_2	1	6+7+9		1	1	-1	-1	-1	-1	-1	-1	-1	-1	-1	-1	-1	-1	-1	-1	-1	-1	-1	-1	-1	-1	-1	-1	-1	-1	-1	-1	-1	-1	-1	-1	-1	-1	-1	-1	-1	-1	-1	-1	-1	-1	-1	-1	-1	-1	-1	-1	-1	-1	-1	-1	-1	-1	-1	-1	-1	-1	-1	-1	-1	-1	-1	-1	-1	-1	FFFFFF99	配饰	845	2004	1
59061832	5	4	33	11	Charm11_2	1	6+7+10		1	1	-1	-1	-1	-1	-1	-1	-1	-1	-1	-1	-1	-1	-1	-1	-1	-1	-1	-1	-1	-1	-1	-1	-1	-1	-1	-1	-1	-1	-1	-1	-1	-1	-1	-1	-1	-1	-1	-1	-1	-1	-1	-1	-1	-1	-1	-1	-1	-1	-1	-1	-1	-1	-1	-1	-1	-1	-1	-1	-1	-1	-1	-1	-1	-1	FFFFFF99	配饰	846	2004	1
59061833	5	4	33	11	Charm11_2	1	6+7+11		1	1	-1	-1	-1	-1	-1	-1	-1	-1	-1	-1	-1	-1	-1	-1	-1	-1	-1	-1	-1	-1	-1	-1	-1	-1	-1	-1	-1	-1	-1	-1	-1	-1	-1	-1	-1	-1	-1	-1	-1	-1	-1	-1	-1	-1	-1	-1	-1	-1	-1	-1	-1	-1	-1	-1	-1	-1	-1	-1	-1	-1	-1	-1	-1	-1	FFFFFF99	配饰	847	2004	1
59061923	5	4	33	11	Charm11_2	1	6+8+1		1	1	-1	-1	-1	-1	-1	-1	-1	-1	-1	-1	-1	-1	-1	-1	-1	-1	-1	-1	-1	-1	-1	-1	-1	-1	-1	-1	-1	-1	-1	-1	-1	-1	-1	-1	-1	-1	-1	-1	-1	-1	-1	-1	-1	-1	-1	-1	-1	-1	-1	-1	-1	-1	-1	-1	-1	-1	-1	-1	-1	-1	-1	-1	-1	-1	FFFFFF99	配饰	848	2004	1
59061924	5	4	33	11	Charm11_2	1	6+8+2		1	1	-1	-1	-1	-1	-1	-1	-1	-1	-1	-1	-1	-1	-1	-1	-1	-1	-1	-1	-1	-1	-1	-1	-1	-1	-1	-1	-1	-1	-1	-1	-1	-1	-1	-1	-1	-1	-1	-1	-1	-1	-1	-1	-1	-1	-1	-1	-1	-1	-1	-1	-1	-1	-1	-1	-1	-1	-1	-1	-1	-1	-1	-1	-1	-1	FFFFFF99	配饰	849	2004	1
59061925	5	4	33	11	Charm11_2	1	6+8+3		1	1	-1	-1	-1	-1	-1	-1	-1	-1	-1	-1	-1	-1	-1	-1	-1	-1	-1	-1	-1	-1	-1	-1	-1	-1	-1	-1	-1	-1	-1	-1	-1	-1	-1	-1	-1	-1	-1	-1	-1	-1	-1	-1	-1	-1	-1	-1	-1	-1	-1	-1	-1	-1	-1	-1	-1	-1	-1	-1	-1	-1	-1	-1	-1	-1	FFFFFF99	配饰	850	2004	1
59061926	5	4	33	11	Charm11_2	1	6+8+4		1	1	-1	-1	-1	-1	-1	-1	-1	-1	-1	-1	-1	-1	-1	-1	-1	-1	-1	-1	-1	-1	-1	-1	-1	-1	-1	-1	-1	-1	-1	-1	-1	-1	-1	-1	-1	-1	-1	-1	-1	-1	-1	-1	-1	-1	-1	-1	-1	-1	-1	-1	-1	-1	-1	-1	-1	-1	-1	-1	-1	-1	-1	-1	-1	-1	FFFFFF99	配饰	851	2004	1
59061927	5	4	33	11	Charm11_2	1	6+8+5		1	1	-1	-1	-1	-1	-1	-1	-1	-1	-1	-1	-1	-1	-1	-1	-1	-1	-1	-1	-1	-1	-1	-1	-1	-1	-1	-1	-1	-1	-1	-1	-1	-1	-1	-1	-1	-1	-1	-1	-1	-1	-1	-1	-1	-1	-1	-1	-1	-1	-1	-1	-1	-1	-1	-1	-1	-1	-1	-1	-1	-1	-1	-1	-1	-1	FFFFFF99	配饰	852	2004	1
59061928	5	4	33	11	Charm11_2	1	6+8+6		1	1	-1	-1	-1	-1	-1	-1	-1	-1	-1	-1	-1	-1	-1	-1	-1	-1	-1	-1	-1	-1	-1	-1	-1	-1	-1	-1	-1	-1	-1	-1	-1	-1	-1	-1	-1	-1	-1	-1	-1	-1	-1	-1	-1	-1	-1	-1	-1	-1	-1	-1	-1	-1	-1	-1	-1	-1	-1	-1	-1	-1	-1	-1	-1	-1	FFFFFF99	配饰	853	2004	1
59061929	5	4	33	11	Charm11_2	1	6+8+7		1	1	-1	-1	-1	-1	-1	-1	-1	-1	-1	-1	-1	-1	-1	-1	-1	-1	-1	-1	-1	-1	-1	-1	-1	-1	-1	-1	-1	-1	-1	-1	-1	-1	-1	-1	-1	-1	-1	-1	-1	-1	-1	-1	-1	-1	-1	-1	-1	-1	-1	-1	-1	-1	-1	-1	-1	-1	-1	-1	-1	-1	-1	-1	-1	-1	FFFFFF99	配饰	854	2004	1
59061930	5	4	33	11	Charm11_2	1	6+8+8		1	1	-1	-1	-1	-1	-1	-1	-1	-1	-1	-1	-1	-1	-1	-1	-1	-1	-1	-1	-1	-1	-1	-1	-1	-1	-1	-1	-1	-1	-1	-1	-1	-1	-1	-1	-1	-1	-1	-1	-1	-1	-1	-1	-1	-1	-1	-1	-1	-1	-1	-1	-1	-1	-1	-1	-1	-1	-1	-1	-1	-1	-1	-1	-1	-1	FFFFFF99	配饰	855	2004	1
59061931	5	4	33	11	Charm11_2	1	6+8+9		1	1	-1	-1	-1	-1	-1	-1	-1	-1	-1	-1	-1	-1	-1	-1	-1	-1	-1	-1	-1	-1	-1	-1	-1	-1	-1	-1	-1	-1	-1	-1	-1	-1	-1	-1	-1	-1	-1	-1	-1	-1	-1	-1	-1	-1	-1	-1	-1	-1	-1	-1	-1	-1	-1	-1	-1	-1	-1	-1	-1	-1	-1	-1	-1	-1	FFFFFF99	配饰	856	2004	1
59061932	5	4	33	11	Charm11_2	1	6+8+10		1	1	-1	-1	-1	-1	-1	-1	-1	-1	-1	-1	-1	-1	-1	-1	-1	-1	-1	-1	-1	-1	-1	-1	-1	-1	-1	-1	-1	-1	-1	-1	-1	-1	-1	-1	-1	-1	-1	-1	-1	-1	-1	-1	-1	-1	-1	-1	-1	-1	-1	-1	-1	-1	-1	-1	-1	-1	-1	-1	-1	-1	-1	-1	-1	-1	FFFFFF99	配饰	857	2004	1
59061933	5	4	33	11	Charm11_2	1	6+8+11		1	1	-1	-1	-1	-1	-1	-1	-1	-1	-1	-1	-1	-1	-1	-1	-1	-1	-1	-1	-1	-1	-1	-1	-1	-1	-1	-1	-1	-1	-1	-1	-1	-1	-1	-1	-1	-1	-1	-1	-1	-1	-1	-1	-1	-1	-1	-1	-1	-1	-1	-1	-1	-1	-1	-1	-1	-1	-1	-1	-1	-1	-1	-1	-1	-1	FFFFFF99	配饰	858	2004	1
59062023	5	4	33	11	Charm11_2	1	6+9+1		1	1	-1	-1	-1	-1	-1	-1	-1	-1	-1	-1	-1	-1	-1	-1	-1	-1	-1	-1	-1	-1	-1	-1	-1	-1	-1	-1	-1	-1	-1	-1	-1	-1	-1	-1	-1	-1	-1	-1	-1	-1	-1	-1	-1	-1	-1	-1	-1	-1	-1	-1	-1	-1	-1	-1	-1	-1	-1	-1	-1	-1	-1	-1	-1	-1	FFFFFF99	配饰	859	2004	1
59062024	5	4	33	11	Charm11_2	1	6+9+2		1	1	-1	-1	-1	-1	-1	-1	-1	-1	-1	-1	-1	-1	-1	-1	-1	-1	-1	-1	-1	-1	-1	-1	-1	-1	-1	-1	-1	-1	-1	-1	-1	-1	-1	-1	-1	-1	-1	-1	-1	-1	-1	-1	-1	-1	-1	-1	-1	-1	-1	-1	-1	-1	-1	-1	-1	-1	-1	-1	-1	-1	-1	-1	-1	-1	FFFFFF99	配饰	860	2004	1
59062025	5	4	33	11	Charm11_2	1	6+9+3		1	1	-1	-1	-1	-1	-1	-1	-1	-1	-1	-1	-1	-1	-1	-1	-1	-1	-1	-1	-1	-1	-1	-1	-1	-1	-1	-1	-1	-1	-1	-1	-1	-1	-1	-1	-1	-1	-1	-1	-1	-1	-1	-1	-1	-1	-1	-1	-1	-1	-1	-1	-1	-1	-1	-1	-1	-1	-1	-1	-1	-1	-1	-1	-1	-1	FFFFFF99	配饰	861	2004	1
59062026	5	4	33	11	Charm11_2	1	6+9+4		1	1	-1	-1	-1	-1	-1	-1	-1	-1	-1	-1	-1	-1	-1	-1	-1	-1	-1	-1	-1	-1	-1	-1	-1	-1	-1	-1	-1	-1	-1	-1	-1	-1	-1	-1	-1	-1	-1	-1	-1	-1	-1	-1	-1	-1	-1	-1	-1	-1	-1	-1	-1	-1	-1	-1	-1	-1	-1	-1	-1	-1	-1	-1	-1	-1	FFFFFF99	配饰	862	2004	1
59062027	5	4	33	11	Charm11_2	1	6+9+5		1	1	-1	-1	-1	-1	-1	-1	-1	-1	-1	-1	-1	-1	-1	-1	-1	-1	-1	-1	-1	-1	-1	-1	-1	-1	-1	-1	-1	-1	-1	-1	-1	-1	-1	-1	-1	-1	-1	-1	-1	-1	-1	-1	-1	-1	-1	-1	-1	-1	-1	-1	-1	-1	-1	-1	-1	-1	-1	-1	-1	-1	-1	-1	-1	-1	FFFFFF99	配饰	863	2004	1
59062028	5	4	33	11	Charm11_2	1	6+9+6		1	1	-1	-1	-1	-1	-1	-1	-1	-1	-1	-1	-1	-1	-1	-1	-1	-1	-1	-1	-1	-1	-1	-1	-1	-1	-1	-1	-1	-1	-1	-1	-1	-1	-1	-1	-1	-1	-1	-1	-1	-1	-1	-1	-1	-1	-1	-1	-1	-1	-1	-1	-1	-1	-1	-1	-1	-1	-1	-1	-1	-1	-1	-1	-1	-1	FFFFFF99	配饰	864	2004	1
59062029	5	4	33	11	Charm11_2	1	6+9+7		1	1	-1	-1	-1	-1	-1	-1	-1	-1	-1	-1	-1	-1	-1	-1	-1	-1	-1	-1	-1	-1	-1	-1	-1	-1	-1	-1	-1	-1	-1	-1	-1	-1	-1	-1	-1	-1	-1	-1	-1	-1	-1	-1	-1	-1	-1	-1	-1	-1	-1	-1	-1	-1	-1	-1	-1	-1	-1	-1	-1	-1	-1	-1	-1	-1	FFFFFF99	配饰	865	2004	1
59062030	5	4	33	11	Charm11_2	1	6+9+8		1	1	-1	-1	-1	-1	-1	-1	-1	-1	-1	-1	-1	-1	-1	-1	-1	-1	-1	-1	-1	-1	-1	-1	-1	-1	-1	-1	-1	-1	-1	-1	-1	-1	-1	-1	-1	-1	-1	-1	-1	-1	-1	-1	-1	-1	-1	-1	-1	-1	-1	-1	-1	-1	-1	-1	-1	-1	-1	-1	-1	-1	-1	-1	-1	-1	FFFFFF99	配饰	866	2004	1
59062031	5	4	33	11	Charm11_2	1	6+9+9		1	1	-1	-1	-1	-1	-1	-1	-1	-1	-1	-1	-1	-1	-1	-1	-1	-1	-1	-1	-1	-1	-1	-1	-1	-1	-1	-1	-1	-1	-1	-1	-1	-1	-1	-1	-1	-1	-1	-1	-1	-1	-1	-1	-1	-1	-1	-1	-1	-1	-1	-1	-1	-1	-1	-1	-1	-1	-1	-1	-1	-1	-1	-1	-1	-1	FFFFFF99	配饰	867	2004	1
59062032	5	4	33	11	Charm11_2	1	6+9+10		1	1	-1	-1	-1	-1	-1	-1	-1	-1	-1	-1	-1	-1	-1	-1	-1	-1	-1	-1	-1	-1	-1	-1	-1	-1	-1	-1	-1	-1	-1	-1	-1	-1	-1	-1	-1	-1	-1	-1	-1	-1	-1	-1	-1	-1	-1	-1	-1	-1	-1	-1	-1	-1	-1	-1	-1	-1	-1	-1	-1	-1	-1	-1	-1	-1	FFFFFF99	配饰	868	2004	1
59062033	5	4	33	11	Charm11_2	1	6+9+11		1	1	-1	-1	-1	-1	-1	-1	-1	-1	-1	-1	-1	-1	-1	-1	-1	-1	-1	-1	-1	-1	-1	-1	-1	-1	-1	-1	-1	-1	-1	-1	-1	-1	-1	-1	-1	-1	-1	-1	-1	-1	-1	-1	-1	-1	-1	-1	-1	-1	-1	-1	-1	-1	-1	-1	-1	-1	-1	-1	-1	-1	-1	-1	-1	-1	FFFFFF99	配饰	869	2004	1
59062123	5	4	33	11	Charm11_2	1	6+10+1		1	1	-1	-1	-1	-1	-1	-1	-1	-1	-1	-1	-1	-1	-1	-1	-1	-1	-1	-1	-1	-1	-1	-1	-1	-1	-1	-1	-1	-1	-1	-1	-1	-1	-1	-1	-1	-1	-1	-1	-1	-1	-1	-1	-1	-1	-1	-1	-1	-1	-1	-1	-1	-1	-1	-1	-1	-1	-1	-1	-1	-1	-1	-1	-1	-1	FFFFFF99	配饰	870	2004	1
59062124	5	4	33	11	Charm11_2	1	6+10+2		1	1	-1	-1	-1	-1	-1	-1	-1	-1	-1	-1	-1	-1	-1	-1	-1	-1	-1	-1	-1	-1	-1	-1	-1	-1	-1	-1	-1	-1	-1	-1	-1	-1	-1	-1	-1	-1	-1	-1	-1	-1	-1	-1	-1	-1	-1	-1	-1	-1	-1	-1	-1	-1	-1	-1	-1	-1	-1	-1	-1	-1	-1	-1	-1	-1	FFFFFF99	配饰	871	2004	1
59062125	5	4	33	11	Charm11_2	1	6+10+3		1	1	-1	-1	-1	-1	-1	-1	-1	-1	-1	-1	-1	-1	-1	-1	-1	-1	-1	-1	-1	-1	-1	-1	-1	-1	-1	-1	-1	-1	-1	-1	-1	-1	-1	-1	-1	-1	-1	-1	-1	-1	-1	-1	-1	-1	-1	-1	-1	-1	-1	-1	-1	-1	-1	-1	-1	-1	-1	-1	-1	-1	-1	-1	-1	-1	FFFFFF99	配饰	872	2004	1
59062126	5	4	33	11	Charm11_2	1	6+10+4		1	1	-1	-1	-1	-1	-1	-1	-1	-1	-1	-1	-1	-1	-1	-1	-1	-1	-1	-1	-1	-1	-1	-1	-1	-1	-1	-1	-1	-1	-1	-1	-1	-1	-1	-1	-1	-1	-1	-1	-1	-1	-1	-1	-1	-1	-1	-1	-1	-1	-1	-1	-1	-1	-1	-1	-1	-1	-1	-1	-1	-1	-1	-1	-1	-1	FFFFFF99	配饰	873	2004	1
59062127	5	4	33	11	Charm11_2	1	6+10+5		1	1	-1	-1	-1	-1	-1	-1	-1	-1	-1	-1	-1	-1	-1	-1	-1	-1	-1	-1	-1	-1	-1	-1	-1	-1	-1	-1	-1	-1	-1	-1	-1	-1	-1	-1	-1	-1	-1	-1	-1	-1	-1	-1	-1	-1	-1	-1	-1	-1	-1	-1	-1	-1	-1	-1	-1	-1	-1	-1	-1	-1	-1	-1	-1	-1	FFFFFF99	配饰	874	2004	1
59062128	5	4	33	11	Charm11_2	1	6+10+6		1	1	-1	-1	-1	-1	-1	-1	-1	-1	-1	-1	-1	-1	-1	-1	-1	-1	-1	-1	-1	-1	-1	-1	-1	-1	-1	-1	-1	-1	-1	-1	-1	-1	-1	-1	-1	-1	-1	-1	-1	-1	-1	-1	-1	-1	-1	-1	-1	-1	-1	-1	-1	-1	-1	-1	-1	-1	-1	-1	-1	-1	-1	-1	-1	-1	FFFFFF99	配饰	875	2004	1
59062129	5	4	33	11	Charm11_2	1	6+10+7		1	1	-1	-1	-1	-1	-1	-1	-1	-1	-1	-1	-1	-1	-1	-1	-1	-1	-1	-1	-1	-1	-1	-1	-1	-1	-1	-1	-1	-1	-1	-1	-1	-1	-1	-1	-1	-1	-1	-1	-1	-1	-1	-1	-1	-1	-1	-1	-1	-1	-1	-1	-1	-1	-1	-1	-1	-1	-1	-1	-1	-1	-1	-1	-1	-1	FFFFFF99	配饰	876	2004	1
59062130	5	4	33	11	Charm11_2	1	6+10+8		1	1	-1	-1	-1	-1	-1	-1	-1	-1	-1	-1	-1	-1	-1	-1	-1	-1	-1	-1	-1	-1	-1	-1	-1	-1	-1	-1	-1	-1	-1	-1	-1	-1	-1	-1	-1	-1	-1	-1	-1	-1	-1	-1	-1	-1	-1	-1	-1	-1	-1	-1	-1	-1	-1	-1	-1	-1	-1	-1	-1	-1	-1	-1	-1	-1	FFFFFF99	配饰	877	2004	1
59062131	5	4	33	11	Charm11_2	1	6+10+9		1	1	-1	-1	-1	-1	-1	-1	-1	-1	-1	-1	-1	-1	-1	-1	-1	-1	-1	-1	-1	-1	-1	-1	-1	-1	-1	-1	-1	-1	-1	-1	-1	-1	-1	-1	-1	-1	-1	-1	-1	-1	-1	-1	-1	-1	-1	-1	-1	-1	-1	-1	-1	-1	-1	-1	-1	-1	-1	-1	-1	-1	-1	-1	-1	-1	FFFFFF99	配饰	878	2004	1
59062132	5	4	33	11	Charm11_2	1	6+10+10		1	1	-1	-1	-1	-1	-1	-1	-1	-1	-1	-1	-1	-1	-1	-1	-1	-1	-1	-1	-1	-1	-1	-1	-1	-1	-1	-1	-1	-1	-1	-1	-1	-1	-1	-1	-1	-1	-1	-1	-1	-1	-1	-1	-1	-1	-1	-1	-1	-1	-1	-1	-1	-1	-1	-1	-1	-1	-1	-1	-1	-1	-1	-1	-1	-1	FFFFFF99	配饰	879	2004	1
59062133	5	4	33	11	Charm11_2	1	6+10+11		1	1	-1	-1	-1	-1	-1	-1	-1	-1	-1	-1	-1	-1	-1	-1	-1	-1	-1	-1	-1	-1	-1	-1	-1	-1	-1	-1	-1	-1	-1	-1	-1	-1	-1	-1	-1	-1	-1	-1	-1	-1	-1	-1	-1	-1	-1	-1	-1	-1	-1	-1	-1	-1	-1	-1	-1	-1	-1	-1	-1	-1	-1	-1	-1	-1	FFFFFF99	配饰	880	2004	1
59062223	5	4	33	11	Charm11_2	1	6+11+1		1	1	-1	-1	-1	-1	-1	-1	-1	-1	-1	-1	-1	-1	-1	-1	-1	-1	-1	-1	-1	-1	-1	-1	-1	-1	-1	-1	-1	-1	-1	-1	-1	-1	-1	-1	-1	-1	-1	-1	-1	-1	-1	-1	-1	-1	-1	-1	-1	-1	-1	-1	-1	-1	-1	-1	-1	-1	-1	-1	-1	-1	-1	-1	-1	-1	FFFFFF99	配饰	881	2004	1
59062224	5	4	33	11	Charm11_2	1	6+11+2		1	1	-1	-1	-1	-1	-1	-1	-1	-1	-1	-1	-1	-1	-1	-1	-1	-1	-1	-1	-1	-1	-1	-1	-1	-1	-1	-1	-1	-1	-1	-1	-1	-1	-1	-1	-1	-1	-1	-1	-1	-1	-1	-1	-1	-1	-1	-1	-1	-1	-1	-1	-1	-1	-1	-1	-1	-1	-1	-1	-1	-1	-1	-1	-1	-1	FFFFFF99	配饰	882	2004	1
59062225	5	4	33	11	Charm11_2	1	6+11+3		1	1	-1	-1	-1	-1	-1	-1	-1	-1	-1	-1	-1	-1	-1	-1	-1	-1	-1	-1	-1	-1	-1	-1	-1	-1	-1	-1	-1	-1	-1	-1	-1	-1	-1	-1	-1	-1	-1	-1	-1	-1	-1	-1	-1	-1	-1	-1	-1	-1	-1	-1	-1	-1	-1	-1	-1	-1	-1	-1	-1	-1	-1	-1	-1	-1	FFFFFF99	配饰	883	2004	1
59062226	5	4	33	11	Charm11_2	1	6+11+4		1	1	-1	-1	-1	-1	-1	-1	-1	-1	-1	-1	-1	-1	-1	-1	-1	-1	-1	-1	-1	-1	-1	-1	-1	-1	-1	-1	-1	-1	-1	-1	-1	-1	-1	-1	-1	-1	-1	-1	-1	-1	-1	-1	-1	-1	-1	-1	-1	-1	-1	-1	-1	-1	-1	-1	-1	-1	-1	-1	-1	-1	-1	-1	-1	-1	FFFFFF99	配饰	884	2004	1
59062227	5	4	33	11	Charm11_2	1	6+11+5		1	1	-1	-1	-1	-1	-1	-1	-1	-1	-1	-1	-1	-1	-1	-1	-1	-1	-1	-1	-1	-1	-1	-1	-1	-1	-1	-1	-1	-1	-1	-1	-1	-1	-1	-1	-1	-1	-1	-1	-1	-1	-1	-1	-1	-1	-1	-1	-1	-1	-1	-1	-1	-1	-1	-1	-1	-1	-1	-1	-1	-1	-1	-1	-1	-1	FFFFFF99	配饰	885	2004	1
59062228	5	4	33	11	Charm11_2	1	6+11+6		1	1	-1	-1	-1	-1	-1	-1	-1	-1	-1	-1	-1	-1	-1	-1	-1	-1	-1	-1	-1	-1	-1	-1	-1	-1	-1	-1	-1	-1	-1	-1	-1	-1	-1	-1	-1	-1	-1	-1	-1	-1	-1	-1	-1	-1	-1	-1	-1	-1	-1	-1	-1	-1	-1	-1	-1	-1	-1	-1	-1	-1	-1	-1	-1	-1	FFFFFF99	配饰	886	2004	1
59062229	5	4	33	11	Charm11_2	1	6+11+7		1	1	-1	-1	-1	-1	-1	-1	-1	-1	-1	-1	-1	-1	-1	-1	-1	-1	-1	-1	-1	-1	-1	-1	-1	-1	-1	-1	-1	-1	-1	-1	-1	-1	-1	-1	-1	-1	-1	-1	-1	-1	-1	-1	-1	-1	-1	-1	-1	-1	-1	-1	-1	-1	-1	-1	-1	-1	-1	-1	-1	-1	-1	-1	-1	-1	FFFFFF99	配饰	887	2004	1
59062230	5	4	33	11	Charm11_2	1	6+11+8		1	1	-1	-1	-1	-1	-1	-1	-1	-1	-1	-1	-1	-1	-1	-1	-1	-1	-1	-1	-1	-1	-1	-1	-1	-1	-1	-1	-1	-1	-1	-1	-1	-1	-1	-1	-1	-1	-1	-1	-1	-1	-1	-1	-1	-1	-1	-1	-1	-1	-1	-1	-1	-1	-1	-1	-1	-1	-1	-1	-1	-1	-1	-1	-1	-1	FFFFFF99	配饰	888	2004	1
59062231	5	4	33	11	Charm11_2	1	6+11+9		1	1	-1	-1	-1	-1	-1	-1	-1	-1	-1	-1	-1	-1	-1	-1	-1	-1	-1	-1	-1	-1	-1	-1	-1	-1	-1	-1	-1	-1	-1	-1	-1	-1	-1	-1	-1	-1	-1	-1	-1	-1	-1	-1	-1	-1	-1	-1	-1	-1	-1	-1	-1	-1	-1	-1	-1	-1	-1	-1	-1	-1	-1	-1	-1	-1	FFFFFF99	配饰	889	2004	1
59062232	5	4	33	11	Charm11_2	1	6+11+10		1	1	-1	-1	-1	-1	-1	-1	-1	-1	-1	-1	-1	-1	-1	-1	-1	-1	-1	-1	-1	-1	-1	-1	-1	-1	-1	-1	-1	-1	-1	-1	-1	-1	-1	-1	-1	-1	-1	-1	-1	-1	-1	-1	-1	-1	-1	-1	-1	-1	-1	-1	-1	-1	-1	-1	-1	-1	-1	-1	-1	-1	-1	-1	-1	-1	FFFFFF99	配饰	890	2004	1
59062233	5	4	33	11	Charm11_2	1	6+11+11		1	1	-1	-1	-1	-1	-1	-1	-1	-1	-1	-1	-1	-1	-1	-1	-1	-1	-1	-1	-1	-1	-1	-1	-1	-1	-1	-1	-1	-1	-1	-1	-1	-1	-1	-1	-1	-1	-1	-1	-1	-1	-1	-1	-1	-1	-1	-1	-1	-1	-1	-1	-1	-1	-1	-1	-1	-1	-1	-1	-1	-1	-1	-1	-1	-1	FFFFFF99	配饰	891	2004	1
#鹊舞红莲																																																																															
59071223	5	4	33	11	Charm11_2	1	7+1+1		1	1	-1	-1	-1	-1	-1	-1	-1	-1	-1	-1	-1	-1	-1	-1	-1	-1	-1	-1	-1	-1	-1	-1	-1	-1	-1	-1	-1	-1	-1	-1	-1	-1	-1	-1	-1	-1	-1	-1	-1	-1	-1	-1	-1	-1	-1	-1	-1	-1	-1	-1	-1	-1	-1	-1	-1	-1	-1	-1	-1	-1	-1	-1	-1	-1	FFFFFF99	配饰	914	2004	1
59071224	5	4	33	11	Charm11_2	1	7+1+2		1	1	-1	-1	-1	-1	-1	-1	-1	-1	-1	-1	-1	-1	-1	-1	-1	-1	-1	-1	-1	-1	-1	-1	-1	-1	-1	-1	-1	-1	-1	-1	-1	-1	-1	-1	-1	-1	-1	-1	-1	-1	-1	-1	-1	-1	-1	-1	-1	-1	-1	-1	-1	-1	-1	-1	-1	-1	-1	-1	-1	-1	-1	-1	-1	-1	FFFFFF99	配饰	915	2004	1
59071225	5	4	33	11	Charm11_2	1	7+1+3		1	1	-1	-1	-1	-1	-1	-1	-1	-1	-1	-1	-1	-1	-1	-1	-1	-1	-1	-1	-1	-1	-1	-1	-1	-1	-1	-1	-1	-1	-1	-1	-1	-1	-1	-1	-1	-1	-1	-1	-1	-1	-1	-1	-1	-1	-1	-1	-1	-1	-1	-1	-1	-1	-1	-1	-1	-1	-1	-1	-1	-1	-1	-1	-1	-1	FFFFFF99	配饰	916	2004	1
59071226	5	4	33	11	Charm11_2	1	7+1+4		1	1	-1	-1	-1	-1	-1	-1	-1	-1	-1	-1	-1	-1	-1	-1	-1	-1	-1	-1	-1	-1	-1	-1	-1	-1	-1	-1	-1	-1	-1	-1	-1	-1	-1	-1	-1	-1	-1	-1	-1	-1	-1	-1	-1	-1	-1	-1	-1	-1	-1	-1	-1	-1	-1	-1	-1	-1	-1	-1	-1	-1	-1	-1	-1	-1	FFFFFF99	配饰	917	2004	1
59071227	5	4	33	11	Charm11_2	1	7+1+5		1	1	-1	-1	-1	-1	-1	-1	-1	-1	-1	-1	-1	-1	-1	-1	-1	-1	-1	-1	-1	-1	-1	-1	-1	-1	-1	-1	-1	-1	-1	-1	-1	-1	-1	-1	-1	-1	-1	-1	-1	-1	-1	-1	-1	-1	-1	-1	-1	-1	-1	-1	-1	-1	-1	-1	-1	-1	-1	-1	-1	-1	-1	-1	-1	-1	FFFFFF99	配饰	918	2004	1
59071228	5	4	33	11	Charm11_2	1	7+1+6		1	1	-1	-1	-1	-1	-1	-1	-1	-1	-1	-1	-1	-1	-1	-1	-1	-1	-1	-1	-1	-1	-1	-1	-1	-1	-1	-1	-1	-1	-1	-1	-1	-1	-1	-1	-1	-1	-1	-1	-1	-1	-1	-1	-1	-1	-1	-1	-1	-1	-1	-1	-1	-1	-1	-1	-1	-1	-1	-1	-1	-1	-1	-1	-1	-1	FFFFFF99	配饰	919	2004	1
59071229	5	4	33	11	Charm11_2	1	7+1+7		1	1	-1	-1	-1	-1	-1	-1	-1	-1	-1	-1	-1	-1	-1	-1	-1	-1	-1	-1	-1	-1	-1	-1	-1	-1	-1	-1	-1	-1	-1	-1	-1	-1	-1	-1	-1	-1	-1	-1	-1	-1	-1	-1	-1	-1	-1	-1	-1	-1	-1	-1	-1	-1	-1	-1	-1	-1	-1	-1	-1	-1	-1	-1	-1	-1	FFFFFF99	配饰	920	2004	1
59071230	5	4	33	11	Charm11_2	1	7+1+8		1	1	-1	-1	-1	-1	-1	-1	-1	-1	-1	-1	-1	-1	-1	-1	-1	-1	-1	-1	-1	-1	-1	-1	-1	-1	-1	-1	-1	-1	-1	-1	-1	-1	-1	-1	-1	-1	-1	-1	-1	-1	-1	-1	-1	-1	-1	-1	-1	-1	-1	-1	-1	-1	-1	-1	-1	-1	-1	-1	-1	-1	-1	-1	-1	-1	FFFFFF99	配饰	921	2004	1
59071231	5	4	33	11	Charm11_2	1	7+1+9		1	1	-1	-1	-1	-1	-1	-1	-1	-1	-1	-1	-1	-1	-1	-1	-1	-1	-1	-1	-1	-1	-1	-1	-1	-1	-1	-1	-1	-1	-1	-1	-1	-1	-1	-1	-1	-1	-1	-1	-1	-1	-1	-1	-1	-1	-1	-1	-1	-1	-1	-1	-1	-1	-1	-1	-1	-1	-1	-1	-1	-1	-1	-1	-1	-1	FFFFFF99	配饰	922	2004	1
59071232	5	4	33	11	Charm11_2	1	7+1+10		1	1	-1	-1	-1	-1	-1	-1	-1	-1	-1	-1	-1	-1	-1	-1	-1	-1	-1	-1	-1	-1	-1	-1	-1	-1	-1	-1	-1	-1	-1	-1	-1	-1	-1	-1	-1	-1	-1	-1	-1	-1	-1	-1	-1	-1	-1	-1	-1	-1	-1	-1	-1	-1	-1	-1	-1	-1	-1	-1	-1	-1	-1	-1	-1	-1	FFFFFF99	配饰	923	2004	1
59071233	5	4	33	11	Charm11_2	1	7+1+11		1	1	-1	-1	-1	-1	-1	-1	-1	-1	-1	-1	-1	-1	-1	-1	-1	-1	-1	-1	-1	-1	-1	-1	-1	-1	-1	-1	-1	-1	-1	-1	-1	-1	-1	-1	-1	-1	-1	-1	-1	-1	-1	-1	-1	-1	-1	-1	-1	-1	-1	-1	-1	-1	-1	-1	-1	-1	-1	-1	-1	-1	-1	-1	-1	-1	FFFFFF99	配饰	924	2004	1
59071323	5	4	33	11	Charm11_2	1	7+7+1		1	1	-1	-1	-1	-1	-1	-1	-1	-1	-1	-1	-1	-1	-1	-1	-1	-1	-1	-1	-1	-1	-1	-1	-1	-1	-1	-1	-1	-1	-1	-1	-1	-1	-1	-1	-1	-1	-1	-1	-1	-1	-1	-1	-1	-1	-1	-1	-1	-1	-1	-1	-1	-1	-1	-1	-1	-1	-1	-1	-1	-1	-1	-1	-1	-1	FFFFFF99	配饰	925	2004	1
59071324	5	4	33	11	Charm11_2	1	7+7+2		1	1	-1	-1	-1	-1	-1	-1	-1	-1	-1	-1	-1	-1	-1	-1	-1	-1	-1	-1	-1	-1	-1	-1	-1	-1	-1	-1	-1	-1	-1	-1	-1	-1	-1	-1	-1	-1	-1	-1	-1	-1	-1	-1	-1	-1	-1	-1	-1	-1	-1	-1	-1	-1	-1	-1	-1	-1	-1	-1	-1	-1	-1	-1	-1	-1	FFFFFF99	配饰	926	2004	1
59071325	5	4	33	11	Charm11_2	1	7+7+3		1	1	-1	-1	-1	-1	-1	-1	-1	-1	-1	-1	-1	-1	-1	-1	-1	-1	-1	-1	-1	-1	-1	-1	-1	-1	-1	-1	-1	-1	-1	-1	-1	-1	-1	-1	-1	-1	-1	-1	-1	-1	-1	-1	-1	-1	-1	-1	-1	-1	-1	-1	-1	-1	-1	-1	-1	-1	-1	-1	-1	-1	-1	-1	-1	-1	FFFFFF99	配饰	927	2004	1
59071326	5	4	33	11	Charm11_2	1	7+7+4		1	1	-1	-1	-1	-1	-1	-1	-1	-1	-1	-1	-1	-1	-1	-1	-1	-1	-1	-1	-1	-1	-1	-1	-1	-1	-1	-1	-1	-1	-1	-1	-1	-1	-1	-1	-1	-1	-1	-1	-1	-1	-1	-1	-1	-1	-1	-1	-1	-1	-1	-1	-1	-1	-1	-1	-1	-1	-1	-1	-1	-1	-1	-1	-1	-1	FFFFFF99	配饰	928	2004	1
59071327	5	4	33	11	Charm11_2	1	7+7+5		1	1	-1	-1	-1	-1	-1	-1	-1	-1	-1	-1	-1	-1	-1	-1	-1	-1	-1	-1	-1	-1	-1	-1	-1	-1	-1	-1	-1	-1	-1	-1	-1	-1	-1	-1	-1	-1	-1	-1	-1	-1	-1	-1	-1	-1	-1	-1	-1	-1	-1	-1	-1	-1	-1	-1	-1	-1	-1	-1	-1	-1	-1	-1	-1	-1	FFFFFF99	配饰	929	2004	1
59071328	5	4	33	11	Charm11_2	1	7+7+6		1	1	-1	-1	-1	-1	-1	-1	-1	-1	-1	-1	-1	-1	-1	-1	-1	-1	-1	-1	-1	-1	-1	-1	-1	-1	-1	-1	-1	-1	-1	-1	-1	-1	-1	-1	-1	-1	-1	-1	-1	-1	-1	-1	-1	-1	-1	-1	-1	-1	-1	-1	-1	-1	-1	-1	-1	-1	-1	-1	-1	-1	-1	-1	-1	-1	FFFFFF99	配饰	930	2004	1
59071329	5	4	33	11	Charm11_2	1	7+7+7		1	1	-1	-1	-1	-1	-1	-1	-1	-1	-1	-1	-1	-1	-1	-1	-1	-1	-1	-1	-1	-1	-1	-1	-1	-1	-1	-1	-1	-1	-1	-1	-1	-1	-1	-1	-1	-1	-1	-1	-1	-1	-1	-1	-1	-1	-1	-1	-1	-1	-1	-1	-1	-1	-1	-1	-1	-1	-1	-1	-1	-1	-1	-1	-1	-1	FFFFFF99	配饰	931	2004	1
59071330	5	4	33	11	Charm11_2	1	7+7+8		1	1	-1	-1	-1	-1	-1	-1	-1	-1	-1	-1	-1	-1	-1	-1	-1	-1	-1	-1	-1	-1	-1	-1	-1	-1	-1	-1	-1	-1	-1	-1	-1	-1	-1	-1	-1	-1	-1	-1	-1	-1	-1	-1	-1	-1	-1	-1	-1	-1	-1	-1	-1	-1	-1	-1	-1	-1	-1	-1	-1	-1	-1	-1	-1	-1	FFFFFF99	配饰	932	2004	1
59071331	5	4	33	11	Charm11_2	1	7+7+9		1	1	-1	-1	-1	-1	-1	-1	-1	-1	-1	-1	-1	-1	-1	-1	-1	-1	-1	-1	-1	-1	-1	-1	-1	-1	-1	-1	-1	-1	-1	-1	-1	-1	-1	-1	-1	-1	-1	-1	-1	-1	-1	-1	-1	-1	-1	-1	-1	-1	-1	-1	-1	-1	-1	-1	-1	-1	-1	-1	-1	-1	-1	-1	-1	-1	FFFFFF99	配饰	933	2004	1
59071332	5	4	33	11	Charm11_2	1	7+7+10		1	1	-1	-1	-1	-1	-1	-1	-1	-1	-1	-1	-1	-1	-1	-1	-1	-1	-1	-1	-1	-1	-1	-1	-1	-1	-1	-1	-1	-1	-1	-1	-1	-1	-1	-1	-1	-1	-1	-1	-1	-1	-1	-1	-1	-1	-1	-1	-1	-1	-1	-1	-1	-1	-1	-1	-1	-1	-1	-1	-1	-1	-1	-1	-1	-1	FFFFFF99	配饰	934	2004	1
59071333	5	4	33	11	Charm11_2	1	7+7+11		1	1	-1	-1	-1	-1	-1	-1	-1	-1	-1	-1	-1	-1	-1	-1	-1	-1	-1	-1	-1	-1	-1	-1	-1	-1	-1	-1	-1	-1	-1	-1	-1	-1	-1	-1	-1	-1	-1	-1	-1	-1	-1	-1	-1	-1	-1	-1	-1	-1	-1	-1	-1	-1	-1	-1	-1	-1	-1	-1	-1	-1	-1	-1	-1	-1	FFFFFF99	配饰	935	2004	1
59071423	5	4	33	11	Charm11_2	1	7+7+1		1	1	-1	-1	-1	-1	-1	-1	-1	-1	-1	-1	-1	-1	-1	-1	-1	-1	-1	-1	-1	-1	-1	-1	-1	-1	-1	-1	-1	-1	-1	-1	-1	-1	-1	-1	-1	-1	-1	-1	-1	-1	-1	-1	-1	-1	-1	-1	-1	-1	-1	-1	-1	-1	-1	-1	-1	-1	-1	-1	-1	-1	-1	-1	-1	-1	FFFFFF99	配饰	936	2004	1
59071424	5	4	33	11	Charm11_2	1	7+7+2		1	1	-1	-1	-1	-1	-1	-1	-1	-1	-1	-1	-1	-1	-1	-1	-1	-1	-1	-1	-1	-1	-1	-1	-1	-1	-1	-1	-1	-1	-1	-1	-1	-1	-1	-1	-1	-1	-1	-1	-1	-1	-1	-1	-1	-1	-1	-1	-1	-1	-1	-1	-1	-1	-1	-1	-1	-1	-1	-1	-1	-1	-1	-1	-1	-1	FFFFFF99	配饰	937	2004	1
59071425	5	4	33	11	Charm11_2	1	7+7+3		1	1	-1	-1	-1	-1	-1	-1	-1	-1	-1	-1	-1	-1	-1	-1	-1	-1	-1	-1	-1	-1	-1	-1	-1	-1	-1	-1	-1	-1	-1	-1	-1	-1	-1	-1	-1	-1	-1	-1	-1	-1	-1	-1	-1	-1	-1	-1	-1	-1	-1	-1	-1	-1	-1	-1	-1	-1	-1	-1	-1	-1	-1	-1	-1	-1	FFFFFF99	配饰	938	2004	1
59071426	5	4	33	11	Charm11_2	1	7+7+4		1	1	-1	-1	-1	-1	-1	-1	-1	-1	-1	-1	-1	-1	-1	-1	-1	-1	-1	-1	-1	-1	-1	-1	-1	-1	-1	-1	-1	-1	-1	-1	-1	-1	-1	-1	-1	-1	-1	-1	-1	-1	-1	-1	-1	-1	-1	-1	-1	-1	-1	-1	-1	-1	-1	-1	-1	-1	-1	-1	-1	-1	-1	-1	-1	-1	FFFFFF99	配饰	939	2004	1
59071427	5	4	33	11	Charm11_2	1	7+7+5		1	1	-1	-1	-1	-1	-1	-1	-1	-1	-1	-1	-1	-1	-1	-1	-1	-1	-1	-1	-1	-1	-1	-1	-1	-1	-1	-1	-1	-1	-1	-1	-1	-1	-1	-1	-1	-1	-1	-1	-1	-1	-1	-1	-1	-1	-1	-1	-1	-1	-1	-1	-1	-1	-1	-1	-1	-1	-1	-1	-1	-1	-1	-1	-1	-1	FFFFFF99	配饰	940	2004	1
59071428	5	4	33	11	Charm11_2	1	7+7+6		1	1	-1	-1	-1	-1	-1	-1	-1	-1	-1	-1	-1	-1	-1	-1	-1	-1	-1	-1	-1	-1	-1	-1	-1	-1	-1	-1	-1	-1	-1	-1	-1	-1	-1	-1	-1	-1	-1	-1	-1	-1	-1	-1	-1	-1	-1	-1	-1	-1	-1	-1	-1	-1	-1	-1	-1	-1	-1	-1	-1	-1	-1	-1	-1	-1	FFFFFF99	配饰	941	2004	1
59071429	5	4	33	11	Charm11_2	1	7+7+7		1	1	-1	-1	-1	-1	-1	-1	-1	-1	-1	-1	-1	-1	-1	-1	-1	-1	-1	-1	-1	-1	-1	-1	-1	-1	-1	-1	-1	-1	-1	-1	-1	-1	-1	-1	-1	-1	-1	-1	-1	-1	-1	-1	-1	-1	-1	-1	-1	-1	-1	-1	-1	-1	-1	-1	-1	-1	-1	-1	-1	-1	-1	-1	-1	-1	FFFFFF99	配饰	942	2004	1
59071430	5	4	33	11	Charm11_2	1	7+7+8		1	1	-1	-1	-1	-1	-1	-1	-1	-1	-1	-1	-1	-1	-1	-1	-1	-1	-1	-1	-1	-1	-1	-1	-1	-1	-1	-1	-1	-1	-1	-1	-1	-1	-1	-1	-1	-1	-1	-1	-1	-1	-1	-1	-1	-1	-1	-1	-1	-1	-1	-1	-1	-1	-1	-1	-1	-1	-1	-1	-1	-1	-1	-1	-1	-1	FFFFFF99	配饰	943	2004	1
59071431	5	4	33	11	Charm11_2	1	7+7+9		1	1	-1	-1	-1	-1	-1	-1	-1	-1	-1	-1	-1	-1	-1	-1	-1	-1	-1	-1	-1	-1	-1	-1	-1	-1	-1	-1	-1	-1	-1	-1	-1	-1	-1	-1	-1	-1	-1	-1	-1	-1	-1	-1	-1	-1	-1	-1	-1	-1	-1	-1	-1	-1	-1	-1	-1	-1	-1	-1	-1	-1	-1	-1	-1	-1	FFFFFF99	配饰	944	2004	1
59071432	5	4	33	11	Charm11_2	1	7+7+10		1	1	-1	-1	-1	-1	-1	-1	-1	-1	-1	-1	-1	-1	-1	-1	-1	-1	-1	-1	-1	-1	-1	-1	-1	-1	-1	-1	-1	-1	-1	-1	-1	-1	-1	-1	-1	-1	-1	-1	-1	-1	-1	-1	-1	-1	-1	-1	-1	-1	-1	-1	-1	-1	-1	-1	-1	-1	-1	-1	-1	-1	-1	-1	-1	-1	FFFFFF99	配饰	945	2004	1
59071433	5	4	33	11	Charm11_2	1	7+7+11		1	1	-1	-1	-1	-1	-1	-1	-1	-1	-1	-1	-1	-1	-1	-1	-1	-1	-1	-1	-1	-1	-1	-1	-1	-1	-1	-1	-1	-1	-1	-1	-1	-1	-1	-1	-1	-1	-1	-1	-1	-1	-1	-1	-1	-1	-1	-1	-1	-1	-1	-1	-1	-1	-1	-1	-1	-1	-1	-1	-1	-1	-1	-1	-1	-1	FFFFFF99	配饰	946	2004	1
59071523	5	4	33	11	Charm11_2	1	7+7+1		1	1	-1	-1	-1	-1	-1	-1	-1	-1	-1	-1	-1	-1	-1	-1	-1	-1	-1	-1	-1	-1	-1	-1	-1	-1	-1	-1	-1	-1	-1	-1	-1	-1	-1	-1	-1	-1	-1	-1	-1	-1	-1	-1	-1	-1	-1	-1	-1	-1	-1	-1	-1	-1	-1	-1	-1	-1	-1	-1	-1	-1	-1	-1	-1	-1	FFFFFF99	配饰	947	2004	1
59071524	5	4	33	11	Charm11_2	1	7+7+2		1	1	-1	-1	-1	-1	-1	-1	-1	-1	-1	-1	-1	-1	-1	-1	-1	-1	-1	-1	-1	-1	-1	-1	-1	-1	-1	-1	-1	-1	-1	-1	-1	-1	-1	-1	-1	-1	-1	-1	-1	-1	-1	-1	-1	-1	-1	-1	-1	-1	-1	-1	-1	-1	-1	-1	-1	-1	-1	-1	-1	-1	-1	-1	-1	-1	FFFFFF99	配饰	948	2004	1
59071525	5	4	33	11	Charm11_2	1	7+7+3		1	1	-1	-1	-1	-1	-1	-1	-1	-1	-1	-1	-1	-1	-1	-1	-1	-1	-1	-1	-1	-1	-1	-1	-1	-1	-1	-1	-1	-1	-1	-1	-1	-1	-1	-1	-1	-1	-1	-1	-1	-1	-1	-1	-1	-1	-1	-1	-1	-1	-1	-1	-1	-1	-1	-1	-1	-1	-1	-1	-1	-1	-1	-1	-1	-1	FFFFFF99	配饰	949	2004	1
59071526	5	4	33	11	Charm11_2	1	7+7+4		1	1	-1	-1	-1	-1	-1	-1	-1	-1	-1	-1	-1	-1	-1	-1	-1	-1	-1	-1	-1	-1	-1	-1	-1	-1	-1	-1	-1	-1	-1	-1	-1	-1	-1	-1	-1	-1	-1	-1	-1	-1	-1	-1	-1	-1	-1	-1	-1	-1	-1	-1	-1	-1	-1	-1	-1	-1	-1	-1	-1	-1	-1	-1	-1	-1	FFFFFF99	配饰	950	2004	1
59071527	5	4	33	11	Charm11_2	1	7+7+5		1	1	-1	-1	-1	-1	-1	-1	-1	-1	-1	-1	-1	-1	-1	-1	-1	-1	-1	-1	-1	-1	-1	-1	-1	-1	-1	-1	-1	-1	-1	-1	-1	-1	-1	-1	-1	-1	-1	-1	-1	-1	-1	-1	-1	-1	-1	-1	-1	-1	-1	-1	-1	-1	-1	-1	-1	-1	-1	-1	-1	-1	-1	-1	-1	-1	FFFFFF99	配饰	951	2004	1
59071528	5	4	33	11	Charm11_2	1	7+7+6		1	1	-1	-1	-1	-1	-1	-1	-1	-1	-1	-1	-1	-1	-1	-1	-1	-1	-1	-1	-1	-1	-1	-1	-1	-1	-1	-1	-1	-1	-1	-1	-1	-1	-1	-1	-1	-1	-1	-1	-1	-1	-1	-1	-1	-1	-1	-1	-1	-1	-1	-1	-1	-1	-1	-1	-1	-1	-1	-1	-1	-1	-1	-1	-1	-1	FFFFFF99	配饰	952	2004	1
59071529	5	4	33	11	Charm11_2	1	7+7+7		1	1	-1	-1	-1	-1	-1	-1	-1	-1	-1	-1	-1	-1	-1	-1	-1	-1	-1	-1	-1	-1	-1	-1	-1	-1	-1	-1	-1	-1	-1	-1	-1	-1	-1	-1	-1	-1	-1	-1	-1	-1	-1	-1	-1	-1	-1	-1	-1	-1	-1	-1	-1	-1	-1	-1	-1	-1	-1	-1	-1	-1	-1	-1	-1	-1	FFFFFF99	配饰	953	2004	1
59071530	5	4	33	11	Charm11_2	1	7+7+8		1	1	-1	-1	-1	-1	-1	-1	-1	-1	-1	-1	-1	-1	-1	-1	-1	-1	-1	-1	-1	-1	-1	-1	-1	-1	-1	-1	-1	-1	-1	-1	-1	-1	-1	-1	-1	-1	-1	-1	-1	-1	-1	-1	-1	-1	-1	-1	-1	-1	-1	-1	-1	-1	-1	-1	-1	-1	-1	-1	-1	-1	-1	-1	-1	-1	FFFFFF99	配饰	954	2004	1
59071531	5	4	33	11	Charm11_2	1	7+7+9		1	1	-1	-1	-1	-1	-1	-1	-1	-1	-1	-1	-1	-1	-1	-1	-1	-1	-1	-1	-1	-1	-1	-1	-1	-1	-1	-1	-1	-1	-1	-1	-1	-1	-1	-1	-1	-1	-1	-1	-1	-1	-1	-1	-1	-1	-1	-1	-1	-1	-1	-1	-1	-1	-1	-1	-1	-1	-1	-1	-1	-1	-1	-1	-1	-1	FFFFFF99	配饰	955	2004	1
59071532	5	4	33	11	Charm11_2	1	7+7+10		1	1	-1	-1	-1	-1	-1	-1	-1	-1	-1	-1	-1	-1	-1	-1	-1	-1	-1	-1	-1	-1	-1	-1	-1	-1	-1	-1	-1	-1	-1	-1	-1	-1	-1	-1	-1	-1	-1	-1	-1	-1	-1	-1	-1	-1	-1	-1	-1	-1	-1	-1	-1	-1	-1	-1	-1	-1	-1	-1	-1	-1	-1	-1	-1	-1	FFFFFF99	配饰	956	2004	1
59071533	5	4	33	11	Charm11_2	1	7+7+11		1	1	-1	-1	-1	-1	-1	-1	-1	-1	-1	-1	-1	-1	-1	-1	-1	-1	-1	-1	-1	-1	-1	-1	-1	-1	-1	-1	-1	-1	-1	-1	-1	-1	-1	-1	-1	-1	-1	-1	-1	-1	-1	-1	-1	-1	-1	-1	-1	-1	-1	-1	-1	-1	-1	-1	-1	-1	-1	-1	-1	-1	-1	-1	-1	-1	FFFFFF99	配饰	957	2004	1
59071623	5	4	33	11	Charm11_2	1	7+7+1		1	1	-1	-1	-1	-1	-1	-1	-1	-1	-1	-1	-1	-1	-1	-1	-1	-1	-1	-1	-1	-1	-1	-1	-1	-1	-1	-1	-1	-1	-1	-1	-1	-1	-1	-1	-1	-1	-1	-1	-1	-1	-1	-1	-1	-1	-1	-1	-1	-1	-1	-1	-1	-1	-1	-1	-1	-1	-1	-1	-1	-1	-1	-1	-1	-1	FFFFFF99	配饰	958	2004	1
59071624	5	4	33	11	Charm11_2	1	7+7+2		1	1	-1	-1	-1	-1	-1	-1	-1	-1	-1	-1	-1	-1	-1	-1	-1	-1	-1	-1	-1	-1	-1	-1	-1	-1	-1	-1	-1	-1	-1	-1	-1	-1	-1	-1	-1	-1	-1	-1	-1	-1	-1	-1	-1	-1	-1	-1	-1	-1	-1	-1	-1	-1	-1	-1	-1	-1	-1	-1	-1	-1	-1	-1	-1	-1	FFFFFF99	配饰	959	2004	1
59071625	5	4	33	11	Charm11_2	1	7+7+3		1	1	-1	-1	-1	-1	-1	-1	-1	-1	-1	-1	-1	-1	-1	-1	-1	-1	-1	-1	-1	-1	-1	-1	-1	-1	-1	-1	-1	-1	-1	-1	-1	-1	-1	-1	-1	-1	-1	-1	-1	-1	-1	-1	-1	-1	-1	-1	-1	-1	-1	-1	-1	-1	-1	-1	-1	-1	-1	-1	-1	-1	-1	-1	-1	-1	FFFFFF99	配饰	960	2004	1
59071626	5	4	33	11	Charm11_2	1	7+7+4		1	1	-1	-1	-1	-1	-1	-1	-1	-1	-1	-1	-1	-1	-1	-1	-1	-1	-1	-1	-1	-1	-1	-1	-1	-1	-1	-1	-1	-1	-1	-1	-1	-1	-1	-1	-1	-1	-1	-1	-1	-1	-1	-1	-1	-1	-1	-1	-1	-1	-1	-1	-1	-1	-1	-1	-1	-1	-1	-1	-1	-1	-1	-1	-1	-1	FFFFFF99	配饰	961	2004	1
59071627	5	4	33	11	Charm11_2	1	7+7+5		1	1	-1	-1	-1	-1	-1	-1	-1	-1	-1	-1	-1	-1	-1	-1	-1	-1	-1	-1	-1	-1	-1	-1	-1	-1	-1	-1	-1	-1	-1	-1	-1	-1	-1	-1	-1	-1	-1	-1	-1	-1	-1	-1	-1	-1	-1	-1	-1	-1	-1	-1	-1	-1	-1	-1	-1	-1	-1	-1	-1	-1	-1	-1	-1	-1	FFFFFF99	配饰	962	2004	1
59071628	5	4	33	11	Charm11_2	1	7+7+6		1	1	-1	-1	-1	-1	-1	-1	-1	-1	-1	-1	-1	-1	-1	-1	-1	-1	-1	-1	-1	-1	-1	-1	-1	-1	-1	-1	-1	-1	-1	-1	-1	-1	-1	-1	-1	-1	-1	-1	-1	-1	-1	-1	-1	-1	-1	-1	-1	-1	-1	-1	-1	-1	-1	-1	-1	-1	-1	-1	-1	-1	-1	-1	-1	-1	FFFFFF99	配饰	963	2004	1
59071629	5	4	33	11	Charm11_2	1	7+7+7		1	1	-1	-1	-1	-1	-1	-1	-1	-1	-1	-1	-1	-1	-1	-1	-1	-1	-1	-1	-1	-1	-1	-1	-1	-1	-1	-1	-1	-1	-1	-1	-1	-1	-1	-1	-1	-1	-1	-1	-1	-1	-1	-1	-1	-1	-1	-1	-1	-1	-1	-1	-1	-1	-1	-1	-1	-1	-1	-1	-1	-1	-1	-1	-1	-1	FFFFFF99	配饰	964	2004	1
59071630	5	4	33	11	Charm11_2	1	7+7+8		1	1	-1	-1	-1	-1	-1	-1	-1	-1	-1	-1	-1	-1	-1	-1	-1	-1	-1	-1	-1	-1	-1	-1	-1	-1	-1	-1	-1	-1	-1	-1	-1	-1	-1	-1	-1	-1	-1	-1	-1	-1	-1	-1	-1	-1	-1	-1	-1	-1	-1	-1	-1	-1	-1	-1	-1	-1	-1	-1	-1	-1	-1	-1	-1	-1	FFFFFF99	配饰	965	2004	1
59071631	5	4	33	11	Charm11_2	1	7+7+9		1	1	-1	-1	-1	-1	-1	-1	-1	-1	-1	-1	-1	-1	-1	-1	-1	-1	-1	-1	-1	-1	-1	-1	-1	-1	-1	-1	-1	-1	-1	-1	-1	-1	-1	-1	-1	-1	-1	-1	-1	-1	-1	-1	-1	-1	-1	-1	-1	-1	-1	-1	-1	-1	-1	-1	-1	-1	-1	-1	-1	-1	-1	-1	-1	-1	FFFFFF99	配饰	966	2004	1
59071632	5	4	33	11	Charm11_2	1	7+7+10		1	1	-1	-1	-1	-1	-1	-1	-1	-1	-1	-1	-1	-1	-1	-1	-1	-1	-1	-1	-1	-1	-1	-1	-1	-1	-1	-1	-1	-1	-1	-1	-1	-1	-1	-1	-1	-1	-1	-1	-1	-1	-1	-1	-1	-1	-1	-1	-1	-1	-1	-1	-1	-1	-1	-1	-1	-1	-1	-1	-1	-1	-1	-1	-1	-1	FFFFFF99	配饰	967	2004	1
59071633	5	4	33	11	Charm11_2	1	7+7+11		1	1	-1	-1	-1	-1	-1	-1	-1	-1	-1	-1	-1	-1	-1	-1	-1	-1	-1	-1	-1	-1	-1	-1	-1	-1	-1	-1	-1	-1	-1	-1	-1	-1	-1	-1	-1	-1	-1	-1	-1	-1	-1	-1	-1	-1	-1	-1	-1	-1	-1	-1	-1	-1	-1	-1	-1	-1	-1	-1	-1	-1	-1	-1	-1	-1	FFFFFF99	配饰	968	2004	1
59071723	5	4	33	11	Charm11_2	1	7+7+1		1	1	-1	-1	-1	-1	-1	-1	-1	-1	-1	-1	-1	-1	-1	-1	-1	-1	-1	-1	-1	-1	-1	-1	-1	-1	-1	-1	-1	-1	-1	-1	-1	-1	-1	-1	-1	-1	-1	-1	-1	-1	-1	-1	-1	-1	-1	-1	-1	-1	-1	-1	-1	-1	-1	-1	-1	-1	-1	-1	-1	-1	-1	-1	-1	-1	FFFFFF99	配饰	969	2004	1
59071724	5	4	33	11	Charm11_2	1	7+7+2		1	1	-1	-1	-1	-1	-1	-1	-1	-1	-1	-1	-1	-1	-1	-1	-1	-1	-1	-1	-1	-1	-1	-1	-1	-1	-1	-1	-1	-1	-1	-1	-1	-1	-1	-1	-1	-1	-1	-1	-1	-1	-1	-1	-1	-1	-1	-1	-1	-1	-1	-1	-1	-1	-1	-1	-1	-1	-1	-1	-1	-1	-1	-1	-1	-1	FFFFFF99	配饰	970	2004	1
59071725	5	4	33	11	Charm11_2	1	7+7+3		1	1	-1	-1	-1	-1	-1	-1	-1	-1	-1	-1	-1	-1	-1	-1	-1	-1	-1	-1	-1	-1	-1	-1	-1	-1	-1	-1	-1	-1	-1	-1	-1	-1	-1	-1	-1	-1	-1	-1	-1	-1	-1	-1	-1	-1	-1	-1	-1	-1	-1	-1	-1	-1	-1	-1	-1	-1	-1	-1	-1	-1	-1	-1	-1	-1	FFFFFF99	配饰	971	2004	1
59071726	5	4	33	11	Charm11_2	1	7+7+4		1	1	-1	-1	-1	-1	-1	-1	-1	-1	-1	-1	-1	-1	-1	-1	-1	-1	-1	-1	-1	-1	-1	-1	-1	-1	-1	-1	-1	-1	-1	-1	-1	-1	-1	-1	-1	-1	-1	-1	-1	-1	-1	-1	-1	-1	-1	-1	-1	-1	-1	-1	-1	-1	-1	-1	-1	-1	-1	-1	-1	-1	-1	-1	-1	-1	FFFFFF99	配饰	972	2004	1
59071727	5	4	33	11	Charm11_2	1	7+7+5		1	1	-1	-1	-1	-1	-1	-1	-1	-1	-1	-1	-1	-1	-1	-1	-1	-1	-1	-1	-1	-1	-1	-1	-1	-1	-1	-1	-1	-1	-1	-1	-1	-1	-1	-1	-1	-1	-1	-1	-1	-1	-1	-1	-1	-1	-1	-1	-1	-1	-1	-1	-1	-1	-1	-1	-1	-1	-1	-1	-1	-1	-1	-1	-1	-1	FFFFFF99	配饰	973	2004	1
59071728	5	4	33	11	Charm11_2	1	7+7+6		1	1	-1	-1	-1	-1	-1	-1	-1	-1	-1	-1	-1	-1	-1	-1	-1	-1	-1	-1	-1	-1	-1	-1	-1	-1	-1	-1	-1	-1	-1	-1	-1	-1	-1	-1	-1	-1	-1	-1	-1	-1	-1	-1	-1	-1	-1	-1	-1	-1	-1	-1	-1	-1	-1	-1	-1	-1	-1	-1	-1	-1	-1	-1	-1	-1	FFFFFF99	配饰	974	2004	1
59071729	5	4	33	11	Charm11_2	1	7+7+7		1	1	-1	-1	-1	-1	-1	-1	-1	-1	-1	-1	-1	-1	-1	-1	-1	-1	-1	-1	-1	-1	-1	-1	-1	-1	-1	-1	-1	-1	-1	-1	-1	-1	-1	-1	-1	-1	-1	-1	-1	-1	-1	-1	-1	-1	-1	-1	-1	-1	-1	-1	-1	-1	-1	-1	-1	-1	-1	-1	-1	-1	-1	-1	-1	-1	FFFFFF99	配饰	975	2004	1
59071730	5	4	33	11	Charm11_2	1	7+7+8		1	1	-1	-1	-1	-1	-1	-1	-1	-1	-1	-1	-1	-1	-1	-1	-1	-1	-1	-1	-1	-1	-1	-1	-1	-1	-1	-1	-1	-1	-1	-1	-1	-1	-1	-1	-1	-1	-1	-1	-1	-1	-1	-1	-1	-1	-1	-1	-1	-1	-1	-1	-1	-1	-1	-1	-1	-1	-1	-1	-1	-1	-1	-1	-1	-1	FFFFFF99	配饰	976	2004	1
59071731	5	4	33	11	Charm11_2	1	7+7+9		1	1	-1	-1	-1	-1	-1	-1	-1	-1	-1	-1	-1	-1	-1	-1	-1	-1	-1	-1	-1	-1	-1	-1	-1	-1	-1	-1	-1	-1	-1	-1	-1	-1	-1	-1	-1	-1	-1	-1	-1	-1	-1	-1	-1	-1	-1	-1	-1	-1	-1	-1	-1	-1	-1	-1	-1	-1	-1	-1	-1	-1	-1	-1	-1	-1	FFFFFF99	配饰	977	2004	1
59071732	5	4	33	11	Charm11_2	1	7+7+10		1	1	-1	-1	-1	-1	-1	-1	-1	-1	-1	-1	-1	-1	-1	-1	-1	-1	-1	-1	-1	-1	-1	-1	-1	-1	-1	-1	-1	-1	-1	-1	-1	-1	-1	-1	-1	-1	-1	-1	-1	-1	-1	-1	-1	-1	-1	-1	-1	-1	-1	-1	-1	-1	-1	-1	-1	-1	-1	-1	-1	-1	-1	-1	-1	-1	FFFFFF99	配饰	978	2004	1
59071733	5	4	33	11	Charm11_2	1	7+7+11		1	1	-1	-1	-1	-1	-1	-1	-1	-1	-1	-1	-1	-1	-1	-1	-1	-1	-1	-1	-1	-1	-1	-1	-1	-1	-1	-1	-1	-1	-1	-1	-1	-1	-1	-1	-1	-1	-1	-1	-1	-1	-1	-1	-1	-1	-1	-1	-1	-1	-1	-1	-1	-1	-1	-1	-1	-1	-1	-1	-1	-1	-1	-1	-1	-1	FFFFFF99	配饰	979	2004	1
59071823	5	4	33	11	Charm11_2	1	7+7+1		1	1	-1	-1	-1	-1	-1	-1	-1	-1	-1	-1	-1	-1	-1	-1	-1	-1	-1	-1	-1	-1	-1	-1	-1	-1	-1	-1	-1	-1	-1	-1	-1	-1	-1	-1	-1	-1	-1	-1	-1	-1	-1	-1	-1	-1	-1	-1	-1	-1	-1	-1	-1	-1	-1	-1	-1	-1	-1	-1	-1	-1	-1	-1	-1	-1	FFFFFF99	配饰	980	2004	1
59071824	5	4	33	11	Charm11_2	1	7+7+2		1	1	-1	-1	-1	-1	-1	-1	-1	-1	-1	-1	-1	-1	-1	-1	-1	-1	-1	-1	-1	-1	-1	-1	-1	-1	-1	-1	-1	-1	-1	-1	-1	-1	-1	-1	-1	-1	-1	-1	-1	-1	-1	-1	-1	-1	-1	-1	-1	-1	-1	-1	-1	-1	-1	-1	-1	-1	-1	-1	-1	-1	-1	-1	-1	-1	FFFFFF99	配饰	981	2004	1
59071825	5	4	33	11	Charm11_2	1	7+7+3		1	1	-1	-1	-1	-1	-1	-1	-1	-1	-1	-1	-1	-1	-1	-1	-1	-1	-1	-1	-1	-1	-1	-1	-1	-1	-1	-1	-1	-1	-1	-1	-1	-1	-1	-1	-1	-1	-1	-1	-1	-1	-1	-1	-1	-1	-1	-1	-1	-1	-1	-1	-1	-1	-1	-1	-1	-1	-1	-1	-1	-1	-1	-1	-1	-1	FFFFFF99	配饰	982	2004	1
59071826	5	4	33	11	Charm11_2	1	7+7+4		1	1	-1	-1	-1	-1	-1	-1	-1	-1	-1	-1	-1	-1	-1	-1	-1	-1	-1	-1	-1	-1	-1	-1	-1	-1	-1	-1	-1	-1	-1	-1	-1	-1	-1	-1	-1	-1	-1	-1	-1	-1	-1	-1	-1	-1	-1	-1	-1	-1	-1	-1	-1	-1	-1	-1	-1	-1	-1	-1	-1	-1	-1	-1	-1	-1	FFFFFF99	配饰	983	2004	1
59071827	5	4	33	11	Charm11_2	1	7+7+5		1	1	-1	-1	-1	-1	-1	-1	-1	-1	-1	-1	-1	-1	-1	-1	-1	-1	-1	-1	-1	-1	-1	-1	-1	-1	-1	-1	-1	-1	-1	-1	-1	-1	-1	-1	-1	-1	-1	-1	-1	-1	-1	-1	-1	-1	-1	-1	-1	-1	-1	-1	-1	-1	-1	-1	-1	-1	-1	-1	-1	-1	-1	-1	-1	-1	FFFFFF99	配饰	984	2004	1
59071828	5	4	33	11	Charm11_2	1	7+7+6		1	1	-1	-1	-1	-1	-1	-1	-1	-1	-1	-1	-1	-1	-1	-1	-1	-1	-1	-1	-1	-1	-1	-1	-1	-1	-1	-1	-1	-1	-1	-1	-1	-1	-1	-1	-1	-1	-1	-1	-1	-1	-1	-1	-1	-1	-1	-1	-1	-1	-1	-1	-1	-1	-1	-1	-1	-1	-1	-1	-1	-1	-1	-1	-1	-1	FFFFFF99	配饰	985	2004	1
59071829	5	4	33	11	Charm11_2	1	7+7+7		1	1	-1	-1	-1	-1	-1	-1	-1	-1	-1	-1	-1	-1	-1	-1	-1	-1	-1	-1	-1	-1	-1	-1	-1	-1	-1	-1	-1	-1	-1	-1	-1	-1	-1	-1	-1	-1	-1	-1	-1	-1	-1	-1	-1	-1	-1	-1	-1	-1	-1	-1	-1	-1	-1	-1	-1	-1	-1	-1	-1	-1	-1	-1	-1	-1	FFFFFF99	配饰	986	2004	1
59071830	5	4	33	11	Charm11_2	1	7+7+8		1	1	-1	-1	-1	-1	-1	-1	-1	-1	-1	-1	-1	-1	-1	-1	-1	-1	-1	-1	-1	-1	-1	-1	-1	-1	-1	-1	-1	-1	-1	-1	-1	-1	-1	-1	-1	-1	-1	-1	-1	-1	-1	-1	-1	-1	-1	-1	-1	-1	-1	-1	-1	-1	-1	-1	-1	-1	-1	-1	-1	-1	-1	-1	-1	-1	FFFFFF99	配饰	987	2004	1
59071831	5	4	33	11	Charm11_2	1	7+7+9		1	1	-1	-1	-1	-1	-1	-1	-1	-1	-1	-1	-1	-1	-1	-1	-1	-1	-1	-1	-1	-1	-1	-1	-1	-1	-1	-1	-1	-1	-1	-1	-1	-1	-1	-1	-1	-1	-1	-1	-1	-1	-1	-1	-1	-1	-1	-1	-1	-1	-1	-1	-1	-1	-1	-1	-1	-1	-1	-1	-1	-1	-1	-1	-1	-1	FFFFFF99	配饰	988	2004	1
59071832	5	4	33	11	Charm11_2	1	7+7+10		1	1	-1	-1	-1	-1	-1	-1	-1	-1	-1	-1	-1	-1	-1	-1	-1	-1	-1	-1	-1	-1	-1	-1	-1	-1	-1	-1	-1	-1	-1	-1	-1	-1	-1	-1	-1	-1	-1	-1	-1	-1	-1	-1	-1	-1	-1	-1	-1	-1	-1	-1	-1	-1	-1	-1	-1	-1	-1	-1	-1	-1	-1	-1	-1	-1	FFFFFF99	配饰	989	2004	1
59071833	5	4	33	11	Charm11_2	1	7+7+11		1	1	-1	-1	-1	-1	-1	-1	-1	-1	-1	-1	-1	-1	-1	-1	-1	-1	-1	-1	-1	-1	-1	-1	-1	-1	-1	-1	-1	-1	-1	-1	-1	-1	-1	-1	-1	-1	-1	-1	-1	-1	-1	-1	-1	-1	-1	-1	-1	-1	-1	-1	-1	-1	-1	-1	-1	-1	-1	-1	-1	-1	-1	-1	-1	-1	FFFFFF99	配饰	990	2004	1
59071923	5	4	33	11	Charm11_2	1	7+8+1		1	1	-1	-1	-1	-1	-1	-1	-1	-1	-1	-1	-1	-1	-1	-1	-1	-1	-1	-1	-1	-1	-1	-1	-1	-1	-1	-1	-1	-1	-1	-1	-1	-1	-1	-1	-1	-1	-1	-1	-1	-1	-1	-1	-1	-1	-1	-1	-1	-1	-1	-1	-1	-1	-1	-1	-1	-1	-1	-1	-1	-1	-1	-1	-1	-1	FFFFFF99	配饰	991	2004	1
59071924	5	4	33	11	Charm11_2	1	7+8+2		1	1	-1	-1	-1	-1	-1	-1	-1	-1	-1	-1	-1	-1	-1	-1	-1	-1	-1	-1	-1	-1	-1	-1	-1	-1	-1	-1	-1	-1	-1	-1	-1	-1	-1	-1	-1	-1	-1	-1	-1	-1	-1	-1	-1	-1	-1	-1	-1	-1	-1	-1	-1	-1	-1	-1	-1	-1	-1	-1	-1	-1	-1	-1	-1	-1	FFFFFF99	配饰	992	2004	1
59071925	5	4	33	11	Charm11_2	1	7+8+3		1	1	-1	-1	-1	-1	-1	-1	-1	-1	-1	-1	-1	-1	-1	-1	-1	-1	-1	-1	-1	-1	-1	-1	-1	-1	-1	-1	-1	-1	-1	-1	-1	-1	-1	-1	-1	-1	-1	-1	-1	-1	-1	-1	-1	-1	-1	-1	-1	-1	-1	-1	-1	-1	-1	-1	-1	-1	-1	-1	-1	-1	-1	-1	-1	-1	FFFFFF99	配饰	993	2004	1
59071926	5	4	33	11	Charm11_2	1	7+8+4		1	1	-1	-1	-1	-1	-1	-1	-1	-1	-1	-1	-1	-1	-1	-1	-1	-1	-1	-1	-1	-1	-1	-1	-1	-1	-1	-1	-1	-1	-1	-1	-1	-1	-1	-1	-1	-1	-1	-1	-1	-1	-1	-1	-1	-1	-1	-1	-1	-1	-1	-1	-1	-1	-1	-1	-1	-1	-1	-1	-1	-1	-1	-1	-1	-1	FFFFFF99	配饰	994	2004	1
59071927	5	4	33	11	Charm11_2	1	7+8+5		1	1	-1	-1	-1	-1	-1	-1	-1	-1	-1	-1	-1	-1	-1	-1	-1	-1	-1	-1	-1	-1	-1	-1	-1	-1	-1	-1	-1	-1	-1	-1	-1	-1	-1	-1	-1	-1	-1	-1	-1	-1	-1	-1	-1	-1	-1	-1	-1	-1	-1	-1	-1	-1	-1	-1	-1	-1	-1	-1	-1	-1	-1	-1	-1	-1	FFFFFF99	配饰	995	2004	1
59071928	5	4	33	11	Charm11_2	1	7+8+6		1	1	-1	-1	-1	-1	-1	-1	-1	-1	-1	-1	-1	-1	-1	-1	-1	-1	-1	-1	-1	-1	-1	-1	-1	-1	-1	-1	-1	-1	-1	-1	-1	-1	-1	-1	-1	-1	-1	-1	-1	-1	-1	-1	-1	-1	-1	-1	-1	-1	-1	-1	-1	-1	-1	-1	-1	-1	-1	-1	-1	-1	-1	-1	-1	-1	FFFFFF99	配饰	996	2004	1
59071929	5	4	33	11	Charm11_2	1	7+8+7		1	1	-1	-1	-1	-1	-1	-1	-1	-1	-1	-1	-1	-1	-1	-1	-1	-1	-1	-1	-1	-1	-1	-1	-1	-1	-1	-1	-1	-1	-1	-1	-1	-1	-1	-1	-1	-1	-1	-1	-1	-1	-1	-1	-1	-1	-1	-1	-1	-1	-1	-1	-1	-1	-1	-1	-1	-1	-1	-1	-1	-1	-1	-1	-1	-1	FFFFFF99	配饰	997	2004	1
59071930	5	4	33	11	Charm11_2	1	7+8+8		1	1	-1	-1	-1	-1	-1	-1	-1	-1	-1	-1	-1	-1	-1	-1	-1	-1	-1	-1	-1	-1	-1	-1	-1	-1	-1	-1	-1	-1	-1	-1	-1	-1	-1	-1	-1	-1	-1	-1	-1	-1	-1	-1	-1	-1	-1	-1	-1	-1	-1	-1	-1	-1	-1	-1	-1	-1	-1	-1	-1	-1	-1	-1	-1	-1	FFFFFF99	配饰	998	2004	1
59071931	5	4	33	11	Charm11_2	1	7+8+9		1	1	-1	-1	-1	-1	-1	-1	-1	-1	-1	-1	-1	-1	-1	-1	-1	-1	-1	-1	-1	-1	-1	-1	-1	-1	-1	-1	-1	-1	-1	-1	-1	-1	-1	-1	-1	-1	-1	-1	-1	-1	-1	-1	-1	-1	-1	-1	-1	-1	-1	-1	-1	-1	-1	-1	-1	-1	-1	-1	-1	-1	-1	-1	-1	-1	FFFFFF99	配饰	999	2004	1
59071932	5	4	33	11	Charm11_2	1	7+8+10		1	1	-1	-1	-1	-1	-1	-1	-1	-1	-1	-1	-1	-1	-1	-1	-1	-1	-1	-1	-1	-1	-1	-1	-1	-1	-1	-1	-1	-1	-1	-1	-1	-1	-1	-1	-1	-1	-1	-1	-1	-1	-1	-1	-1	-1	-1	-1	-1	-1	-1	-1	-1	-1	-1	-1	-1	-1	-1	-1	-1	-1	-1	-1	-1	-1	FFFFFF99	配饰	1000	2004	1
59071933	5	4	33	11	Charm11_2	1	7+8+11		1	1	-1	-1	-1	-1	-1	-1	-1	-1	-1	-1	-1	-1	-1	-1	-1	-1	-1	-1	-1	-1	-1	-1	-1	-1	-1	-1	-1	-1	-1	-1	-1	-1	-1	-1	-1	-1	-1	-1	-1	-1	-1	-1	-1	-1	-1	-1	-1	-1	-1	-1	-1	-1	-1	-1	-1	-1	-1	-1	-1	-1	-1	-1	-1	-1	FFFFFF99	配饰	1001	2004	1
59072023	5	4	33	11	Charm11_2	1	7+9+1		1	1	-1	-1	-1	-1	-1	-1	-1	-1	-1	-1	-1	-1	-1	-1	-1	-1	-1	-1	-1	-1	-1	-1	-1	-1	-1	-1	-1	-1	-1	-1	-1	-1	-1	-1	-1	-1	-1	-1	-1	-1	-1	-1	-1	-1	-1	-1	-1	-1	-1	-1	-1	-1	-1	-1	-1	-1	-1	-1	-1	-1	-1	-1	-1	-1	FFFFFF99	配饰	1002	2004	1
59072024	5	4	33	11	Charm11_2	1	7+9+2		1	1	-1	-1	-1	-1	-1	-1	-1	-1	-1	-1	-1	-1	-1	-1	-1	-1	-1	-1	-1	-1	-1	-1	-1	-1	-1	-1	-1	-1	-1	-1	-1	-1	-1	-1	-1	-1	-1	-1	-1	-1	-1	-1	-1	-1	-1	-1	-1	-1	-1	-1	-1	-1	-1	-1	-1	-1	-1	-1	-1	-1	-1	-1	-1	-1	FFFFFF99	配饰	1003	2004	1
59072025	5	4	33	11	Charm11_2	1	7+9+3		1	1	-1	-1	-1	-1	-1	-1	-1	-1	-1	-1	-1	-1	-1	-1	-1	-1	-1	-1	-1	-1	-1	-1	-1	-1	-1	-1	-1	-1	-1	-1	-1	-1	-1	-1	-1	-1	-1	-1	-1	-1	-1	-1	-1	-1	-1	-1	-1	-1	-1	-1	-1	-1	-1	-1	-1	-1	-1	-1	-1	-1	-1	-1	-1	-1	FFFFFF99	配饰	1004	2004	1
59072026	5	4	33	11	Charm11_2	1	7+9+4		1	1	-1	-1	-1	-1	-1	-1	-1	-1	-1	-1	-1	-1	-1	-1	-1	-1	-1	-1	-1	-1	-1	-1	-1	-1	-1	-1	-1	-1	-1	-1	-1	-1	-1	-1	-1	-1	-1	-1	-1	-1	-1	-1	-1	-1	-1	-1	-1	-1	-1	-1	-1	-1	-1	-1	-1	-1	-1	-1	-1	-1	-1	-1	-1	-1	FFFFFF99	配饰	1005	2004	1
59072027	5	4	33	11	Charm11_2	1	7+9+5		1	1	-1	-1	-1	-1	-1	-1	-1	-1	-1	-1	-1	-1	-1	-1	-1	-1	-1	-1	-1	-1	-1	-1	-1	-1	-1	-1	-1	-1	-1	-1	-1	-1	-1	-1	-1	-1	-1	-1	-1	-1	-1	-1	-1	-1	-1	-1	-1	-1	-1	-1	-1	-1	-1	-1	-1	-1	-1	-1	-1	-1	-1	-1	-1	-1	FFFFFF99	配饰	1006	2004	1
59072028	5	4	33	11	Charm11_2	1	7+9+6		1	1	-1	-1	-1	-1	-1	-1	-1	-1	-1	-1	-1	-1	-1	-1	-1	-1	-1	-1	-1	-1	-1	-1	-1	-1	-1	-1	-1	-1	-1	-1	-1	-1	-1	-1	-1	-1	-1	-1	-1	-1	-1	-1	-1	-1	-1	-1	-1	-1	-1	-1	-1	-1	-1	-1	-1	-1	-1	-1	-1	-1	-1	-1	-1	-1	FFFFFF99	配饰	1007	2004	1
59072029	5	4	33	11	Charm11_2	1	7+9+7		1	1	-1	-1	-1	-1	-1	-1	-1	-1	-1	-1	-1	-1	-1	-1	-1	-1	-1	-1	-1	-1	-1	-1	-1	-1	-1	-1	-1	-1	-1	-1	-1	-1	-1	-1	-1	-1	-1	-1	-1	-1	-1	-1	-1	-1	-1	-1	-1	-1	-1	-1	-1	-1	-1	-1	-1	-1	-1	-1	-1	-1	-1	-1	-1	-1	FFFFFF99	配饰	1008	2004	1
59072030	5	4	33	11	Charm11_2	1	7+9+8		1	1	-1	-1	-1	-1	-1	-1	-1	-1	-1	-1	-1	-1	-1	-1	-1	-1	-1	-1	-1	-1	-1	-1	-1	-1	-1	-1	-1	-1	-1	-1	-1	-1	-1	-1	-1	-1	-1	-1	-1	-1	-1	-1	-1	-1	-1	-1	-1	-1	-1	-1	-1	-1	-1	-1	-1	-1	-1	-1	-1	-1	-1	-1	-1	-1	FFFFFF99	配饰	1009	2004	1
59072031	5	4	33	11	Charm11_2	1	7+9+9		1	1	-1	-1	-1	-1	-1	-1	-1	-1	-1	-1	-1	-1	-1	-1	-1	-1	-1	-1	-1	-1	-1	-1	-1	-1	-1	-1	-1	-1	-1	-1	-1	-1	-1	-1	-1	-1	-1	-1	-1	-1	-1	-1	-1	-1	-1	-1	-1	-1	-1	-1	-1	-1	-1	-1	-1	-1	-1	-1	-1	-1	-1	-1	-1	-1	FFFFFF99	配饰	1010	2004	1
59072032	5	4	33	11	Charm11_2	1	7+9+10		1	1	-1	-1	-1	-1	-1	-1	-1	-1	-1	-1	-1	-1	-1	-1	-1	-1	-1	-1	-1	-1	-1	-1	-1	-1	-1	-1	-1	-1	-1	-1	-1	-1	-1	-1	-1	-1	-1	-1	-1	-1	-1	-1	-1	-1	-1	-1	-1	-1	-1	-1	-1	-1	-1	-1	-1	-1	-1	-1	-1	-1	-1	-1	-1	-1	FFFFFF99	配饰	1011	2004	1
59072033	5	4	33	11	Charm11_2	1	7+9+11		1	1	-1	-1	-1	-1	-1	-1	-1	-1	-1	-1	-1	-1	-1	-1	-1	-1	-1	-1	-1	-1	-1	-1	-1	-1	-1	-1	-1	-1	-1	-1	-1	-1	-1	-1	-1	-1	-1	-1	-1	-1	-1	-1	-1	-1	-1	-1	-1	-1	-1	-1	-1	-1	-1	-1	-1	-1	-1	-1	-1	-1	-1	-1	-1	-1	FFFFFF99	配饰	1012	2004	1
59072123	5	4	33	11	Charm11_2	1	7+10+1		1	1	-1	-1	-1	-1	-1	-1	-1	-1	-1	-1	-1	-1	-1	-1	-1	-1	-1	-1	-1	-1	-1	-1	-1	-1	-1	-1	-1	-1	-1	-1	-1	-1	-1	-1	-1	-1	-1	-1	-1	-1	-1	-1	-1	-1	-1	-1	-1	-1	-1	-1	-1	-1	-1	-1	-1	-1	-1	-1	-1	-1	-1	-1	-1	-1	FFFFFF99	配饰	1013	2004	1
59072124	5	4	33	11	Charm11_2	1	7+10+2		1	1	-1	-1	-1	-1	-1	-1	-1	-1	-1	-1	-1	-1	-1	-1	-1	-1	-1	-1	-1	-1	-1	-1	-1	-1	-1	-1	-1	-1	-1	-1	-1	-1	-1	-1	-1	-1	-1	-1	-1	-1	-1	-1	-1	-1	-1	-1	-1	-1	-1	-1	-1	-1	-1	-1	-1	-1	-1	-1	-1	-1	-1	-1	-1	-1	FFFFFF99	配饰	1014	2004	1
59072125	5	4	33	11	Charm11_2	1	7+10+3		1	1	-1	-1	-1	-1	-1	-1	-1	-1	-1	-1	-1	-1	-1	-1	-1	-1	-1	-1	-1	-1	-1	-1	-1	-1	-1	-1	-1	-1	-1	-1	-1	-1	-1	-1	-1	-1	-1	-1	-1	-1	-1	-1	-1	-1	-1	-1	-1	-1	-1	-1	-1	-1	-1	-1	-1	-1	-1	-1	-1	-1	-1	-1	-1	-1	FFFFFF99	配饰	1015	2004	1
59072126	5	4	33	11	Charm11_2	1	7+10+4		1	1	-1	-1	-1	-1	-1	-1	-1	-1	-1	-1	-1	-1	-1	-1	-1	-1	-1	-1	-1	-1	-1	-1	-1	-1	-1	-1	-1	-1	-1	-1	-1	-1	-1	-1	-1	-1	-1	-1	-1	-1	-1	-1	-1	-1	-1	-1	-1	-1	-1	-1	-1	-1	-1	-1	-1	-1	-1	-1	-1	-1	-1	-1	-1	-1	FFFFFF99	配饰	1016	2004	1
59072127	5	4	33	11	Charm11_2	1	7+10+5		1	1	-1	-1	-1	-1	-1	-1	-1	-1	-1	-1	-1	-1	-1	-1	-1	-1	-1	-1	-1	-1	-1	-1	-1	-1	-1	-1	-1	-1	-1	-1	-1	-1	-1	-1	-1	-1	-1	-1	-1	-1	-1	-1	-1	-1	-1	-1	-1	-1	-1	-1	-1	-1	-1	-1	-1	-1	-1	-1	-1	-1	-1	-1	-1	-1	FFFFFF99	配饰	1017	2004	1
59072128	5	4	33	11	Charm11_2	1	7+10+6		1	1	-1	-1	-1	-1	-1	-1	-1	-1	-1	-1	-1	-1	-1	-1	-1	-1	-1	-1	-1	-1	-1	-1	-1	-1	-1	-1	-1	-1	-1	-1	-1	-1	-1	-1	-1	-1	-1	-1	-1	-1	-1	-1	-1	-1	-1	-1	-1	-1	-1	-1	-1	-1	-1	-1	-1	-1	-1	-1	-1	-1	-1	-1	-1	-1	FFFFFF99	配饰	1018	2004	1
59072129	5	4	33	11	Charm11_2	1	7+10+7		1	1	-1	-1	-1	-1	-1	-1	-1	-1	-1	-1	-1	-1	-1	-1	-1	-1	-1	-1	-1	-1	-1	-1	-1	-1	-1	-1	-1	-1	-1	-1	-1	-1	-1	-1	-1	-1	-1	-1	-1	-1	-1	-1	-1	-1	-1	-1	-1	-1	-1	-1	-1	-1	-1	-1	-1	-1	-1	-1	-1	-1	-1	-1	-1	-1	FFFFFF99	配饰	1019	2004	1
59072130	5	4	33	11	Charm11_2	1	7+10+8		1	1	-1	-1	-1	-1	-1	-1	-1	-1	-1	-1	-1	-1	-1	-1	-1	-1	-1	-1	-1	-1	-1	-1	-1	-1	-1	-1	-1	-1	-1	-1	-1	-1	-1	-1	-1	-1	-1	-1	-1	-1	-1	-1	-1	-1	-1	-1	-1	-1	-1	-1	-1	-1	-1	-1	-1	-1	-1	-1	-1	-1	-1	-1	-1	-1	FFFFFF99	配饰	1020	2004	1
59072131	5	4	33	11	Charm11_2	1	7+10+9		1	1	-1	-1	-1	-1	-1	-1	-1	-1	-1	-1	-1	-1	-1	-1	-1	-1	-1	-1	-1	-1	-1	-1	-1	-1	-1	-1	-1	-1	-1	-1	-1	-1	-1	-1	-1	-1	-1	-1	-1	-1	-1	-1	-1	-1	-1	-1	-1	-1	-1	-1	-1	-1	-1	-1	-1	-1	-1	-1	-1	-1	-1	-1	-1	-1	FFFFFF99	配饰	1021	2004	1
59072132	5	4	33	11	Charm11_2	1	7+10+10		1	1	-1	-1	-1	-1	-1	-1	-1	-1	-1	-1	-1	-1	-1	-1	-1	-1	-1	-1	-1	-1	-1	-1	-1	-1	-1	-1	-1	-1	-1	-1	-1	-1	-1	-1	-1	-1	-1	-1	-1	-1	-1	-1	-1	-1	-1	-1	-1	-1	-1	-1	-1	-1	-1	-1	-1	-1	-1	-1	-1	-1	-1	-1	-1	-1	FFFFFF99	配饰	1022	2004	1
59072133	5	4	33	11	Charm11_2	1	7+10+11		1	1	-1	-1	-1	-1	-1	-1	-1	-1	-1	-1	-1	-1	-1	-1	-1	-1	-1	-1	-1	-1	-1	-1	-1	-1	-1	-1	-1	-1	-1	-1	-1	-1	-1	-1	-1	-1	-1	-1	-1	-1	-1	-1	-1	-1	-1	-1	-1	-1	-1	-1	-1	-1	-1	-1	-1	-1	-1	-1	-1	-1	-1	-1	-1	-1	FFFFFF99	配饰	1023	2004	1
59072223	5	4	33	11	Charm11_2	1	7+11+1		1	1	-1	-1	-1	-1	-1	-1	-1	-1	-1	-1	-1	-1	-1	-1	-1	-1	-1	-1	-1	-1	-1	-1	-1	-1	-1	-1	-1	-1	-1	-1	-1	-1	-1	-1	-1	-1	-1	-1	-1	-1	-1	-1	-1	-1	-1	-1	-1	-1	-1	-1	-1	-1	-1	-1	-1	-1	-1	-1	-1	-1	-1	-1	-1	-1	FFFFFF99	配饰	1024	2004	1
59072224	5	4	33	11	Charm11_2	1	7+11+2		1	1	-1	-1	-1	-1	-1	-1	-1	-1	-1	-1	-1	-1	-1	-1	-1	-1	-1	-1	-1	-1	-1	-1	-1	-1	-1	-1	-1	-1	-1	-1	-1	-1	-1	-1	-1	-1	-1	-1	-1	-1	-1	-1	-1	-1	-1	-1	-1	-1	-1	-1	-1	-1	-1	-1	-1	-1	-1	-1	-1	-1	-1	-1	-1	-1	FFFFFF99	配饰	1025	2004	1
59072225	5	4	33	11	Charm11_2	1	7+11+3		1	1	-1	-1	-1	-1	-1	-1	-1	-1	-1	-1	-1	-1	-1	-1	-1	-1	-1	-1	-1	-1	-1	-1	-1	-1	-1	-1	-1	-1	-1	-1	-1	-1	-1	-1	-1	-1	-1	-1	-1	-1	-1	-1	-1	-1	-1	-1	-1	-1	-1	-1	-1	-1	-1	-1	-1	-1	-1	-1	-1	-1	-1	-1	-1	-1	FFFFFF99	配饰	1026	2004	1
59072226	5	4	33	11	Charm11_2	1	7+11+4		1	1	-1	-1	-1	-1	-1	-1	-1	-1	-1	-1	-1	-1	-1	-1	-1	-1	-1	-1	-1	-1	-1	-1	-1	-1	-1	-1	-1	-1	-1	-1	-1	-1	-1	-1	-1	-1	-1	-1	-1	-1	-1	-1	-1	-1	-1	-1	-1	-1	-1	-1	-1	-1	-1	-1	-1	-1	-1	-1	-1	-1	-1	-1	-1	-1	FFFFFF99	配饰	1027	2004	1
59072227	5	4	33	11	Charm11_2	1	7+11+5		1	1	-1	-1	-1	-1	-1	-1	-1	-1	-1	-1	-1	-1	-1	-1	-1	-1	-1	-1	-1	-1	-1	-1	-1	-1	-1	-1	-1	-1	-1	-1	-1	-1	-1	-1	-1	-1	-1	-1	-1	-1	-1	-1	-1	-1	-1	-1	-1	-1	-1	-1	-1	-1	-1	-1	-1	-1	-1	-1	-1	-1	-1	-1	-1	-1	FFFFFF99	配饰	1028	2004	1
59072228	5	4	33	11	Charm11_2	1	7+11+6		1	1	-1	-1	-1	-1	-1	-1	-1	-1	-1	-1	-1	-1	-1	-1	-1	-1	-1	-1	-1	-1	-1	-1	-1	-1	-1	-1	-1	-1	-1	-1	-1	-1	-1	-1	-1	-1	-1	-1	-1	-1	-1	-1	-1	-1	-1	-1	-1	-1	-1	-1	-1	-1	-1	-1	-1	-1	-1	-1	-1	-1	-1	-1	-1	-1	FFFFFF99	配饰	1029	2004	1
59072229	5	4	33	11	Charm11_2	1	7+11+7		1	1	-1	-1	-1	-1	-1	-1	-1	-1	-1	-1	-1	-1	-1	-1	-1	-1	-1	-1	-1	-1	-1	-1	-1	-1	-1	-1	-1	-1	-1	-1	-1	-1	-1	-1	-1	-1	-1	-1	-1	-1	-1	-1	-1	-1	-1	-1	-1	-1	-1	-1	-1	-1	-1	-1	-1	-1	-1	-1	-1	-1	-1	-1	-1	-1	FFFFFF99	配饰	1030	2004	1
59072230	5	4	33	11	Charm11_2	1	7+11+8		1	1	-1	-1	-1	-1	-1	-1	-1	-1	-1	-1	-1	-1	-1	-1	-1	-1	-1	-1	-1	-1	-1	-1	-1	-1	-1	-1	-1	-1	-1	-1	-1	-1	-1	-1	-1	-1	-1	-1	-1	-1	-1	-1	-1	-1	-1	-1	-1	-1	-1	-1	-1	-1	-1	-1	-1	-1	-1	-1	-1	-1	-1	-1	-1	-1	FFFFFF99	配饰	1031	2004	1
59072231	5	4	33	11	Charm11_2	1	7+11+9		1	1	-1	-1	-1	-1	-1	-1	-1	-1	-1	-1	-1	-1	-1	-1	-1	-1	-1	-1	-1	-1	-1	-1	-1	-1	-1	-1	-1	-1	-1	-1	-1	-1	-1	-1	-1	-1	-1	-1	-1	-1	-1	-1	-1	-1	-1	-1	-1	-1	-1	-1	-1	-1	-1	-1	-1	-1	-1	-1	-1	-1	-1	-1	-1	-1	FFFFFF99	配饰	1032	2004	1
59072232	5	4	33	11	Charm11_2	1	7+11+10		1	1	-1	-1	-1	-1	-1	-1	-1	-1	-1	-1	-1	-1	-1	-1	-1	-1	-1	-1	-1	-1	-1	-1	-1	-1	-1	-1	-1	-1	-1	-1	-1	-1	-1	-1	-1	-1	-1	-1	-1	-1	-1	-1	-1	-1	-1	-1	-1	-1	-1	-1	-1	-1	-1	-1	-1	-1	-1	-1	-1	-1	-1	-1	-1	-1	FFFFFF99	配饰	1033	2004	1
59072233	5	4	33	11	Charm11_2	1	7+11+11		1	1	-1	-1	-1	-1	-1	-1	-1	-1	-1	-1	-1	-1	-1	-1	-1	-1	-1	-1	-1	-1	-1	-1	-1	-1	-1	-1	-1	-1	-1	-1	-1	-1	-1	-1	-1	-1	-1	-1	-1	-1	-1	-1	-1	-1	-1	-1	-1	-1	-1	-1	-1	-1	-1	-1	-1	-1	-1	-1	-1	-1	-1	-1	-1	-1	FFFFFF99	配饰	1034	2004	1
#妙羽芳兰																																																																															
59081223	5	4	33	11	Charm11_2	1	8+1+1		1	1	-1	-1	-1	-1	-1	-1	-1	-1	-1	-1	-1	-1	-1	-1	-1	-1	-1	-1	-1	-1	-1	-1	-1	-1	-1	-1	-1	-1	-1	-1	-1	-1	-1	-1	-1	-1	-1	-1	-1	-1	-1	-1	-1	-1	-1	-1	-1	-1	-1	-1	-1	-1	-1	-1	-1	-1	-1	-1	-1	-1	-1	-1	-1	-1	FFFFFF99	配饰	1057	2004	1
59081224	5	4	33	11	Charm11_2	1	8+1+2		1	1	-1	-1	-1	-1	-1	-1	-1	-1	-1	-1	-1	-1	-1	-1	-1	-1	-1	-1	-1	-1	-1	-1	-1	-1	-1	-1	-1	-1	-1	-1	-1	-1	-1	-1	-1	-1	-1	-1	-1	-1	-1	-1	-1	-1	-1	-1	-1	-1	-1	-1	-1	-1	-1	-1	-1	-1	-1	-1	-1	-1	-1	-1	-1	-1	FFFFFF99	配饰	1058	2004	1
59081225	5	4	33	11	Charm11_2	1	8+1+3		1	1	-1	-1	-1	-1	-1	-1	-1	-1	-1	-1	-1	-1	-1	-1	-1	-1	-1	-1	-1	-1	-1	-1	-1	-1	-1	-1	-1	-1	-1	-1	-1	-1	-1	-1	-1	-1	-1	-1	-1	-1	-1	-1	-1	-1	-1	-1	-1	-1	-1	-1	-1	-1	-1	-1	-1	-1	-1	-1	-1	-1	-1	-1	-1	-1	FFFFFF99	配饰	1059	2004	1
59081226	5	4	33	11	Charm11_2	1	8+1+4		1	1	-1	-1	-1	-1	-1	-1	-1	-1	-1	-1	-1	-1	-1	-1	-1	-1	-1	-1	-1	-1	-1	-1	-1	-1	-1	-1	-1	-1	-1	-1	-1	-1	-1	-1	-1	-1	-1	-1	-1	-1	-1	-1	-1	-1	-1	-1	-1	-1	-1	-1	-1	-1	-1	-1	-1	-1	-1	-1	-1	-1	-1	-1	-1	-1	FFFFFF99	配饰	1060	2004	1
59081227	5	4	33	11	Charm11_2	1	8+1+5		1	1	-1	-1	-1	-1	-1	-1	-1	-1	-1	-1	-1	-1	-1	-1	-1	-1	-1	-1	-1	-1	-1	-1	-1	-1	-1	-1	-1	-1	-1	-1	-1	-1	-1	-1	-1	-1	-1	-1	-1	-1	-1	-1	-1	-1	-1	-1	-1	-1	-1	-1	-1	-1	-1	-1	-1	-1	-1	-1	-1	-1	-1	-1	-1	-1	FFFFFF99	配饰	1061	2004	1
59081228	5	4	33	11	Charm11_2	1	8+1+6		1	1	-1	-1	-1	-1	-1	-1	-1	-1	-1	-1	-1	-1	-1	-1	-1	-1	-1	-1	-1	-1	-1	-1	-1	-1	-1	-1	-1	-1	-1	-1	-1	-1	-1	-1	-1	-1	-1	-1	-1	-1	-1	-1	-1	-1	-1	-1	-1	-1	-1	-1	-1	-1	-1	-1	-1	-1	-1	-1	-1	-1	-1	-1	-1	-1	FFFFFF99	配饰	1062	2004	1
59081229	5	4	33	11	Charm11_2	1	8+1+7		1	1	-1	-1	-1	-1	-1	-1	-1	-1	-1	-1	-1	-1	-1	-1	-1	-1	-1	-1	-1	-1	-1	-1	-1	-1	-1	-1	-1	-1	-1	-1	-1	-1	-1	-1	-1	-1	-1	-1	-1	-1	-1	-1	-1	-1	-1	-1	-1	-1	-1	-1	-1	-1	-1	-1	-1	-1	-1	-1	-1	-1	-1	-1	-1	-1	FFFFFF99	配饰	1063	2004	1
59081230	5	4	33	11	Charm11_2	1	8+1+8		1	1	-1	-1	-1	-1	-1	-1	-1	-1	-1	-1	-1	-1	-1	-1	-1	-1	-1	-1	-1	-1	-1	-1	-1	-1	-1	-1	-1	-1	-1	-1	-1	-1	-1	-1	-1	-1	-1	-1	-1	-1	-1	-1	-1	-1	-1	-1	-1	-1	-1	-1	-1	-1	-1	-1	-1	-1	-1	-1	-1	-1	-1	-1	-1	-1	FFFFFF99	配饰	1064	2004	1
59081231	5	4	33	11	Charm11_2	1	8+1+9		1	1	-1	-1	-1	-1	-1	-1	-1	-1	-1	-1	-1	-1	-1	-1	-1	-1	-1	-1	-1	-1	-1	-1	-1	-1	-1	-1	-1	-1	-1	-1	-1	-1	-1	-1	-1	-1	-1	-1	-1	-1	-1	-1	-1	-1	-1	-1	-1	-1	-1	-1	-1	-1	-1	-1	-1	-1	-1	-1	-1	-1	-1	-1	-1	-1	FFFFFF99	配饰	1065	2004	1
59081232	5	4	33	11	Charm11_2	1	8+1+10		1	1	-1	-1	-1	-1	-1	-1	-1	-1	-1	-1	-1	-1	-1	-1	-1	-1	-1	-1	-1	-1	-1	-1	-1	-1	-1	-1	-1	-1	-1	-1	-1	-1	-1	-1	-1	-1	-1	-1	-1	-1	-1	-1	-1	-1	-1	-1	-1	-1	-1	-1	-1	-1	-1	-1	-1	-1	-1	-1	-1	-1	-1	-1	-1	-1	FFFFFF99	配饰	1066	2004	1
59081233	5	4	33	11	Charm11_2	1	8+1+11		1	1	-1	-1	-1	-1	-1	-1	-1	-1	-1	-1	-1	-1	-1	-1	-1	-1	-1	-1	-1	-1	-1	-1	-1	-1	-1	-1	-1	-1	-1	-1	-1	-1	-1	-1	-1	-1	-1	-1	-1	-1	-1	-1	-1	-1	-1	-1	-1	-1	-1	-1	-1	-1	-1	-1	-1	-1	-1	-1	-1	-1	-1	-1	-1	-1	FFFFFF99	配饰	1067	2004	1
59081323	5	4	33	11	Charm11_2	1	8+8+1		1	1	-1	-1	-1	-1	-1	-1	-1	-1	-1	-1	-1	-1	-1	-1	-1	-1	-1	-1	-1	-1	-1	-1	-1	-1	-1	-1	-1	-1	-1	-1	-1	-1	-1	-1	-1	-1	-1	-1	-1	-1	-1	-1	-1	-1	-1	-1	-1	-1	-1	-1	-1	-1	-1	-1	-1	-1	-1	-1	-1	-1	-1	-1	-1	-1	FFFFFF99	配饰	1068	2004	1
59081324	5	4	33	11	Charm11_2	1	8+8+2		1	1	-1	-1	-1	-1	-1	-1	-1	-1	-1	-1	-1	-1	-1	-1	-1	-1	-1	-1	-1	-1	-1	-1	-1	-1	-1	-1	-1	-1	-1	-1	-1	-1	-1	-1	-1	-1	-1	-1	-1	-1	-1	-1	-1	-1	-1	-1	-1	-1	-1	-1	-1	-1	-1	-1	-1	-1	-1	-1	-1	-1	-1	-1	-1	-1	FFFFFF99	配饰	1069	2004	1
59081325	5	4	33	11	Charm11_2	1	8+8+3		1	1	-1	-1	-1	-1	-1	-1	-1	-1	-1	-1	-1	-1	-1	-1	-1	-1	-1	-1	-1	-1	-1	-1	-1	-1	-1	-1	-1	-1	-1	-1	-1	-1	-1	-1	-1	-1	-1	-1	-1	-1	-1	-1	-1	-1	-1	-1	-1	-1	-1	-1	-1	-1	-1	-1	-1	-1	-1	-1	-1	-1	-1	-1	-1	-1	FFFFFF99	配饰	1070	2004	1
59081326	5	4	33	11	Charm11_2	1	8+8+4		1	1	-1	-1	-1	-1	-1	-1	-1	-1	-1	-1	-1	-1	-1	-1	-1	-1	-1	-1	-1	-1	-1	-1	-1	-1	-1	-1	-1	-1	-1	-1	-1	-1	-1	-1	-1	-1	-1	-1	-1	-1	-1	-1	-1	-1	-1	-1	-1	-1	-1	-1	-1	-1	-1	-1	-1	-1	-1	-1	-1	-1	-1	-1	-1	-1	FFFFFF99	配饰	1071	2004	1
59081327	5	4	33	11	Charm11_2	1	8+8+5		1	1	-1	-1	-1	-1	-1	-1	-1	-1	-1	-1	-1	-1	-1	-1	-1	-1	-1	-1	-1	-1	-1	-1	-1	-1	-1	-1	-1	-1	-1	-1	-1	-1	-1	-1	-1	-1	-1	-1	-1	-1	-1	-1	-1	-1	-1	-1	-1	-1	-1	-1	-1	-1	-1	-1	-1	-1	-1	-1	-1	-1	-1	-1	-1	-1	FFFFFF99	配饰	1072	2004	1
59081328	5	4	33	11	Charm11_2	1	8+8+6		1	1	-1	-1	-1	-1	-1	-1	-1	-1	-1	-1	-1	-1	-1	-1	-1	-1	-1	-1	-1	-1	-1	-1	-1	-1	-1	-1	-1	-1	-1	-1	-1	-1	-1	-1	-1	-1	-1	-1	-1	-1	-1	-1	-1	-1	-1	-1	-1	-1	-1	-1	-1	-1	-1	-1	-1	-1	-1	-1	-1	-1	-1	-1	-1	-1	FFFFFF99	配饰	1073	2004	1
59081329	5	4	33	11	Charm11_2	1	8+8+7		1	1	-1	-1	-1	-1	-1	-1	-1	-1	-1	-1	-1	-1	-1	-1	-1	-1	-1	-1	-1	-1	-1	-1	-1	-1	-1	-1	-1	-1	-1	-1	-1	-1	-1	-1	-1	-1	-1	-1	-1	-1	-1	-1	-1	-1	-1	-1	-1	-1	-1	-1	-1	-1	-1	-1	-1	-1	-1	-1	-1	-1	-1	-1	-1	-1	FFFFFF99	配饰	1074	2004	1
59081330	5	4	33	11	Charm11_2	1	8+8+8		1	1	-1	-1	-1	-1	-1	-1	-1	-1	-1	-1	-1	-1	-1	-1	-1	-1	-1	-1	-1	-1	-1	-1	-1	-1	-1	-1	-1	-1	-1	-1	-1	-1	-1	-1	-1	-1	-1	-1	-1	-1	-1	-1	-1	-1	-1	-1	-1	-1	-1	-1	-1	-1	-1	-1	-1	-1	-1	-1	-1	-1	-1	-1	-1	-1	FFFFFF99	配饰	1075	2004	1
59081331	5	4	33	11	Charm11_2	1	8+8+9		1	1	-1	-1	-1	-1	-1	-1	-1	-1	-1	-1	-1	-1	-1	-1	-1	-1	-1	-1	-1	-1	-1	-1	-1	-1	-1	-1	-1	-1	-1	-1	-1	-1	-1	-1	-1	-1	-1	-1	-1	-1	-1	-1	-1	-1	-1	-1	-1	-1	-1	-1	-1	-1	-1	-1	-1	-1	-1	-1	-1	-1	-1	-1	-1	-1	FFFFFF99	配饰	1076	2004	1
59081332	5	4	33	11	Charm11_2	1	8+8+10		1	1	-1	-1	-1	-1	-1	-1	-1	-1	-1	-1	-1	-1	-1	-1	-1	-1	-1	-1	-1	-1	-1	-1	-1	-1	-1	-1	-1	-1	-1	-1	-1	-1	-1	-1	-1	-1	-1	-1	-1	-1	-1	-1	-1	-1	-1	-1	-1	-1	-1	-1	-1	-1	-1	-1	-1	-1	-1	-1	-1	-1	-1	-1	-1	-1	FFFFFF99	配饰	1077	2004	1
59081333	5	4	33	11	Charm11_2	1	8+8+11		1	1	-1	-1	-1	-1	-1	-1	-1	-1	-1	-1	-1	-1	-1	-1	-1	-1	-1	-1	-1	-1	-1	-1	-1	-1	-1	-1	-1	-1	-1	-1	-1	-1	-1	-1	-1	-1	-1	-1	-1	-1	-1	-1	-1	-1	-1	-1	-1	-1	-1	-1	-1	-1	-1	-1	-1	-1	-1	-1	-1	-1	-1	-1	-1	-1	FFFFFF99	配饰	1078	2004	1
59081423	5	4	33	11	Charm11_2	1	8+8+1		1	1	-1	-1	-1	-1	-1	-1	-1	-1	-1	-1	-1	-1	-1	-1	-1	-1	-1	-1	-1	-1	-1	-1	-1	-1	-1	-1	-1	-1	-1	-1	-1	-1	-1	-1	-1	-1	-1	-1	-1	-1	-1	-1	-1	-1	-1	-1	-1	-1	-1	-1	-1	-1	-1	-1	-1	-1	-1	-1	-1	-1	-1	-1	-1	-1	FFFFFF99	配饰	1079	2004	1
59081424	5	4	33	11	Charm11_2	1	8+8+2		1	1	-1	-1	-1	-1	-1	-1	-1	-1	-1	-1	-1	-1	-1	-1	-1	-1	-1	-1	-1	-1	-1	-1	-1	-1	-1	-1	-1	-1	-1	-1	-1	-1	-1	-1	-1	-1	-1	-1	-1	-1	-1	-1	-1	-1	-1	-1	-1	-1	-1	-1	-1	-1	-1	-1	-1	-1	-1	-1	-1	-1	-1	-1	-1	-1	FFFFFF99	配饰	1080	2004	1
59081425	5	4	33	11	Charm11_2	1	8+8+3		1	1	-1	-1	-1	-1	-1	-1	-1	-1	-1	-1	-1	-1	-1	-1	-1	-1	-1	-1	-1	-1	-1	-1	-1	-1	-1	-1	-1	-1	-1	-1	-1	-1	-1	-1	-1	-1	-1	-1	-1	-1	-1	-1	-1	-1	-1	-1	-1	-1	-1	-1	-1	-1	-1	-1	-1	-1	-1	-1	-1	-1	-1	-1	-1	-1	FFFFFF99	配饰	1081	2004	1
59081426	5	4	33	11	Charm11_2	1	8+8+4		1	1	-1	-1	-1	-1	-1	-1	-1	-1	-1	-1	-1	-1	-1	-1	-1	-1	-1	-1	-1	-1	-1	-1	-1	-1	-1	-1	-1	-1	-1	-1	-1	-1	-1	-1	-1	-1	-1	-1	-1	-1	-1	-1	-1	-1	-1	-1	-1	-1	-1	-1	-1	-1	-1	-1	-1	-1	-1	-1	-1	-1	-1	-1	-1	-1	FFFFFF99	配饰	1082	2004	1
59081427	5	4	33	11	Charm11_2	1	8+8+5		1	1	-1	-1	-1	-1	-1	-1	-1	-1	-1	-1	-1	-1	-1	-1	-1	-1	-1	-1	-1	-1	-1	-1	-1	-1	-1	-1	-1	-1	-1	-1	-1	-1	-1	-1	-1	-1	-1	-1	-1	-1	-1	-1	-1	-1	-1	-1	-1	-1	-1	-1	-1	-1	-1	-1	-1	-1	-1	-1	-1	-1	-1	-1	-1	-1	FFFFFF99	配饰	1083	2004	1
59081428	5	4	33	11	Charm11_2	1	8+8+6		1	1	-1	-1	-1	-1	-1	-1	-1	-1	-1	-1	-1	-1	-1	-1	-1	-1	-1	-1	-1	-1	-1	-1	-1	-1	-1	-1	-1	-1	-1	-1	-1	-1	-1	-1	-1	-1	-1	-1	-1	-1	-1	-1	-1	-1	-1	-1	-1	-1	-1	-1	-1	-1	-1	-1	-1	-1	-1	-1	-1	-1	-1	-1	-1	-1	FFFFFF99	配饰	1084	2004	1
59081429	5	4	33	11	Charm11_2	1	8+8+7		1	1	-1	-1	-1	-1	-1	-1	-1	-1	-1	-1	-1	-1	-1	-1	-1	-1	-1	-1	-1	-1	-1	-1	-1	-1	-1	-1	-1	-1	-1	-1	-1	-1	-1	-1	-1	-1	-1	-1	-1	-1	-1	-1	-1	-1	-1	-1	-1	-1	-1	-1	-1	-1	-1	-1	-1	-1	-1	-1	-1	-1	-1	-1	-1	-1	FFFFFF99	配饰	1085	2004	1
59081430	5	4	33	11	Charm11_2	1	8+8+8		1	1	-1	-1	-1	-1	-1	-1	-1	-1	-1	-1	-1	-1	-1	-1	-1	-1	-1	-1	-1	-1	-1	-1	-1	-1	-1	-1	-1	-1	-1	-1	-1	-1	-1	-1	-1	-1	-1	-1	-1	-1	-1	-1	-1	-1	-1	-1	-1	-1	-1	-1	-1	-1	-1	-1	-1	-1	-1	-1	-1	-1	-1	-1	-1	-1	FFFFFF99	配饰	1086	2004	1
59081431	5	4	33	11	Charm11_2	1	8+8+9		1	1	-1	-1	-1	-1	-1	-1	-1	-1	-1	-1	-1	-1	-1	-1	-1	-1	-1	-1	-1	-1	-1	-1	-1	-1	-1	-1	-1	-1	-1	-1	-1	-1	-1	-1	-1	-1	-1	-1	-1	-1	-1	-1	-1	-1	-1	-1	-1	-1	-1	-1	-1	-1	-1	-1	-1	-1	-1	-1	-1	-1	-1	-1	-1	-1	FFFFFF99	配饰	1087	2004	1
59081432	5	4	33	11	Charm11_2	1	8+8+10		1	1	-1	-1	-1	-1	-1	-1	-1	-1	-1	-1	-1	-1	-1	-1	-1	-1	-1	-1	-1	-1	-1	-1	-1	-1	-1	-1	-1	-1	-1	-1	-1	-1	-1	-1	-1	-1	-1	-1	-1	-1	-1	-1	-1	-1	-1	-1	-1	-1	-1	-1	-1	-1	-1	-1	-1	-1	-1	-1	-1	-1	-1	-1	-1	-1	FFFFFF99	配饰	1088	2004	1
59081433	5	4	33	11	Charm11_2	1	8+8+11		1	1	-1	-1	-1	-1	-1	-1	-1	-1	-1	-1	-1	-1	-1	-1	-1	-1	-1	-1	-1	-1	-1	-1	-1	-1	-1	-1	-1	-1	-1	-1	-1	-1	-1	-1	-1	-1	-1	-1	-1	-1	-1	-1	-1	-1	-1	-1	-1	-1	-1	-1	-1	-1	-1	-1	-1	-1	-1	-1	-1	-1	-1	-1	-1	-1	FFFFFF99	配饰	1089	2004	1
59081523	5	4	33	11	Charm11_2	1	8+8+1		1	1	-1	-1	-1	-1	-1	-1	-1	-1	-1	-1	-1	-1	-1	-1	-1	-1	-1	-1	-1	-1	-1	-1	-1	-1	-1	-1	-1	-1	-1	-1	-1	-1	-1	-1	-1	-1	-1	-1	-1	-1	-1	-1	-1	-1	-1	-1	-1	-1	-1	-1	-1	-1	-1	-1	-1	-1	-1	-1	-1	-1	-1	-1	-1	-1	FFFFFF99	配饰	1090	2004	1
59081524	5	4	33	11	Charm11_2	1	8+8+2		1	1	-1	-1	-1	-1	-1	-1	-1	-1	-1	-1	-1	-1	-1	-1	-1	-1	-1	-1	-1	-1	-1	-1	-1	-1	-1	-1	-1	-1	-1	-1	-1	-1	-1	-1	-1	-1	-1	-1	-1	-1	-1	-1	-1	-1	-1	-1	-1	-1	-1	-1	-1	-1	-1	-1	-1	-1	-1	-1	-1	-1	-1	-1	-1	-1	FFFFFF99	配饰	1091	2004	1
59081525	5	4	33	11	Charm11_2	1	8+8+3		1	1	-1	-1	-1	-1	-1	-1	-1	-1	-1	-1	-1	-1	-1	-1	-1	-1	-1	-1	-1	-1	-1	-1	-1	-1	-1	-1	-1	-1	-1	-1	-1	-1	-1	-1	-1	-1	-1	-1	-1	-1	-1	-1	-1	-1	-1	-1	-1	-1	-1	-1	-1	-1	-1	-1	-1	-1	-1	-1	-1	-1	-1	-1	-1	-1	FFFFFF99	配饰	1092	2004	1
59081526	5	4	33	11	Charm11_2	1	8+8+4		1	1	-1	-1	-1	-1	-1	-1	-1	-1	-1	-1	-1	-1	-1	-1	-1	-1	-1	-1	-1	-1	-1	-1	-1	-1	-1	-1	-1	-1	-1	-1	-1	-1	-1	-1	-1	-1	-1	-1	-1	-1	-1	-1	-1	-1	-1	-1	-1	-1	-1	-1	-1	-1	-1	-1	-1	-1	-1	-1	-1	-1	-1	-1	-1	-1	FFFFFF99	配饰	1093	2004	1
59081527	5	4	33	11	Charm11_2	1	8+8+5		1	1	-1	-1	-1	-1	-1	-1	-1	-1	-1	-1	-1	-1	-1	-1	-1	-1	-1	-1	-1	-1	-1	-1	-1	-1	-1	-1	-1	-1	-1	-1	-1	-1	-1	-1	-1	-1	-1	-1	-1	-1	-1	-1	-1	-1	-1	-1	-1	-1	-1	-1	-1	-1	-1	-1	-1	-1	-1	-1	-1	-1	-1	-1	-1	-1	FFFFFF99	配饰	1094	2004	1
59081528	5	4	33	11	Charm11_2	1	8+8+6		1	1	-1	-1	-1	-1	-1	-1	-1	-1	-1	-1	-1	-1	-1	-1	-1	-1	-1	-1	-1	-1	-1	-1	-1	-1	-1	-1	-1	-1	-1	-1	-1	-1	-1	-1	-1	-1	-1	-1	-1	-1	-1	-1	-1	-1	-1	-1	-1	-1	-1	-1	-1	-1	-1	-1	-1	-1	-1	-1	-1	-1	-1	-1	-1	-1	FFFFFF99	配饰	1095	2004	1
59081529	5	4	33	11	Charm11_2	1	8+8+7		1	1	-1	-1	-1	-1	-1	-1	-1	-1	-1	-1	-1	-1	-1	-1	-1	-1	-1	-1	-1	-1	-1	-1	-1	-1	-1	-1	-1	-1	-1	-1	-1	-1	-1	-1	-1	-1	-1	-1	-1	-1	-1	-1	-1	-1	-1	-1	-1	-1	-1	-1	-1	-1	-1	-1	-1	-1	-1	-1	-1	-1	-1	-1	-1	-1	FFFFFF99	配饰	1096	2004	1
59081530	5	4	33	11	Charm11_2	1	8+8+8		1	1	-1	-1	-1	-1	-1	-1	-1	-1	-1	-1	-1	-1	-1	-1	-1	-1	-1	-1	-1	-1	-1	-1	-1	-1	-1	-1	-1	-1	-1	-1	-1	-1	-1	-1	-1	-1	-1	-1	-1	-1	-1	-1	-1	-1	-1	-1	-1	-1	-1	-1	-1	-1	-1	-1	-1	-1	-1	-1	-1	-1	-1	-1	-1	-1	FFFFFF99	配饰	1097	2004	1
59081531	5	4	33	11	Charm11_2	1	8+8+9		1	1	-1	-1	-1	-1	-1	-1	-1	-1	-1	-1	-1	-1	-1	-1	-1	-1	-1	-1	-1	-1	-1	-1	-1	-1	-1	-1	-1	-1	-1	-1	-1	-1	-1	-1	-1	-1	-1	-1	-1	-1	-1	-1	-1	-1	-1	-1	-1	-1	-1	-1	-1	-1	-1	-1	-1	-1	-1	-1	-1	-1	-1	-1	-1	-1	FFFFFF99	配饰	1098	2004	1
59081532	5	4	33	11	Charm11_2	1	8+8+10		1	1	-1	-1	-1	-1	-1	-1	-1	-1	-1	-1	-1	-1	-1	-1	-1	-1	-1	-1	-1	-1	-1	-1	-1	-1	-1	-1	-1	-1	-1	-1	-1	-1	-1	-1	-1	-1	-1	-1	-1	-1	-1	-1	-1	-1	-1	-1	-1	-1	-1	-1	-1	-1	-1	-1	-1	-1	-1	-1	-1	-1	-1	-1	-1	-1	FFFFFF99	配饰	1099	2004	1
59081533	5	4	33	11	Charm11_2	1	8+8+11		1	1	-1	-1	-1	-1	-1	-1	-1	-1	-1	-1	-1	-1	-1	-1	-1	-1	-1	-1	-1	-1	-1	-1	-1	-1	-1	-1	-1	-1	-1	-1	-1	-1	-1	-1	-1	-1	-1	-1	-1	-1	-1	-1	-1	-1	-1	-1	-1	-1	-1	-1	-1	-1	-1	-1	-1	-1	-1	-1	-1	-1	-1	-1	-1	-1	FFFFFF99	配饰	1100	2004	1
59081623	5	4	33	11	Charm11_2	1	8+8+1		1	1	-1	-1	-1	-1	-1	-1	-1	-1	-1	-1	-1	-1	-1	-1	-1	-1	-1	-1	-1	-1	-1	-1	-1	-1	-1	-1	-1	-1	-1	-1	-1	-1	-1	-1	-1	-1	-1	-1	-1	-1	-1	-1	-1	-1	-1	-1	-1	-1	-1	-1	-1	-1	-1	-1	-1	-1	-1	-1	-1	-1	-1	-1	-1	-1	FFFFFF99	配饰	1101	2004	1
59081624	5	4	33	11	Charm11_2	1	8+8+2		1	1	-1	-1	-1	-1	-1	-1	-1	-1	-1	-1	-1	-1	-1	-1	-1	-1	-1	-1	-1	-1	-1	-1	-1	-1	-1	-1	-1	-1	-1	-1	-1	-1	-1	-1	-1	-1	-1	-1	-1	-1	-1	-1	-1	-1	-1	-1	-1	-1	-1	-1	-1	-1	-1	-1	-1	-1	-1	-1	-1	-1	-1	-1	-1	-1	FFFFFF99	配饰	1102	2004	1
59081625	5	4	33	11	Charm11_2	1	8+8+3		1	1	-1	-1	-1	-1	-1	-1	-1	-1	-1	-1	-1	-1	-1	-1	-1	-1	-1	-1	-1	-1	-1	-1	-1	-1	-1	-1	-1	-1	-1	-1	-1	-1	-1	-1	-1	-1	-1	-1	-1	-1	-1	-1	-1	-1	-1	-1	-1	-1	-1	-1	-1	-1	-1	-1	-1	-1	-1	-1	-1	-1	-1	-1	-1	-1	FFFFFF99	配饰	1103	2004	1
59081626	5	4	33	11	Charm11_2	1	8+8+4		1	1	-1	-1	-1	-1	-1	-1	-1	-1	-1	-1	-1	-1	-1	-1	-1	-1	-1	-1	-1	-1	-1	-1	-1	-1	-1	-1	-1	-1	-1	-1	-1	-1	-1	-1	-1	-1	-1	-1	-1	-1	-1	-1	-1	-1	-1	-1	-1	-1	-1	-1	-1	-1	-1	-1	-1	-1	-1	-1	-1	-1	-1	-1	-1	-1	FFFFFF99	配饰	1104	2004	1
59081627	5	4	33	11	Charm11_2	1	8+8+5		1	1	-1	-1	-1	-1	-1	-1	-1	-1	-1	-1	-1	-1	-1	-1	-1	-1	-1	-1	-1	-1	-1	-1	-1	-1	-1	-1	-1	-1	-1	-1	-1	-1	-1	-1	-1	-1	-1	-1	-1	-1	-1	-1	-1	-1	-1	-1	-1	-1	-1	-1	-1	-1	-1	-1	-1	-1	-1	-1	-1	-1	-1	-1	-1	-1	FFFFFF99	配饰	1105	2004	1
59081628	5	4	33	11	Charm11_2	1	8+8+6		1	1	-1	-1	-1	-1	-1	-1	-1	-1	-1	-1	-1	-1	-1	-1	-1	-1	-1	-1	-1	-1	-1	-1	-1	-1	-1	-1	-1	-1	-1	-1	-1	-1	-1	-1	-1	-1	-1	-1	-1	-1	-1	-1	-1	-1	-1	-1	-1	-1	-1	-1	-1	-1	-1	-1	-1	-1	-1	-1	-1	-1	-1	-1	-1	-1	FFFFFF99	配饰	1106	2004	1
59081629	5	4	33	11	Charm11_2	1	8+8+7		1	1	-1	-1	-1	-1	-1	-1	-1	-1	-1	-1	-1	-1	-1	-1	-1	-1	-1	-1	-1	-1	-1	-1	-1	-1	-1	-1	-1	-1	-1	-1	-1	-1	-1	-1	-1	-1	-1	-1	-1	-1	-1	-1	-1	-1	-1	-1	-1	-1	-1	-1	-1	-1	-1	-1	-1	-1	-1	-1	-1	-1	-1	-1	-1	-1	FFFFFF99	配饰	1107	2004	1
59081630	5	4	33	11	Charm11_2	1	8+8+8		1	1	-1	-1	-1	-1	-1	-1	-1	-1	-1	-1	-1	-1	-1	-1	-1	-1	-1	-1	-1	-1	-1	-1	-1	-1	-1	-1	-1	-1	-1	-1	-1	-1	-1	-1	-1	-1	-1	-1	-1	-1	-1	-1	-1	-1	-1	-1	-1	-1	-1	-1	-1	-1	-1	-1	-1	-1	-1	-1	-1	-1	-1	-1	-1	-1	FFFFFF99	配饰	1108	2004	1
59081631	5	4	33	11	Charm11_2	1	8+8+9		1	1	-1	-1	-1	-1	-1	-1	-1	-1	-1	-1	-1	-1	-1	-1	-1	-1	-1	-1	-1	-1	-1	-1	-1	-1	-1	-1	-1	-1	-1	-1	-1	-1	-1	-1	-1	-1	-1	-1	-1	-1	-1	-1	-1	-1	-1	-1	-1	-1	-1	-1	-1	-1	-1	-1	-1	-1	-1	-1	-1	-1	-1	-1	-1	-1	FFFFFF99	配饰	1109	2004	1
59081632	5	4	33	11	Charm11_2	1	8+8+10		1	1	-1	-1	-1	-1	-1	-1	-1	-1	-1	-1	-1	-1	-1	-1	-1	-1	-1	-1	-1	-1	-1	-1	-1	-1	-1	-1	-1	-1	-1	-1	-1	-1	-1	-1	-1	-1	-1	-1	-1	-1	-1	-1	-1	-1	-1	-1	-1	-1	-1	-1	-1	-1	-1	-1	-1	-1	-1	-1	-1	-1	-1	-1	-1	-1	FFFFFF99	配饰	1110	2004	1
59081633	5	4	33	11	Charm11_2	1	8+8+11		1	1	-1	-1	-1	-1	-1	-1	-1	-1	-1	-1	-1	-1	-1	-1	-1	-1	-1	-1	-1	-1	-1	-1	-1	-1	-1	-1	-1	-1	-1	-1	-1	-1	-1	-1	-1	-1	-1	-1	-1	-1	-1	-1	-1	-1	-1	-1	-1	-1	-1	-1	-1	-1	-1	-1	-1	-1	-1	-1	-1	-1	-1	-1	-1	-1	FFFFFF99	配饰	1111	2004	1
59081723	5	4	33	11	Charm11_2	1	8+8+1		1	1	-1	-1	-1	-1	-1	-1	-1	-1	-1	-1	-1	-1	-1	-1	-1	-1	-1	-1	-1	-1	-1	-1	-1	-1	-1	-1	-1	-1	-1	-1	-1	-1	-1	-1	-1	-1	-1	-1	-1	-1	-1	-1	-1	-1	-1	-1	-1	-1	-1	-1	-1	-1	-1	-1	-1	-1	-1	-1	-1	-1	-1	-1	-1	-1	FFFFFF99	配饰	1112	2004	1
59081724	5	4	33	11	Charm11_2	1	8+8+2		1	1	-1	-1	-1	-1	-1	-1	-1	-1	-1	-1	-1	-1	-1	-1	-1	-1	-1	-1	-1	-1	-1	-1	-1	-1	-1	-1	-1	-1	-1	-1	-1	-1	-1	-1	-1	-1	-1	-1	-1	-1	-1	-1	-1	-1	-1	-1	-1	-1	-1	-1	-1	-1	-1	-1	-1	-1	-1	-1	-1	-1	-1	-1	-1	-1	FFFFFF99	配饰	1113	2004	1
59081725	5	4	33	11	Charm11_2	1	8+8+3		1	1	-1	-1	-1	-1	-1	-1	-1	-1	-1	-1	-1	-1	-1	-1	-1	-1	-1	-1	-1	-1	-1	-1	-1	-1	-1	-1	-1	-1	-1	-1	-1	-1	-1	-1	-1	-1	-1	-1	-1	-1	-1	-1	-1	-1	-1	-1	-1	-1	-1	-1	-1	-1	-1	-1	-1	-1	-1	-1	-1	-1	-1	-1	-1	-1	FFFFFF99	配饰	1114	2004	1
59081726	5	4	33	11	Charm11_2	1	8+8+4		1	1	-1	-1	-1	-1	-1	-1	-1	-1	-1	-1	-1	-1	-1	-1	-1	-1	-1	-1	-1	-1	-1	-1	-1	-1	-1	-1	-1	-1	-1	-1	-1	-1	-1	-1	-1	-1	-1	-1	-1	-1	-1	-1	-1	-1	-1	-1	-1	-1	-1	-1	-1	-1	-1	-1	-1	-1	-1	-1	-1	-1	-1	-1	-1	-1	FFFFFF99	配饰	1115	2004	1
59081727	5	4	33	11	Charm11_2	1	8+8+5		1	1	-1	-1	-1	-1	-1	-1	-1	-1	-1	-1	-1	-1	-1	-1	-1	-1	-1	-1	-1	-1	-1	-1	-1	-1	-1	-1	-1	-1	-1	-1	-1	-1	-1	-1	-1	-1	-1	-1	-1	-1	-1	-1	-1	-1	-1	-1	-1	-1	-1	-1	-1	-1	-1	-1	-1	-1	-1	-1	-1	-1	-1	-1	-1	-1	FFFFFF99	配饰	1116	2004	1
59081728	5	4	33	11	Charm11_2	1	8+8+6		1	1	-1	-1	-1	-1	-1	-1	-1	-1	-1	-1	-1	-1	-1	-1	-1	-1	-1	-1	-1	-1	-1	-1	-1	-1	-1	-1	-1	-1	-1	-1	-1	-1	-1	-1	-1	-1	-1	-1	-1	-1	-1	-1	-1	-1	-1	-1	-1	-1	-1	-1	-1	-1	-1	-1	-1	-1	-1	-1	-1	-1	-1	-1	-1	-1	FFFFFF99	配饰	1117	2004	1
59081729	5	4	33	11	Charm11_2	1	8+8+7		1	1	-1	-1	-1	-1	-1	-1	-1	-1	-1	-1	-1	-1	-1	-1	-1	-1	-1	-1	-1	-1	-1	-1	-1	-1	-1	-1	-1	-1	-1	-1	-1	-1	-1	-1	-1	-1	-1	-1	-1	-1	-1	-1	-1	-1	-1	-1	-1	-1	-1	-1	-1	-1	-1	-1	-1	-1	-1	-1	-1	-1	-1	-1	-1	-1	FFFFFF99	配饰	1118	2004	1
59081730	5	4	33	11	Charm11_2	1	8+8+8		1	1	-1	-1	-1	-1	-1	-1	-1	-1	-1	-1	-1	-1	-1	-1	-1	-1	-1	-1	-1	-1	-1	-1	-1	-1	-1	-1	-1	-1	-1	-1	-1	-1	-1	-1	-1	-1	-1	-1	-1	-1	-1	-1	-1	-1	-1	-1	-1	-1	-1	-1	-1	-1	-1	-1	-1	-1	-1	-1	-1	-1	-1	-1	-1	-1	FFFFFF99	配饰	1119	2004	1
59081731	5	4	33	11	Charm11_2	1	8+8+9		1	1	-1	-1	-1	-1	-1	-1	-1	-1	-1	-1	-1	-1	-1	-1	-1	-1	-1	-1	-1	-1	-1	-1	-1	-1	-1	-1	-1	-1	-1	-1	-1	-1	-1	-1	-1	-1	-1	-1	-1	-1	-1	-1	-1	-1	-1	-1	-1	-1	-1	-1	-1	-1	-1	-1	-1	-1	-1	-1	-1	-1	-1	-1	-1	-1	FFFFFF99	配饰	1120	2004	1
59081732	5	4	33	11	Charm11_2	1	8+8+10		1	1	-1	-1	-1	-1	-1	-1	-1	-1	-1	-1	-1	-1	-1	-1	-1	-1	-1	-1	-1	-1	-1	-1	-1	-1	-1	-1	-1	-1	-1	-1	-1	-1	-1	-1	-1	-1	-1	-1	-1	-1	-1	-1	-1	-1	-1	-1	-1	-1	-1	-1	-1	-1	-1	-1	-1	-1	-1	-1	-1	-1	-1	-1	-1	-1	FFFFFF99	配饰	1121	2004	1
59081733	5	4	33	11	Charm11_2	1	8+8+11		1	1	-1	-1	-1	-1	-1	-1	-1	-1	-1	-1	-1	-1	-1	-1	-1	-1	-1	-1	-1	-1	-1	-1	-1	-1	-1	-1	-1	-1	-1	-1	-1	-1	-1	-1	-1	-1	-1	-1	-1	-1	-1	-1	-1	-1	-1	-1	-1	-1	-1	-1	-1	-1	-1	-1	-1	-1	-1	-1	-1	-1	-1	-1	-1	-1	FFFFFF99	配饰	1122	2004	1
59081823	5	4	33	11	Charm11_2	1	8+8+1		1	1	-1	-1	-1	-1	-1	-1	-1	-1	-1	-1	-1	-1	-1	-1	-1	-1	-1	-1	-1	-1	-1	-1	-1	-1	-1	-1	-1	-1	-1	-1	-1	-1	-1	-1	-1	-1	-1	-1	-1	-1	-1	-1	-1	-1	-1	-1	-1	-1	-1	-1	-1	-1	-1	-1	-1	-1	-1	-1	-1	-1	-1	-1	-1	-1	FFFFFF99	配饰	1123	2004	1
59081824	5	4	33	11	Charm11_2	1	8+8+2		1	1	-1	-1	-1	-1	-1	-1	-1	-1	-1	-1	-1	-1	-1	-1	-1	-1	-1	-1	-1	-1	-1	-1	-1	-1	-1	-1	-1	-1	-1	-1	-1	-1	-1	-1	-1	-1	-1	-1	-1	-1	-1	-1	-1	-1	-1	-1	-1	-1	-1	-1	-1	-1	-1	-1	-1	-1	-1	-1	-1	-1	-1	-1	-1	-1	FFFFFF99	配饰	1124	2004	1
59081825	5	4	33	11	Charm11_2	1	8+8+3		1	1	-1	-1	-1	-1	-1	-1	-1	-1	-1	-1	-1	-1	-1	-1	-1	-1	-1	-1	-1	-1	-1	-1	-1	-1	-1	-1	-1	-1	-1	-1	-1	-1	-1	-1	-1	-1	-1	-1	-1	-1	-1	-1	-1	-1	-1	-1	-1	-1	-1	-1	-1	-1	-1	-1	-1	-1	-1	-1	-1	-1	-1	-1	-1	-1	FFFFFF99	配饰	1125	2004	1
59081826	5	4	33	11	Charm11_2	1	8+8+4		1	1	-1	-1	-1	-1	-1	-1	-1	-1	-1	-1	-1	-1	-1	-1	-1	-1	-1	-1	-1	-1	-1	-1	-1	-1	-1	-1	-1	-1	-1	-1	-1	-1	-1	-1	-1	-1	-1	-1	-1	-1	-1	-1	-1	-1	-1	-1	-1	-1	-1	-1	-1	-1	-1	-1	-1	-1	-1	-1	-1	-1	-1	-1	-1	-1	FFFFFF99	配饰	1126	2004	1
59081827	5	4	33	11	Charm11_2	1	8+8+5		1	1	-1	-1	-1	-1	-1	-1	-1	-1	-1	-1	-1	-1	-1	-1	-1	-1	-1	-1	-1	-1	-1	-1	-1	-1	-1	-1	-1	-1	-1	-1	-1	-1	-1	-1	-1	-1	-1	-1	-1	-1	-1	-1	-1	-1	-1	-1	-1	-1	-1	-1	-1	-1	-1	-1	-1	-1	-1	-1	-1	-1	-1	-1	-1	-1	FFFFFF99	配饰	1127	2004	1
59081828	5	4	33	11	Charm11_2	1	8+8+6		1	1	-1	-1	-1	-1	-1	-1	-1	-1	-1	-1	-1	-1	-1	-1	-1	-1	-1	-1	-1	-1	-1	-1	-1	-1	-1	-1	-1	-1	-1	-1	-1	-1	-1	-1	-1	-1	-1	-1	-1	-1	-1	-1	-1	-1	-1	-1	-1	-1	-1	-1	-1	-1	-1	-1	-1	-1	-1	-1	-1	-1	-1	-1	-1	-1	FFFFFF99	配饰	1128	2004	1
59081829	5	4	33	11	Charm11_2	1	8+8+7		1	1	-1	-1	-1	-1	-1	-1	-1	-1	-1	-1	-1	-1	-1	-1	-1	-1	-1	-1	-1	-1	-1	-1	-1	-1	-1	-1	-1	-1	-1	-1	-1	-1	-1	-1	-1	-1	-1	-1	-1	-1	-1	-1	-1	-1	-1	-1	-1	-1	-1	-1	-1	-1	-1	-1	-1	-1	-1	-1	-1	-1	-1	-1	-1	-1	FFFFFF99	配饰	1129	2004	1
59081830	5	4	33	11	Charm11_2	1	8+8+8		1	1	-1	-1	-1	-1	-1	-1	-1	-1	-1	-1	-1	-1	-1	-1	-1	-1	-1	-1	-1	-1	-1	-1	-1	-1	-1	-1	-1	-1	-1	-1	-1	-1	-1	-1	-1	-1	-1	-1	-1	-1	-1	-1	-1	-1	-1	-1	-1	-1	-1	-1	-1	-1	-1	-1	-1	-1	-1	-1	-1	-1	-1	-1	-1	-1	FFFFFF99	配饰	1130	2004	1
59081831	5	4	33	11	Charm11_2	1	8+8+9		1	1	-1	-1	-1	-1	-1	-1	-1	-1	-1	-1	-1	-1	-1	-1	-1	-1	-1	-1	-1	-1	-1	-1	-1	-1	-1	-1	-1	-1	-1	-1	-1	-1	-1	-1	-1	-1	-1	-1	-1	-1	-1	-1	-1	-1	-1	-1	-1	-1	-1	-1	-1	-1	-1	-1	-1	-1	-1	-1	-1	-1	-1	-1	-1	-1	FFFFFF99	配饰	1131	2004	1
59081832	5	4	33	11	Charm11_2	1	8+8+10		1	1	-1	-1	-1	-1	-1	-1	-1	-1	-1	-1	-1	-1	-1	-1	-1	-1	-1	-1	-1	-1	-1	-1	-1	-1	-1	-1	-1	-1	-1	-1	-1	-1	-1	-1	-1	-1	-1	-1	-1	-1	-1	-1	-1	-1	-1	-1	-1	-1	-1	-1	-1	-1	-1	-1	-1	-1	-1	-1	-1	-1	-1	-1	-1	-1	FFFFFF99	配饰	1132	2004	1
59081833	5	4	33	11	Charm11_2	1	8+8+11		1	1	-1	-1	-1	-1	-1	-1	-1	-1	-1	-1	-1	-1	-1	-1	-1	-1	-1	-1	-1	-1	-1	-1	-1	-1	-1	-1	-1	-1	-1	-1	-1	-1	-1	-1	-1	-1	-1	-1	-1	-1	-1	-1	-1	-1	-1	-1	-1	-1	-1	-1	-1	-1	-1	-1	-1	-1	-1	-1	-1	-1	-1	-1	-1	-1	FFFFFF99	配饰	1133	2004	1
59081923	5	4	33	11	Charm11_2	1	8+8+1		1	1	-1	-1	-1	-1	-1	-1	-1	-1	-1	-1	-1	-1	-1	-1	-1	-1	-1	-1	-1	-1	-1	-1	-1	-1	-1	-1	-1	-1	-1	-1	-1	-1	-1	-1	-1	-1	-1	-1	-1	-1	-1	-1	-1	-1	-1	-1	-1	-1	-1	-1	-1	-1	-1	-1	-1	-1	-1	-1	-1	-1	-1	-1	-1	-1	FFFFFF99	配饰	1134	2004	1
59081924	5	4	33	11	Charm11_2	1	8+8+2		1	1	-1	-1	-1	-1	-1	-1	-1	-1	-1	-1	-1	-1	-1	-1	-1	-1	-1	-1	-1	-1	-1	-1	-1	-1	-1	-1	-1	-1	-1	-1	-1	-1	-1	-1	-1	-1	-1	-1	-1	-1	-1	-1	-1	-1	-1	-1	-1	-1	-1	-1	-1	-1	-1	-1	-1	-1	-1	-1	-1	-1	-1	-1	-1	-1	FFFFFF99	配饰	1135	2004	1
59081925	5	4	33	11	Charm11_2	1	8+8+3		1	1	-1	-1	-1	-1	-1	-1	-1	-1	-1	-1	-1	-1	-1	-1	-1	-1	-1	-1	-1	-1	-1	-1	-1	-1	-1	-1	-1	-1	-1	-1	-1	-1	-1	-1	-1	-1	-1	-1	-1	-1	-1	-1	-1	-1	-1	-1	-1	-1	-1	-1	-1	-1	-1	-1	-1	-1	-1	-1	-1	-1	-1	-1	-1	-1	FFFFFF99	配饰	1136	2004	1
59081926	5	4	33	11	Charm11_2	1	8+8+4		1	1	-1	-1	-1	-1	-1	-1	-1	-1	-1	-1	-1	-1	-1	-1	-1	-1	-1	-1	-1	-1	-1	-1	-1	-1	-1	-1	-1	-1	-1	-1	-1	-1	-1	-1	-1	-1	-1	-1	-1	-1	-1	-1	-1	-1	-1	-1	-1	-1	-1	-1	-1	-1	-1	-1	-1	-1	-1	-1	-1	-1	-1	-1	-1	-1	FFFFFF99	配饰	1137	2004	1
59081927	5	4	33	11	Charm11_2	1	8+8+5		1	1	-1	-1	-1	-1	-1	-1	-1	-1	-1	-1	-1	-1	-1	-1	-1	-1	-1	-1	-1	-1	-1	-1	-1	-1	-1	-1	-1	-1	-1	-1	-1	-1	-1	-1	-1	-1	-1	-1	-1	-1	-1	-1	-1	-1	-1	-1	-1	-1	-1	-1	-1	-1	-1	-1	-1	-1	-1	-1	-1	-1	-1	-1	-1	-1	FFFFFF99	配饰	1138	2004	1
59081928	5	4	33	11	Charm11_2	1	8+8+6		1	1	-1	-1	-1	-1	-1	-1	-1	-1	-1	-1	-1	-1	-1	-1	-1	-1	-1	-1	-1	-1	-1	-1	-1	-1	-1	-1	-1	-1	-1	-1	-1	-1	-1	-1	-1	-1	-1	-1	-1	-1	-1	-1	-1	-1	-1	-1	-1	-1	-1	-1	-1	-1	-1	-1	-1	-1	-1	-1	-1	-1	-1	-1	-1	-1	FFFFFF99	配饰	1139	2004	1
59081929	5	4	33	11	Charm11_2	1	8+8+7		1	1	-1	-1	-1	-1	-1	-1	-1	-1	-1	-1	-1	-1	-1	-1	-1	-1	-1	-1	-1	-1	-1	-1	-1	-1	-1	-1	-1	-1	-1	-1	-1	-1	-1	-1	-1	-1	-1	-1	-1	-1	-1	-1	-1	-1	-1	-1	-1	-1	-1	-1	-1	-1	-1	-1	-1	-1	-1	-1	-1	-1	-1	-1	-1	-1	FFFFFF99	配饰	1140	2004	1
59081930	5	4	33	11	Charm11_2	1	8+8+8		1	1	-1	-1	-1	-1	-1	-1	-1	-1	-1	-1	-1	-1	-1	-1	-1	-1	-1	-1	-1	-1	-1	-1	-1	-1	-1	-1	-1	-1	-1	-1	-1	-1	-1	-1	-1	-1	-1	-1	-1	-1	-1	-1	-1	-1	-1	-1	-1	-1	-1	-1	-1	-1	-1	-1	-1	-1	-1	-1	-1	-1	-1	-1	-1	-1	FFFFFF99	配饰	1141	2004	1
59081931	5	4	33	11	Charm11_2	1	8+8+9		1	1	-1	-1	-1	-1	-1	-1	-1	-1	-1	-1	-1	-1	-1	-1	-1	-1	-1	-1	-1	-1	-1	-1	-1	-1	-1	-1	-1	-1	-1	-1	-1	-1	-1	-1	-1	-1	-1	-1	-1	-1	-1	-1	-1	-1	-1	-1	-1	-1	-1	-1	-1	-1	-1	-1	-1	-1	-1	-1	-1	-1	-1	-1	-1	-1	FFFFFF99	配饰	1142	2004	1
59081932	5	4	33	11	Charm11_2	1	8+8+10		1	1	-1	-1	-1	-1	-1	-1	-1	-1	-1	-1	-1	-1	-1	-1	-1	-1	-1	-1	-1	-1	-1	-1	-1	-1	-1	-1	-1	-1	-1	-1	-1	-1	-1	-1	-1	-1	-1	-1	-1	-1	-1	-1	-1	-1	-1	-1	-1	-1	-1	-1	-1	-1	-1	-1	-1	-1	-1	-1	-1	-1	-1	-1	-1	-1	FFFFFF99	配饰	1143	2004	1
59081933	5	4	33	11	Charm11_2	1	8+8+11		1	1	-1	-1	-1	-1	-1	-1	-1	-1	-1	-1	-1	-1	-1	-1	-1	-1	-1	-1	-1	-1	-1	-1	-1	-1	-1	-1	-1	-1	-1	-1	-1	-1	-1	-1	-1	-1	-1	-1	-1	-1	-1	-1	-1	-1	-1	-1	-1	-1	-1	-1	-1	-1	-1	-1	-1	-1	-1	-1	-1	-1	-1	-1	-1	-1	FFFFFF99	配饰	1144	2004	1
59082023	5	4	33	11	Charm11_2	1	8+9+1		1	1	-1	-1	-1	-1	-1	-1	-1	-1	-1	-1	-1	-1	-1	-1	-1	-1	-1	-1	-1	-1	-1	-1	-1	-1	-1	-1	-1	-1	-1	-1	-1	-1	-1	-1	-1	-1	-1	-1	-1	-1	-1	-1	-1	-1	-1	-1	-1	-1	-1	-1	-1	-1	-1	-1	-1	-1	-1	-1	-1	-1	-1	-1	-1	-1	FFFFFF99	配饰	1145	2004	1
59082024	5	4	33	11	Charm11_2	1	8+9+2		1	1	-1	-1	-1	-1	-1	-1	-1	-1	-1	-1	-1	-1	-1	-1	-1	-1	-1	-1	-1	-1	-1	-1	-1	-1	-1	-1	-1	-1	-1	-1	-1	-1	-1	-1	-1	-1	-1	-1	-1	-1	-1	-1	-1	-1	-1	-1	-1	-1	-1	-1	-1	-1	-1	-1	-1	-1	-1	-1	-1	-1	-1	-1	-1	-1	FFFFFF99	配饰	1146	2004	1
59082025	5	4	33	11	Charm11_2	1	8+9+3		1	1	-1	-1	-1	-1	-1	-1	-1	-1	-1	-1	-1	-1	-1	-1	-1	-1	-1	-1	-1	-1	-1	-1	-1	-1	-1	-1	-1	-1	-1	-1	-1	-1	-1	-1	-1	-1	-1	-1	-1	-1	-1	-1	-1	-1	-1	-1	-1	-1	-1	-1	-1	-1	-1	-1	-1	-1	-1	-1	-1	-1	-1	-1	-1	-1	FFFFFF99	配饰	1147	2004	1
59082026	5	4	33	11	Charm11_2	1	8+9+4		1	1	-1	-1	-1	-1	-1	-1	-1	-1	-1	-1	-1	-1	-1	-1	-1	-1	-1	-1	-1	-1	-1	-1	-1	-1	-1	-1	-1	-1	-1	-1	-1	-1	-1	-1	-1	-1	-1	-1	-1	-1	-1	-1	-1	-1	-1	-1	-1	-1	-1	-1	-1	-1	-1	-1	-1	-1	-1	-1	-1	-1	-1	-1	-1	-1	FFFFFF99	配饰	1148	2004	1
59082027	5	4	33	11	Charm11_2	1	8+9+5		1	1	-1	-1	-1	-1	-1	-1	-1	-1	-1	-1	-1	-1	-1	-1	-1	-1	-1	-1	-1	-1	-1	-1	-1	-1	-1	-1	-1	-1	-1	-1	-1	-1	-1	-1	-1	-1	-1	-1	-1	-1	-1	-1	-1	-1	-1	-1	-1	-1	-1	-1	-1	-1	-1	-1	-1	-1	-1	-1	-1	-1	-1	-1	-1	-1	FFFFFF99	配饰	1149	2004	1
59082028	5	4	33	11	Charm11_2	1	8+9+6		1	1	-1	-1	-1	-1	-1	-1	-1	-1	-1	-1	-1	-1	-1	-1	-1	-1	-1	-1	-1	-1	-1	-1	-1	-1	-1	-1	-1	-1	-1	-1	-1	-1	-1	-1	-1	-1	-1	-1	-1	-1	-1	-1	-1	-1	-1	-1	-1	-1	-1	-1	-1	-1	-1	-1	-1	-1	-1	-1	-1	-1	-1	-1	-1	-1	FFFFFF99	配饰	1150	2004	1
59082029	5	4	33	11	Charm11_2	1	8+9+7		1	1	-1	-1	-1	-1	-1	-1	-1	-1	-1	-1	-1	-1	-1	-1	-1	-1	-1	-1	-1	-1	-1	-1	-1	-1	-1	-1	-1	-1	-1	-1	-1	-1	-1	-1	-1	-1	-1	-1	-1	-1	-1	-1	-1	-1	-1	-1	-1	-1	-1	-1	-1	-1	-1	-1	-1	-1	-1	-1	-1	-1	-1	-1	-1	-1	FFFFFF99	配饰	1151	2004	1
59082030	5	4	33	11	Charm11_2	1	8+9+8		1	1	-1	-1	-1	-1	-1	-1	-1	-1	-1	-1	-1	-1	-1	-1	-1	-1	-1	-1	-1	-1	-1	-1	-1	-1	-1	-1	-1	-1	-1	-1	-1	-1	-1	-1	-1	-1	-1	-1	-1	-1	-1	-1	-1	-1	-1	-1	-1	-1	-1	-1	-1	-1	-1	-1	-1	-1	-1	-1	-1	-1	-1	-1	-1	-1	FFFFFF99	配饰	1152	2004	1
59082031	5	4	33	11	Charm11_2	1	8+9+9		1	1	-1	-1	-1	-1	-1	-1	-1	-1	-1	-1	-1	-1	-1	-1	-1	-1	-1	-1	-1	-1	-1	-1	-1	-1	-1	-1	-1	-1	-1	-1	-1	-1	-1	-1	-1	-1	-1	-1	-1	-1	-1	-1	-1	-1	-1	-1	-1	-1	-1	-1	-1	-1	-1	-1	-1	-1	-1	-1	-1	-1	-1	-1	-1	-1	FFFFFF99	配饰	1153	2004	1
59082032	5	4	33	11	Charm11_2	1	8+9+10		1	1	-1	-1	-1	-1	-1	-1	-1	-1	-1	-1	-1	-1	-1	-1	-1	-1	-1	-1	-1	-1	-1	-1	-1	-1	-1	-1	-1	-1	-1	-1	-1	-1	-1	-1	-1	-1	-1	-1	-1	-1	-1	-1	-1	-1	-1	-1	-1	-1	-1	-1	-1	-1	-1	-1	-1	-1	-1	-1	-1	-1	-1	-1	-1	-1	FFFFFF99	配饰	1154	2004	1
59082033	5	4	33	11	Charm11_2	1	8+9+11		1	1	-1	-1	-1	-1	-1	-1	-1	-1	-1	-1	-1	-1	-1	-1	-1	-1	-1	-1	-1	-1	-1	-1	-1	-1	-1	-1	-1	-1	-1	-1	-1	-1	-1	-1	-1	-1	-1	-1	-1	-1	-1	-1	-1	-1	-1	-1	-1	-1	-1	-1	-1	-1	-1	-1	-1	-1	-1	-1	-1	-1	-1	-1	-1	-1	FFFFFF99	配饰	1155	2004	1
59082123	5	4	33	11	Charm11_2	1	8+10+1		1	1	-1	-1	-1	-1	-1	-1	-1	-1	-1	-1	-1	-1	-1	-1	-1	-1	-1	-1	-1	-1	-1	-1	-1	-1	-1	-1	-1	-1	-1	-1	-1	-1	-1	-1	-1	-1	-1	-1	-1	-1	-1	-1	-1	-1	-1	-1	-1	-1	-1	-1	-1	-1	-1	-1	-1	-1	-1	-1	-1	-1	-1	-1	-1	-1	FFFFFF99	配饰	1156	2004	1
59082124	5	4	33	11	Charm11_2	1	8+10+2		1	1	-1	-1	-1	-1	-1	-1	-1	-1	-1	-1	-1	-1	-1	-1	-1	-1	-1	-1	-1	-1	-1	-1	-1	-1	-1	-1	-1	-1	-1	-1	-1	-1	-1	-1	-1	-1	-1	-1	-1	-1	-1	-1	-1	-1	-1	-1	-1	-1	-1	-1	-1	-1	-1	-1	-1	-1	-1	-1	-1	-1	-1	-1	-1	-1	FFFFFF99	配饰	1157	2004	1
59082125	5	4	33	11	Charm11_2	1	8+10+3		1	1	-1	-1	-1	-1	-1	-1	-1	-1	-1	-1	-1	-1	-1	-1	-1	-1	-1	-1	-1	-1	-1	-1	-1	-1	-1	-1	-1	-1	-1	-1	-1	-1	-1	-1	-1	-1	-1	-1	-1	-1	-1	-1	-1	-1	-1	-1	-1	-1	-1	-1	-1	-1	-1	-1	-1	-1	-1	-1	-1	-1	-1	-1	-1	-1	FFFFFF99	配饰	1158	2004	1
59082126	5	4	33	11	Charm11_2	1	8+10+4		1	1	-1	-1	-1	-1	-1	-1	-1	-1	-1	-1	-1	-1	-1	-1	-1	-1	-1	-1	-1	-1	-1	-1	-1	-1	-1	-1	-1	-1	-1	-1	-1	-1	-1	-1	-1	-1	-1	-1	-1	-1	-1	-1	-1	-1	-1	-1	-1	-1	-1	-1	-1	-1	-1	-1	-1	-1	-1	-1	-1	-1	-1	-1	-1	-1	FFFFFF99	配饰	1159	2004	1
59082127	5	4	33	11	Charm11_2	1	8+10+5		1	1	-1	-1	-1	-1	-1	-1	-1	-1	-1	-1	-1	-1	-1	-1	-1	-1	-1	-1	-1	-1	-1	-1	-1	-1	-1	-1	-1	-1	-1	-1	-1	-1	-1	-1	-1	-1	-1	-1	-1	-1	-1	-1	-1	-1	-1	-1	-1	-1	-1	-1	-1	-1	-1	-1	-1	-1	-1	-1	-1	-1	-1	-1	-1	-1	FFFFFF99	配饰	1160	2004	1
59082128	5	4	33	11	Charm11_2	1	8+10+6		1	1	-1	-1	-1	-1	-1	-1	-1	-1	-1	-1	-1	-1	-1	-1	-1	-1	-1	-1	-1	-1	-1	-1	-1	-1	-1	-1	-1	-1	-1	-1	-1	-1	-1	-1	-1	-1	-1	-1	-1	-1	-1	-1	-1	-1	-1	-1	-1	-1	-1	-1	-1	-1	-1	-1	-1	-1	-1	-1	-1	-1	-1	-1	-1	-1	FFFFFF99	配饰	1161	2004	1
59082129	5	4	33	11	Charm11_2	1	8+10+7		1	1	-1	-1	-1	-1	-1	-1	-1	-1	-1	-1	-1	-1	-1	-1	-1	-1	-1	-1	-1	-1	-1	-1	-1	-1	-1	-1	-1	-1	-1	-1	-1	-1	-1	-1	-1	-1	-1	-1	-1	-1	-1	-1	-1	-1	-1	-1	-1	-1	-1	-1	-1	-1	-1	-1	-1	-1	-1	-1	-1	-1	-1	-1	-1	-1	FFFFFF99	配饰	1162	2004	1
59082130	5	4	33	11	Charm11_2	1	8+10+8		1	1	-1	-1	-1	-1	-1	-1	-1	-1	-1	-1	-1	-1	-1	-1	-1	-1	-1	-1	-1	-1	-1	-1	-1	-1	-1	-1	-1	-1	-1	-1	-1	-1	-1	-1	-1	-1	-1	-1	-1	-1	-1	-1	-1	-1	-1	-1	-1	-1	-1	-1	-1	-1	-1	-1	-1	-1	-1	-1	-1	-1	-1	-1	-1	-1	FFFFFF99	配饰	1163	2004	1
59082131	5	4	33	11	Charm11_2	1	8+10+9		1	1	-1	-1	-1	-1	-1	-1	-1	-1	-1	-1	-1	-1	-1	-1	-1	-1	-1	-1	-1	-1	-1	-1	-1	-1	-1	-1	-1	-1	-1	-1	-1	-1	-1	-1	-1	-1	-1	-1	-1	-1	-1	-1	-1	-1	-1	-1	-1	-1	-1	-1	-1	-1	-1	-1	-1	-1	-1	-1	-1	-1	-1	-1	-1	-1	FFFFFF99	配饰	1164	2004	1
59082132	5	4	33	11	Charm11_2	1	8+10+10		1	1	-1	-1	-1	-1	-1	-1	-1	-1	-1	-1	-1	-1	-1	-1	-1	-1	-1	-1	-1	-1	-1	-1	-1	-1	-1	-1	-1	-1	-1	-1	-1	-1	-1	-1	-1	-1	-1	-1	-1	-1	-1	-1	-1	-1	-1	-1	-1	-1	-1	-1	-1	-1	-1	-1	-1	-1	-1	-1	-1	-1	-1	-1	-1	-1	FFFFFF99	配饰	1165	2004	1
59082133	5	4	33	11	Charm11_2	1	8+10+11		1	1	-1	-1	-1	-1	-1	-1	-1	-1	-1	-1	-1	-1	-1	-1	-1	-1	-1	-1	-1	-1	-1	-1	-1	-1	-1	-1	-1	-1	-1	-1	-1	-1	-1	-1	-1	-1	-1	-1	-1	-1	-1	-1	-1	-1	-1	-1	-1	-1	-1	-1	-1	-1	-1	-1	-1	-1	-1	-1	-1	-1	-1	-1	-1	-1	FFFFFF99	配饰	1166	2004	1
59082223	5	4	33	11	Charm11_2	1	8+11+1		1	1	-1	-1	-1	-1	-1	-1	-1	-1	-1	-1	-1	-1	-1	-1	-1	-1	-1	-1	-1	-1	-1	-1	-1	-1	-1	-1	-1	-1	-1	-1	-1	-1	-1	-1	-1	-1	-1	-1	-1	-1	-1	-1	-1	-1	-1	-1	-1	-1	-1	-1	-1	-1	-1	-1	-1	-1	-1	-1	-1	-1	-1	-1	-1	-1	FFFFFF99	配饰	1167	2004	1
59082224	5	4	33	11	Charm11_2	1	8+11+2		1	1	-1	-1	-1	-1	-1	-1	-1	-1	-1	-1	-1	-1	-1	-1	-1	-1	-1	-1	-1	-1	-1	-1	-1	-1	-1	-1	-1	-1	-1	-1	-1	-1	-1	-1	-1	-1	-1	-1	-1	-1	-1	-1	-1	-1	-1	-1	-1	-1	-1	-1	-1	-1	-1	-1	-1	-1	-1	-1	-1	-1	-1	-1	-1	-1	FFFFFF99	配饰	1168	2004	1
59082225	5	4	33	11	Charm11_2	1	8+11+3		1	1	-1	-1	-1	-1	-1	-1	-1	-1	-1	-1	-1	-1	-1	-1	-1	-1	-1	-1	-1	-1	-1	-1	-1	-1	-1	-1	-1	-1	-1	-1	-1	-1	-1	-1	-1	-1	-1	-1	-1	-1	-1	-1	-1	-1	-1	-1	-1	-1	-1	-1	-1	-1	-1	-1	-1	-1	-1	-1	-1	-1	-1	-1	-1	-1	FFFFFF99	配饰	1169	2004	1
59082226	5	4	33	11	Charm11_2	1	8+11+4		1	1	-1	-1	-1	-1	-1	-1	-1	-1	-1	-1	-1	-1	-1	-1	-1	-1	-1	-1	-1	-1	-1	-1	-1	-1	-1	-1	-1	-1	-1	-1	-1	-1	-1	-1	-1	-1	-1	-1	-1	-1	-1	-1	-1	-1	-1	-1	-1	-1	-1	-1	-1	-1	-1	-1	-1	-1	-1	-1	-1	-1	-1	-1	-1	-1	FFFFFF99	配饰	1170	2004	1
59082227	5	4	33	11	Charm11_2	1	8+11+5		1	1	-1	-1	-1	-1	-1	-1	-1	-1	-1	-1	-1	-1	-1	-1	-1	-1	-1	-1	-1	-1	-1	-1	-1	-1	-1	-1	-1	-1	-1	-1	-1	-1	-1	-1	-1	-1	-1	-1	-1	-1	-1	-1	-1	-1	-1	-1	-1	-1	-1	-1	-1	-1	-1	-1	-1	-1	-1	-1	-1	-1	-1	-1	-1	-1	FFFFFF99	配饰	1171	2004	1
59082228	5	4	33	11	Charm11_2	1	8+11+6		1	1	-1	-1	-1	-1	-1	-1	-1	-1	-1	-1	-1	-1	-1	-1	-1	-1	-1	-1	-1	-1	-1	-1	-1	-1	-1	-1	-1	-1	-1	-1	-1	-1	-1	-1	-1	-1	-1	-1	-1	-1	-1	-1	-1	-1	-1	-1	-1	-1	-1	-1	-1	-1	-1	-1	-1	-1	-1	-1	-1	-1	-1	-1	-1	-1	FFFFFF99	配饰	1172	2004	1
59082229	5	4	33	11	Charm11_2	1	8+11+7		1	1	-1	-1	-1	-1	-1	-1	-1	-1	-1	-1	-1	-1	-1	-1	-1	-1	-1	-1	-1	-1	-1	-1	-1	-1	-1	-1	-1	-1	-1	-1	-1	-1	-1	-1	-1	-1	-1	-1	-1	-1	-1	-1	-1	-1	-1	-1	-1	-1	-1	-1	-1	-1	-1	-1	-1	-1	-1	-1	-1	-1	-1	-1	-1	-1	FFFFFF99	配饰	1173	2004	1
59082230	5	4	33	11	Charm11_2	1	8+11+8		1	1	-1	-1	-1	-1	-1	-1	-1	-1	-1	-1	-1	-1	-1	-1	-1	-1	-1	-1	-1	-1	-1	-1	-1	-1	-1	-1	-1	-1	-1	-1	-1	-1	-1	-1	-1	-1	-1	-1	-1	-1	-1	-1	-1	-1	-1	-1	-1	-1	-1	-1	-1	-1	-1	-1	-1	-1	-1	-1	-1	-1	-1	-1	-1	-1	FFFFFF99	配饰	1174	2004	1
59082231	5	4	33	11	Charm11_2	1	8+11+9		1	1	-1	-1	-1	-1	-1	-1	-1	-1	-1	-1	-1	-1	-1	-1	-1	-1	-1	-1	-1	-1	-1	-1	-1	-1	-1	-1	-1	-1	-1	-1	-1	-1	-1	-1	-1	-1	-1	-1	-1	-1	-1	-1	-1	-1	-1	-1	-1	-1	-1	-1	-1	-1	-1	-1	-1	-1	-1	-1	-1	-1	-1	-1	-1	-1	FFFFFF99	配饰	1175	2004	1
59082232	5	4	33	11	Charm11_2	1	8+11+10		1	1	-1	-1	-1	-1	-1	-1	-1	-1	-1	-1	-1	-1	-1	-1	-1	-1	-1	-1	-1	-1	-1	-1	-1	-1	-1	-1	-1	-1	-1	-1	-1	-1	-1	-1	-1	-1	-1	-1	-1	-1	-1	-1	-1	-1	-1	-1	-1	-1	-1	-1	-1	-1	-1	-1	-1	-1	-1	-1	-1	-1	-1	-1	-1	-1	FFFFFF99	配饰	1176	2004	1
59082233	5	4	33	11	Charm11_2	1	8+11+11		1	1	-1	-1	-1	-1	-1	-1	-1	-1	-1	-1	-1	-1	-1	-1	-1	-1	-1	-1	-1	-1	-1	-1	-1	-1	-1	-1	-1	-1	-1	-1	-1	-1	-1	-1	-1	-1	-1	-1	-1	-1	-1	-1	-1	-1	-1	-1	-1	-1	-1	-1	-1	-1	-1	-1	-1	-1	-1	-1	-1	-1	-1	-1	-1	-1	FFFFFF99	配饰	1177	2004	1
#星云																																																																															
59091223	5	4	33	11	Charm11_2	1	9+1+1		1	1	-1	-1	-1	-1	-1	-1	-1	-1	-1	-1	-1	-1	-1	-1	-1	-1	-1	-1	-1	-1	-1	-1	-1	-1	-1	-1	-1	-1	-1	-1	-1	-1	-1	-1	-1	-1	-1	-1	-1	-1	-1	-1	-1	-1	-1	-1	-1	-1	-1	-1	-1	-1	-1	-1	-1	-1	-1	-1	-1	-1	-1	-1	-1	-1	FFFFFF99	配饰	1200	2004	1
59091224	5	4	33	11	Charm11_2	1	9+1+2		1	1	-1	-1	-1	-1	-1	-1	-1	-1	-1	-1	-1	-1	-1	-1	-1	-1	-1	-1	-1	-1	-1	-1	-1	-1	-1	-1	-1	-1	-1	-1	-1	-1	-1	-1	-1	-1	-1	-1	-1	-1	-1	-1	-1	-1	-1	-1	-1	-1	-1	-1	-1	-1	-1	-1	-1	-1	-1	-1	-1	-1	-1	-1	-1	-1	FFFFFF99	配饰	1201	2004	1
59091225	5	4	33	11	Charm11_2	1	9+1+3		1	1	-1	-1	-1	-1	-1	-1	-1	-1	-1	-1	-1	-1	-1	-1	-1	-1	-1	-1	-1	-1	-1	-1	-1	-1	-1	-1	-1	-1	-1	-1	-1	-1	-1	-1	-1	-1	-1	-1	-1	-1	-1	-1	-1	-1	-1	-1	-1	-1	-1	-1	-1	-1	-1	-1	-1	-1	-1	-1	-1	-1	-1	-1	-1	-1	FFFFFF99	配饰	1202	2004	1
59091226	5	4	33	11	Charm11_2	1	9+1+4		1	1	-1	-1	-1	-1	-1	-1	-1	-1	-1	-1	-1	-1	-1	-1	-1	-1	-1	-1	-1	-1	-1	-1	-1	-1	-1	-1	-1	-1	-1	-1	-1	-1	-1	-1	-1	-1	-1	-1	-1	-1	-1	-1	-1	-1	-1	-1	-1	-1	-1	-1	-1	-1	-1	-1	-1	-1	-1	-1	-1	-1	-1	-1	-1	-1	FFFFFF99	配饰	1203	2004	1
59091227	5	4	33	11	Charm11_2	1	9+1+5		1	1	-1	-1	-1	-1	-1	-1	-1	-1	-1	-1	-1	-1	-1	-1	-1	-1	-1	-1	-1	-1	-1	-1	-1	-1	-1	-1	-1	-1	-1	-1	-1	-1	-1	-1	-1	-1	-1	-1	-1	-1	-1	-1	-1	-1	-1	-1	-1	-1	-1	-1	-1	-1	-1	-1	-1	-1	-1	-1	-1	-1	-1	-1	-1	-1	FFFFFF99	配饰	1204	2004	1
59091228	5	4	33	11	Charm11_2	1	9+1+6		1	1	-1	-1	-1	-1	-1	-1	-1	-1	-1	-1	-1	-1	-1	-1	-1	-1	-1	-1	-1	-1	-1	-1	-1	-1	-1	-1	-1	-1	-1	-1	-1	-1	-1	-1	-1	-1	-1	-1	-1	-1	-1	-1	-1	-1	-1	-1	-1	-1	-1	-1	-1	-1	-1	-1	-1	-1	-1	-1	-1	-1	-1	-1	-1	-1	FFFFFF99	配饰	1205	2004	1
59091229	5	4	33	11	Charm11_2	1	9+1+7		1	1	-1	-1	-1	-1	-1	-1	-1	-1	-1	-1	-1	-1	-1	-1	-1	-1	-1	-1	-1	-1	-1	-1	-1	-1	-1	-1	-1	-1	-1	-1	-1	-1	-1	-1	-1	-1	-1	-1	-1	-1	-1	-1	-1	-1	-1	-1	-1	-1	-1	-1	-1	-1	-1	-1	-1	-1	-1	-1	-1	-1	-1	-1	-1	-1	FFFFFF99	配饰	1206	2004	1
59091230	5	4	33	11	Charm11_2	1	9+1+8		1	1	-1	-1	-1	-1	-1	-1	-1	-1	-1	-1	-1	-1	-1	-1	-1	-1	-1	-1	-1	-1	-1	-1	-1	-1	-1	-1	-1	-1	-1	-1	-1	-1	-1	-1	-1	-1	-1	-1	-1	-1	-1	-1	-1	-1	-1	-1	-1	-1	-1	-1	-1	-1	-1	-1	-1	-1	-1	-1	-1	-1	-1	-1	-1	-1	FFFFFF99	配饰	1207	2004	1
59091231	5	4	33	11	Charm11_2	1	9+1+9		1	1	-1	-1	-1	-1	-1	-1	-1	-1	-1	-1	-1	-1	-1	-1	-1	-1	-1	-1	-1	-1	-1	-1	-1	-1	-1	-1	-1	-1	-1	-1	-1	-1	-1	-1	-1	-1	-1	-1	-1	-1	-1	-1	-1	-1	-1	-1	-1	-1	-1	-1	-1	-1	-1	-1	-1	-1	-1	-1	-1	-1	-1	-1	-1	-1	FFFFFF99	配饰	1208	2004	1
59091232	5	4	33	11	Charm11_2	1	9+1+10		1	1	-1	-1	-1	-1	-1	-1	-1	-1	-1	-1	-1	-1	-1	-1	-1	-1	-1	-1	-1	-1	-1	-1	-1	-1	-1	-1	-1	-1	-1	-1	-1	-1	-1	-1	-1	-1	-1	-1	-1	-1	-1	-1	-1	-1	-1	-1	-1	-1	-1	-1	-1	-1	-1	-1	-1	-1	-1	-1	-1	-1	-1	-1	-1	-1	FFFFFF99	配饰	1209	2004	1
59091233	5	4	33	11	Charm11_2	1	9+1+11		1	1	-1	-1	-1	-1	-1	-1	-1	-1	-1	-1	-1	-1	-1	-1	-1	-1	-1	-1	-1	-1	-1	-1	-1	-1	-1	-1	-1	-1	-1	-1	-1	-1	-1	-1	-1	-1	-1	-1	-1	-1	-1	-1	-1	-1	-1	-1	-1	-1	-1	-1	-1	-1	-1	-1	-1	-1	-1	-1	-1	-1	-1	-1	-1	-1	FFFFFF99	配饰	1210	2004	1
59091323	5	4	33	11	Charm11_2	1	9+9+1		1	1	-1	-1	-1	-1	-1	-1	-1	-1	-1	-1	-1	-1	-1	-1	-1	-1	-1	-1	-1	-1	-1	-1	-1	-1	-1	-1	-1	-1	-1	-1	-1	-1	-1	-1	-1	-1	-1	-1	-1	-1	-1	-1	-1	-1	-1	-1	-1	-1	-1	-1	-1	-1	-1	-1	-1	-1	-1	-1	-1	-1	-1	-1	-1	-1	FFFFFF99	配饰	1211	2004	1
59091324	5	4	33	11	Charm11_2	1	9+9+2		1	1	-1	-1	-1	-1	-1	-1	-1	-1	-1	-1	-1	-1	-1	-1	-1	-1	-1	-1	-1	-1	-1	-1	-1	-1	-1	-1	-1	-1	-1	-1	-1	-1	-1	-1	-1	-1	-1	-1	-1	-1	-1	-1	-1	-1	-1	-1	-1	-1	-1	-1	-1	-1	-1	-1	-1	-1	-1	-1	-1	-1	-1	-1	-1	-1	FFFFFF99	配饰	1212	2004	1
59091325	5	4	33	11	Charm11_2	1	9+9+3		1	1	-1	-1	-1	-1	-1	-1	-1	-1	-1	-1	-1	-1	-1	-1	-1	-1	-1	-1	-1	-1	-1	-1	-1	-1	-1	-1	-1	-1	-1	-1	-1	-1	-1	-1	-1	-1	-1	-1	-1	-1	-1	-1	-1	-1	-1	-1	-1	-1	-1	-1	-1	-1	-1	-1	-1	-1	-1	-1	-1	-1	-1	-1	-1	-1	FFFFFF99	配饰	1213	2004	1
59091326	5	4	33	11	Charm11_2	1	9+9+4		1	1	-1	-1	-1	-1	-1	-1	-1	-1	-1	-1	-1	-1	-1	-1	-1	-1	-1	-1	-1	-1	-1	-1	-1	-1	-1	-1	-1	-1	-1	-1	-1	-1	-1	-1	-1	-1	-1	-1	-1	-1	-1	-1	-1	-1	-1	-1	-1	-1	-1	-1	-1	-1	-1	-1	-1	-1	-1	-1	-1	-1	-1	-1	-1	-1	FFFFFF99	配饰	1214	2004	1
59091327	5	4	33	11	Charm11_2	1	9+9+5		1	1	-1	-1	-1	-1	-1	-1	-1	-1	-1	-1	-1	-1	-1	-1	-1	-1	-1	-1	-1	-1	-1	-1	-1	-1	-1	-1	-1	-1	-1	-1	-1	-1	-1	-1	-1	-1	-1	-1	-1	-1	-1	-1	-1	-1	-1	-1	-1	-1	-1	-1	-1	-1	-1	-1	-1	-1	-1	-1	-1	-1	-1	-1	-1	-1	FFFFFF99	配饰	1215	2004	1
59091328	5	4	33	11	Charm11_2	1	9+9+6		1	1	-1	-1	-1	-1	-1	-1	-1	-1	-1	-1	-1	-1	-1	-1	-1	-1	-1	-1	-1	-1	-1	-1	-1	-1	-1	-1	-1	-1	-1	-1	-1	-1	-1	-1	-1	-1	-1	-1	-1	-1	-1	-1	-1	-1	-1	-1	-1	-1	-1	-1	-1	-1	-1	-1	-1	-1	-1	-1	-1	-1	-1	-1	-1	-1	FFFFFF99	配饰	1216	2004	1
59091329	5	4	33	11	Charm11_2	1	9+9+7		1	1	-1	-1	-1	-1	-1	-1	-1	-1	-1	-1	-1	-1	-1	-1	-1	-1	-1	-1	-1	-1	-1	-1	-1	-1	-1	-1	-1	-1	-1	-1	-1	-1	-1	-1	-1	-1	-1	-1	-1	-1	-1	-1	-1	-1	-1	-1	-1	-1	-1	-1	-1	-1	-1	-1	-1	-1	-1	-1	-1	-1	-1	-1	-1	-1	FFFFFF99	配饰	1217	2004	1
59091330	5	4	33	11	Charm11_2	1	9+9+8		1	1	-1	-1	-1	-1	-1	-1	-1	-1	-1	-1	-1	-1	-1	-1	-1	-1	-1	-1	-1	-1	-1	-1	-1	-1	-1	-1	-1	-1	-1	-1	-1	-1	-1	-1	-1	-1	-1	-1	-1	-1	-1	-1	-1	-1	-1	-1	-1	-1	-1	-1	-1	-1	-1	-1	-1	-1	-1	-1	-1	-1	-1	-1	-1	-1	FFFFFF99	配饰	1218	2004	1
59091331	5	4	33	11	Charm11_2	1	9+9+9		1	1	-1	-1	-1	-1	-1	-1	-1	-1	-1	-1	-1	-1	-1	-1	-1	-1	-1	-1	-1	-1	-1	-1	-1	-1	-1	-1	-1	-1	-1	-1	-1	-1	-1	-1	-1	-1	-1	-1	-1	-1	-1	-1	-1	-1	-1	-1	-1	-1	-1	-1	-1	-1	-1	-1	-1	-1	-1	-1	-1	-1	-1	-1	-1	-1	FFFFFF99	配饰	1219	2004	1
59091332	5	4	33	11	Charm11_2	1	9+9+10		1	1	-1	-1	-1	-1	-1	-1	-1	-1	-1	-1	-1	-1	-1	-1	-1	-1	-1	-1	-1	-1	-1	-1	-1	-1	-1	-1	-1	-1	-1	-1	-1	-1	-1	-1	-1	-1	-1	-1	-1	-1	-1	-1	-1	-1	-1	-1	-1	-1	-1	-1	-1	-1	-1	-1	-1	-1	-1	-1	-1	-1	-1	-1	-1	-1	FFFFFF99	配饰	1220	2004	1
59091333	5	4	33	11	Charm11_2	1	9+9+11		1	1	-1	-1	-1	-1	-1	-1	-1	-1	-1	-1	-1	-1	-1	-1	-1	-1	-1	-1	-1	-1	-1	-1	-1	-1	-1	-1	-1	-1	-1	-1	-1	-1	-1	-1	-1	-1	-1	-1	-1	-1	-1	-1	-1	-1	-1	-1	-1	-1	-1	-1	-1	-1	-1	-1	-1	-1	-1	-1	-1	-1	-1	-1	-1	-1	FFFFFF99	配饰	1221	2004	1
59091423	5	4	33	11	Charm11_2	1	9+9+1		1	1	-1	-1	-1	-1	-1	-1	-1	-1	-1	-1	-1	-1	-1	-1	-1	-1	-1	-1	-1	-1	-1	-1	-1	-1	-1	-1	-1	-1	-1	-1	-1	-1	-1	-1	-1	-1	-1	-1	-1	-1	-1	-1	-1	-1	-1	-1	-1	-1	-1	-1	-1	-1	-1	-1	-1	-1	-1	-1	-1	-1	-1	-1	-1	-1	FFFFFF99	配饰	1222	2004	1
59091424	5	4	33	11	Charm11_2	1	9+9+2		1	1	-1	-1	-1	-1	-1	-1	-1	-1	-1	-1	-1	-1	-1	-1	-1	-1	-1	-1	-1	-1	-1	-1	-1	-1	-1	-1	-1	-1	-1	-1	-1	-1	-1	-1	-1	-1	-1	-1	-1	-1	-1	-1	-1	-1	-1	-1	-1	-1	-1	-1	-1	-1	-1	-1	-1	-1	-1	-1	-1	-1	-1	-1	-1	-1	FFFFFF99	配饰	1223	2004	1
59091425	5	4	33	11	Charm11_2	1	9+9+3		1	1	-1	-1	-1	-1	-1	-1	-1	-1	-1	-1	-1	-1	-1	-1	-1	-1	-1	-1	-1	-1	-1	-1	-1	-1	-1	-1	-1	-1	-1	-1	-1	-1	-1	-1	-1	-1	-1	-1	-1	-1	-1	-1	-1	-1	-1	-1	-1	-1	-1	-1	-1	-1	-1	-1	-1	-1	-1	-1	-1	-1	-1	-1	-1	-1	FFFFFF99	配饰	1224	2004	1
59091426	5	4	33	11	Charm11_2	1	9+9+4		1	1	-1	-1	-1	-1	-1	-1	-1	-1	-1	-1	-1	-1	-1	-1	-1	-1	-1	-1	-1	-1	-1	-1	-1	-1	-1	-1	-1	-1	-1	-1	-1	-1	-1	-1	-1	-1	-1	-1	-1	-1	-1	-1	-1	-1	-1	-1	-1	-1	-1	-1	-1	-1	-1	-1	-1	-1	-1	-1	-1	-1	-1	-1	-1	-1	FFFFFF99	配饰	1225	2004	1
59091427	5	4	33	11	Charm11_2	1	9+9+5		1	1	-1	-1	-1	-1	-1	-1	-1	-1	-1	-1	-1	-1	-1	-1	-1	-1	-1	-1	-1	-1	-1	-1	-1	-1	-1	-1	-1	-1	-1	-1	-1	-1	-1	-1	-1	-1	-1	-1	-1	-1	-1	-1	-1	-1	-1	-1	-1	-1	-1	-1	-1	-1	-1	-1	-1	-1	-1	-1	-1	-1	-1	-1	-1	-1	FFFFFF99	配饰	1226	2004	1
59091428	5	4	33	11	Charm11_2	1	9+9+6		1	1	-1	-1	-1	-1	-1	-1	-1	-1	-1	-1	-1	-1	-1	-1	-1	-1	-1	-1	-1	-1	-1	-1	-1	-1	-1	-1	-1	-1	-1	-1	-1	-1	-1	-1	-1	-1	-1	-1	-1	-1	-1	-1	-1	-1	-1	-1	-1	-1	-1	-1	-1	-1	-1	-1	-1	-1	-1	-1	-1	-1	-1	-1	-1	-1	FFFFFF99	配饰	1227	2004	1
59091429	5	4	33	11	Charm11_2	1	9+9+7		1	1	-1	-1	-1	-1	-1	-1	-1	-1	-1	-1	-1	-1	-1	-1	-1	-1	-1	-1	-1	-1	-1	-1	-1	-1	-1	-1	-1	-1	-1	-1	-1	-1	-1	-1	-1	-1	-1	-1	-1	-1	-1	-1	-1	-1	-1	-1	-1	-1	-1	-1	-1	-1	-1	-1	-1	-1	-1	-1	-1	-1	-1	-1	-1	-1	FFFFFF99	配饰	1228	2004	1
59091430	5	4	33	11	Charm11_2	1	9+9+8		1	1	-1	-1	-1	-1	-1	-1	-1	-1	-1	-1	-1	-1	-1	-1	-1	-1	-1	-1	-1	-1	-1	-1	-1	-1	-1	-1	-1	-1	-1	-1	-1	-1	-1	-1	-1	-1	-1	-1	-1	-1	-1	-1	-1	-1	-1	-1	-1	-1	-1	-1	-1	-1	-1	-1	-1	-1	-1	-1	-1	-1	-1	-1	-1	-1	FFFFFF99	配饰	1229	2004	1
59091431	5	4	33	11	Charm11_2	1	9+9+9		1	1	-1	-1	-1	-1	-1	-1	-1	-1	-1	-1	-1	-1	-1	-1	-1	-1	-1	-1	-1	-1	-1	-1	-1	-1	-1	-1	-1	-1	-1	-1	-1	-1	-1	-1	-1	-1	-1	-1	-1	-1	-1	-1	-1	-1	-1	-1	-1	-1	-1	-1	-1	-1	-1	-1	-1	-1	-1	-1	-1	-1	-1	-1	-1	-1	FFFFFF99	配饰	1230	2004	1
59091432	5	4	33	11	Charm11_2	1	9+9+10		1	1	-1	-1	-1	-1	-1	-1	-1	-1	-1	-1	-1	-1	-1	-1	-1	-1	-1	-1	-1	-1	-1	-1	-1	-1	-1	-1	-1	-1	-1	-1	-1	-1	-1	-1	-1	-1	-1	-1	-1	-1	-1	-1	-1	-1	-1	-1	-1	-1	-1	-1	-1	-1	-1	-1	-1	-1	-1	-1	-1	-1	-1	-1	-1	-1	FFFFFF99	配饰	1231	2004	1
59091433	5	4	33	11	Charm11_2	1	9+9+11		1	1	-1	-1	-1	-1	-1	-1	-1	-1	-1	-1	-1	-1	-1	-1	-1	-1	-1	-1	-1	-1	-1	-1	-1	-1	-1	-1	-1	-1	-1	-1	-1	-1	-1	-1	-1	-1	-1	-1	-1	-1	-1	-1	-1	-1	-1	-1	-1	-1	-1	-1	-1	-1	-1	-1	-1	-1	-1	-1	-1	-1	-1	-1	-1	-1	FFFFFF99	配饰	1232	2004	1
59091523	5	4	33	11	Charm11_2	1	9+9+1		1	1	-1	-1	-1	-1	-1	-1	-1	-1	-1	-1	-1	-1	-1	-1	-1	-1	-1	-1	-1	-1	-1	-1	-1	-1	-1	-1	-1	-1	-1	-1	-1	-1	-1	-1	-1	-1	-1	-1	-1	-1	-1	-1	-1	-1	-1	-1	-1	-1	-1	-1	-1	-1	-1	-1	-1	-1	-1	-1	-1	-1	-1	-1	-1	-1	FFFFFF99	配饰	1233	2004	1
59091524	5	4	33	11	Charm11_2	1	9+9+2		1	1	-1	-1	-1	-1	-1	-1	-1	-1	-1	-1	-1	-1	-1	-1	-1	-1	-1	-1	-1	-1	-1	-1	-1	-1	-1	-1	-1	-1	-1	-1	-1	-1	-1	-1	-1	-1	-1	-1	-1	-1	-1	-1	-1	-1	-1	-1	-1	-1	-1	-1	-1	-1	-1	-1	-1	-1	-1	-1	-1	-1	-1	-1	-1	-1	FFFFFF99	配饰	1234	2004	1
59091525	5	4	33	11	Charm11_2	1	9+9+3		1	1	-1	-1	-1	-1	-1	-1	-1	-1	-1	-1	-1	-1	-1	-1	-1	-1	-1	-1	-1	-1	-1	-1	-1	-1	-1	-1	-1	-1	-1	-1	-1	-1	-1	-1	-1	-1	-1	-1	-1	-1	-1	-1	-1	-1	-1	-1	-1	-1	-1	-1	-1	-1	-1	-1	-1	-1	-1	-1	-1	-1	-1	-1	-1	-1	FFFFFF99	配饰	1235	2004	1
59091526	5	4	33	11	Charm11_2	1	9+9+4		1	1	-1	-1	-1	-1	-1	-1	-1	-1	-1	-1	-1	-1	-1	-1	-1	-1	-1	-1	-1	-1	-1	-1	-1	-1	-1	-1	-1	-1	-1	-1	-1	-1	-1	-1	-1	-1	-1	-1	-1	-1	-1	-1	-1	-1	-1	-1	-1	-1	-1	-1	-1	-1	-1	-1	-1	-1	-1	-1	-1	-1	-1	-1	-1	-1	FFFFFF99	配饰	1236	2004	1
59091527	5	4	33	11	Charm11_2	1	9+9+5		1	1	-1	-1	-1	-1	-1	-1	-1	-1	-1	-1	-1	-1	-1	-1	-1	-1	-1	-1	-1	-1	-1	-1	-1	-1	-1	-1	-1	-1	-1	-1	-1	-1	-1	-1	-1	-1	-1	-1	-1	-1	-1	-1	-1	-1	-1	-1	-1	-1	-1	-1	-1	-1	-1	-1	-1	-1	-1	-1	-1	-1	-1	-1	-1	-1	FFFFFF99	配饰	1237	2004	1
59091528	5	4	33	11	Charm11_2	1	9+9+6		1	1	-1	-1	-1	-1	-1	-1	-1	-1	-1	-1	-1	-1	-1	-1	-1	-1	-1	-1	-1	-1	-1	-1	-1	-1	-1	-1	-1	-1	-1	-1	-1	-1	-1	-1	-1	-1	-1	-1	-1	-1	-1	-1	-1	-1	-1	-1	-1	-1	-1	-1	-1	-1	-1	-1	-1	-1	-1	-1	-1	-1	-1	-1	-1	-1	FFFFFF99	配饰	1238	2004	1
59091529	5	4	33	11	Charm11_2	1	9+9+7		1	1	-1	-1	-1	-1	-1	-1	-1	-1	-1	-1	-1	-1	-1	-1	-1	-1	-1	-1	-1	-1	-1	-1	-1	-1	-1	-1	-1	-1	-1	-1	-1	-1	-1	-1	-1	-1	-1	-1	-1	-1	-1	-1	-1	-1	-1	-1	-1	-1	-1	-1	-1	-1	-1	-1	-1	-1	-1	-1	-1	-1	-1	-1	-1	-1	FFFFFF99	配饰	1239	2004	1
59091530	5	4	33	11	Charm11_2	1	9+9+8		1	1	-1	-1	-1	-1	-1	-1	-1	-1	-1	-1	-1	-1	-1	-1	-1	-1	-1	-1	-1	-1	-1	-1	-1	-1	-1	-1	-1	-1	-1	-1	-1	-1	-1	-1	-1	-1	-1	-1	-1	-1	-1	-1	-1	-1	-1	-1	-1	-1	-1	-1	-1	-1	-1	-1	-1	-1	-1	-1	-1	-1	-1	-1	-1	-1	FFFFFF99	配饰	1240	2004	1
59091531	5	4	33	11	Charm11_2	1	9+9+9		1	1	-1	-1	-1	-1	-1	-1	-1	-1	-1	-1	-1	-1	-1	-1	-1	-1	-1	-1	-1	-1	-1	-1	-1	-1	-1	-1	-1	-1	-1	-1	-1	-1	-1	-1	-1	-1	-1	-1	-1	-1	-1	-1	-1	-1	-1	-1	-1	-1	-1	-1	-1	-1	-1	-1	-1	-1	-1	-1	-1	-1	-1	-1	-1	-1	FFFFFF99	配饰	1241	2004	1
59091532	5	4	33	11	Charm11_2	1	9+9+10		1	1	-1	-1	-1	-1	-1	-1	-1	-1	-1	-1	-1	-1	-1	-1	-1	-1	-1	-1	-1	-1	-1	-1	-1	-1	-1	-1	-1	-1	-1	-1	-1	-1	-1	-1	-1	-1	-1	-1	-1	-1	-1	-1	-1	-1	-1	-1	-1	-1	-1	-1	-1	-1	-1	-1	-1	-1	-1	-1	-1	-1	-1	-1	-1	-1	FFFFFF99	配饰	1242	2004	1
59091533	5	4	33	11	Charm11_2	1	9+9+11		1	1	-1	-1	-1	-1	-1	-1	-1	-1	-1	-1	-1	-1	-1	-1	-1	-1	-1	-1	-1	-1	-1	-1	-1	-1	-1	-1	-1	-1	-1	-1	-1	-1	-1	-1	-1	-1	-1	-1	-1	-1	-1	-1	-1	-1	-1	-1	-1	-1	-1	-1	-1	-1	-1	-1	-1	-1	-1	-1	-1	-1	-1	-1	-1	-1	FFFFFF99	配饰	1243	2004	1
59091623	5	4	33	11	Charm11_2	1	9+9+1		1	1	-1	-1	-1	-1	-1	-1	-1	-1	-1	-1	-1	-1	-1	-1	-1	-1	-1	-1	-1	-1	-1	-1	-1	-1	-1	-1	-1	-1	-1	-1	-1	-1	-1	-1	-1	-1	-1	-1	-1	-1	-1	-1	-1	-1	-1	-1	-1	-1	-1	-1	-1	-1	-1	-1	-1	-1	-1	-1	-1	-1	-1	-1	-1	-1	FFFFFF99	配饰	1244	2004	1
59091624	5	4	33	11	Charm11_2	1	9+9+2		1	1	-1	-1	-1	-1	-1	-1	-1	-1	-1	-1	-1	-1	-1	-1	-1	-1	-1	-1	-1	-1	-1	-1	-1	-1	-1	-1	-1	-1	-1	-1	-1	-1	-1	-1	-1	-1	-1	-1	-1	-1	-1	-1	-1	-1	-1	-1	-1	-1	-1	-1	-1	-1	-1	-1	-1	-1	-1	-1	-1	-1	-1	-1	-1	-1	FFFFFF99	配饰	1245	2004	1
59091625	5	4	33	11	Charm11_2	1	9+9+3		1	1	-1	-1	-1	-1	-1	-1	-1	-1	-1	-1	-1	-1	-1	-1	-1	-1	-1	-1	-1	-1	-1	-1	-1	-1	-1	-1	-1	-1	-1	-1	-1	-1	-1	-1	-1	-1	-1	-1	-1	-1	-1	-1	-1	-1	-1	-1	-1	-1	-1	-1	-1	-1	-1	-1	-1	-1	-1	-1	-1	-1	-1	-1	-1	-1	FFFFFF99	配饰	1246	2004	1
59091626	5	4	33	11	Charm11_2	1	9+9+4		1	1	-1	-1	-1	-1	-1	-1	-1	-1	-1	-1	-1	-1	-1	-1	-1	-1	-1	-1	-1	-1	-1	-1	-1	-1	-1	-1	-1	-1	-1	-1	-1	-1	-1	-1	-1	-1	-1	-1	-1	-1	-1	-1	-1	-1	-1	-1	-1	-1	-1	-1	-1	-1	-1	-1	-1	-1	-1	-1	-1	-1	-1	-1	-1	-1	FFFFFF99	配饰	1247	2004	1
59091627	5	4	33	11	Charm11_2	1	9+9+5		1	1	-1	-1	-1	-1	-1	-1	-1	-1	-1	-1	-1	-1	-1	-1	-1	-1	-1	-1	-1	-1	-1	-1	-1	-1	-1	-1	-1	-1	-1	-1	-1	-1	-1	-1	-1	-1	-1	-1	-1	-1	-1	-1	-1	-1	-1	-1	-1	-1	-1	-1	-1	-1	-1	-1	-1	-1	-1	-1	-1	-1	-1	-1	-1	-1	FFFFFF99	配饰	1248	2004	1
59091628	5	4	33	11	Charm11_2	1	9+9+6		1	1	-1	-1	-1	-1	-1	-1	-1	-1	-1	-1	-1	-1	-1	-1	-1	-1	-1	-1	-1	-1	-1	-1	-1	-1	-1	-1	-1	-1	-1	-1	-1	-1	-1	-1	-1	-1	-1	-1	-1	-1	-1	-1	-1	-1	-1	-1	-1	-1	-1	-1	-1	-1	-1	-1	-1	-1	-1	-1	-1	-1	-1	-1	-1	-1	FFFFFF99	配饰	1249	2004	1
59091629	5	4	33	11	Charm11_2	1	9+9+7		1	1	-1	-1	-1	-1	-1	-1	-1	-1	-1	-1	-1	-1	-1	-1	-1	-1	-1	-1	-1	-1	-1	-1	-1	-1	-1	-1	-1	-1	-1	-1	-1	-1	-1	-1	-1	-1	-1	-1	-1	-1	-1	-1	-1	-1	-1	-1	-1	-1	-1	-1	-1	-1	-1	-1	-1	-1	-1	-1	-1	-1	-1	-1	-1	-1	FFFFFF99	配饰	1250	2004	1
59091630	5	4	33	11	Charm11_2	1	9+9+8		1	1	-1	-1	-1	-1	-1	-1	-1	-1	-1	-1	-1	-1	-1	-1	-1	-1	-1	-1	-1	-1	-1	-1	-1	-1	-1	-1	-1	-1	-1	-1	-1	-1	-1	-1	-1	-1	-1	-1	-1	-1	-1	-1	-1	-1	-1	-1	-1	-1	-1	-1	-1	-1	-1	-1	-1	-1	-1	-1	-1	-1	-1	-1	-1	-1	FFFFFF99	配饰	1251	2004	1
59091631	5	4	33	11	Charm11_2	1	9+9+9		1	1	-1	-1	-1	-1	-1	-1	-1	-1	-1	-1	-1	-1	-1	-1	-1	-1	-1	-1	-1	-1	-1	-1	-1	-1	-1	-1	-1	-1	-1	-1	-1	-1	-1	-1	-1	-1	-1	-1	-1	-1	-1	-1	-1	-1	-1	-1	-1	-1	-1	-1	-1	-1	-1	-1	-1	-1	-1	-1	-1	-1	-1	-1	-1	-1	FFFFFF99	配饰	1252	2004	1
59091632	5	4	33	11	Charm11_2	1	9+9+10		1	1	-1	-1	-1	-1	-1	-1	-1	-1	-1	-1	-1	-1	-1	-1	-1	-1	-1	-1	-1	-1	-1	-1	-1	-1	-1	-1	-1	-1	-1	-1	-1	-1	-1	-1	-1	-1	-1	-1	-1	-1	-1	-1	-1	-1	-1	-1	-1	-1	-1	-1	-1	-1	-1	-1	-1	-1	-1	-1	-1	-1	-1	-1	-1	-1	FFFFFF99	配饰	1253	2004	1
59091633	5	4	33	11	Charm11_2	1	9+9+11		1	1	-1	-1	-1	-1	-1	-1	-1	-1	-1	-1	-1	-1	-1	-1	-1	-1	-1	-1	-1	-1	-1	-1	-1	-1	-1	-1	-1	-1	-1	-1	-1	-1	-1	-1	-1	-1	-1	-1	-1	-1	-1	-1	-1	-1	-1	-1	-1	-1	-1	-1	-1	-1	-1	-1	-1	-1	-1	-1	-1	-1	-1	-1	-1	-1	FFFFFF99	配饰	1254	2004	1
59091723	5	4	33	11	Charm11_2	1	9+9+1		1	1	-1	-1	-1	-1	-1	-1	-1	-1	-1	-1	-1	-1	-1	-1	-1	-1	-1	-1	-1	-1	-1	-1	-1	-1	-1	-1	-1	-1	-1	-1	-1	-1	-1	-1	-1	-1	-1	-1	-1	-1	-1	-1	-1	-1	-1	-1	-1	-1	-1	-1	-1	-1	-1	-1	-1	-1	-1	-1	-1	-1	-1	-1	-1	-1	FFFFFF99	配饰	1255	2004	1
59091724	5	4	33	11	Charm11_2	1	9+9+2		1	1	-1	-1	-1	-1	-1	-1	-1	-1	-1	-1	-1	-1	-1	-1	-1	-1	-1	-1	-1	-1	-1	-1	-1	-1	-1	-1	-1	-1	-1	-1	-1	-1	-1	-1	-1	-1	-1	-1	-1	-1	-1	-1	-1	-1	-1	-1	-1	-1	-1	-1	-1	-1	-1	-1	-1	-1	-1	-1	-1	-1	-1	-1	-1	-1	FFFFFF99	配饰	1256	2004	1
59091725	5	4	33	11	Charm11_2	1	9+9+3		1	1	-1	-1	-1	-1	-1	-1	-1	-1	-1	-1	-1	-1	-1	-1	-1	-1	-1	-1	-1	-1	-1	-1	-1	-1	-1	-1	-1	-1	-1	-1	-1	-1	-1	-1	-1	-1	-1	-1	-1	-1	-1	-1	-1	-1	-1	-1	-1	-1	-1	-1	-1	-1	-1	-1	-1	-1	-1	-1	-1	-1	-1	-1	-1	-1	FFFFFF99	配饰	1257	2004	1
59091726	5	4	33	11	Charm11_2	1	9+9+4		1	1	-1	-1	-1	-1	-1	-1	-1	-1	-1	-1	-1	-1	-1	-1	-1	-1	-1	-1	-1	-1	-1	-1	-1	-1	-1	-1	-1	-1	-1	-1	-1	-1	-1	-1	-1	-1	-1	-1	-1	-1	-1	-1	-1	-1	-1	-1	-1	-1	-1	-1	-1	-1	-1	-1	-1	-1	-1	-1	-1	-1	-1	-1	-1	-1	FFFFFF99	配饰	1258	2004	1
59091727	5	4	33	11	Charm11_2	1	9+9+5		1	1	-1	-1	-1	-1	-1	-1	-1	-1	-1	-1	-1	-1	-1	-1	-1	-1	-1	-1	-1	-1	-1	-1	-1	-1	-1	-1	-1	-1	-1	-1	-1	-1	-1	-1	-1	-1	-1	-1	-1	-1	-1	-1	-1	-1	-1	-1	-1	-1	-1	-1	-1	-1	-1	-1	-1	-1	-1	-1	-1	-1	-1	-1	-1	-1	FFFFFF99	配饰	1259	2004	1
59091728	5	4	33	11	Charm11_2	1	9+9+6		1	1	-1	-1	-1	-1	-1	-1	-1	-1	-1	-1	-1	-1	-1	-1	-1	-1	-1	-1	-1	-1	-1	-1	-1	-1	-1	-1	-1	-1	-1	-1	-1	-1	-1	-1	-1	-1	-1	-1	-1	-1	-1	-1	-1	-1	-1	-1	-1	-1	-1	-1	-1	-1	-1	-1	-1	-1	-1	-1	-1	-1	-1	-1	-1	-1	FFFFFF99	配饰	1260	2004	1
59091729	5	4	33	11	Charm11_2	1	9+9+7		1	1	-1	-1	-1	-1	-1	-1	-1	-1	-1	-1	-1	-1	-1	-1	-1	-1	-1	-1	-1	-1	-1	-1	-1	-1	-1	-1	-1	-1	-1	-1	-1	-1	-1	-1	-1	-1	-1	-1	-1	-1	-1	-1	-1	-1	-1	-1	-1	-1	-1	-1	-1	-1	-1	-1	-1	-1	-1	-1	-1	-1	-1	-1	-1	-1	FFFFFF99	配饰	1261	2004	1
59091730	5	4	33	11	Charm11_2	1	9+9+8		1	1	-1	-1	-1	-1	-1	-1	-1	-1	-1	-1	-1	-1	-1	-1	-1	-1	-1	-1	-1	-1	-1	-1	-1	-1	-1	-1	-1	-1	-1	-1	-1	-1	-1	-1	-1	-1	-1	-1	-1	-1	-1	-1	-1	-1	-1	-1	-1	-1	-1	-1	-1	-1	-1	-1	-1	-1	-1	-1	-1	-1	-1	-1	-1	-1	FFFFFF99	配饰	1262	2004	1
59091731	5	4	33	11	Charm11_2	1	9+9+9		1	1	-1	-1	-1	-1	-1	-1	-1	-1	-1	-1	-1	-1	-1	-1	-1	-1	-1	-1	-1	-1	-1	-1	-1	-1	-1	-1	-1	-1	-1	-1	-1	-1	-1	-1	-1	-1	-1	-1	-1	-1	-1	-1	-1	-1	-1	-1	-1	-1	-1	-1	-1	-1	-1	-1	-1	-1	-1	-1	-1	-1	-1	-1	-1	-1	FFFFFF99	配饰	1263	2004	1
59091732	5	4	33	11	Charm11_2	1	9+9+10		1	1	-1	-1	-1	-1	-1	-1	-1	-1	-1	-1	-1	-1	-1	-1	-1	-1	-1	-1	-1	-1	-1	-1	-1	-1	-1	-1	-1	-1	-1	-1	-1	-1	-1	-1	-1	-1	-1	-1	-1	-1	-1	-1	-1	-1	-1	-1	-1	-1	-1	-1	-1	-1	-1	-1	-1	-1	-1	-1	-1	-1	-1	-1	-1	-1	FFFFFF99	配饰	1264	2004	1
59091733	5	4	33	11	Charm11_2	1	9+9+11		1	1	-1	-1	-1	-1	-1	-1	-1	-1	-1	-1	-1	-1	-1	-1	-1	-1	-1	-1	-1	-1	-1	-1	-1	-1	-1	-1	-1	-1	-1	-1	-1	-1	-1	-1	-1	-1	-1	-1	-1	-1	-1	-1	-1	-1	-1	-1	-1	-1	-1	-1	-1	-1	-1	-1	-1	-1	-1	-1	-1	-1	-1	-1	-1	-1	FFFFFF99	配饰	1265	2004	1
59091823	5	4	33	11	Charm11_2	1	9+9+1		1	1	-1	-1	-1	-1	-1	-1	-1	-1	-1	-1	-1	-1	-1	-1	-1	-1	-1	-1	-1	-1	-1	-1	-1	-1	-1	-1	-1	-1	-1	-1	-1	-1	-1	-1	-1	-1	-1	-1	-1	-1	-1	-1	-1	-1	-1	-1	-1	-1	-1	-1	-1	-1	-1	-1	-1	-1	-1	-1	-1	-1	-1	-1	-1	-1	FFFFFF99	配饰	1266	2004	1
59091824	5	4	33	11	Charm11_2	1	9+9+2		1	1	-1	-1	-1	-1	-1	-1	-1	-1	-1	-1	-1	-1	-1	-1	-1	-1	-1	-1	-1	-1	-1	-1	-1	-1	-1	-1	-1	-1	-1	-1	-1	-1	-1	-1	-1	-1	-1	-1	-1	-1	-1	-1	-1	-1	-1	-1	-1	-1	-1	-1	-1	-1	-1	-1	-1	-1	-1	-1	-1	-1	-1	-1	-1	-1	FFFFFF99	配饰	1267	2004	1
59091825	5	4	33	11	Charm11_2	1	9+9+3		1	1	-1	-1	-1	-1	-1	-1	-1	-1	-1	-1	-1	-1	-1	-1	-1	-1	-1	-1	-1	-1	-1	-1	-1	-1	-1	-1	-1	-1	-1	-1	-1	-1	-1	-1	-1	-1	-1	-1	-1	-1	-1	-1	-1	-1	-1	-1	-1	-1	-1	-1	-1	-1	-1	-1	-1	-1	-1	-1	-1	-1	-1	-1	-1	-1	FFFFFF99	配饰	1268	2004	1
59091826	5	4	33	11	Charm11_2	1	9+9+4		1	1	-1	-1	-1	-1	-1	-1	-1	-1	-1	-1	-1	-1	-1	-1	-1	-1	-1	-1	-1	-1	-1	-1	-1	-1	-1	-1	-1	-1	-1	-1	-1	-1	-1	-1	-1	-1	-1	-1	-1	-1	-1	-1	-1	-1	-1	-1	-1	-1	-1	-1	-1	-1	-1	-1	-1	-1	-1	-1	-1	-1	-1	-1	-1	-1	FFFFFF99	配饰	1269	2004	1
59091827	5	4	33	11	Charm11_2	1	9+9+5		1	1	-1	-1	-1	-1	-1	-1	-1	-1	-1	-1	-1	-1	-1	-1	-1	-1	-1	-1	-1	-1	-1	-1	-1	-1	-1	-1	-1	-1	-1	-1	-1	-1	-1	-1	-1	-1	-1	-1	-1	-1	-1	-1	-1	-1	-1	-1	-1	-1	-1	-1	-1	-1	-1	-1	-1	-1	-1	-1	-1	-1	-1	-1	-1	-1	FFFFFF99	配饰	1270	2004	1
59091828	5	4	33	11	Charm11_2	1	9+9+6		1	1	-1	-1	-1	-1	-1	-1	-1	-1	-1	-1	-1	-1	-1	-1	-1	-1	-1	-1	-1	-1	-1	-1	-1	-1	-1	-1	-1	-1	-1	-1	-1	-1	-1	-1	-1	-1	-1	-1	-1	-1	-1	-1	-1	-1	-1	-1	-1	-1	-1	-1	-1	-1	-1	-1	-1	-1	-1	-1	-1	-1	-1	-1	-1	-1	FFFFFF99	配饰	1271	2004	1
59091829	5	4	33	11	Charm11_2	1	9+9+7		1	1	-1	-1	-1	-1	-1	-1	-1	-1	-1	-1	-1	-1	-1	-1	-1	-1	-1	-1	-1	-1	-1	-1	-1	-1	-1	-1	-1	-1	-1	-1	-1	-1	-1	-1	-1	-1	-1	-1	-1	-1	-1	-1	-1	-1	-1	-1	-1	-1	-1	-1	-1	-1	-1	-1	-1	-1	-1	-1	-1	-1	-1	-1	-1	-1	FFFFFF99	配饰	1272	2004	1
59091830	5	4	33	11	Charm11_2	1	9+9+8		1	1	-1	-1	-1	-1	-1	-1	-1	-1	-1	-1	-1	-1	-1	-1	-1	-1	-1	-1	-1	-1	-1	-1	-1	-1	-1	-1	-1	-1	-1	-1	-1	-1	-1	-1	-1	-1	-1	-1	-1	-1	-1	-1	-1	-1	-1	-1	-1	-1	-1	-1	-1	-1	-1	-1	-1	-1	-1	-1	-1	-1	-1	-1	-1	-1	FFFFFF99	配饰	1273	2004	1
59091831	5	4	33	11	Charm11_2	1	9+9+9		1	1	-1	-1	-1	-1	-1	-1	-1	-1	-1	-1	-1	-1	-1	-1	-1	-1	-1	-1	-1	-1	-1	-1	-1	-1	-1	-1	-1	-1	-1	-1	-1	-1	-1	-1	-1	-1	-1	-1	-1	-1	-1	-1	-1	-1	-1	-1	-1	-1	-1	-1	-1	-1	-1	-1	-1	-1	-1	-1	-1	-1	-1	-1	-1	-1	FFFFFF99	配饰	1274	2004	1
59091832	5	4	33	11	Charm11_2	1	9+9+10		1	1	-1	-1	-1	-1	-1	-1	-1	-1	-1	-1	-1	-1	-1	-1	-1	-1	-1	-1	-1	-1	-1	-1	-1	-1	-1	-1	-1	-1	-1	-1	-1	-1	-1	-1	-1	-1	-1	-1	-1	-1	-1	-1	-1	-1	-1	-1	-1	-1	-1	-1	-1	-1	-1	-1	-1	-1	-1	-1	-1	-1	-1	-1	-1	-1	FFFFFF99	配饰	1275	2004	1
59091833	5	4	33	11	Charm11_2	1	9+9+11		1	1	-1	-1	-1	-1	-1	-1	-1	-1	-1	-1	-1	-1	-1	-1	-1	-1	-1	-1	-1	-1	-1	-1	-1	-1	-1	-1	-1	-1	-1	-1	-1	-1	-1	-1	-1	-1	-1	-1	-1	-1	-1	-1	-1	-1	-1	-1	-1	-1	-1	-1	-1	-1	-1	-1	-1	-1	-1	-1	-1	-1	-1	-1	-1	-1	FFFFFF99	配饰	1276	2004	1
59091923	5	4	33	11	Charm11_2	1	9+9+1		1	1	-1	-1	-1	-1	-1	-1	-1	-1	-1	-1	-1	-1	-1	-1	-1	-1	-1	-1	-1	-1	-1	-1	-1	-1	-1	-1	-1	-1	-1	-1	-1	-1	-1	-1	-1	-1	-1	-1	-1	-1	-1	-1	-1	-1	-1	-1	-1	-1	-1	-1	-1	-1	-1	-1	-1	-1	-1	-1	-1	-1	-1	-1	-1	-1	FFFFFF99	配饰	1277	2004	1
59091924	5	4	33	11	Charm11_2	1	9+9+2		1	1	-1	-1	-1	-1	-1	-1	-1	-1	-1	-1	-1	-1	-1	-1	-1	-1	-1	-1	-1	-1	-1	-1	-1	-1	-1	-1	-1	-1	-1	-1	-1	-1	-1	-1	-1	-1	-1	-1	-1	-1	-1	-1	-1	-1	-1	-1	-1	-1	-1	-1	-1	-1	-1	-1	-1	-1	-1	-1	-1	-1	-1	-1	-1	-1	FFFFFF99	配饰	1278	2004	1
59091925	5	4	33	11	Charm11_2	1	9+9+3		1	1	-1	-1	-1	-1	-1	-1	-1	-1	-1	-1	-1	-1	-1	-1	-1	-1	-1	-1	-1	-1	-1	-1	-1	-1	-1	-1	-1	-1	-1	-1	-1	-1	-1	-1	-1	-1	-1	-1	-1	-1	-1	-1	-1	-1	-1	-1	-1	-1	-1	-1	-1	-1	-1	-1	-1	-1	-1	-1	-1	-1	-1	-1	-1	-1	FFFFFF99	配饰	1279	2004	1
59091926	5	4	33	11	Charm11_2	1	9+9+4		1	1	-1	-1	-1	-1	-1	-1	-1	-1	-1	-1	-1	-1	-1	-1	-1	-1	-1	-1	-1	-1	-1	-1	-1	-1	-1	-1	-1	-1	-1	-1	-1	-1	-1	-1	-1	-1	-1	-1	-1	-1	-1	-1	-1	-1	-1	-1	-1	-1	-1	-1	-1	-1	-1	-1	-1	-1	-1	-1	-1	-1	-1	-1	-1	-1	FFFFFF99	配饰	1280	2004	1
59091927	5	4	33	11	Charm11_2	1	9+9+5		1	1	-1	-1	-1	-1	-1	-1	-1	-1	-1	-1	-1	-1	-1	-1	-1	-1	-1	-1	-1	-1	-1	-1	-1	-1	-1	-1	-1	-1	-1	-1	-1	-1	-1	-1	-1	-1	-1	-1	-1	-1	-1	-1	-1	-1	-1	-1	-1	-1	-1	-1	-1	-1	-1	-1	-1	-1	-1	-1	-1	-1	-1	-1	-1	-1	FFFFFF99	配饰	1281	2004	1
59091928	5	4	33	11	Charm11_2	1	9+9+6		1	1	-1	-1	-1	-1	-1	-1	-1	-1	-1	-1	-1	-1	-1	-1	-1	-1	-1	-1	-1	-1	-1	-1	-1	-1	-1	-1	-1	-1	-1	-1	-1	-1	-1	-1	-1	-1	-1	-1	-1	-1	-1	-1	-1	-1	-1	-1	-1	-1	-1	-1	-1	-1	-1	-1	-1	-1	-1	-1	-1	-1	-1	-1	-1	-1	FFFFFF99	配饰	1282	2004	1
59091929	5	4	33	11	Charm11_2	1	9+9+7		1	1	-1	-1	-1	-1	-1	-1	-1	-1	-1	-1	-1	-1	-1	-1	-1	-1	-1	-1	-1	-1	-1	-1	-1	-1	-1	-1	-1	-1	-1	-1	-1	-1	-1	-1	-1	-1	-1	-1	-1	-1	-1	-1	-1	-1	-1	-1	-1	-1	-1	-1	-1	-1	-1	-1	-1	-1	-1	-1	-1	-1	-1	-1	-1	-1	FFFFFF99	配饰	1283	2004	1
59091930	5	4	33	11	Charm11_2	1	9+9+8		1	1	-1	-1	-1	-1	-1	-1	-1	-1	-1	-1	-1	-1	-1	-1	-1	-1	-1	-1	-1	-1	-1	-1	-1	-1	-1	-1	-1	-1	-1	-1	-1	-1	-1	-1	-1	-1	-1	-1	-1	-1	-1	-1	-1	-1	-1	-1	-1	-1	-1	-1	-1	-1	-1	-1	-1	-1	-1	-1	-1	-1	-1	-1	-1	-1	FFFFFF99	配饰	1284	2004	1
59091931	5	4	33	11	Charm11_2	1	9+9+9		1	1	-1	-1	-1	-1	-1	-1	-1	-1	-1	-1	-1	-1	-1	-1	-1	-1	-1	-1	-1	-1	-1	-1	-1	-1	-1	-1	-1	-1	-1	-1	-1	-1	-1	-1	-1	-1	-1	-1	-1	-1	-1	-1	-1	-1	-1	-1	-1	-1	-1	-1	-1	-1	-1	-1	-1	-1	-1	-1	-1	-1	-1	-1	-1	-1	FFFFFF99	配饰	1285	2004	1
59091932	5	4	33	11	Charm11_2	1	9+9+10		1	1	-1	-1	-1	-1	-1	-1	-1	-1	-1	-1	-1	-1	-1	-1	-1	-1	-1	-1	-1	-1	-1	-1	-1	-1	-1	-1	-1	-1	-1	-1	-1	-1	-1	-1	-1	-1	-1	-1	-1	-1	-1	-1	-1	-1	-1	-1	-1	-1	-1	-1	-1	-1	-1	-1	-1	-1	-1	-1	-1	-1	-1	-1	-1	-1	FFFFFF99	配饰	1286	2004	1
59091933	5	4	33	11	Charm11_2	1	9+9+11		1	1	-1	-1	-1	-1	-1	-1	-1	-1	-1	-1	-1	-1	-1	-1	-1	-1	-1	-1	-1	-1	-1	-1	-1	-1	-1	-1	-1	-1	-1	-1	-1	-1	-1	-1	-1	-1	-1	-1	-1	-1	-1	-1	-1	-1	-1	-1	-1	-1	-1	-1	-1	-1	-1	-1	-1	-1	-1	-1	-1	-1	-1	-1	-1	-1	FFFFFF99	配饰	1287	2004	1
59092023	5	4	33	11	Charm11_2	1	9+9+1		1	1	-1	-1	-1	-1	-1	-1	-1	-1	-1	-1	-1	-1	-1	-1	-1	-1	-1	-1	-1	-1	-1	-1	-1	-1	-1	-1	-1	-1	-1	-1	-1	-1	-1	-1	-1	-1	-1	-1	-1	-1	-1	-1	-1	-1	-1	-1	-1	-1	-1	-1	-1	-1	-1	-1	-1	-1	-1	-1	-1	-1	-1	-1	-1	-1	FFFFFF99	配饰	1288	2004	1
59092024	5	4	33	11	Charm11_2	1	9+9+2		1	1	-1	-1	-1	-1	-1	-1	-1	-1	-1	-1	-1	-1	-1	-1	-1	-1	-1	-1	-1	-1	-1	-1	-1	-1	-1	-1	-1	-1	-1	-1	-1	-1	-1	-1	-1	-1	-1	-1	-1	-1	-1	-1	-1	-1	-1	-1	-1	-1	-1	-1	-1	-1	-1	-1	-1	-1	-1	-1	-1	-1	-1	-1	-1	-1	FFFFFF99	配饰	1289	2004	1
59092025	5	4	33	11	Charm11_2	1	9+9+3		1	1	-1	-1	-1	-1	-1	-1	-1	-1	-1	-1	-1	-1	-1	-1	-1	-1	-1	-1	-1	-1	-1	-1	-1	-1	-1	-1	-1	-1	-1	-1	-1	-1	-1	-1	-1	-1	-1	-1	-1	-1	-1	-1	-1	-1	-1	-1	-1	-1	-1	-1	-1	-1	-1	-1	-1	-1	-1	-1	-1	-1	-1	-1	-1	-1	FFFFFF99	配饰	1290	2004	1
59092026	5	4	33	11	Charm11_2	1	9+9+4		1	1	-1	-1	-1	-1	-1	-1	-1	-1	-1	-1	-1	-1	-1	-1	-1	-1	-1	-1	-1	-1	-1	-1	-1	-1	-1	-1	-1	-1	-1	-1	-1	-1	-1	-1	-1	-1	-1	-1	-1	-1	-1	-1	-1	-1	-1	-1	-1	-1	-1	-1	-1	-1	-1	-1	-1	-1	-1	-1	-1	-1	-1	-1	-1	-1	FFFFFF99	配饰	1291	2004	1
59092027	5	4	33	11	Charm11_2	1	9+9+5		1	1	-1	-1	-1	-1	-1	-1	-1	-1	-1	-1	-1	-1	-1	-1	-1	-1	-1	-1	-1	-1	-1	-1	-1	-1	-1	-1	-1	-1	-1	-1	-1	-1	-1	-1	-1	-1	-1	-1	-1	-1	-1	-1	-1	-1	-1	-1	-1	-1	-1	-1	-1	-1	-1	-1	-1	-1	-1	-1	-1	-1	-1	-1	-1	-1	FFFFFF99	配饰	1292	2004	1
59092028	5	4	33	11	Charm11_2	1	9+9+6		1	1	-1	-1	-1	-1	-1	-1	-1	-1	-1	-1	-1	-1	-1	-1	-1	-1	-1	-1	-1	-1	-1	-1	-1	-1	-1	-1	-1	-1	-1	-1	-1	-1	-1	-1	-1	-1	-1	-1	-1	-1	-1	-1	-1	-1	-1	-1	-1	-1	-1	-1	-1	-1	-1	-1	-1	-1	-1	-1	-1	-1	-1	-1	-1	-1	FFFFFF99	配饰	1293	2004	1
59092029	5	4	33	11	Charm11_2	1	9+9+7		1	1	-1	-1	-1	-1	-1	-1	-1	-1	-1	-1	-1	-1	-1	-1	-1	-1	-1	-1	-1	-1	-1	-1	-1	-1	-1	-1	-1	-1	-1	-1	-1	-1	-1	-1	-1	-1	-1	-1	-1	-1	-1	-1	-1	-1	-1	-1	-1	-1	-1	-1	-1	-1	-1	-1	-1	-1	-1	-1	-1	-1	-1	-1	-1	-1	FFFFFF99	配饰	1294	2004	1
59092030	5	4	33	11	Charm11_2	1	9+9+8		1	1	-1	-1	-1	-1	-1	-1	-1	-1	-1	-1	-1	-1	-1	-1	-1	-1	-1	-1	-1	-1	-1	-1	-1	-1	-1	-1	-1	-1	-1	-1	-1	-1	-1	-1	-1	-1	-1	-1	-1	-1	-1	-1	-1	-1	-1	-1	-1	-1	-1	-1	-1	-1	-1	-1	-1	-1	-1	-1	-1	-1	-1	-1	-1	-1	FFFFFF99	配饰	1295	2004	1
59092031	5	4	33	11	Charm11_2	1	9+9+9		1	1	-1	-1	-1	-1	-1	-1	-1	-1	-1	-1	-1	-1	-1	-1	-1	-1	-1	-1	-1	-1	-1	-1	-1	-1	-1	-1	-1	-1	-1	-1	-1	-1	-1	-1	-1	-1	-1	-1	-1	-1	-1	-1	-1	-1	-1	-1	-1	-1	-1	-1	-1	-1	-1	-1	-1	-1	-1	-1	-1	-1	-1	-1	-1	-1	FFFFFF99	配饰	1296	2004	1
59092032	5	4	33	11	Charm11_2	1	9+9+10		1	1	-1	-1	-1	-1	-1	-1	-1	-1	-1	-1	-1	-1	-1	-1	-1	-1	-1	-1	-1	-1	-1	-1	-1	-1	-1	-1	-1	-1	-1	-1	-1	-1	-1	-1	-1	-1	-1	-1	-1	-1	-1	-1	-1	-1	-1	-1	-1	-1	-1	-1	-1	-1	-1	-1	-1	-1	-1	-1	-1	-1	-1	-1	-1	-1	FFFFFF99	配饰	1297	2004	1
59092033	5	4	33	11	Charm11_2	1	9+9+11		1	1	-1	-1	-1	-1	-1	-1	-1	-1	-1	-1	-1	-1	-1	-1	-1	-1	-1	-1	-1	-1	-1	-1	-1	-1	-1	-1	-1	-1	-1	-1	-1	-1	-1	-1	-1	-1	-1	-1	-1	-1	-1	-1	-1	-1	-1	-1	-1	-1	-1	-1	-1	-1	-1	-1	-1	-1	-1	-1	-1	-1	-1	-1	-1	-1	FFFFFF99	配饰	1298	2004	1
59092123	5	4	33	11	Charm11_2	1	9+10+1		1	1	-1	-1	-1	-1	-1	-1	-1	-1	-1	-1	-1	-1	-1	-1	-1	-1	-1	-1	-1	-1	-1	-1	-1	-1	-1	-1	-1	-1	-1	-1	-1	-1	-1	-1	-1	-1	-1	-1	-1	-1	-1	-1	-1	-1	-1	-1	-1	-1	-1	-1	-1	-1	-1	-1	-1	-1	-1	-1	-1	-1	-1	-1	-1	-1	FFFFFF99	配饰	1299	2004	1
59092124	5	4	33	11	Charm11_2	1	9+10+2		1	1	-1	-1	-1	-1	-1	-1	-1	-1	-1	-1	-1	-1	-1	-1	-1	-1	-1	-1	-1	-1	-1	-1	-1	-1	-1	-1	-1	-1	-1	-1	-1	-1	-1	-1	-1	-1	-1	-1	-1	-1	-1	-1	-1	-1	-1	-1	-1	-1	-1	-1	-1	-1	-1	-1	-1	-1	-1	-1	-1	-1	-1	-1	-1	-1	FFFFFF99	配饰	1300	2004	1
59092125	5	4	33	11	Charm11_2	1	9+10+3		1	1	-1	-1	-1	-1	-1	-1	-1	-1	-1	-1	-1	-1	-1	-1	-1	-1	-1	-1	-1	-1	-1	-1	-1	-1	-1	-1	-1	-1	-1	-1	-1	-1	-1	-1	-1	-1	-1	-1	-1	-1	-1	-1	-1	-1	-1	-1	-1	-1	-1	-1	-1	-1	-1	-1	-1	-1	-1	-1	-1	-1	-1	-1	-1	-1	FFFFFF99	配饰	1301	2004	1
59092126	5	4	33	11	Charm11_2	1	9+10+4		1	1	-1	-1	-1	-1	-1	-1	-1	-1	-1	-1	-1	-1	-1	-1	-1	-1	-1	-1	-1	-1	-1	-1	-1	-1	-1	-1	-1	-1	-1	-1	-1	-1	-1	-1	-1	-1	-1	-1	-1	-1	-1	-1	-1	-1	-1	-1	-1	-1	-1	-1	-1	-1	-1	-1	-1	-1	-1	-1	-1	-1	-1	-1	-1	-1	FFFFFF99	配饰	1302	2004	1
59092127	5	4	33	11	Charm11_2	1	9+10+5		1	1	-1	-1	-1	-1	-1	-1	-1	-1	-1	-1	-1	-1	-1	-1	-1	-1	-1	-1	-1	-1	-1	-1	-1	-1	-1	-1	-1	-1	-1	-1	-1	-1	-1	-1	-1	-1	-1	-1	-1	-1	-1	-1	-1	-1	-1	-1	-1	-1	-1	-1	-1	-1	-1	-1	-1	-1	-1	-1	-1	-1	-1	-1	-1	-1	FFFFFF99	配饰	1303	2004	1
59092128	5	4	33	11	Charm11_2	1	9+10+6		1	1	-1	-1	-1	-1	-1	-1	-1	-1	-1	-1	-1	-1	-1	-1	-1	-1	-1	-1	-1	-1	-1	-1	-1	-1	-1	-1	-1	-1	-1	-1	-1	-1	-1	-1	-1	-1	-1	-1	-1	-1	-1	-1	-1	-1	-1	-1	-1	-1	-1	-1	-1	-1	-1	-1	-1	-1	-1	-1	-1	-1	-1	-1	-1	-1	FFFFFF99	配饰	1304	2004	1
59092129	5	4	33	11	Charm11_2	1	9+10+7		1	1	-1	-1	-1	-1	-1	-1	-1	-1	-1	-1	-1	-1	-1	-1	-1	-1	-1	-1	-1	-1	-1	-1	-1	-1	-1	-1	-1	-1	-1	-1	-1	-1	-1	-1	-1	-1	-1	-1	-1	-1	-1	-1	-1	-1	-1	-1	-1	-1	-1	-1	-1	-1	-1	-1	-1	-1	-1	-1	-1	-1	-1	-1	-1	-1	FFFFFF99	配饰	1305	2004	1
59092130	5	4	33	11	Charm11_2	1	9+10+8		1	1	-1	-1	-1	-1	-1	-1	-1	-1	-1	-1	-1	-1	-1	-1	-1	-1	-1	-1	-1	-1	-1	-1	-1	-1	-1	-1	-1	-1	-1	-1	-1	-1	-1	-1	-1	-1	-1	-1	-1	-1	-1	-1	-1	-1	-1	-1	-1	-1	-1	-1	-1	-1	-1	-1	-1	-1	-1	-1	-1	-1	-1	-1	-1	-1	FFFFFF99	配饰	1306	2004	1
59092131	5	4	33	11	Charm11_2	1	9+10+9		1	1	-1	-1	-1	-1	-1	-1	-1	-1	-1	-1	-1	-1	-1	-1	-1	-1	-1	-1	-1	-1	-1	-1	-1	-1	-1	-1	-1	-1	-1	-1	-1	-1	-1	-1	-1	-1	-1	-1	-1	-1	-1	-1	-1	-1	-1	-1	-1	-1	-1	-1	-1	-1	-1	-1	-1	-1	-1	-1	-1	-1	-1	-1	-1	-1	FFFFFF99	配饰	1307	2004	1
59092132	5	4	33	11	Charm11_2	1	9+10+10		1	1	-1	-1	-1	-1	-1	-1	-1	-1	-1	-1	-1	-1	-1	-1	-1	-1	-1	-1	-1	-1	-1	-1	-1	-1	-1	-1	-1	-1	-1	-1	-1	-1	-1	-1	-1	-1	-1	-1	-1	-1	-1	-1	-1	-1	-1	-1	-1	-1	-1	-1	-1	-1	-1	-1	-1	-1	-1	-1	-1	-1	-1	-1	-1	-1	FFFFFF99	配饰	1308	2004	1
59092133	5	4	33	11	Charm11_2	1	9+10+11		1	1	-1	-1	-1	-1	-1	-1	-1	-1	-1	-1	-1	-1	-1	-1	-1	-1	-1	-1	-1	-1	-1	-1	-1	-1	-1	-1	-1	-1	-1	-1	-1	-1	-1	-1	-1	-1	-1	-1	-1	-1	-1	-1	-1	-1	-1	-1	-1	-1	-1	-1	-1	-1	-1	-1	-1	-1	-1	-1	-1	-1	-1	-1	-1	-1	FFFFFF99	配饰	1309	2004	1
59092223	5	4	33	11	Charm11_2	1	9+11+1		1	1	-1	-1	-1	-1	-1	-1	-1	-1	-1	-1	-1	-1	-1	-1	-1	-1	-1	-1	-1	-1	-1	-1	-1	-1	-1	-1	-1	-1	-1	-1	-1	-1	-1	-1	-1	-1	-1	-1	-1	-1	-1	-1	-1	-1	-1	-1	-1	-1	-1	-1	-1	-1	-1	-1	-1	-1	-1	-1	-1	-1	-1	-1	-1	-1	FFFFFF99	配饰	1310	2004	1
59092224	5	4	33	11	Charm11_2	1	9+11+2		1	1	-1	-1	-1	-1	-1	-1	-1	-1	-1	-1	-1	-1	-1	-1	-1	-1	-1	-1	-1	-1	-1	-1	-1	-1	-1	-1	-1	-1	-1	-1	-1	-1	-1	-1	-1	-1	-1	-1	-1	-1	-1	-1	-1	-1	-1	-1	-1	-1	-1	-1	-1	-1	-1	-1	-1	-1	-1	-1	-1	-1	-1	-1	-1	-1	FFFFFF99	配饰	1311	2004	1
59092225	5	4	33	11	Charm11_2	1	9+11+3		1	1	-1	-1	-1	-1	-1	-1	-1	-1	-1	-1	-1	-1	-1	-1	-1	-1	-1	-1	-1	-1	-1	-1	-1	-1	-1	-1	-1	-1	-1	-1	-1	-1	-1	-1	-1	-1	-1	-1	-1	-1	-1	-1	-1	-1	-1	-1	-1	-1	-1	-1	-1	-1	-1	-1	-1	-1	-1	-1	-1	-1	-1	-1	-1	-1	FFFFFF99	配饰	1312	2004	1
59092226	5	4	33	11	Charm11_2	1	9+11+4		1	1	-1	-1	-1	-1	-1	-1	-1	-1	-1	-1	-1	-1	-1	-1	-1	-1	-1	-1	-1	-1	-1	-1	-1	-1	-1	-1	-1	-1	-1	-1	-1	-1	-1	-1	-1	-1	-1	-1	-1	-1	-1	-1	-1	-1	-1	-1	-1	-1	-1	-1	-1	-1	-1	-1	-1	-1	-1	-1	-1	-1	-1	-1	-1	-1	FFFFFF99	配饰	1313	2004	1
59092227	5	4	33	11	Charm11_2	1	9+11+5		1	1	-1	-1	-1	-1	-1	-1	-1	-1	-1	-1	-1	-1	-1	-1	-1	-1	-1	-1	-1	-1	-1	-1	-1	-1	-1	-1	-1	-1	-1	-1	-1	-1	-1	-1	-1	-1	-1	-1	-1	-1	-1	-1	-1	-1	-1	-1	-1	-1	-1	-1	-1	-1	-1	-1	-1	-1	-1	-1	-1	-1	-1	-1	-1	-1	FFFFFF99	配饰	1314	2004	1
59092228	5	4	33	11	Charm11_2	1	9+11+6		1	1	-1	-1	-1	-1	-1	-1	-1	-1	-1	-1	-1	-1	-1	-1	-1	-1	-1	-1	-1	-1	-1	-1	-1	-1	-1	-1	-1	-1	-1	-1	-1	-1	-1	-1	-1	-1	-1	-1	-1	-1	-1	-1	-1	-1	-1	-1	-1	-1	-1	-1	-1	-1	-1	-1	-1	-1	-1	-1	-1	-1	-1	-1	-1	-1	FFFFFF99	配饰	1315	2004	1
59092229	5	4	33	11	Charm11_2	1	9+11+7		1	1	-1	-1	-1	-1	-1	-1	-1	-1	-1	-1	-1	-1	-1	-1	-1	-1	-1	-1	-1	-1	-1	-1	-1	-1	-1	-1	-1	-1	-1	-1	-1	-1	-1	-1	-1	-1	-1	-1	-1	-1	-1	-1	-1	-1	-1	-1	-1	-1	-1	-1	-1	-1	-1	-1	-1	-1	-1	-1	-1	-1	-1	-1	-1	-1	FFFFFF99	配饰	1316	2004	1
59092230	5	4	33	11	Charm11_2	1	9+11+8		1	1	-1	-1	-1	-1	-1	-1	-1	-1	-1	-1	-1	-1	-1	-1	-1	-1	-1	-1	-1	-1	-1	-1	-1	-1	-1	-1	-1	-1	-1	-1	-1	-1	-1	-1	-1	-1	-1	-1	-1	-1	-1	-1	-1	-1	-1	-1	-1	-1	-1	-1	-1	-1	-1	-1	-1	-1	-1	-1	-1	-1	-1	-1	-1	-1	FFFFFF99	配饰	1317	2004	1
59092231	5	4	33	11	Charm11_2	1	9+11+9		1	1	-1	-1	-1	-1	-1	-1	-1	-1	-1	-1	-1	-1	-1	-1	-1	-1	-1	-1	-1	-1	-1	-1	-1	-1	-1	-1	-1	-1	-1	-1	-1	-1	-1	-1	-1	-1	-1	-1	-1	-1	-1	-1	-1	-1	-1	-1	-1	-1	-1	-1	-1	-1	-1	-1	-1	-1	-1	-1	-1	-1	-1	-1	-1	-1	FFFFFF99	配饰	1318	2004	1
59092232	5	4	33	11	Charm11_2	1	9+11+10		1	1	-1	-1	-1	-1	-1	-1	-1	-1	-1	-1	-1	-1	-1	-1	-1	-1	-1	-1	-1	-1	-1	-1	-1	-1	-1	-1	-1	-1	-1	-1	-1	-1	-1	-1	-1	-1	-1	-1	-1	-1	-1	-1	-1	-1	-1	-1	-1	-1	-1	-1	-1	-1	-1	-1	-1	-1	-1	-1	-1	-1	-1	-1	-1	-1	FFFFFF99	配饰	1319	2004	1
59092233	5	4	33	11	Charm11_2	1	9+11+11		1	1	-1	-1	-1	-1	-1	-1	-1	-1	-1	-1	-1	-1	-1	-1	-1	-1	-1	-1	-1	-1	-1	-1	-1	-1	-1	-1	-1	-1	-1	-1	-1	-1	-1	-1	-1	-1	-1	-1	-1	-1	-1	-1	-1	-1	-1	-1	-1	-1	-1	-1	-1	-1	-1	-1	-1	-1	-1	-1	-1	-1	-1	-1	-1	-1	FFFFFF99	配饰	1320	2004	1
#白色莲花																																																																															
59101223	5	4	33	11	Charm11_2	1	10+1+1		1	1	-1	-1	-1	-1	-1	-1	-1	-1	-1	-1	-1	-1	-1	-1	-1	-1	-1	-1	-1	-1	-1	-1	-1	-1	-1	-1	-1	-1	-1	-1	-1	-1	-1	-1	-1	-1	-1	-1	-1	-1	-1	-1	-1	-1	-1	-1	-1	-1	-1	-1	-1	-1	-1	-1	-1	-1	-1	-1	-1	-1	-1	-1	-1	-1	FFFFFF99	配饰	1343	2004	1
59101224	5	4	33	11	Charm11_2	1	10+1+2		1	1	-1	-1	-1	-1	-1	-1	-1	-1	-1	-1	-1	-1	-1	-1	-1	-1	-1	-1	-1	-1	-1	-1	-1	-1	-1	-1	-1	-1	-1	-1	-1	-1	-1	-1	-1	-1	-1	-1	-1	-1	-1	-1	-1	-1	-1	-1	-1	-1	-1	-1	-1	-1	-1	-1	-1	-1	-1	-1	-1	-1	-1	-1	-1	-1	FFFFFF99	配饰	1344	2004	1
59101225	5	4	33	11	Charm11_2	1	10+1+3		1	1	-1	-1	-1	-1	-1	-1	-1	-1	-1	-1	-1	-1	-1	-1	-1	-1	-1	-1	-1	-1	-1	-1	-1	-1	-1	-1	-1	-1	-1	-1	-1	-1	-1	-1	-1	-1	-1	-1	-1	-1	-1	-1	-1	-1	-1	-1	-1	-1	-1	-1	-1	-1	-1	-1	-1	-1	-1	-1	-1	-1	-1	-1	-1	-1	FFFFFF99	配饰	1345	2004	1
59101226	5	4	33	11	Charm11_2	1	10+1+4		1	1	-1	-1	-1	-1	-1	-1	-1	-1	-1	-1	-1	-1	-1	-1	-1	-1	-1	-1	-1	-1	-1	-1	-1	-1	-1	-1	-1	-1	-1	-1	-1	-1	-1	-1	-1	-1	-1	-1	-1	-1	-1	-1	-1	-1	-1	-1	-1	-1	-1	-1	-1	-1	-1	-1	-1	-1	-1	-1	-1	-1	-1	-1	-1	-1	FFFFFF99	配饰	1346	2004	1
59101227	5	4	33	11	Charm11_2	1	10+1+5		1	1	-1	-1	-1	-1	-1	-1	-1	-1	-1	-1	-1	-1	-1	-1	-1	-1	-1	-1	-1	-1	-1	-1	-1	-1	-1	-1	-1	-1	-1	-1	-1	-1	-1	-1	-1	-1	-1	-1	-1	-1	-1	-1	-1	-1	-1	-1	-1	-1	-1	-1	-1	-1	-1	-1	-1	-1	-1	-1	-1	-1	-1	-1	-1	-1	FFFFFF99	配饰	1347	2004	1
59101228	5	4	33	11	Charm11_2	1	10+1+6		1	1	-1	-1	-1	-1	-1	-1	-1	-1	-1	-1	-1	-1	-1	-1	-1	-1	-1	-1	-1	-1	-1	-1	-1	-1	-1	-1	-1	-1	-1	-1	-1	-1	-1	-1	-1	-1	-1	-1	-1	-1	-1	-1	-1	-1	-1	-1	-1	-1	-1	-1	-1	-1	-1	-1	-1	-1	-1	-1	-1	-1	-1	-1	-1	-1	FFFFFF99	配饰	1348	2004	1
59101229	5	4	33	11	Charm11_2	1	10+1+7		1	1	-1	-1	-1	-1	-1	-1	-1	-1	-1	-1	-1	-1	-1	-1	-1	-1	-1	-1	-1	-1	-1	-1	-1	-1	-1	-1	-1	-1	-1	-1	-1	-1	-1	-1	-1	-1	-1	-1	-1	-1	-1	-1	-1	-1	-1	-1	-1	-1	-1	-1	-1	-1	-1	-1	-1	-1	-1	-1	-1	-1	-1	-1	-1	-1	FFFFFF99	配饰	1349	2004	1
59101230	5	4	33	11	Charm11_2	1	10+1+8		1	1	-1	-1	-1	-1	-1	-1	-1	-1	-1	-1	-1	-1	-1	-1	-1	-1	-1	-1	-1	-1	-1	-1	-1	-1	-1	-1	-1	-1	-1	-1	-1	-1	-1	-1	-1	-1	-1	-1	-1	-1	-1	-1	-1	-1	-1	-1	-1	-1	-1	-1	-1	-1	-1	-1	-1	-1	-1	-1	-1	-1	-1	-1	-1	-1	FFFFFF99	配饰	1350	2004	1
59101231	5	4	33	11	Charm11_2	1	10+1+9		1	1	-1	-1	-1	-1	-1	-1	-1	-1	-1	-1	-1	-1	-1	-1	-1	-1	-1	-1	-1	-1	-1	-1	-1	-1	-1	-1	-1	-1	-1	-1	-1	-1	-1	-1	-1	-1	-1	-1	-1	-1	-1	-1	-1	-1	-1	-1	-1	-1	-1	-1	-1	-1	-1	-1	-1	-1	-1	-1	-1	-1	-1	-1	-1	-1	FFFFFF99	配饰	1351	2004	1
59101232	5	4	33	11	Charm11_2	1	10+1+10		1	1	-1	-1	-1	-1	-1	-1	-1	-1	-1	-1	-1	-1	-1	-1	-1	-1	-1	-1	-1	-1	-1	-1	-1	-1	-1	-1	-1	-1	-1	-1	-1	-1	-1	-1	-1	-1	-1	-1	-1	-1	-1	-1	-1	-1	-1	-1	-1	-1	-1	-1	-1	-1	-1	-1	-1	-1	-1	-1	-1	-1	-1	-1	-1	-1	FFFFFF99	配饰	1352	2004	1
59101233	5	4	33	11	Charm11_2	1	10+1+11		1	1	-1	-1	-1	-1	-1	-1	-1	-1	-1	-1	-1	-1	-1	-1	-1	-1	-1	-1	-1	-1	-1	-1	-1	-1	-1	-1	-1	-1	-1	-1	-1	-1	-1	-1	-1	-1	-1	-1	-1	-1	-1	-1	-1	-1	-1	-1	-1	-1	-1	-1	-1	-1	-1	-1	-1	-1	-1	-1	-1	-1	-1	-1	-1	-1	FFFFFF99	配饰	1353	2004	1
59101323	5	4	33	11	Charm11_2	1	10+10+1		1	1	-1	-1	-1	-1	-1	-1	-1	-1	-1	-1	-1	-1	-1	-1	-1	-1	-1	-1	-1	-1	-1	-1	-1	-1	-1	-1	-1	-1	-1	-1	-1	-1	-1	-1	-1	-1	-1	-1	-1	-1	-1	-1	-1	-1	-1	-1	-1	-1	-1	-1	-1	-1	-1	-1	-1	-1	-1	-1	-1	-1	-1	-1	-1	-1	FFFFFF99	配饰	1354	2004	1
59101324	5	4	33	11	Charm11_2	1	10+10+2		1	1	-1	-1	-1	-1	-1	-1	-1	-1	-1	-1	-1	-1	-1	-1	-1	-1	-1	-1	-1	-1	-1	-1	-1	-1	-1	-1	-1	-1	-1	-1	-1	-1	-1	-1	-1	-1	-1	-1	-1	-1	-1	-1	-1	-1	-1	-1	-1	-1	-1	-1	-1	-1	-1	-1	-1	-1	-1	-1	-1	-1	-1	-1	-1	-1	FFFFFF99	配饰	1355	2004	1
59101325	5	4	33	11	Charm11_2	1	10+10+3		1	1	-1	-1	-1	-1	-1	-1	-1	-1	-1	-1	-1	-1	-1	-1	-1	-1	-1	-1	-1	-1	-1	-1	-1	-1	-1	-1	-1	-1	-1	-1	-1	-1	-1	-1	-1	-1	-1	-1	-1	-1	-1	-1	-1	-1	-1	-1	-1	-1	-1	-1	-1	-1	-1	-1	-1	-1	-1	-1	-1	-1	-1	-1	-1	-1	FFFFFF99	配饰	1356	2004	1
59101326	5	4	33	11	Charm11_2	1	10+10+4		1	1	-1	-1	-1	-1	-1	-1	-1	-1	-1	-1	-1	-1	-1	-1	-1	-1	-1	-1	-1	-1	-1	-1	-1	-1	-1	-1	-1	-1	-1	-1	-1	-1	-1	-1	-1	-1	-1	-1	-1	-1	-1	-1	-1	-1	-1	-1	-1	-1	-1	-1	-1	-1	-1	-1	-1	-1	-1	-1	-1	-1	-1	-1	-1	-1	FFFFFF99	配饰	1357	2004	1
59101327	5	4	33	11	Charm11_2	1	10+10+5		1	1	-1	-1	-1	-1	-1	-1	-1	-1	-1	-1	-1	-1	-1	-1	-1	-1	-1	-1	-1	-1	-1	-1	-1	-1	-1	-1	-1	-1	-1	-1	-1	-1	-1	-1	-1	-1	-1	-1	-1	-1	-1	-1	-1	-1	-1	-1	-1	-1	-1	-1	-1	-1	-1	-1	-1	-1	-1	-1	-1	-1	-1	-1	-1	-1	FFFFFF99	配饰	1358	2004	1
59101328	5	4	33	11	Charm11_2	1	10+10+6		1	1	-1	-1	-1	-1	-1	-1	-1	-1	-1	-1	-1	-1	-1	-1	-1	-1	-1	-1	-1	-1	-1	-1	-1	-1	-1	-1	-1	-1	-1	-1	-1	-1	-1	-1	-1	-1	-1	-1	-1	-1	-1	-1	-1	-1	-1	-1	-1	-1	-1	-1	-1	-1	-1	-1	-1	-1	-1	-1	-1	-1	-1	-1	-1	-1	FFFFFF99	配饰	1359	2004	1
59101329	5	4	33	11	Charm11_2	1	10+10+7		1	1	-1	-1	-1	-1	-1	-1	-1	-1	-1	-1	-1	-1	-1	-1	-1	-1	-1	-1	-1	-1	-1	-1	-1	-1	-1	-1	-1	-1	-1	-1	-1	-1	-1	-1	-1	-1	-1	-1	-1	-1	-1	-1	-1	-1	-1	-1	-1	-1	-1	-1	-1	-1	-1	-1	-1	-1	-1	-1	-1	-1	-1	-1	-1	-1	FFFFFF99	配饰	1360	2004	1
59101330	5	4	33	11	Charm11_2	1	10+10+8		1	1	-1	-1	-1	-1	-1	-1	-1	-1	-1	-1	-1	-1	-1	-1	-1	-1	-1	-1	-1	-1	-1	-1	-1	-1	-1	-1	-1	-1	-1	-1	-1	-1	-1	-1	-1	-1	-1	-1	-1	-1	-1	-1	-1	-1	-1	-1	-1	-1	-1	-1	-1	-1	-1	-1	-1	-1	-1	-1	-1	-1	-1	-1	-1	-1	FFFFFF99	配饰	1361	2004	1
59101331	5	4	33	11	Charm11_2	1	10+10+9		1	1	-1	-1	-1	-1	-1	-1	-1	-1	-1	-1	-1	-1	-1	-1	-1	-1	-1	-1	-1	-1	-1	-1	-1	-1	-1	-1	-1	-1	-1	-1	-1	-1	-1	-1	-1	-1	-1	-1	-1	-1	-1	-1	-1	-1	-1	-1	-1	-1	-1	-1	-1	-1	-1	-1	-1	-1	-1	-1	-1	-1	-1	-1	-1	-1	FFFFFF99	配饰	1362	2004	1
59101332	5	4	33	11	Charm11_2	1	10+10+10		1	1	-1	-1	-1	-1	-1	-1	-1	-1	-1	-1	-1	-1	-1	-1	-1	-1	-1	-1	-1	-1	-1	-1	-1	-1	-1	-1	-1	-1	-1	-1	-1	-1	-1	-1	-1	-1	-1	-1	-1	-1	-1	-1	-1	-1	-1	-1	-1	-1	-1	-1	-1	-1	-1	-1	-1	-1	-1	-1	-1	-1	-1	-1	-1	-1	FFFFFF99	配饰	1363	2004	1
59101333	5	4	33	11	Charm11_2	1	10+10+11		1	1	-1	-1	-1	-1	-1	-1	-1	-1	-1	-1	-1	-1	-1	-1	-1	-1	-1	-1	-1	-1	-1	-1	-1	-1	-1	-1	-1	-1	-1	-1	-1	-1	-1	-1	-1	-1	-1	-1	-1	-1	-1	-1	-1	-1	-1	-1	-1	-1	-1	-1	-1	-1	-1	-1	-1	-1	-1	-1	-1	-1	-1	-1	-1	-1	FFFFFF99	配饰	1364	2004	1
59101423	5	4	33	11	Charm11_2	1	10+10+1		1	1	-1	-1	-1	-1	-1	-1	-1	-1	-1	-1	-1	-1	-1	-1	-1	-1	-1	-1	-1	-1	-1	-1	-1	-1	-1	-1	-1	-1	-1	-1	-1	-1	-1	-1	-1	-1	-1	-1	-1	-1	-1	-1	-1	-1	-1	-1	-1	-1	-1	-1	-1	-1	-1	-1	-1	-1	-1	-1	-1	-1	-1	-1	-1	-1	FFFFFF99	配饰	1365	2004	1
59101424	5	4	33	11	Charm11_2	1	10+10+2		1	1	-1	-1	-1	-1	-1	-1	-1	-1	-1	-1	-1	-1	-1	-1	-1	-1	-1	-1	-1	-1	-1	-1	-1	-1	-1	-1	-1	-1	-1	-1	-1	-1	-1	-1	-1	-1	-1	-1	-1	-1	-1	-1	-1	-1	-1	-1	-1	-1	-1	-1	-1	-1	-1	-1	-1	-1	-1	-1	-1	-1	-1	-1	-1	-1	FFFFFF99	配饰	1366	2004	1
59101425	5	4	33	11	Charm11_2	1	10+10+3		1	1	-1	-1	-1	-1	-1	-1	-1	-1	-1	-1	-1	-1	-1	-1	-1	-1	-1	-1	-1	-1	-1	-1	-1	-1	-1	-1	-1	-1	-1	-1	-1	-1	-1	-1	-1	-1	-1	-1	-1	-1	-1	-1	-1	-1	-1	-1	-1	-1	-1	-1	-1	-1	-1	-1	-1	-1	-1	-1	-1	-1	-1	-1	-1	-1	FFFFFF99	配饰	1367	2004	1
59101426	5	4	33	11	Charm11_2	1	10+10+4		1	1	-1	-1	-1	-1	-1	-1	-1	-1	-1	-1	-1	-1	-1	-1	-1	-1	-1	-1	-1	-1	-1	-1	-1	-1	-1	-1	-1	-1	-1	-1	-1	-1	-1	-1	-1	-1	-1	-1	-1	-1	-1	-1	-1	-1	-1	-1	-1	-1	-1	-1	-1	-1	-1	-1	-1	-1	-1	-1	-1	-1	-1	-1	-1	-1	FFFFFF99	配饰	1368	2004	1
59101427	5	4	33	11	Charm11_2	1	10+10+5		1	1	-1	-1	-1	-1	-1	-1	-1	-1	-1	-1	-1	-1	-1	-1	-1	-1	-1	-1	-1	-1	-1	-1	-1	-1	-1	-1	-1	-1	-1	-1	-1	-1	-1	-1	-1	-1	-1	-1	-1	-1	-1	-1	-1	-1	-1	-1	-1	-1	-1	-1	-1	-1	-1	-1	-1	-1	-1	-1	-1	-1	-1	-1	-1	-1	FFFFFF99	配饰	1369	2004	1
59101428	5	4	33	11	Charm11_2	1	10+10+6		1	1	-1	-1	-1	-1	-1	-1	-1	-1	-1	-1	-1	-1	-1	-1	-1	-1	-1	-1	-1	-1	-1	-1	-1	-1	-1	-1	-1	-1	-1	-1	-1	-1	-1	-1	-1	-1	-1	-1	-1	-1	-1	-1	-1	-1	-1	-1	-1	-1	-1	-1	-1	-1	-1	-1	-1	-1	-1	-1	-1	-1	-1	-1	-1	-1	FFFFFF99	配饰	1370	2004	1
59101429	5	4	33	11	Charm11_2	1	10+10+7		1	1	-1	-1	-1	-1	-1	-1	-1	-1	-1	-1	-1	-1	-1	-1	-1	-1	-1	-1	-1	-1	-1	-1	-1	-1	-1	-1	-1	-1	-1	-1	-1	-1	-1	-1	-1	-1	-1	-1	-1	-1	-1	-1	-1	-1	-1	-1	-1	-1	-1	-1	-1	-1	-1	-1	-1	-1	-1	-1	-1	-1	-1	-1	-1	-1	FFFFFF99	配饰	1371	2004	1
59101430	5	4	33	11	Charm11_2	1	10+10+8		1	1	-1	-1	-1	-1	-1	-1	-1	-1	-1	-1	-1	-1	-1	-1	-1	-1	-1	-1	-1	-1	-1	-1	-1	-1	-1	-1	-1	-1	-1	-1	-1	-1	-1	-1	-1	-1	-1	-1	-1	-1	-1	-1	-1	-1	-1	-1	-1	-1	-1	-1	-1	-1	-1	-1	-1	-1	-1	-1	-1	-1	-1	-1	-1	-1	FFFFFF99	配饰	1372	2004	1
59101431	5	4	33	11	Charm11_2	1	10+10+9		1	1	-1	-1	-1	-1	-1	-1	-1	-1	-1	-1	-1	-1	-1	-1	-1	-1	-1	-1	-1	-1	-1	-1	-1	-1	-1	-1	-1	-1	-1	-1	-1	-1	-1	-1	-1	-1	-1	-1	-1	-1	-1	-1	-1	-1	-1	-1	-1	-1	-1	-1	-1	-1	-1	-1	-1	-1	-1	-1	-1	-1	-1	-1	-1	-1	FFFFFF99	配饰	1373	2004	1
59101432	5	4	33	11	Charm11_2	1	10+10+10		1	1	-1	-1	-1	-1	-1	-1	-1	-1	-1	-1	-1	-1	-1	-1	-1	-1	-1	-1	-1	-1	-1	-1	-1	-1	-1	-1	-1	-1	-1	-1	-1	-1	-1	-1	-1	-1	-1	-1	-1	-1	-1	-1	-1	-1	-1	-1	-1	-1	-1	-1	-1	-1	-1	-1	-1	-1	-1	-1	-1	-1	-1	-1	-1	-1	FFFFFF99	配饰	1374	2004	1
59101433	5	4	33	11	Charm11_2	1	10+10+11		1	1	-1	-1	-1	-1	-1	-1	-1	-1	-1	-1	-1	-1	-1	-1	-1	-1	-1	-1	-1	-1	-1	-1	-1	-1	-1	-1	-1	-1	-1	-1	-1	-1	-1	-1	-1	-1	-1	-1	-1	-1	-1	-1	-1	-1	-1	-1	-1	-1	-1	-1	-1	-1	-1	-1	-1	-1	-1	-1	-1	-1	-1	-1	-1	-1	FFFFFF99	配饰	1375	2004	1
59101523	5	4	33	11	Charm11_2	1	10+10+1		1	1	-1	-1	-1	-1	-1	-1	-1	-1	-1	-1	-1	-1	-1	-1	-1	-1	-1	-1	-1	-1	-1	-1	-1	-1	-1	-1	-1	-1	-1	-1	-1	-1	-1	-1	-1	-1	-1	-1	-1	-1	-1	-1	-1	-1	-1	-1	-1	-1	-1	-1	-1	-1	-1	-1	-1	-1	-1	-1	-1	-1	-1	-1	-1	-1	FFFFFF99	配饰	1376	2004	1
59101524	5	4	33	11	Charm11_2	1	10+10+2		1	1	-1	-1	-1	-1	-1	-1	-1	-1	-1	-1	-1	-1	-1	-1	-1	-1	-1	-1	-1	-1	-1	-1	-1	-1	-1	-1	-1	-1	-1	-1	-1	-1	-1	-1	-1	-1	-1	-1	-1	-1	-1	-1	-1	-1	-1	-1	-1	-1	-1	-1	-1	-1	-1	-1	-1	-1	-1	-1	-1	-1	-1	-1	-1	-1	FFFFFF99	配饰	1377	2004	1
59101525	5	4	33	11	Charm11_2	1	10+10+3		1	1	-1	-1	-1	-1	-1	-1	-1	-1	-1	-1	-1	-1	-1	-1	-1	-1	-1	-1	-1	-1	-1	-1	-1	-1	-1	-1	-1	-1	-1	-1	-1	-1	-1	-1	-1	-1	-1	-1	-1	-1	-1	-1	-1	-1	-1	-1	-1	-1	-1	-1	-1	-1	-1	-1	-1	-1	-1	-1	-1	-1	-1	-1	-1	-1	FFFFFF99	配饰	1378	2004	1
59101526	5	4	33	11	Charm11_2	1	10+10+4		1	1	-1	-1	-1	-1	-1	-1	-1	-1	-1	-1	-1	-1	-1	-1	-1	-1	-1	-1	-1	-1	-1	-1	-1	-1	-1	-1	-1	-1	-1	-1	-1	-1	-1	-1	-1	-1	-1	-1	-1	-1	-1	-1	-1	-1	-1	-1	-1	-1	-1	-1	-1	-1	-1	-1	-1	-1	-1	-1	-1	-1	-1	-1	-1	-1	FFFFFF99	配饰	1379	2004	1
59101527	5	4	33	11	Charm11_2	1	10+10+5		1	1	-1	-1	-1	-1	-1	-1	-1	-1	-1	-1	-1	-1	-1	-1	-1	-1	-1	-1	-1	-1	-1	-1	-1	-1	-1	-1	-1	-1	-1	-1	-1	-1	-1	-1	-1	-1	-1	-1	-1	-1	-1	-1	-1	-1	-1	-1	-1	-1	-1	-1	-1	-1	-1	-1	-1	-1	-1	-1	-1	-1	-1	-1	-1	-1	FFFFFF99	配饰	1380	2004	1
59101528	5	4	33	11	Charm11_2	1	10+10+6		1	1	-1	-1	-1	-1	-1	-1	-1	-1	-1	-1	-1	-1	-1	-1	-1	-1	-1	-1	-1	-1	-1	-1	-1	-1	-1	-1	-1	-1	-1	-1	-1	-1	-1	-1	-1	-1	-1	-1	-1	-1	-1	-1	-1	-1	-1	-1	-1	-1	-1	-1	-1	-1	-1	-1	-1	-1	-1	-1	-1	-1	-1	-1	-1	-1	FFFFFF99	配饰	1381	2004	1
59101529	5	4	33	11	Charm11_2	1	10+10+7		1	1	-1	-1	-1	-1	-1	-1	-1	-1	-1	-1	-1	-1	-1	-1	-1	-1	-1	-1	-1	-1	-1	-1	-1	-1	-1	-1	-1	-1	-1	-1	-1	-1	-1	-1	-1	-1	-1	-1	-1	-1	-1	-1	-1	-1	-1	-1	-1	-1	-1	-1	-1	-1	-1	-1	-1	-1	-1	-1	-1	-1	-1	-1	-1	-1	FFFFFF99	配饰	1382	2004	1
59101530	5	4	33	11	Charm11_2	1	10+10+8		1	1	-1	-1	-1	-1	-1	-1	-1	-1	-1	-1	-1	-1	-1	-1	-1	-1	-1	-1	-1	-1	-1	-1	-1	-1	-1	-1	-1	-1	-1	-1	-1	-1	-1	-1	-1	-1	-1	-1	-1	-1	-1	-1	-1	-1	-1	-1	-1	-1	-1	-1	-1	-1	-1	-1	-1	-1	-1	-1	-1	-1	-1	-1	-1	-1	FFFFFF99	配饰	1383	2004	1
59101531	5	4	33	11	Charm11_2	1	10+10+9		1	1	-1	-1	-1	-1	-1	-1	-1	-1	-1	-1	-1	-1	-1	-1	-1	-1	-1	-1	-1	-1	-1	-1	-1	-1	-1	-1	-1	-1	-1	-1	-1	-1	-1	-1	-1	-1	-1	-1	-1	-1	-1	-1	-1	-1	-1	-1	-1	-1	-1	-1	-1	-1	-1	-1	-1	-1	-1	-1	-1	-1	-1	-1	-1	-1	FFFFFF99	配饰	1384	2004	1
59101532	5	4	33	11	Charm11_2	1	10+10+10		1	1	-1	-1	-1	-1	-1	-1	-1	-1	-1	-1	-1	-1	-1	-1	-1	-1	-1	-1	-1	-1	-1	-1	-1	-1	-1	-1	-1	-1	-1	-1	-1	-1	-1	-1	-1	-1	-1	-1	-1	-1	-1	-1	-1	-1	-1	-1	-1	-1	-1	-1	-1	-1	-1	-1	-1	-1	-1	-1	-1	-1	-1	-1	-1	-1	FFFFFF99	配饰	1385	2004	1
59101533	5	4	33	11	Charm11_2	1	10+10+11		1	1	-1	-1	-1	-1	-1	-1	-1	-1	-1	-1	-1	-1	-1	-1	-1	-1	-1	-1	-1	-1	-1	-1	-1	-1	-1	-1	-1	-1	-1	-1	-1	-1	-1	-1	-1	-1	-1	-1	-1	-1	-1	-1	-1	-1	-1	-1	-1	-1	-1	-1	-1	-1	-1	-1	-1	-1	-1	-1	-1	-1	-1	-1	-1	-1	FFFFFF99	配饰	1386	2004	1
59101623	5	4	33	11	Charm11_2	1	10+10+1		1	1	-1	-1	-1	-1	-1	-1	-1	-1	-1	-1	-1	-1	-1	-1	-1	-1	-1	-1	-1	-1	-1	-1	-1	-1	-1	-1	-1	-1	-1	-1	-1	-1	-1	-1	-1	-1	-1	-1	-1	-1	-1	-1	-1	-1	-1	-1	-1	-1	-1	-1	-1	-1	-1	-1	-1	-1	-1	-1	-1	-1	-1	-1	-1	-1	FFFFFF99	配饰	1387	2004	1
59101624	5	4	33	11	Charm11_2	1	10+10+2		1	1	-1	-1	-1	-1	-1	-1	-1	-1	-1	-1	-1	-1	-1	-1	-1	-1	-1	-1	-1	-1	-1	-1	-1	-1	-1	-1	-1	-1	-1	-1	-1	-1	-1	-1	-1	-1	-1	-1	-1	-1	-1	-1	-1	-1	-1	-1	-1	-1	-1	-1	-1	-1	-1	-1	-1	-1	-1	-1	-1	-1	-1	-1	-1	-1	FFFFFF99	配饰	1388	2004	1
59101625	5	4	33	11	Charm11_2	1	10+10+3		1	1	-1	-1	-1	-1	-1	-1	-1	-1	-1	-1	-1	-1	-1	-1	-1	-1	-1	-1	-1	-1	-1	-1	-1	-1	-1	-1	-1	-1	-1	-1	-1	-1	-1	-1	-1	-1	-1	-1	-1	-1	-1	-1	-1	-1	-1	-1	-1	-1	-1	-1	-1	-1	-1	-1	-1	-1	-1	-1	-1	-1	-1	-1	-1	-1	FFFFFF99	配饰	1389	2004	1
59101626	5	4	33	11	Charm11_2	1	10+10+4		1	1	-1	-1	-1	-1	-1	-1	-1	-1	-1	-1	-1	-1	-1	-1	-1	-1	-1	-1	-1	-1	-1	-1	-1	-1	-1	-1	-1	-1	-1	-1	-1	-1	-1	-1	-1	-1	-1	-1	-1	-1	-1	-1	-1	-1	-1	-1	-1	-1	-1	-1	-1	-1	-1	-1	-1	-1	-1	-1	-1	-1	-1	-1	-1	-1	FFFFFF99	配饰	1390	2004	1
59101627	5	4	33	11	Charm11_2	1	10+10+5		1	1	-1	-1	-1	-1	-1	-1	-1	-1	-1	-1	-1	-1	-1	-1	-1	-1	-1	-1	-1	-1	-1	-1	-1	-1	-1	-1	-1	-1	-1	-1	-1	-1	-1	-1	-1	-1	-1	-1	-1	-1	-1	-1	-1	-1	-1	-1	-1	-1	-1	-1	-1	-1	-1	-1	-1	-1	-1	-1	-1	-1	-1	-1	-1	-1	FFFFFF99	配饰	1391	2004	1
59101628	5	4	33	11	Charm11_2	1	10+10+6		1	1	-1	-1	-1	-1	-1	-1	-1	-1	-1	-1	-1	-1	-1	-1	-1	-1	-1	-1	-1	-1	-1	-1	-1	-1	-1	-1	-1	-1	-1	-1	-1	-1	-1	-1	-1	-1	-1	-1	-1	-1	-1	-1	-1	-1	-1	-1	-1	-1	-1	-1	-1	-1	-1	-1	-1	-1	-1	-1	-1	-1	-1	-1	-1	-1	FFFFFF99	配饰	1392	2004	1
59101629	5	4	33	11	Charm11_2	1	10+10+7		1	1	-1	-1	-1	-1	-1	-1	-1	-1	-1	-1	-1	-1	-1	-1	-1	-1	-1	-1	-1	-1	-1	-1	-1	-1	-1	-1	-1	-1	-1	-1	-1	-1	-1	-1	-1	-1	-1	-1	-1	-1	-1	-1	-1	-1	-1	-1	-1	-1	-1	-1	-1	-1	-1	-1	-1	-1	-1	-1	-1	-1	-1	-1	-1	-1	FFFFFF99	配饰	1393	2004	1
59101630	5	4	33	11	Charm11_2	1	10+10+8		1	1	-1	-1	-1	-1	-1	-1	-1	-1	-1	-1	-1	-1	-1	-1	-1	-1	-1	-1	-1	-1	-1	-1	-1	-1	-1	-1	-1	-1	-1	-1	-1	-1	-1	-1	-1	-1	-1	-1	-1	-1	-1	-1	-1	-1	-1	-1	-1	-1	-1	-1	-1	-1	-1	-1	-1	-1	-1	-1	-1	-1	-1	-1	-1	-1	FFFFFF99	配饰	1394	2004	1
59101631	5	4	33	11	Charm11_2	1	10+10+9		1	1	-1	-1	-1	-1	-1	-1	-1	-1	-1	-1	-1	-1	-1	-1	-1	-1	-1	-1	-1	-1	-1	-1	-1	-1	-1	-1	-1	-1	-1	-1	-1	-1	-1	-1	-1	-1	-1	-1	-1	-1	-1	-1	-1	-1	-1	-1	-1	-1	-1	-1	-1	-1	-1	-1	-1	-1	-1	-1	-1	-1	-1	-1	-1	-1	FFFFFF99	配饰	1395	2004	1
59101632	5	4	33	11	Charm11_2	1	10+10+10		1	1	-1	-1	-1	-1	-1	-1	-1	-1	-1	-1	-1	-1	-1	-1	-1	-1	-1	-1	-1	-1	-1	-1	-1	-1	-1	-1	-1	-1	-1	-1	-1	-1	-1	-1	-1	-1	-1	-1	-1	-1	-1	-1	-1	-1	-1	-1	-1	-1	-1	-1	-1	-1	-1	-1	-1	-1	-1	-1	-1	-1	-1	-1	-1	-1	FFFFFF99	配饰	1396	2004	1
59101633	5	4	33	11	Charm11_2	1	10+10+11		1	1	-1	-1	-1	-1	-1	-1	-1	-1	-1	-1	-1	-1	-1	-1	-1	-1	-1	-1	-1	-1	-1	-1	-1	-1	-1	-1	-1	-1	-1	-1	-1	-1	-1	-1	-1	-1	-1	-1	-1	-1	-1	-1	-1	-1	-1	-1	-1	-1	-1	-1	-1	-1	-1	-1	-1	-1	-1	-1	-1	-1	-1	-1	-1	-1	FFFFFF99	配饰	1397	2004	1
59101723	5	4	33	11	Charm11_2	1	10+10+1		1	1	-1	-1	-1	-1	-1	-1	-1	-1	-1	-1	-1	-1	-1	-1	-1	-1	-1	-1	-1	-1	-1	-1	-1	-1	-1	-1	-1	-1	-1	-1	-1	-1	-1	-1	-1	-1	-1	-1	-1	-1	-1	-1	-1	-1	-1	-1	-1	-1	-1	-1	-1	-1	-1	-1	-1	-1	-1	-1	-1	-1	-1	-1	-1	-1	FFFFFF99	配饰	1398	2004	1
59101724	5	4	33	11	Charm11_2	1	10+10+2		1	1	-1	-1	-1	-1	-1	-1	-1	-1	-1	-1	-1	-1	-1	-1	-1	-1	-1	-1	-1	-1	-1	-1	-1	-1	-1	-1	-1	-1	-1	-1	-1	-1	-1	-1	-1	-1	-1	-1	-1	-1	-1	-1	-1	-1	-1	-1	-1	-1	-1	-1	-1	-1	-1	-1	-1	-1	-1	-1	-1	-1	-1	-1	-1	-1	FFFFFF99	配饰	1399	2004	1
59101725	5	4	33	11	Charm11_2	1	10+10+3		1	1	-1	-1	-1	-1	-1	-1	-1	-1	-1	-1	-1	-1	-1	-1	-1	-1	-1	-1	-1	-1	-1	-1	-1	-1	-1	-1	-1	-1	-1	-1	-1	-1	-1	-1	-1	-1	-1	-1	-1	-1	-1	-1	-1	-1	-1	-1	-1	-1	-1	-1	-1	-1	-1	-1	-1	-1	-1	-1	-1	-1	-1	-1	-1	-1	FFFFFF99	配饰	1400	2004	1
59101726	5	4	33	11	Charm11_2	1	10+10+4		1	1	-1	-1	-1	-1	-1	-1	-1	-1	-1	-1	-1	-1	-1	-1	-1	-1	-1	-1	-1	-1	-1	-1	-1	-1	-1	-1	-1	-1	-1	-1	-1	-1	-1	-1	-1	-1	-1	-1	-1	-1	-1	-1	-1	-1	-1	-1	-1	-1	-1	-1	-1	-1	-1	-1	-1	-1	-1	-1	-1	-1	-1	-1	-1	-1	FFFFFF99	配饰	1401	2004	1
59101727	5	4	33	11	Charm11_2	1	10+10+5		1	1	-1	-1	-1	-1	-1	-1	-1	-1	-1	-1	-1	-1	-1	-1	-1	-1	-1	-1	-1	-1	-1	-1	-1	-1	-1	-1	-1	-1	-1	-1	-1	-1	-1	-1	-1	-1	-1	-1	-1	-1	-1	-1	-1	-1	-1	-1	-1	-1	-1	-1	-1	-1	-1	-1	-1	-1	-1	-1	-1	-1	-1	-1	-1	-1	FFFFFF99	配饰	1402	2004	1
59101728	5	4	33	11	Charm11_2	1	10+10+6		1	1	-1	-1	-1	-1	-1	-1	-1	-1	-1	-1	-1	-1	-1	-1	-1	-1	-1	-1	-1	-1	-1	-1	-1	-1	-1	-1	-1	-1	-1	-1	-1	-1	-1	-1	-1	-1	-1	-1	-1	-1	-1	-1	-1	-1	-1	-1	-1	-1	-1	-1	-1	-1	-1	-1	-1	-1	-1	-1	-1	-1	-1	-1	-1	-1	FFFFFF99	配饰	1403	2004	1
59101729	5	4	33	11	Charm11_2	1	10+10+7		1	1	-1	-1	-1	-1	-1	-1	-1	-1	-1	-1	-1	-1	-1	-1	-1	-1	-1	-1	-1	-1	-1	-1	-1	-1	-1	-1	-1	-1	-1	-1	-1	-1	-1	-1	-1	-1	-1	-1	-1	-1	-1	-1	-1	-1	-1	-1	-1	-1	-1	-1	-1	-1	-1	-1	-1	-1	-1	-1	-1	-1	-1	-1	-1	-1	FFFFFF99	配饰	1404	2004	1
59101730	5	4	33	11	Charm11_2	1	10+10+8		1	1	-1	-1	-1	-1	-1	-1	-1	-1	-1	-1	-1	-1	-1	-1	-1	-1	-1	-1	-1	-1	-1	-1	-1	-1	-1	-1	-1	-1	-1	-1	-1	-1	-1	-1	-1	-1	-1	-1	-1	-1	-1	-1	-1	-1	-1	-1	-1	-1	-1	-1	-1	-1	-1	-1	-1	-1	-1	-1	-1	-1	-1	-1	-1	-1	FFFFFF99	配饰	1405	2004	1
59101731	5	4	33	11	Charm11_2	1	10+10+9		1	1	-1	-1	-1	-1	-1	-1	-1	-1	-1	-1	-1	-1	-1	-1	-1	-1	-1	-1	-1	-1	-1	-1	-1	-1	-1	-1	-1	-1	-1	-1	-1	-1	-1	-1	-1	-1	-1	-1	-1	-1	-1	-1	-1	-1	-1	-1	-1	-1	-1	-1	-1	-1	-1	-1	-1	-1	-1	-1	-1	-1	-1	-1	-1	-1	FFFFFF99	配饰	1406	2004	1
59101732	5	4	33	11	Charm11_2	1	10+10+10		1	1	-1	-1	-1	-1	-1	-1	-1	-1	-1	-1	-1	-1	-1	-1	-1	-1	-1	-1	-1	-1	-1	-1	-1	-1	-1	-1	-1	-1	-1	-1	-1	-1	-1	-1	-1	-1	-1	-1	-1	-1	-1	-1	-1	-1	-1	-1	-1	-1	-1	-1	-1	-1	-1	-1	-1	-1	-1	-1	-1	-1	-1	-1	-1	-1	FFFFFF99	配饰	1407	2004	1
59101733	5	4	33	11	Charm11_2	1	10+10+11		1	1	-1	-1	-1	-1	-1	-1	-1	-1	-1	-1	-1	-1	-1	-1	-1	-1	-1	-1	-1	-1	-1	-1	-1	-1	-1	-1	-1	-1	-1	-1	-1	-1	-1	-1	-1	-1	-1	-1	-1	-1	-1	-1	-1	-1	-1	-1	-1	-1	-1	-1	-1	-1	-1	-1	-1	-1	-1	-1	-1	-1	-1	-1	-1	-1	FFFFFF99	配饰	1408	2004	1
59101823	5	4	33	11	Charm11_2	1	10+10+1		1	1	-1	-1	-1	-1	-1	-1	-1	-1	-1	-1	-1	-1	-1	-1	-1	-1	-1	-1	-1	-1	-1	-1	-1	-1	-1	-1	-1	-1	-1	-1	-1	-1	-1	-1	-1	-1	-1	-1	-1	-1	-1	-1	-1	-1	-1	-1	-1	-1	-1	-1	-1	-1	-1	-1	-1	-1	-1	-1	-1	-1	-1	-1	-1	-1	FFFFFF99	配饰	1409	2004	1
59101824	5	4	33	11	Charm11_2	1	10+10+2		1	1	-1	-1	-1	-1	-1	-1	-1	-1	-1	-1	-1	-1	-1	-1	-1	-1	-1	-1	-1	-1	-1	-1	-1	-1	-1	-1	-1	-1	-1	-1	-1	-1	-1	-1	-1	-1	-1	-1	-1	-1	-1	-1	-1	-1	-1	-1	-1	-1	-1	-1	-1	-1	-1	-1	-1	-1	-1	-1	-1	-1	-1	-1	-1	-1	FFFFFF99	配饰	1410	2004	1
59101825	5	4	33	11	Charm11_2	1	10+10+3		1	1	-1	-1	-1	-1	-1	-1	-1	-1	-1	-1	-1	-1	-1	-1	-1	-1	-1	-1	-1	-1	-1	-1	-1	-1	-1	-1	-1	-1	-1	-1	-1	-1	-1	-1	-1	-1	-1	-1	-1	-1	-1	-1	-1	-1	-1	-1	-1	-1	-1	-1	-1	-1	-1	-1	-1	-1	-1	-1	-1	-1	-1	-1	-1	-1	FFFFFF99	配饰	1411	2004	1
59101826	5	4	33	11	Charm11_2	1	10+10+4		1	1	-1	-1	-1	-1	-1	-1	-1	-1	-1	-1	-1	-1	-1	-1	-1	-1	-1	-1	-1	-1	-1	-1	-1	-1	-1	-1	-1	-1	-1	-1	-1	-1	-1	-1	-1	-1	-1	-1	-1	-1	-1	-1	-1	-1	-1	-1	-1	-1	-1	-1	-1	-1	-1	-1	-1	-1	-1	-1	-1	-1	-1	-1	-1	-1	FFFFFF99	配饰	1412	2004	1
59101827	5	4	33	11	Charm11_2	1	10+10+5		1	1	-1	-1	-1	-1	-1	-1	-1	-1	-1	-1	-1	-1	-1	-1	-1	-1	-1	-1	-1	-1	-1	-1	-1	-1	-1	-1	-1	-1	-1	-1	-1	-1	-1	-1	-1	-1	-1	-1	-1	-1	-1	-1	-1	-1	-1	-1	-1	-1	-1	-1	-1	-1	-1	-1	-1	-1	-1	-1	-1	-1	-1	-1	-1	-1	FFFFFF99	配饰	1413	2004	1
59101828	5	4	33	11	Charm11_2	1	10+10+6		1	1	-1	-1	-1	-1	-1	-1	-1	-1	-1	-1	-1	-1	-1	-1	-1	-1	-1	-1	-1	-1	-1	-1	-1	-1	-1	-1	-1	-1	-1	-1	-1	-1	-1	-1	-1	-1	-1	-1	-1	-1	-1	-1	-1	-1	-1	-1	-1	-1	-1	-1	-1	-1	-1	-1	-1	-1	-1	-1	-1	-1	-1	-1	-1	-1	FFFFFF99	配饰	1414	2004	1
59101829	5	4	33	11	Charm11_2	1	10+10+7		1	1	-1	-1	-1	-1	-1	-1	-1	-1	-1	-1	-1	-1	-1	-1	-1	-1	-1	-1	-1	-1	-1	-1	-1	-1	-1	-1	-1	-1	-1	-1	-1	-1	-1	-1	-1	-1	-1	-1	-1	-1	-1	-1	-1	-1	-1	-1	-1	-1	-1	-1	-1	-1	-1	-1	-1	-1	-1	-1	-1	-1	-1	-1	-1	-1	FFFFFF99	配饰	1415	2004	1
59101830	5	4	33	11	Charm11_2	1	10+10+8		1	1	-1	-1	-1	-1	-1	-1	-1	-1	-1	-1	-1	-1	-1	-1	-1	-1	-1	-1	-1	-1	-1	-1	-1	-1	-1	-1	-1	-1	-1	-1	-1	-1	-1	-1	-1	-1	-1	-1	-1	-1	-1	-1	-1	-1	-1	-1	-1	-1	-1	-1	-1	-1	-1	-1	-1	-1	-1	-1	-1	-1	-1	-1	-1	-1	FFFFFF99	配饰	1416	2004	1
59101831	5	4	33	11	Charm11_2	1	10+10+9		1	1	-1	-1	-1	-1	-1	-1	-1	-1	-1	-1	-1	-1	-1	-1	-1	-1	-1	-1	-1	-1	-1	-1	-1	-1	-1	-1	-1	-1	-1	-1	-1	-1	-1	-1	-1	-1	-1	-1	-1	-1	-1	-1	-1	-1	-1	-1	-1	-1	-1	-1	-1	-1	-1	-1	-1	-1	-1	-1	-1	-1	-1	-1	-1	-1	FFFFFF99	配饰	1417	2004	1
59101832	5	4	33	11	Charm11_2	1	10+10+10		1	1	-1	-1	-1	-1	-1	-1	-1	-1	-1	-1	-1	-1	-1	-1	-1	-1	-1	-1	-1	-1	-1	-1	-1	-1	-1	-1	-1	-1	-1	-1	-1	-1	-1	-1	-1	-1	-1	-1	-1	-1	-1	-1	-1	-1	-1	-1	-1	-1	-1	-1	-1	-1	-1	-1	-1	-1	-1	-1	-1	-1	-1	-1	-1	-1	FFFFFF99	配饰	1418	2004	1
59101833	5	4	33	11	Charm11_2	1	10+10+11		1	1	-1	-1	-1	-1	-1	-1	-1	-1	-1	-1	-1	-1	-1	-1	-1	-1	-1	-1	-1	-1	-1	-1	-1	-1	-1	-1	-1	-1	-1	-1	-1	-1	-1	-1	-1	-1	-1	-1	-1	-1	-1	-1	-1	-1	-1	-1	-1	-1	-1	-1	-1	-1	-1	-1	-1	-1	-1	-1	-1	-1	-1	-1	-1	-1	FFFFFF99	配饰	1419	2004	1
59101923	5	4	33	11	Charm11_2	1	10+10+1		1	1	-1	-1	-1	-1	-1	-1	-1	-1	-1	-1	-1	-1	-1	-1	-1	-1	-1	-1	-1	-1	-1	-1	-1	-1	-1	-1	-1	-1	-1	-1	-1	-1	-1	-1	-1	-1	-1	-1	-1	-1	-1	-1	-1	-1	-1	-1	-1	-1	-1	-1	-1	-1	-1	-1	-1	-1	-1	-1	-1	-1	-1	-1	-1	-1	FFFFFF99	配饰	1420	2004	1
59101924	5	4	33	11	Charm11_2	1	10+10+2		1	1	-1	-1	-1	-1	-1	-1	-1	-1	-1	-1	-1	-1	-1	-1	-1	-1	-1	-1	-1	-1	-1	-1	-1	-1	-1	-1	-1	-1	-1	-1	-1	-1	-1	-1	-1	-1	-1	-1	-1	-1	-1	-1	-1	-1	-1	-1	-1	-1	-1	-1	-1	-1	-1	-1	-1	-1	-1	-1	-1	-1	-1	-1	-1	-1	FFFFFF99	配饰	1421	2004	1
59101925	5	4	33	11	Charm11_2	1	10+10+3		1	1	-1	-1	-1	-1	-1	-1	-1	-1	-1	-1	-1	-1	-1	-1	-1	-1	-1	-1	-1	-1	-1	-1	-1	-1	-1	-1	-1	-1	-1	-1	-1	-1	-1	-1	-1	-1	-1	-1	-1	-1	-1	-1	-1	-1	-1	-1	-1	-1	-1	-1	-1	-1	-1	-1	-1	-1	-1	-1	-1	-1	-1	-1	-1	-1	FFFFFF99	配饰	1422	2004	1
59101926	5	4	33	11	Charm11_2	1	10+10+4		1	1	-1	-1	-1	-1	-1	-1	-1	-1	-1	-1	-1	-1	-1	-1	-1	-1	-1	-1	-1	-1	-1	-1	-1	-1	-1	-1	-1	-1	-1	-1	-1	-1	-1	-1	-1	-1	-1	-1	-1	-1	-1	-1	-1	-1	-1	-1	-1	-1	-1	-1	-1	-1	-1	-1	-1	-1	-1	-1	-1	-1	-1	-1	-1	-1	FFFFFF99	配饰	1423	2004	1
59101927	5	4	33	11	Charm11_2	1	10+10+5		1	1	-1	-1	-1	-1	-1	-1	-1	-1	-1	-1	-1	-1	-1	-1	-1	-1	-1	-1	-1	-1	-1	-1	-1	-1	-1	-1	-1	-1	-1	-1	-1	-1	-1	-1	-1	-1	-1	-1	-1	-1	-1	-1	-1	-1	-1	-1	-1	-1	-1	-1	-1	-1	-1	-1	-1	-1	-1	-1	-1	-1	-1	-1	-1	-1	FFFFFF99	配饰	1424	2004	1
59101928	5	4	33	11	Charm11_2	1	10+10+6		1	1	-1	-1	-1	-1	-1	-1	-1	-1	-1	-1	-1	-1	-1	-1	-1	-1	-1	-1	-1	-1	-1	-1	-1	-1	-1	-1	-1	-1	-1	-1	-1	-1	-1	-1	-1	-1	-1	-1	-1	-1	-1	-1	-1	-1	-1	-1	-1	-1	-1	-1	-1	-1	-1	-1	-1	-1	-1	-1	-1	-1	-1	-1	-1	-1	FFFFFF99	配饰	1425	2004	1
59101929	5	4	33	11	Charm11_2	1	10+10+7		1	1	-1	-1	-1	-1	-1	-1	-1	-1	-1	-1	-1	-1	-1	-1	-1	-1	-1	-1	-1	-1	-1	-1	-1	-1	-1	-1	-1	-1	-1	-1	-1	-1	-1	-1	-1	-1	-1	-1	-1	-1	-1	-1	-1	-1	-1	-1	-1	-1	-1	-1	-1	-1	-1	-1	-1	-1	-1	-1	-1	-1	-1	-1	-1	-1	FFFFFF99	配饰	1426	2004	1
59101930	5	4	33	11	Charm11_2	1	10+10+8		1	1	-1	-1	-1	-1	-1	-1	-1	-1	-1	-1	-1	-1	-1	-1	-1	-1	-1	-1	-1	-1	-1	-1	-1	-1	-1	-1	-1	-1	-1	-1	-1	-1	-1	-1	-1	-1	-1	-1	-1	-1	-1	-1	-1	-1	-1	-1	-1	-1	-1	-1	-1	-1	-1	-1	-1	-1	-1	-1	-1	-1	-1	-1	-1	-1	FFFFFF99	配饰	1427	2004	1
59101931	5	4	33	11	Charm11_2	1	10+10+9		1	1	-1	-1	-1	-1	-1	-1	-1	-1	-1	-1	-1	-1	-1	-1	-1	-1	-1	-1	-1	-1	-1	-1	-1	-1	-1	-1	-1	-1	-1	-1	-1	-1	-1	-1	-1	-1	-1	-1	-1	-1	-1	-1	-1	-1	-1	-1	-1	-1	-1	-1	-1	-1	-1	-1	-1	-1	-1	-1	-1	-1	-1	-1	-1	-1	FFFFFF99	配饰	1428	2004	1
59101932	5	4	33	11	Charm11_2	1	10+10+10		1	1	-1	-1	-1	-1	-1	-1	-1	-1	-1	-1	-1	-1	-1	-1	-1	-1	-1	-1	-1	-1	-1	-1	-1	-1	-1	-1	-1	-1	-1	-1	-1	-1	-1	-1	-1	-1	-1	-1	-1	-1	-1	-1	-1	-1	-1	-1	-1	-1	-1	-1	-1	-1	-1	-1	-1	-1	-1	-1	-1	-1	-1	-1	-1	-1	FFFFFF99	配饰	1429	2004	1
59101933	5	4	33	11	Charm11_2	1	10+10+11		1	1	-1	-1	-1	-1	-1	-1	-1	-1	-1	-1	-1	-1	-1	-1	-1	-1	-1	-1	-1	-1	-1	-1	-1	-1	-1	-1	-1	-1	-1	-1	-1	-1	-1	-1	-1	-1	-1	-1	-1	-1	-1	-1	-1	-1	-1	-1	-1	-1	-1	-1	-1	-1	-1	-1	-1	-1	-1	-1	-1	-1	-1	-1	-1	-1	FFFFFF99	配饰	1430	2004	1
59102023	5	4	33	11	Charm11_2	1	10+10+1		1	1	-1	-1	-1	-1	-1	-1	-1	-1	-1	-1	-1	-1	-1	-1	-1	-1	-1	-1	-1	-1	-1	-1	-1	-1	-1	-1	-1	-1	-1	-1	-1	-1	-1	-1	-1	-1	-1	-1	-1	-1	-1	-1	-1	-1	-1	-1	-1	-1	-1	-1	-1	-1	-1	-1	-1	-1	-1	-1	-1	-1	-1	-1	-1	-1	FFFFFF99	配饰	1431	2004	1
59102024	5	4	33	11	Charm11_2	1	10+10+2		1	1	-1	-1	-1	-1	-1	-1	-1	-1	-1	-1	-1	-1	-1	-1	-1	-1	-1	-1	-1	-1	-1	-1	-1	-1	-1	-1	-1	-1	-1	-1	-1	-1	-1	-1	-1	-1	-1	-1	-1	-1	-1	-1	-1	-1	-1	-1	-1	-1	-1	-1	-1	-1	-1	-1	-1	-1	-1	-1	-1	-1	-1	-1	-1	-1	FFFFFF99	配饰	1432	2004	1
59102025	5	4	33	11	Charm11_2	1	10+10+3		1	1	-1	-1	-1	-1	-1	-1	-1	-1	-1	-1	-1	-1	-1	-1	-1	-1	-1	-1	-1	-1	-1	-1	-1	-1	-1	-1	-1	-1	-1	-1	-1	-1	-1	-1	-1	-1	-1	-1	-1	-1	-1	-1	-1	-1	-1	-1	-1	-1	-1	-1	-1	-1	-1	-1	-1	-1	-1	-1	-1	-1	-1	-1	-1	-1	FFFFFF99	配饰	1433	2004	1
59102026	5	4	33	11	Charm11_2	1	10+10+4		1	1	-1	-1	-1	-1	-1	-1	-1	-1	-1	-1	-1	-1	-1	-1	-1	-1	-1	-1	-1	-1	-1	-1	-1	-1	-1	-1	-1	-1	-1	-1	-1	-1	-1	-1	-1	-1	-1	-1	-1	-1	-1	-1	-1	-1	-1	-1	-1	-1	-1	-1	-1	-1	-1	-1	-1	-1	-1	-1	-1	-1	-1	-1	-1	-1	FFFFFF99	配饰	1434	2004	1
59102027	5	4	33	11	Charm11_2	1	10+10+5		1	1	-1	-1	-1	-1	-1	-1	-1	-1	-1	-1	-1	-1	-1	-1	-1	-1	-1	-1	-1	-1	-1	-1	-1	-1	-1	-1	-1	-1	-1	-1	-1	-1	-1	-1	-1	-1	-1	-1	-1	-1	-1	-1	-1	-1	-1	-1	-1	-1	-1	-1	-1	-1	-1	-1	-1	-1	-1	-1	-1	-1	-1	-1	-1	-1	FFFFFF99	配饰	1435	2004	1
59102028	5	4	33	11	Charm11_2	1	10+10+6		1	1	-1	-1	-1	-1	-1	-1	-1	-1	-1	-1	-1	-1	-1	-1	-1	-1	-1	-1	-1	-1	-1	-1	-1	-1	-1	-1	-1	-1	-1	-1	-1	-1	-1	-1	-1	-1	-1	-1	-1	-1	-1	-1	-1	-1	-1	-1	-1	-1	-1	-1	-1	-1	-1	-1	-1	-1	-1	-1	-1	-1	-1	-1	-1	-1	FFFFFF99	配饰	1436	2004	1
59102029	5	4	33	11	Charm11_2	1	10+10+7		1	1	-1	-1	-1	-1	-1	-1	-1	-1	-1	-1	-1	-1	-1	-1	-1	-1	-1	-1	-1	-1	-1	-1	-1	-1	-1	-1	-1	-1	-1	-1	-1	-1	-1	-1	-1	-1	-1	-1	-1	-1	-1	-1	-1	-1	-1	-1	-1	-1	-1	-1	-1	-1	-1	-1	-1	-1	-1	-1	-1	-1	-1	-1	-1	-1	FFFFFF99	配饰	1437	2004	1
59102030	5	4	33	11	Charm11_2	1	10+10+8		1	1	-1	-1	-1	-1	-1	-1	-1	-1	-1	-1	-1	-1	-1	-1	-1	-1	-1	-1	-1	-1	-1	-1	-1	-1	-1	-1	-1	-1	-1	-1	-1	-1	-1	-1	-1	-1	-1	-1	-1	-1	-1	-1	-1	-1	-1	-1	-1	-1	-1	-1	-1	-1	-1	-1	-1	-1	-1	-1	-1	-1	-1	-1	-1	-1	FFFFFF99	配饰	1438	2004	1
59102031	5	4	33	11	Charm11_2	1	10+10+9		1	1	-1	-1	-1	-1	-1	-1	-1	-1	-1	-1	-1	-1	-1	-1	-1	-1	-1	-1	-1	-1	-1	-1	-1	-1	-1	-1	-1	-1	-1	-1	-1	-1	-1	-1	-1	-1	-1	-1	-1	-1	-1	-1	-1	-1	-1	-1	-1	-1	-1	-1	-1	-1	-1	-1	-1	-1	-1	-1	-1	-1	-1	-1	-1	-1	FFFFFF99	配饰	1439	2004	1
59102032	5	4	33	11	Charm11_2	1	10+10+10		1	1	-1	-1	-1	-1	-1	-1	-1	-1	-1	-1	-1	-1	-1	-1	-1	-1	-1	-1	-1	-1	-1	-1	-1	-1	-1	-1	-1	-1	-1	-1	-1	-1	-1	-1	-1	-1	-1	-1	-1	-1	-1	-1	-1	-1	-1	-1	-1	-1	-1	-1	-1	-1	-1	-1	-1	-1	-1	-1	-1	-1	-1	-1	-1	-1	FFFFFF99	配饰	1440	2004	1
59102033	5	4	33	11	Charm11_2	1	10+10+11		1	1	-1	-1	-1	-1	-1	-1	-1	-1	-1	-1	-1	-1	-1	-1	-1	-1	-1	-1	-1	-1	-1	-1	-1	-1	-1	-1	-1	-1	-1	-1	-1	-1	-1	-1	-1	-1	-1	-1	-1	-1	-1	-1	-1	-1	-1	-1	-1	-1	-1	-1	-1	-1	-1	-1	-1	-1	-1	-1	-1	-1	-1	-1	-1	-1	FFFFFF99	配饰	1441	2004	1
59102123	5	4	33	11	Charm11_2	1	10+10+1		1	1	-1	-1	-1	-1	-1	-1	-1	-1	-1	-1	-1	-1	-1	-1	-1	-1	-1	-1	-1	-1	-1	-1	-1	-1	-1	-1	-1	-1	-1	-1	-1	-1	-1	-1	-1	-1	-1	-1	-1	-1	-1	-1	-1	-1	-1	-1	-1	-1	-1	-1	-1	-1	-1	-1	-1	-1	-1	-1	-1	-1	-1	-1	-1	-1	FFFFFF99	配饰	1442	2004	1
59102124	5	4	33	11	Charm11_2	1	10+10+2		1	1	-1	-1	-1	-1	-1	-1	-1	-1	-1	-1	-1	-1	-1	-1	-1	-1	-1	-1	-1	-1	-1	-1	-1	-1	-1	-1	-1	-1	-1	-1	-1	-1	-1	-1	-1	-1	-1	-1	-1	-1	-1	-1	-1	-1	-1	-1	-1	-1	-1	-1	-1	-1	-1	-1	-1	-1	-1	-1	-1	-1	-1	-1	-1	-1	FFFFFF99	配饰	1443	2004	1
59102125	5	4	33	11	Charm11_2	1	10+10+3		1	1	-1	-1	-1	-1	-1	-1	-1	-1	-1	-1	-1	-1	-1	-1	-1	-1	-1	-1	-1	-1	-1	-1	-1	-1	-1	-1	-1	-1	-1	-1	-1	-1	-1	-1	-1	-1	-1	-1	-1	-1	-1	-1	-1	-1	-1	-1	-1	-1	-1	-1	-1	-1	-1	-1	-1	-1	-1	-1	-1	-1	-1	-1	-1	-1	FFFFFF99	配饰	1444	2004	1
59102126	5	4	33	11	Charm11_2	1	10+10+4		1	1	-1	-1	-1	-1	-1	-1	-1	-1	-1	-1	-1	-1	-1	-1	-1	-1	-1	-1	-1	-1	-1	-1	-1	-1	-1	-1	-1	-1	-1	-1	-1	-1	-1	-1	-1	-1	-1	-1	-1	-1	-1	-1	-1	-1	-1	-1	-1	-1	-1	-1	-1	-1	-1	-1	-1	-1	-1	-1	-1	-1	-1	-1	-1	-1	FFFFFF99	配饰	1445	2004	1
59102127	5	4	33	11	Charm11_2	1	10+10+5		1	1	-1	-1	-1	-1	-1	-1	-1	-1	-1	-1	-1	-1	-1	-1	-1	-1	-1	-1	-1	-1	-1	-1	-1	-1	-1	-1	-1	-1	-1	-1	-1	-1	-1	-1	-1	-1	-1	-1	-1	-1	-1	-1	-1	-1	-1	-1	-1	-1	-1	-1	-1	-1	-1	-1	-1	-1	-1	-1	-1	-1	-1	-1	-1	-1	FFFFFF99	配饰	1446	2004	1
59102128	5	4	33	11	Charm11_2	1	10+10+6		1	1	-1	-1	-1	-1	-1	-1	-1	-1	-1	-1	-1	-1	-1	-1	-1	-1	-1	-1	-1	-1	-1	-1	-1	-1	-1	-1	-1	-1	-1	-1	-1	-1	-1	-1	-1	-1	-1	-1	-1	-1	-1	-1	-1	-1	-1	-1	-1	-1	-1	-1	-1	-1	-1	-1	-1	-1	-1	-1	-1	-1	-1	-1	-1	-1	FFFFFF99	配饰	1447	2004	1
59102129	5	4	33	11	Charm11_2	1	10+10+7		1	1	-1	-1	-1	-1	-1	-1	-1	-1	-1	-1	-1	-1	-1	-1	-1	-1	-1	-1	-1	-1	-1	-1	-1	-1	-1	-1	-1	-1	-1	-1	-1	-1	-1	-1	-1	-1	-1	-1	-1	-1	-1	-1	-1	-1	-1	-1	-1	-1	-1	-1	-1	-1	-1	-1	-1	-1	-1	-1	-1	-1	-1	-1	-1	-1	FFFFFF99	配饰	1448	2004	1
59102130	5	4	33	11	Charm11_2	1	10+10+8		1	1	-1	-1	-1	-1	-1	-1	-1	-1	-1	-1	-1	-1	-1	-1	-1	-1	-1	-1	-1	-1	-1	-1	-1	-1	-1	-1	-1	-1	-1	-1	-1	-1	-1	-1	-1	-1	-1	-1	-1	-1	-1	-1	-1	-1	-1	-1	-1	-1	-1	-1	-1	-1	-1	-1	-1	-1	-1	-1	-1	-1	-1	-1	-1	-1	FFFFFF99	配饰	1449	2004	1
59102131	5	4	33	11	Charm11_2	1	10+10+9		1	1	-1	-1	-1	-1	-1	-1	-1	-1	-1	-1	-1	-1	-1	-1	-1	-1	-1	-1	-1	-1	-1	-1	-1	-1	-1	-1	-1	-1	-1	-1	-1	-1	-1	-1	-1	-1	-1	-1	-1	-1	-1	-1	-1	-1	-1	-1	-1	-1	-1	-1	-1	-1	-1	-1	-1	-1	-1	-1	-1	-1	-1	-1	-1	-1	FFFFFF99	配饰	1450	2004	1
59102132	5	4	33	11	Charm11_2	1	10+10+10		1	1	-1	-1	-1	-1	-1	-1	-1	-1	-1	-1	-1	-1	-1	-1	-1	-1	-1	-1	-1	-1	-1	-1	-1	-1	-1	-1	-1	-1	-1	-1	-1	-1	-1	-1	-1	-1	-1	-1	-1	-1	-1	-1	-1	-1	-1	-1	-1	-1	-1	-1	-1	-1	-1	-1	-1	-1	-1	-1	-1	-1	-1	-1	-1	-1	FFFFFF99	配饰	1451	2004	1
59102133	5	4	33	11	Charm11_2	1	10+10+11		1	1	-1	-1	-1	-1	-1	-1	-1	-1	-1	-1	-1	-1	-1	-1	-1	-1	-1	-1	-1	-1	-1	-1	-1	-1	-1	-1	-1	-1	-1	-1	-1	-1	-1	-1	-1	-1	-1	-1	-1	-1	-1	-1	-1	-1	-1	-1	-1	-1	-1	-1	-1	-1	-1	-1	-1	-1	-1	-1	-1	-1	-1	-1	-1	-1	FFFFFF99	配饰	1452	2004	1
59102223	5	4	33	11	Charm11_2	1	10+11+1		1	1	-1	-1	-1	-1	-1	-1	-1	-1	-1	-1	-1	-1	-1	-1	-1	-1	-1	-1	-1	-1	-1	-1	-1	-1	-1	-1	-1	-1	-1	-1	-1	-1	-1	-1	-1	-1	-1	-1	-1	-1	-1	-1	-1	-1	-1	-1	-1	-1	-1	-1	-1	-1	-1	-1	-1	-1	-1	-1	-1	-1	-1	-1	-1	-1	FFFFFF99	配饰	1453	2004	1
59102224	5	4	33	11	Charm11_2	1	10+11+2		1	1	-1	-1	-1	-1	-1	-1	-1	-1	-1	-1	-1	-1	-1	-1	-1	-1	-1	-1	-1	-1	-1	-1	-1	-1	-1	-1	-1	-1	-1	-1	-1	-1	-1	-1	-1	-1	-1	-1	-1	-1	-1	-1	-1	-1	-1	-1	-1	-1	-1	-1	-1	-1	-1	-1	-1	-1	-1	-1	-1	-1	-1	-1	-1	-1	FFFFFF99	配饰	1454	2004	1
59102225	5	4	33	11	Charm11_2	1	10+11+3		1	1	-1	-1	-1	-1	-1	-1	-1	-1	-1	-1	-1	-1	-1	-1	-1	-1	-1	-1	-1	-1	-1	-1	-1	-1	-1	-1	-1	-1	-1	-1	-1	-1	-1	-1	-1	-1	-1	-1	-1	-1	-1	-1	-1	-1	-1	-1	-1	-1	-1	-1	-1	-1	-1	-1	-1	-1	-1	-1	-1	-1	-1	-1	-1	-1	FFFFFF99	配饰	1455	2004	1
59102226	5	4	33	11	Charm11_2	1	10+11+4		1	1	-1	-1	-1	-1	-1	-1	-1	-1	-1	-1	-1	-1	-1	-1	-1	-1	-1	-1	-1	-1	-1	-1	-1	-1	-1	-1	-1	-1	-1	-1	-1	-1	-1	-1	-1	-1	-1	-1	-1	-1	-1	-1	-1	-1	-1	-1	-1	-1	-1	-1	-1	-1	-1	-1	-1	-1	-1	-1	-1	-1	-1	-1	-1	-1	FFFFFF99	配饰	1456	2004	1
59102227	5	4	33	11	Charm11_2	1	10+11+5		1	1	-1	-1	-1	-1	-1	-1	-1	-1	-1	-1	-1	-1	-1	-1	-1	-1	-1	-1	-1	-1	-1	-1	-1	-1	-1	-1	-1	-1	-1	-1	-1	-1	-1	-1	-1	-1	-1	-1	-1	-1	-1	-1	-1	-1	-1	-1	-1	-1	-1	-1	-1	-1	-1	-1	-1	-1	-1	-1	-1	-1	-1	-1	-1	-1	FFFFFF99	配饰	1457	2004	1
59102228	5	4	33	11	Charm11_2	1	10+11+6		1	1	-1	-1	-1	-1	-1	-1	-1	-1	-1	-1	-1	-1	-1	-1	-1	-1	-1	-1	-1	-1	-1	-1	-1	-1	-1	-1	-1	-1	-1	-1	-1	-1	-1	-1	-1	-1	-1	-1	-1	-1	-1	-1	-1	-1	-1	-1	-1	-1	-1	-1	-1	-1	-1	-1	-1	-1	-1	-1	-1	-1	-1	-1	-1	-1	FFFFFF99	配饰	1458	2004	1
59102229	5	4	33	11	Charm11_2	1	10+11+7		1	1	-1	-1	-1	-1	-1	-1	-1	-1	-1	-1	-1	-1	-1	-1	-1	-1	-1	-1	-1	-1	-1	-1	-1	-1	-1	-1	-1	-1	-1	-1	-1	-1	-1	-1	-1	-1	-1	-1	-1	-1	-1	-1	-1	-1	-1	-1	-1	-1	-1	-1	-1	-1	-1	-1	-1	-1	-1	-1	-1	-1	-1	-1	-1	-1	FFFFFF99	配饰	1459	2004	1
59102230	5	4	33	11	Charm11_2	1	10+11+8		1	1	-1	-1	-1	-1	-1	-1	-1	-1	-1	-1	-1	-1	-1	-1	-1	-1	-1	-1	-1	-1	-1	-1	-1	-1	-1	-1	-1	-1	-1	-1	-1	-1	-1	-1	-1	-1	-1	-1	-1	-1	-1	-1	-1	-1	-1	-1	-1	-1	-1	-1	-1	-1	-1	-1	-1	-1	-1	-1	-1	-1	-1	-1	-1	-1	FFFFFF99	配饰	1460	2004	1
59102231	5	4	33	11	Charm11_2	1	10+11+9		1	1	-1	-1	-1	-1	-1	-1	-1	-1	-1	-1	-1	-1	-1	-1	-1	-1	-1	-1	-1	-1	-1	-1	-1	-1	-1	-1	-1	-1	-1	-1	-1	-1	-1	-1	-1	-1	-1	-1	-1	-1	-1	-1	-1	-1	-1	-1	-1	-1	-1	-1	-1	-1	-1	-1	-1	-1	-1	-1	-1	-1	-1	-1	-1	-1	FFFFFF99	配饰	1461	2004	1
59102232	5	4	33	11	Charm11_2	1	10+11+10		1	1	-1	-1	-1	-1	-1	-1	-1	-1	-1	-1	-1	-1	-1	-1	-1	-1	-1	-1	-1	-1	-1	-1	-1	-1	-1	-1	-1	-1	-1	-1	-1	-1	-1	-1	-1	-1	-1	-1	-1	-1	-1	-1	-1	-1	-1	-1	-1	-1	-1	-1	-1	-1	-1	-1	-1	-1	-1	-1	-1	-1	-1	-1	-1	-1	FFFFFF99	配饰	1462	2004	1
59102233	5	4	33	11	Charm11_2	1	10+11+11		1	1	-1	-1	-1	-1	-1	-1	-1	-1	-1	-1	-1	-1	-1	-1	-1	-1	-1	-1	-1	-1	-1	-1	-1	-1	-1	-1	-1	-1	-1	-1	-1	-1	-1	-1	-1	-1	-1	-1	-1	-1	-1	-1	-1	-1	-1	-1	-1	-1	-1	-1	-1	-1	-1	-1	-1	-1	-1	-1	-1	-1	-1	-1	-1	-1	FFFFFF99	配饰	1463	2004	1
#千纸鹤																																																																															
59111223	5	4	33	11	Charm11_2	1	11+1+1		1	1	-1	-1	-1	-1	-1	-1	-1	-1	-1	-1	-1	-1	-1	-1	-1	-1	-1	-1	-1	-1	-1	-1	-1	-1	-1	-1	-1	-1	-1	-1	-1	-1	-1	-1	-1	-1	-1	-1	-1	-1	-1	-1	-1	-1	-1	-1	-1	-1	-1	-1	-1	-1	-1	-1	-1	-1	-1	-1	-1	-1	-1	-1	-1	-1	FFFFFF99	配饰	1486	2004	1
59111224	5	4	33	11	Charm11_2	1	11+1+2		1	1	-1	-1	-1	-1	-1	-1	-1	-1	-1	-1	-1	-1	-1	-1	-1	-1	-1	-1	-1	-1	-1	-1	-1	-1	-1	-1	-1	-1	-1	-1	-1	-1	-1	-1	-1	-1	-1	-1	-1	-1	-1	-1	-1	-1	-1	-1	-1	-1	-1	-1	-1	-1	-1	-1	-1	-1	-1	-1	-1	-1	-1	-1	-1	-1	FFFFFF99	配饰	1487	2004	1
59111225	5	4	33	11	Charm11_2	1	11+1+3		1	1	-1	-1	-1	-1	-1	-1	-1	-1	-1	-1	-1	-1	-1	-1	-1	-1	-1	-1	-1	-1	-1	-1	-1	-1	-1	-1	-1	-1	-1	-1	-1	-1	-1	-1	-1	-1	-1	-1	-1	-1	-1	-1	-1	-1	-1	-1	-1	-1	-1	-1	-1	-1	-1	-1	-1	-1	-1	-1	-1	-1	-1	-1	-1	-1	FFFFFF99	配饰	1488	2004	1
59111226	5	4	33	11	Charm11_2	1	11+1+4		1	1	-1	-1	-1	-1	-1	-1	-1	-1	-1	-1	-1	-1	-1	-1	-1	-1	-1	-1	-1	-1	-1	-1	-1	-1	-1	-1	-1	-1	-1	-1	-1	-1	-1	-1	-1	-1	-1	-1	-1	-1	-1	-1	-1	-1	-1	-1	-1	-1	-1	-1	-1	-1	-1	-1	-1	-1	-1	-1	-1	-1	-1	-1	-1	-1	FFFFFF99	配饰	1489	2004	1
59111227	5	4	33	11	Charm11_2	1	11+1+5		1	1	-1	-1	-1	-1	-1	-1	-1	-1	-1	-1	-1	-1	-1	-1	-1	-1	-1	-1	-1	-1	-1	-1	-1	-1	-1	-1	-1	-1	-1	-1	-1	-1	-1	-1	-1	-1	-1	-1	-1	-1	-1	-1	-1	-1	-1	-1	-1	-1	-1	-1	-1	-1	-1	-1	-1	-1	-1	-1	-1	-1	-1	-1	-1	-1	FFFFFF99	配饰	1490	2004	1
59111228	5	4	33	11	Charm11_2	1	11+1+6		1	1	-1	-1	-1	-1	-1	-1	-1	-1	-1	-1	-1	-1	-1	-1	-1	-1	-1	-1	-1	-1	-1	-1	-1	-1	-1	-1	-1	-1	-1	-1	-1	-1	-1	-1	-1	-1	-1	-1	-1	-1	-1	-1	-1	-1	-1	-1	-1	-1	-1	-1	-1	-1	-1	-1	-1	-1	-1	-1	-1	-1	-1	-1	-1	-1	FFFFFF99	配饰	1491	2004	1
59111229	5	4	33	11	Charm11_2	1	11+1+7		1	1	-1	-1	-1	-1	-1	-1	-1	-1	-1	-1	-1	-1	-1	-1	-1	-1	-1	-1	-1	-1	-1	-1	-1	-1	-1	-1	-1	-1	-1	-1	-1	-1	-1	-1	-1	-1	-1	-1	-1	-1	-1	-1	-1	-1	-1	-1	-1	-1	-1	-1	-1	-1	-1	-1	-1	-1	-1	-1	-1	-1	-1	-1	-1	-1	FFFFFF99	配饰	1492	2004	1
59111230	5	4	33	11	Charm11_2	1	11+1+8		1	1	-1	-1	-1	-1	-1	-1	-1	-1	-1	-1	-1	-1	-1	-1	-1	-1	-1	-1	-1	-1	-1	-1	-1	-1	-1	-1	-1	-1	-1	-1	-1	-1	-1	-1	-1	-1	-1	-1	-1	-1	-1	-1	-1	-1	-1	-1	-1	-1	-1	-1	-1	-1	-1	-1	-1	-1	-1	-1	-1	-1	-1	-1	-1	-1	FFFFFF99	配饰	1493	2004	1
59111231	5	4	33	11	Charm11_2	1	11+1+9		1	1	-1	-1	-1	-1	-1	-1	-1	-1	-1	-1	-1	-1	-1	-1	-1	-1	-1	-1	-1	-1	-1	-1	-1	-1	-1	-1	-1	-1	-1	-1	-1	-1	-1	-1	-1	-1	-1	-1	-1	-1	-1	-1	-1	-1	-1	-1	-1	-1	-1	-1	-1	-1	-1	-1	-1	-1	-1	-1	-1	-1	-1	-1	-1	-1	FFFFFF99	配饰	1494	2004	1
59111232	5	4	33	11	Charm11_2	1	11+1+10		1	1	-1	-1	-1	-1	-1	-1	-1	-1	-1	-1	-1	-1	-1	-1	-1	-1	-1	-1	-1	-1	-1	-1	-1	-1	-1	-1	-1	-1	-1	-1	-1	-1	-1	-1	-1	-1	-1	-1	-1	-1	-1	-1	-1	-1	-1	-1	-1	-1	-1	-1	-1	-1	-1	-1	-1	-1	-1	-1	-1	-1	-1	-1	-1	-1	FFFFFF99	配饰	1495	2004	1
59111233	5	4	33	11	Charm11_2	1	11+1+11		1	1	-1	-1	-1	-1	-1	-1	-1	-1	-1	-1	-1	-1	-1	-1	-1	-1	-1	-1	-1	-1	-1	-1	-1	-1	-1	-1	-1	-1	-1	-1	-1	-1	-1	-1	-1	-1	-1	-1	-1	-1	-1	-1	-1	-1	-1	-1	-1	-1	-1	-1	-1	-1	-1	-1	-1	-1	-1	-1	-1	-1	-1	-1	-1	-1	FFFFFF99	配饰	1496	2004	1
59111323	5	4	33	11	Charm11_2	1	11+11+1		1	1	-1	-1	-1	-1	-1	-1	-1	-1	-1	-1	-1	-1	-1	-1	-1	-1	-1	-1	-1	-1	-1	-1	-1	-1	-1	-1	-1	-1	-1	-1	-1	-1	-1	-1	-1	-1	-1	-1	-1	-1	-1	-1	-1	-1	-1	-1	-1	-1	-1	-1	-1	-1	-1	-1	-1	-1	-1	-1	-1	-1	-1	-1	-1	-1	FFFFFF99	配饰	1497	2004	1
59111324	5	4	33	11	Charm11_2	1	11+11+2		1	1	-1	-1	-1	-1	-1	-1	-1	-1	-1	-1	-1	-1	-1	-1	-1	-1	-1	-1	-1	-1	-1	-1	-1	-1	-1	-1	-1	-1	-1	-1	-1	-1	-1	-1	-1	-1	-1	-1	-1	-1	-1	-1	-1	-1	-1	-1	-1	-1	-1	-1	-1	-1	-1	-1	-1	-1	-1	-1	-1	-1	-1	-1	-1	-1	FFFFFF99	配饰	1498	2004	1
59111325	5	4	33	11	Charm11_2	1	11+11+3		1	1	-1	-1	-1	-1	-1	-1	-1	-1	-1	-1	-1	-1	-1	-1	-1	-1	-1	-1	-1	-1	-1	-1	-1	-1	-1	-1	-1	-1	-1	-1	-1	-1	-1	-1	-1	-1	-1	-1	-1	-1	-1	-1	-1	-1	-1	-1	-1	-1	-1	-1	-1	-1	-1	-1	-1	-1	-1	-1	-1	-1	-1	-1	-1	-1	FFFFFF99	配饰	1499	2004	1
59111326	5	4	33	11	Charm11_2	1	11+11+4		1	1	-1	-1	-1	-1	-1	-1	-1	-1	-1	-1	-1	-1	-1	-1	-1	-1	-1	-1	-1	-1	-1	-1	-1	-1	-1	-1	-1	-1	-1	-1	-1	-1	-1	-1	-1	-1	-1	-1	-1	-1	-1	-1	-1	-1	-1	-1	-1	-1	-1	-1	-1	-1	-1	-1	-1	-1	-1	-1	-1	-1	-1	-1	-1	-1	FFFFFF99	配饰	1500	2004	1
59111327	5	4	33	11	Charm11_2	1	11+11+5		1	1	-1	-1	-1	-1	-1	-1	-1	-1	-1	-1	-1	-1	-1	-1	-1	-1	-1	-1	-1	-1	-1	-1	-1	-1	-1	-1	-1	-1	-1	-1	-1	-1	-1	-1	-1	-1	-1	-1	-1	-1	-1	-1	-1	-1	-1	-1	-1	-1	-1	-1	-1	-1	-1	-1	-1	-1	-1	-1	-1	-1	-1	-1	-1	-1	FFFFFF99	配饰	1501	2004	1
59111328	5	4	33	11	Charm11_2	1	11+11+6		1	1	-1	-1	-1	-1	-1	-1	-1	-1	-1	-1	-1	-1	-1	-1	-1	-1	-1	-1	-1	-1	-1	-1	-1	-1	-1	-1	-1	-1	-1	-1	-1	-1	-1	-1	-1	-1	-1	-1	-1	-1	-1	-1	-1	-1	-1	-1	-1	-1	-1	-1	-1	-1	-1	-1	-1	-1	-1	-1	-1	-1	-1	-1	-1	-1	FFFFFF99	配饰	1502	2004	1
59111329	5	4	33	11	Charm11_2	1	11+11+7		1	1	-1	-1	-1	-1	-1	-1	-1	-1	-1	-1	-1	-1	-1	-1	-1	-1	-1	-1	-1	-1	-1	-1	-1	-1	-1	-1	-1	-1	-1	-1	-1	-1	-1	-1	-1	-1	-1	-1	-1	-1	-1	-1	-1	-1	-1	-1	-1	-1	-1	-1	-1	-1	-1	-1	-1	-1	-1	-1	-1	-1	-1	-1	-1	-1	FFFFFF99	配饰	1503	2004	1
59111330	5	4	33	11	Charm11_2	1	11+11+8		1	1	-1	-1	-1	-1	-1	-1	-1	-1	-1	-1	-1	-1	-1	-1	-1	-1	-1	-1	-1	-1	-1	-1	-1	-1	-1	-1	-1	-1	-1	-1	-1	-1	-1	-1	-1	-1	-1	-1	-1	-1	-1	-1	-1	-1	-1	-1	-1	-1	-1	-1	-1	-1	-1	-1	-1	-1	-1	-1	-1	-1	-1	-1	-1	-1	FFFFFF99	配饰	1504	2004	1
59111331	5	4	33	11	Charm11_2	1	11+11+9		1	1	-1	-1	-1	-1	-1	-1	-1	-1	-1	-1	-1	-1	-1	-1	-1	-1	-1	-1	-1	-1	-1	-1	-1	-1	-1	-1	-1	-1	-1	-1	-1	-1	-1	-1	-1	-1	-1	-1	-1	-1	-1	-1	-1	-1	-1	-1	-1	-1	-1	-1	-1	-1	-1	-1	-1	-1	-1	-1	-1	-1	-1	-1	-1	-1	FFFFFF99	配饰	1505	2004	1
59111332	5	4	33	11	Charm11_2	1	11+11+10		1	1	-1	-1	-1	-1	-1	-1	-1	-1	-1	-1	-1	-1	-1	-1	-1	-1	-1	-1	-1	-1	-1	-1	-1	-1	-1	-1	-1	-1	-1	-1	-1	-1	-1	-1	-1	-1	-1	-1	-1	-1	-1	-1	-1	-1	-1	-1	-1	-1	-1	-1	-1	-1	-1	-1	-1	-1	-1	-1	-1	-1	-1	-1	-1	-1	FFFFFF99	配饰	1506	2004	1
59111333	5	4	33	11	Charm11_2	1	11+11+11		1	1	-1	-1	-1	-1	-1	-1	-1	-1	-1	-1	-1	-1	-1	-1	-1	-1	-1	-1	-1	-1	-1	-1	-1	-1	-1	-1	-1	-1	-1	-1	-1	-1	-1	-1	-1	-1	-1	-1	-1	-1	-1	-1	-1	-1	-1	-1	-1	-1	-1	-1	-1	-1	-1	-1	-1	-1	-1	-1	-1	-1	-1	-1	-1	-1	FFFFFF99	配饰	1507	2004	1
59111423	5	4	33	11	Charm11_2	1	11+11+1		1	1	-1	-1	-1	-1	-1	-1	-1	-1	-1	-1	-1	-1	-1	-1	-1	-1	-1	-1	-1	-1	-1	-1	-1	-1	-1	-1	-1	-1	-1	-1	-1	-1	-1	-1	-1	-1	-1	-1	-1	-1	-1	-1	-1	-1	-1	-1	-1	-1	-1	-1	-1	-1	-1	-1	-1	-1	-1	-1	-1	-1	-1	-1	-1	-1	FFFFFF99	配饰	1508	2004	1
59111424	5	4	33	11	Charm11_2	1	11+11+2		1	1	-1	-1	-1	-1	-1	-1	-1	-1	-1	-1	-1	-1	-1	-1	-1	-1	-1	-1	-1	-1	-1	-1	-1	-1	-1	-1	-1	-1	-1	-1	-1	-1	-1	-1	-1	-1	-1	-1	-1	-1	-1	-1	-1	-1	-1	-1	-1	-1	-1	-1	-1	-1	-1	-1	-1	-1	-1	-1	-1	-1	-1	-1	-1	-1	FFFFFF99	配饰	1509	2004	1
59111425	5	4	33	11	Charm11_2	1	11+11+3		1	1	-1	-1	-1	-1	-1	-1	-1	-1	-1	-1	-1	-1	-1	-1	-1	-1	-1	-1	-1	-1	-1	-1	-1	-1	-1	-1	-1	-1	-1	-1	-1	-1	-1	-1	-1	-1	-1	-1	-1	-1	-1	-1	-1	-1	-1	-1	-1	-1	-1	-1	-1	-1	-1	-1	-1	-1	-1	-1	-1	-1	-1	-1	-1	-1	FFFFFF99	配饰	1510	2004	1
59111426	5	4	33	11	Charm11_2	1	11+11+4		1	1	-1	-1	-1	-1	-1	-1	-1	-1	-1	-1	-1	-1	-1	-1	-1	-1	-1	-1	-1	-1	-1	-1	-1	-1	-1	-1	-1	-1	-1	-1	-1	-1	-1	-1	-1	-1	-1	-1	-1	-1	-1	-1	-1	-1	-1	-1	-1	-1	-1	-1	-1	-1	-1	-1	-1	-1	-1	-1	-1	-1	-1	-1	-1	-1	FFFFFF99	配饰	1511	2004	1
59111427	5	4	33	11	Charm11_2	1	11+11+5		1	1	-1	-1	-1	-1	-1	-1	-1	-1	-1	-1	-1	-1	-1	-1	-1	-1	-1	-1	-1	-1	-1	-1	-1	-1	-1	-1	-1	-1	-1	-1	-1	-1	-1	-1	-1	-1	-1	-1	-1	-1	-1	-1	-1	-1	-1	-1	-1	-1	-1	-1	-1	-1	-1	-1	-1	-1	-1	-1	-1	-1	-1	-1	-1	-1	FFFFFF99	配饰	1512	2004	1
59111428	5	4	33	11	Charm11_2	1	11+11+6		1	1	-1	-1	-1	-1	-1	-1	-1	-1	-1	-1	-1	-1	-1	-1	-1	-1	-1	-1	-1	-1	-1	-1	-1	-1	-1	-1	-1	-1	-1	-1	-1	-1	-1	-1	-1	-1	-1	-1	-1	-1	-1	-1	-1	-1	-1	-1	-1	-1	-1	-1	-1	-1	-1	-1	-1	-1	-1	-1	-1	-1	-1	-1	-1	-1	FFFFFF99	配饰	1513	2004	1
59111429	5	4	33	11	Charm11_2	1	11+11+7		1	1	-1	-1	-1	-1	-1	-1	-1	-1	-1	-1	-1	-1	-1	-1	-1	-1	-1	-1	-1	-1	-1	-1	-1	-1	-1	-1	-1	-1	-1	-1	-1	-1	-1	-1	-1	-1	-1	-1	-1	-1	-1	-1	-1	-1	-1	-1	-1	-1	-1	-1	-1	-1	-1	-1	-1	-1	-1	-1	-1	-1	-1	-1	-1	-1	FFFFFF99	配饰	1514	2004	1
59111430	5	4	33	11	Charm11_2	1	11+11+8		1	1	-1	-1	-1	-1	-1	-1	-1	-1	-1	-1	-1	-1	-1	-1	-1	-1	-1	-1	-1	-1	-1	-1	-1	-1	-1	-1	-1	-1	-1	-1	-1	-1	-1	-1	-1	-1	-1	-1	-1	-1	-1	-1	-1	-1	-1	-1	-1	-1	-1	-1	-1	-1	-1	-1	-1	-1	-1	-1	-1	-1	-1	-1	-1	-1	FFFFFF99	配饰	1515	2004	1
59111431	5	4	33	11	Charm11_2	1	11+11+9		1	1	-1	-1	-1	-1	-1	-1	-1	-1	-1	-1	-1	-1	-1	-1	-1	-1	-1	-1	-1	-1	-1	-1	-1	-1	-1	-1	-1	-1	-1	-1	-1	-1	-1	-1	-1	-1	-1	-1	-1	-1	-1	-1	-1	-1	-1	-1	-1	-1	-1	-1	-1	-1	-1	-1	-1	-1	-1	-1	-1	-1	-1	-1	-1	-1	FFFFFF99	配饰	1516	2004	1
59111432	5	4	33	11	Charm11_2	1	11+11+10		1	1	-1	-1	-1	-1	-1	-1	-1	-1	-1	-1	-1	-1	-1	-1	-1	-1	-1	-1	-1	-1	-1	-1	-1	-1	-1	-1	-1	-1	-1	-1	-1	-1	-1	-1	-1	-1	-1	-1	-1	-1	-1	-1	-1	-1	-1	-1	-1	-1	-1	-1	-1	-1	-1	-1	-1	-1	-1	-1	-1	-1	-1	-1	-1	-1	FFFFFF99	配饰	1517	2004	1
59111433	5	4	33	11	Charm11_2	1	11+11+11		1	1	-1	-1	-1	-1	-1	-1	-1	-1	-1	-1	-1	-1	-1	-1	-1	-1	-1	-1	-1	-1	-1	-1	-1	-1	-1	-1	-1	-1	-1	-1	-1	-1	-1	-1	-1	-1	-1	-1	-1	-1	-1	-1	-1	-1	-1	-1	-1	-1	-1	-1	-1	-1	-1	-1	-1	-1	-1	-1	-1	-1	-1	-1	-1	-1	FFFFFF99	配饰	1518	2004	1
59111523	5	4	33	11	Charm11_2	1	11+11+1		1	1	-1	-1	-1	-1	-1	-1	-1	-1	-1	-1	-1	-1	-1	-1	-1	-1	-1	-1	-1	-1	-1	-1	-1	-1	-1	-1	-1	-1	-1	-1	-1	-1	-1	-1	-1	-1	-1	-1	-1	-1	-1	-1	-1	-1	-1	-1	-1	-1	-1	-1	-1	-1	-1	-1	-1	-1	-1	-1	-1	-1	-1	-1	-1	-1	FFFFFF99	配饰	1519	2004	1
59111524	5	4	33	11	Charm11_2	1	11+11+2		1	1	-1	-1	-1	-1	-1	-1	-1	-1	-1	-1	-1	-1	-1	-1	-1	-1	-1	-1	-1	-1	-1	-1	-1	-1	-1	-1	-1	-1	-1	-1	-1	-1	-1	-1	-1	-1	-1	-1	-1	-1	-1	-1	-1	-1	-1	-1	-1	-1	-1	-1	-1	-1	-1	-1	-1	-1	-1	-1	-1	-1	-1	-1	-1	-1	FFFFFF99	配饰	1520	2004	1
59111525	5	4	33	11	Charm11_2	1	11+11+3		1	1	-1	-1	-1	-1	-1	-1	-1	-1	-1	-1	-1	-1	-1	-1	-1	-1	-1	-1	-1	-1	-1	-1	-1	-1	-1	-1	-1	-1	-1	-1	-1	-1	-1	-1	-1	-1	-1	-1	-1	-1	-1	-1	-1	-1	-1	-1	-1	-1	-1	-1	-1	-1	-1	-1	-1	-1	-1	-1	-1	-1	-1	-1	-1	-1	FFFFFF99	配饰	1521	2004	1
59111526	5	4	33	11	Charm11_2	1	11+11+4		1	1	-1	-1	-1	-1	-1	-1	-1	-1	-1	-1	-1	-1	-1	-1	-1	-1	-1	-1	-1	-1	-1	-1	-1	-1	-1	-1	-1	-1	-1	-1	-1	-1	-1	-1	-1	-1	-1	-1	-1	-1	-1	-1	-1	-1	-1	-1	-1	-1	-1	-1	-1	-1	-1	-1	-1	-1	-1	-1	-1	-1	-1	-1	-1	-1	FFFFFF99	配饰	1522	2004	1
59111527	5	4	33	11	Charm11_2	1	11+11+5		1	1	-1	-1	-1	-1	-1	-1	-1	-1	-1	-1	-1	-1	-1	-1	-1	-1	-1	-1	-1	-1	-1	-1	-1	-1	-1	-1	-1	-1	-1	-1	-1	-1	-1	-1	-1	-1	-1	-1	-1	-1	-1	-1	-1	-1	-1	-1	-1	-1	-1	-1	-1	-1	-1	-1	-1	-1	-1	-1	-1	-1	-1	-1	-1	-1	FFFFFF99	配饰	1523	2004	1
59111528	5	4	33	11	Charm11_2	1	11+11+6		1	1	-1	-1	-1	-1	-1	-1	-1	-1	-1	-1	-1	-1	-1	-1	-1	-1	-1	-1	-1	-1	-1	-1	-1	-1	-1	-1	-1	-1	-1	-1	-1	-1	-1	-1	-1	-1	-1	-1	-1	-1	-1	-1	-1	-1	-1	-1	-1	-1	-1	-1	-1	-1	-1	-1	-1	-1	-1	-1	-1	-1	-1	-1	-1	-1	FFFFFF99	配饰	1524	2004	1
59111529	5	4	33	11	Charm11_2	1	11+11+7		1	1	-1	-1	-1	-1	-1	-1	-1	-1	-1	-1	-1	-1	-1	-1	-1	-1	-1	-1	-1	-1	-1	-1	-1	-1	-1	-1	-1	-1	-1	-1	-1	-1	-1	-1	-1	-1	-1	-1	-1	-1	-1	-1	-1	-1	-1	-1	-1	-1	-1	-1	-1	-1	-1	-1	-1	-1	-1	-1	-1	-1	-1	-1	-1	-1	FFFFFF99	配饰	1525	2004	1
59111530	5	4	33	11	Charm11_2	1	11+11+8		1	1	-1	-1	-1	-1	-1	-1	-1	-1	-1	-1	-1	-1	-1	-1	-1	-1	-1	-1	-1	-1	-1	-1	-1	-1	-1	-1	-1	-1	-1	-1	-1	-1	-1	-1	-1	-1	-1	-1	-1	-1	-1	-1	-1	-1	-1	-1	-1	-1	-1	-1	-1	-1	-1	-1	-1	-1	-1	-1	-1	-1	-1	-1	-1	-1	FFFFFF99	配饰	1526	2004	1
59111531	5	4	33	11	Charm11_2	1	11+11+9		1	1	-1	-1	-1	-1	-1	-1	-1	-1	-1	-1	-1	-1	-1	-1	-1	-1	-1	-1	-1	-1	-1	-1	-1	-1	-1	-1	-1	-1	-1	-1	-1	-1	-1	-1	-1	-1	-1	-1	-1	-1	-1	-1	-1	-1	-1	-1	-1	-1	-1	-1	-1	-1	-1	-1	-1	-1	-1	-1	-1	-1	-1	-1	-1	-1	FFFFFF99	配饰	1527	2004	1
59111532	5	4	33	11	Charm11_2	1	11+11+10		1	1	-1	-1	-1	-1	-1	-1	-1	-1	-1	-1	-1	-1	-1	-1	-1	-1	-1	-1	-1	-1	-1	-1	-1	-1	-1	-1	-1	-1	-1	-1	-1	-1	-1	-1	-1	-1	-1	-1	-1	-1	-1	-1	-1	-1	-1	-1	-1	-1	-1	-1	-1	-1	-1	-1	-1	-1	-1	-1	-1	-1	-1	-1	-1	-1	FFFFFF99	配饰	1528	2004	1
59111533	5	4	33	11	Charm11_2	1	11+11+11		1	1	-1	-1	-1	-1	-1	-1	-1	-1	-1	-1	-1	-1	-1	-1	-1	-1	-1	-1	-1	-1	-1	-1	-1	-1	-1	-1	-1	-1	-1	-1	-1	-1	-1	-1	-1	-1	-1	-1	-1	-1	-1	-1	-1	-1	-1	-1	-1	-1	-1	-1	-1	-1	-1	-1	-1	-1	-1	-1	-1	-1	-1	-1	-1	-1	FFFFFF99	配饰	1529	2004	1
59111623	5	4	33	11	Charm11_2	1	11+11+1		1	1	-1	-1	-1	-1	-1	-1	-1	-1	-1	-1	-1	-1	-1	-1	-1	-1	-1	-1	-1	-1	-1	-1	-1	-1	-1	-1	-1	-1	-1	-1	-1	-1	-1	-1	-1	-1	-1	-1	-1	-1	-1	-1	-1	-1	-1	-1	-1	-1	-1	-1	-1	-1	-1	-1	-1	-1	-1	-1	-1	-1	-1	-1	-1	-1	FFFFFF99	配饰	1530	2004	1
59111624	5	4	33	11	Charm11_2	1	11+11+2		1	1	-1	-1	-1	-1	-1	-1	-1	-1	-1	-1	-1	-1	-1	-1	-1	-1	-1	-1	-1	-1	-1	-1	-1	-1	-1	-1	-1	-1	-1	-1	-1	-1	-1	-1	-1	-1	-1	-1	-1	-1	-1	-1	-1	-1	-1	-1	-1	-1	-1	-1	-1	-1	-1	-1	-1	-1	-1	-1	-1	-1	-1	-1	-1	-1	FFFFFF99	配饰	1531	2004	1
59111625	5	4	33	11	Charm11_2	1	11+11+3		1	1	-1	-1	-1	-1	-1	-1	-1	-1	-1	-1	-1	-1	-1	-1	-1	-1	-1	-1	-1	-1	-1	-1	-1	-1	-1	-1	-1	-1	-1	-1	-1	-1	-1	-1	-1	-1	-1	-1	-1	-1	-1	-1	-1	-1	-1	-1	-1	-1	-1	-1	-1	-1	-1	-1	-1	-1	-1	-1	-1	-1	-1	-1	-1	-1	FFFFFF99	配饰	1532	2004	1
59111626	5	4	33	11	Charm11_2	1	11+11+4		1	1	-1	-1	-1	-1	-1	-1	-1	-1	-1	-1	-1	-1	-1	-1	-1	-1	-1	-1	-1	-1	-1	-1	-1	-1	-1	-1	-1	-1	-1	-1	-1	-1	-1	-1	-1	-1	-1	-1	-1	-1	-1	-1	-1	-1	-1	-1	-1	-1	-1	-1	-1	-1	-1	-1	-1	-1	-1	-1	-1	-1	-1	-1	-1	-1	FFFFFF99	配饰	1533	2004	1
59111627	5	4	33	11	Charm11_2	1	11+11+5		1	1	-1	-1	-1	-1	-1	-1	-1	-1	-1	-1	-1	-1	-1	-1	-1	-1	-1	-1	-1	-1	-1	-1	-1	-1	-1	-1	-1	-1	-1	-1	-1	-1	-1	-1	-1	-1	-1	-1	-1	-1	-1	-1	-1	-1	-1	-1	-1	-1	-1	-1	-1	-1	-1	-1	-1	-1	-1	-1	-1	-1	-1	-1	-1	-1	FFFFFF99	配饰	1534	2004	1
59111628	5	4	33	11	Charm11_2	1	11+11+6		1	1	-1	-1	-1	-1	-1	-1	-1	-1	-1	-1	-1	-1	-1	-1	-1	-1	-1	-1	-1	-1	-1	-1	-1	-1	-1	-1	-1	-1	-1	-1	-1	-1	-1	-1	-1	-1	-1	-1	-1	-1	-1	-1	-1	-1	-1	-1	-1	-1	-1	-1	-1	-1	-1	-1	-1	-1	-1	-1	-1	-1	-1	-1	-1	-1	FFFFFF99	配饰	1535	2004	1
59111629	5	4	33	11	Charm11_2	1	11+11+7		1	1	-1	-1	-1	-1	-1	-1	-1	-1	-1	-1	-1	-1	-1	-1	-1	-1	-1	-1	-1	-1	-1	-1	-1	-1	-1	-1	-1	-1	-1	-1	-1	-1	-1	-1	-1	-1	-1	-1	-1	-1	-1	-1	-1	-1	-1	-1	-1	-1	-1	-1	-1	-1	-1	-1	-1	-1	-1	-1	-1	-1	-1	-1	-1	-1	FFFFFF99	配饰	1536	2004	1
59111630	5	4	33	11	Charm11_2	1	11+11+8		1	1	-1	-1	-1	-1	-1	-1	-1	-1	-1	-1	-1	-1	-1	-1	-1	-1	-1	-1	-1	-1	-1	-1	-1	-1	-1	-1	-1	-1	-1	-1	-1	-1	-1	-1	-1	-1	-1	-1	-1	-1	-1	-1	-1	-1	-1	-1	-1	-1	-1	-1	-1	-1	-1	-1	-1	-1	-1	-1	-1	-1	-1	-1	-1	-1	FFFFFF99	配饰	1537	2004	1
59111631	5	4	33	11	Charm11_2	1	11+11+9		1	1	-1	-1	-1	-1	-1	-1	-1	-1	-1	-1	-1	-1	-1	-1	-1	-1	-1	-1	-1	-1	-1	-1	-1	-1	-1	-1	-1	-1	-1	-1	-1	-1	-1	-1	-1	-1	-1	-1	-1	-1	-1	-1	-1	-1	-1	-1	-1	-1	-1	-1	-1	-1	-1	-1	-1	-1	-1	-1	-1	-1	-1	-1	-1	-1	FFFFFF99	配饰	1538	2004	1
59111632	5	4	33	11	Charm11_2	1	11+11+10		1	1	-1	-1	-1	-1	-1	-1	-1	-1	-1	-1	-1	-1	-1	-1	-1	-1	-1	-1	-1	-1	-1	-1	-1	-1	-1	-1	-1	-1	-1	-1	-1	-1	-1	-1	-1	-1	-1	-1	-1	-1	-1	-1	-1	-1	-1	-1	-1	-1	-1	-1	-1	-1	-1	-1	-1	-1	-1	-1	-1	-1	-1	-1	-1	-1	FFFFFF99	配饰	1539	2004	1
59111633	5	4	33	11	Charm11_2	1	11+11+11		1	1	-1	-1	-1	-1	-1	-1	-1	-1	-1	-1	-1	-1	-1	-1	-1	-1	-1	-1	-1	-1	-1	-1	-1	-1	-1	-1	-1	-1	-1	-1	-1	-1	-1	-1	-1	-1	-1	-1	-1	-1	-1	-1	-1	-1	-1	-1	-1	-1	-1	-1	-1	-1	-1	-1	-1	-1	-1	-1	-1	-1	-1	-1	-1	-1	FFFFFF99	配饰	1540	2004	1
59111723	5	4	33	11	Charm11_2	1	11+11+1		1	1	-1	-1	-1	-1	-1	-1	-1	-1	-1	-1	-1	-1	-1	-1	-1	-1	-1	-1	-1	-1	-1	-1	-1	-1	-1	-1	-1	-1	-1	-1	-1	-1	-1	-1	-1	-1	-1	-1	-1	-1	-1	-1	-1	-1	-1	-1	-1	-1	-1	-1	-1	-1	-1	-1	-1	-1	-1	-1	-1	-1	-1	-1	-1	-1	FFFFFF99	配饰	1541	2004	1
59111724	5	4	33	11	Charm11_2	1	11+11+2		1	1	-1	-1	-1	-1	-1	-1	-1	-1	-1	-1	-1	-1	-1	-1	-1	-1	-1	-1	-1	-1	-1	-1	-1	-1	-1	-1	-1	-1	-1	-1	-1	-1	-1	-1	-1	-1	-1	-1	-1	-1	-1	-1	-1	-1	-1	-1	-1	-1	-1	-1	-1	-1	-1	-1	-1	-1	-1	-1	-1	-1	-1	-1	-1	-1	FFFFFF99	配饰	1542	2004	1
59111725	5	4	33	11	Charm11_2	1	11+11+3		1	1	-1	-1	-1	-1	-1	-1	-1	-1	-1	-1	-1	-1	-1	-1	-1	-1	-1	-1	-1	-1	-1	-1	-1	-1	-1	-1	-1	-1	-1	-1	-1	-1	-1	-1	-1	-1	-1	-1	-1	-1	-1	-1	-1	-1	-1	-1	-1	-1	-1	-1	-1	-1	-1	-1	-1	-1	-1	-1	-1	-1	-1	-1	-1	-1	FFFFFF99	配饰	1543	2004	1
59111726	5	4	33	11	Charm11_2	1	11+11+4		1	1	-1	-1	-1	-1	-1	-1	-1	-1	-1	-1	-1	-1	-1	-1	-1	-1	-1	-1	-1	-1	-1	-1	-1	-1	-1	-1	-1	-1	-1	-1	-1	-1	-1	-1	-1	-1	-1	-1	-1	-1	-1	-1	-1	-1	-1	-1	-1	-1	-1	-1	-1	-1	-1	-1	-1	-1	-1	-1	-1	-1	-1	-1	-1	-1	FFFFFF99	配饰	1544	2004	1
59111727	5	4	33	11	Charm11_2	1	11+11+5		1	1	-1	-1	-1	-1	-1	-1	-1	-1	-1	-1	-1	-1	-1	-1	-1	-1	-1	-1	-1	-1	-1	-1	-1	-1	-1	-1	-1	-1	-1	-1	-1	-1	-1	-1	-1	-1	-1	-1	-1	-1	-1	-1	-1	-1	-1	-1	-1	-1	-1	-1	-1	-1	-1	-1	-1	-1	-1	-1	-1	-1	-1	-1	-1	-1	FFFFFF99	配饰	1545	2004	1
59111728	5	4	33	11	Charm11_2	1	11+11+6		1	1	-1	-1	-1	-1	-1	-1	-1	-1	-1	-1	-1	-1	-1	-1	-1	-1	-1	-1	-1	-1	-1	-1	-1	-1	-1	-1	-1	-1	-1	-1	-1	-1	-1	-1	-1	-1	-1	-1	-1	-1	-1	-1	-1	-1	-1	-1	-1	-1	-1	-1	-1	-1	-1	-1	-1	-1	-1	-1	-1	-1	-1	-1	-1	-1	FFFFFF99	配饰	1546	2004	1
59111729	5	4	33	11	Charm11_2	1	11+11+7		1	1	-1	-1	-1	-1	-1	-1	-1	-1	-1	-1	-1	-1	-1	-1	-1	-1	-1	-1	-1	-1	-1	-1	-1	-1	-1	-1	-1	-1	-1	-1	-1	-1	-1	-1	-1	-1	-1	-1	-1	-1	-1	-1	-1	-1	-1	-1	-1	-1	-1	-1	-1	-1	-1	-1	-1	-1	-1	-1	-1	-1	-1	-1	-1	-1	FFFFFF99	配饰	1547	2004	1
59111730	5	4	33	11	Charm11_2	1	11+11+8		1	1	-1	-1	-1	-1	-1	-1	-1	-1	-1	-1	-1	-1	-1	-1	-1	-1	-1	-1	-1	-1	-1	-1	-1	-1	-1	-1	-1	-1	-1	-1	-1	-1	-1	-1	-1	-1	-1	-1	-1	-1	-1	-1	-1	-1	-1	-1	-1	-1	-1	-1	-1	-1	-1	-1	-1	-1	-1	-1	-1	-1	-1	-1	-1	-1	FFFFFF99	配饰	1548	2004	1
59111731	5	4	33	11	Charm11_2	1	11+11+9		1	1	-1	-1	-1	-1	-1	-1	-1	-1	-1	-1	-1	-1	-1	-1	-1	-1	-1	-1	-1	-1	-1	-1	-1	-1	-1	-1	-1	-1	-1	-1	-1	-1	-1	-1	-1	-1	-1	-1	-1	-1	-1	-1	-1	-1	-1	-1	-1	-1	-1	-1	-1	-1	-1	-1	-1	-1	-1	-1	-1	-1	-1	-1	-1	-1	FFFFFF99	配饰	1549	2004	1
59111732	5	4	33	11	Charm11_2	1	11+11+10		1	1	-1	-1	-1	-1	-1	-1	-1	-1	-1	-1	-1	-1	-1	-1	-1	-1	-1	-1	-1	-1	-1	-1	-1	-1	-1	-1	-1	-1	-1	-1	-1	-1	-1	-1	-1	-1	-1	-1	-1	-1	-1	-1	-1	-1	-1	-1	-1	-1	-1	-1	-1	-1	-1	-1	-1	-1	-1	-1	-1	-1	-1	-1	-1	-1	FFFFFF99	配饰	1550	2004	1
59111733	5	4	33	11	Charm11_2	1	11+11+11		1	1	-1	-1	-1	-1	-1	-1	-1	-1	-1	-1	-1	-1	-1	-1	-1	-1	-1	-1	-1	-1	-1	-1	-1	-1	-1	-1	-1	-1	-1	-1	-1	-1	-1	-1	-1	-1	-1	-1	-1	-1	-1	-1	-1	-1	-1	-1	-1	-1	-1	-1	-1	-1	-1	-1	-1	-1	-1	-1	-1	-1	-1	-1	-1	-1	FFFFFF99	配饰	1551	2004	1
59111823	5	4	33	11	Charm11_2	1	11+11+1		1	1	-1	-1	-1	-1	-1	-1	-1	-1	-1	-1	-1	-1	-1	-1	-1	-1	-1	-1	-1	-1	-1	-1	-1	-1	-1	-1	-1	-1	-1	-1	-1	-1	-1	-1	-1	-1	-1	-1	-1	-1	-1	-1	-1	-1	-1	-1	-1	-1	-1	-1	-1	-1	-1	-1	-1	-1	-1	-1	-1	-1	-1	-1	-1	-1	FFFFFF99	配饰	1552	2004	1
59111824	5	4	33	11	Charm11_2	1	11+11+2		1	1	-1	-1	-1	-1	-1	-1	-1	-1	-1	-1	-1	-1	-1	-1	-1	-1	-1	-1	-1	-1	-1	-1	-1	-1	-1	-1	-1	-1	-1	-1	-1	-1	-1	-1	-1	-1	-1	-1	-1	-1	-1	-1	-1	-1	-1	-1	-1	-1	-1	-1	-1	-1	-1	-1	-1	-1	-1	-1	-1	-1	-1	-1	-1	-1	FFFFFF99	配饰	1553	2004	1
59111825	5	4	33	11	Charm11_2	1	11+11+3		1	1	-1	-1	-1	-1	-1	-1	-1	-1	-1	-1	-1	-1	-1	-1	-1	-1	-1	-1	-1	-1	-1	-1	-1	-1	-1	-1	-1	-1	-1	-1	-1	-1	-1	-1	-1	-1	-1	-1	-1	-1	-1	-1	-1	-1	-1	-1	-1	-1	-1	-1	-1	-1	-1	-1	-1	-1	-1	-1	-1	-1	-1	-1	-1	-1	FFFFFF99	配饰	1554	2004	1
59111826	5	4	33	11	Charm11_2	1	11+11+4		1	1	-1	-1	-1	-1	-1	-1	-1	-1	-1	-1	-1	-1	-1	-1	-1	-1	-1	-1	-1	-1	-1	-1	-1	-1	-1	-1	-1	-1	-1	-1	-1	-1	-1	-1	-1	-1	-1	-1	-1	-1	-1	-1	-1	-1	-1	-1	-1	-1	-1	-1	-1	-1	-1	-1	-1	-1	-1	-1	-1	-1	-1	-1	-1	-1	FFFFFF99	配饰	1555	2004	1
59111827	5	4	33	11	Charm11_2	1	11+11+5		1	1	-1	-1	-1	-1	-1	-1	-1	-1	-1	-1	-1	-1	-1	-1	-1	-1	-1	-1	-1	-1	-1	-1	-1	-1	-1	-1	-1	-1	-1	-1	-1	-1	-1	-1	-1	-1	-1	-1	-1	-1	-1	-1	-1	-1	-1	-1	-1	-1	-1	-1	-1	-1	-1	-1	-1	-1	-1	-1	-1	-1	-1	-1	-1	-1	FFFFFF99	配饰	1556	2004	1
59111828	5	4	33	11	Charm11_2	1	11+11+6		1	1	-1	-1	-1	-1	-1	-1	-1	-1	-1	-1	-1	-1	-1	-1	-1	-1	-1	-1	-1	-1	-1	-1	-1	-1	-1	-1	-1	-1	-1	-1	-1	-1	-1	-1	-1	-1	-1	-1	-1	-1	-1	-1	-1	-1	-1	-1	-1	-1	-1	-1	-1	-1	-1	-1	-1	-1	-1	-1	-1	-1	-1	-1	-1	-1	FFFFFF99	配饰	1557	2004	1
59111829	5	4	33	11	Charm11_2	1	11+11+7		1	1	-1	-1	-1	-1	-1	-1	-1	-1	-1	-1	-1	-1	-1	-1	-1	-1	-1	-1	-1	-1	-1	-1	-1	-1	-1	-1	-1	-1	-1	-1	-1	-1	-1	-1	-1	-1	-1	-1	-1	-1	-1	-1	-1	-1	-1	-1	-1	-1	-1	-1	-1	-1	-1	-1	-1	-1	-1	-1	-1	-1	-1	-1	-1	-1	FFFFFF99	配饰	1558	2004	1
59111830	5	4	33	11	Charm11_2	1	11+11+8		1	1	-1	-1	-1	-1	-1	-1	-1	-1	-1	-1	-1	-1	-1	-1	-1	-1	-1	-1	-1	-1	-1	-1	-1	-1	-1	-1	-1	-1	-1	-1	-1	-1	-1	-1	-1	-1	-1	-1	-1	-1	-1	-1	-1	-1	-1	-1	-1	-1	-1	-1	-1	-1	-1	-1	-1	-1	-1	-1	-1	-1	-1	-1	-1	-1	FFFFFF99	配饰	1559	2004	1
59111831	5	4	33	11	Charm11_2	1	11+11+9		1	1	-1	-1	-1	-1	-1	-1	-1	-1	-1	-1	-1	-1	-1	-1	-1	-1	-1	-1	-1	-1	-1	-1	-1	-1	-1	-1	-1	-1	-1	-1	-1	-1	-1	-1	-1	-1	-1	-1	-1	-1	-1	-1	-1	-1	-1	-1	-1	-1	-1	-1	-1	-1	-1	-1	-1	-1	-1	-1	-1	-1	-1	-1	-1	-1	FFFFFF99	配饰	1560	2004	1
59111832	5	4	33	11	Charm11_2	1	11+11+10		1	1	-1	-1	-1	-1	-1	-1	-1	-1	-1	-1	-1	-1	-1	-1	-1	-1	-1	-1	-1	-1	-1	-1	-1	-1	-1	-1	-1	-1	-1	-1	-1	-1	-1	-1	-1	-1	-1	-1	-1	-1	-1	-1	-1	-1	-1	-1	-1	-1	-1	-1	-1	-1	-1	-1	-1	-1	-1	-1	-1	-1	-1	-1	-1	-1	FFFFFF99	配饰	1561	2004	1
59111833	5	4	33	11	Charm11_2	1	11+11+11		1	1	-1	-1	-1	-1	-1	-1	-1	-1	-1	-1	-1	-1	-1	-1	-1	-1	-1	-1	-1	-1	-1	-1	-1	-1	-1	-1	-1	-1	-1	-1	-1	-1	-1	-1	-1	-1	-1	-1	-1	-1	-1	-1	-1	-1	-1	-1	-1	-1	-1	-1	-1	-1	-1	-1	-1	-1	-1	-1	-1	-1	-1	-1	-1	-1	FFFFFF99	配饰	1562	2004	1
59111923	5	4	33	11	Charm11_2	1	11+11+1		1	1	-1	-1	-1	-1	-1	-1	-1	-1	-1	-1	-1	-1	-1	-1	-1	-1	-1	-1	-1	-1	-1	-1	-1	-1	-1	-1	-1	-1	-1	-1	-1	-1	-1	-1	-1	-1	-1	-1	-1	-1	-1	-1	-1	-1	-1	-1	-1	-1	-1	-1	-1	-1	-1	-1	-1	-1	-1	-1	-1	-1	-1	-1	-1	-1	FFFFFF99	配饰	1563	2004	1
59111924	5	4	33	11	Charm11_2	1	11+11+2		1	1	-1	-1	-1	-1	-1	-1	-1	-1	-1	-1	-1	-1	-1	-1	-1	-1	-1	-1	-1	-1	-1	-1	-1	-1	-1	-1	-1	-1	-1	-1	-1	-1	-1	-1	-1	-1	-1	-1	-1	-1	-1	-1	-1	-1	-1	-1	-1	-1	-1	-1	-1	-1	-1	-1	-1	-1	-1	-1	-1	-1	-1	-1	-1	-1	FFFFFF99	配饰	1564	2004	1
59111925	5	4	33	11	Charm11_2	1	11+11+3		1	1	-1	-1	-1	-1	-1	-1	-1	-1	-1	-1	-1	-1	-1	-1	-1	-1	-1	-1	-1	-1	-1	-1	-1	-1	-1	-1	-1	-1	-1	-1	-1	-1	-1	-1	-1	-1	-1	-1	-1	-1	-1	-1	-1	-1	-1	-1	-1	-1	-1	-1	-1	-1	-1	-1	-1	-1	-1	-1	-1	-1	-1	-1	-1	-1	FFFFFF99	配饰	1565	2004	1
59111926	5	4	33	11	Charm11_2	1	11+11+4		1	1	-1	-1	-1	-1	-1	-1	-1	-1	-1	-1	-1	-1	-1	-1	-1	-1	-1	-1	-1	-1	-1	-1	-1	-1	-1	-1	-1	-1	-1	-1	-1	-1	-1	-1	-1	-1	-1	-1	-1	-1	-1	-1	-1	-1	-1	-1	-1	-1	-1	-1	-1	-1	-1	-1	-1	-1	-1	-1	-1	-1	-1	-1	-1	-1	FFFFFF99	配饰	1566	2004	1
59111927	5	4	33	11	Charm11_2	1	11+11+5		1	1	-1	-1	-1	-1	-1	-1	-1	-1	-1	-1	-1	-1	-1	-1	-1	-1	-1	-1	-1	-1	-1	-1	-1	-1	-1	-1	-1	-1	-1	-1	-1	-1	-1	-1	-1	-1	-1	-1	-1	-1	-1	-1	-1	-1	-1	-1	-1	-1	-1	-1	-1	-1	-1	-1	-1	-1	-1	-1	-1	-1	-1	-1	-1	-1	FFFFFF99	配饰	1567	2004	1
59111928	5	4	33	11	Charm11_2	1	11+11+6		1	1	-1	-1	-1	-1	-1	-1	-1	-1	-1	-1	-1	-1	-1	-1	-1	-1	-1	-1	-1	-1	-1	-1	-1	-1	-1	-1	-1	-1	-1	-1	-1	-1	-1	-1	-1	-1	-1	-1	-1	-1	-1	-1	-1	-1	-1	-1	-1	-1	-1	-1	-1	-1	-1	-1	-1	-1	-1	-1	-1	-1	-1	-1	-1	-1	FFFFFF99	配饰	1568	2004	1
59111929	5	4	33	11	Charm11_2	1	11+11+7		1	1	-1	-1	-1	-1	-1	-1	-1	-1	-1	-1	-1	-1	-1	-1	-1	-1	-1	-1	-1	-1	-1	-1	-1	-1	-1	-1	-1	-1	-1	-1	-1	-1	-1	-1	-1	-1	-1	-1	-1	-1	-1	-1	-1	-1	-1	-1	-1	-1	-1	-1	-1	-1	-1	-1	-1	-1	-1	-1	-1	-1	-1	-1	-1	-1	FFFFFF99	配饰	1569	2004	1
59111930	5	4	33	11	Charm11_2	1	11+11+8		1	1	-1	-1	-1	-1	-1	-1	-1	-1	-1	-1	-1	-1	-1	-1	-1	-1	-1	-1	-1	-1	-1	-1	-1	-1	-1	-1	-1	-1	-1	-1	-1	-1	-1	-1	-1	-1	-1	-1	-1	-1	-1	-1	-1	-1	-1	-1	-1	-1	-1	-1	-1	-1	-1	-1	-1	-1	-1	-1	-1	-1	-1	-1	-1	-1	FFFFFF99	配饰	1570	2004	1
59111931	5	4	33	11	Charm11_2	1	11+11+9		1	1	-1	-1	-1	-1	-1	-1	-1	-1	-1	-1	-1	-1	-1	-1	-1	-1	-1	-1	-1	-1	-1	-1	-1	-1	-1	-1	-1	-1	-1	-1	-1	-1	-1	-1	-1	-1	-1	-1	-1	-1	-1	-1	-1	-1	-1	-1	-1	-1	-1	-1	-1	-1	-1	-1	-1	-1	-1	-1	-1	-1	-1	-1	-1	-1	FFFFFF99	配饰	1571	2004	1
59111932	5	4	33	11	Charm11_2	1	11+11+10		1	1	-1	-1	-1	-1	-1	-1	-1	-1	-1	-1	-1	-1	-1	-1	-1	-1	-1	-1	-1	-1	-1	-1	-1	-1	-1	-1	-1	-1	-1	-1	-1	-1	-1	-1	-1	-1	-1	-1	-1	-1	-1	-1	-1	-1	-1	-1	-1	-1	-1	-1	-1	-1	-1	-1	-1	-1	-1	-1	-1	-1	-1	-1	-1	-1	FFFFFF99	配饰	1572	2004	1
59111933	5	4	33	11	Charm11_2	1	11+11+11		1	1	-1	-1	-1	-1	-1	-1	-1	-1	-1	-1	-1	-1	-1	-1	-1	-1	-1	-1	-1	-1	-1	-1	-1	-1	-1	-1	-1	-1	-1	-1	-1	-1	-1	-1	-1	-1	-1	-1	-1	-1	-1	-1	-1	-1	-1	-1	-1	-1	-1	-1	-1	-1	-1	-1	-1	-1	-1	-1	-1	-1	-1	-1	-1	-1	FFFFFF99	配饰	1573	2004	1
59112023	5	4	33	11	Charm11_2	1	11+11+1		1	1	-1	-1	-1	-1	-1	-1	-1	-1	-1	-1	-1	-1	-1	-1	-1	-1	-1	-1	-1	-1	-1	-1	-1	-1	-1	-1	-1	-1	-1	-1	-1	-1	-1	-1	-1	-1	-1	-1	-1	-1	-1	-1	-1	-1	-1	-1	-1	-1	-1	-1	-1	-1	-1	-1	-1	-1	-1	-1	-1	-1	-1	-1	-1	-1	FFFFFF99	配饰	1574	2004	1
59112024	5	4	33	11	Charm11_2	1	11+11+2		1	1	-1	-1	-1	-1	-1	-1	-1	-1	-1	-1	-1	-1	-1	-1	-1	-1	-1	-1	-1	-1	-1	-1	-1	-1	-1	-1	-1	-1	-1	-1	-1	-1	-1	-1	-1	-1	-1	-1	-1	-1	-1	-1	-1	-1	-1	-1	-1	-1	-1	-1	-1	-1	-1	-1	-1	-1	-1	-1	-1	-1	-1	-1	-1	-1	FFFFFF99	配饰	1575	2004	1
59112025	5	4	33	11	Charm11_2	1	11+11+3		1	1	-1	-1	-1	-1	-1	-1	-1	-1	-1	-1	-1	-1	-1	-1	-1	-1	-1	-1	-1	-1	-1	-1	-1	-1	-1	-1	-1	-1	-1	-1	-1	-1	-1	-1	-1	-1	-1	-1	-1	-1	-1	-1	-1	-1	-1	-1	-1	-1	-1	-1	-1	-1	-1	-1	-1	-1	-1	-1	-1	-1	-1	-1	-1	-1	FFFFFF99	配饰	1576	2004	1
59112026	5	4	33	11	Charm11_2	1	11+11+4		1	1	-1	-1	-1	-1	-1	-1	-1	-1	-1	-1	-1	-1	-1	-1	-1	-1	-1	-1	-1	-1	-1	-1	-1	-1	-1	-1	-1	-1	-1	-1	-1	-1	-1	-1	-1	-1	-1	-1	-1	-1	-1	-1	-1	-1	-1	-1	-1	-1	-1	-1	-1	-1	-1	-1	-1	-1	-1	-1	-1	-1	-1	-1	-1	-1	FFFFFF99	配饰	1577	2004	1
59112027	5	4	33	11	Charm11_2	1	11+11+5		1	1	-1	-1	-1	-1	-1	-1	-1	-1	-1	-1	-1	-1	-1	-1	-1	-1	-1	-1	-1	-1	-1	-1	-1	-1	-1	-1	-1	-1	-1	-1	-1	-1	-1	-1	-1	-1	-1	-1	-1	-1	-1	-1	-1	-1	-1	-1	-1	-1	-1	-1	-1	-1	-1	-1	-1	-1	-1	-1	-1	-1	-1	-1	-1	-1	FFFFFF99	配饰	1578	2004	1
59112028	5	4	33	11	Charm11_2	1	11+11+6		1	1	-1	-1	-1	-1	-1	-1	-1	-1	-1	-1	-1	-1	-1	-1	-1	-1	-1	-1	-1	-1	-1	-1	-1	-1	-1	-1	-1	-1	-1	-1	-1	-1	-1	-1	-1	-1	-1	-1	-1	-1	-1	-1	-1	-1	-1	-1	-1	-1	-1	-1	-1	-1	-1	-1	-1	-1	-1	-1	-1	-1	-1	-1	-1	-1	FFFFFF99	配饰	1579	2004	1
59112029	5	4	33	11	Charm11_2	1	11+11+7		1	1	-1	-1	-1	-1	-1	-1	-1	-1	-1	-1	-1	-1	-1	-1	-1	-1	-1	-1	-1	-1	-1	-1	-1	-1	-1	-1	-1	-1	-1	-1	-1	-1	-1	-1	-1	-1	-1	-1	-1	-1	-1	-1	-1	-1	-1	-1	-1	-1	-1	-1	-1	-1	-1	-1	-1	-1	-1	-1	-1	-1	-1	-1	-1	-1	FFFFFF99	配饰	1580	2004	1
59112030	5	4	33	11	Charm11_2	1	11+11+8		1	1	-1	-1	-1	-1	-1	-1	-1	-1	-1	-1	-1	-1	-1	-1	-1	-1	-1	-1	-1	-1	-1	-1	-1	-1	-1	-1	-1	-1	-1	-1	-1	-1	-1	-1	-1	-1	-1	-1	-1	-1	-1	-1	-1	-1	-1	-1	-1	-1	-1	-1	-1	-1	-1	-1	-1	-1	-1	-1	-1	-1	-1	-1	-1	-1	FFFFFF99	配饰	1581	2004	1
59112031	5	4	33	11	Charm11_2	1	11+11+9		1	1	-1	-1	-1	-1	-1	-1	-1	-1	-1	-1	-1	-1	-1	-1	-1	-1	-1	-1	-1	-1	-1	-1	-1	-1	-1	-1	-1	-1	-1	-1	-1	-1	-1	-1	-1	-1	-1	-1	-1	-1	-1	-1	-1	-1	-1	-1	-1	-1	-1	-1	-1	-1	-1	-1	-1	-1	-1	-1	-1	-1	-1	-1	-1	-1	FFFFFF99	配饰	1582	2004	1
59112032	5	4	33	11	Charm11_2	1	11+11+10		1	1	-1	-1	-1	-1	-1	-1	-1	-1	-1	-1	-1	-1	-1	-1	-1	-1	-1	-1	-1	-1	-1	-1	-1	-1	-1	-1	-1	-1	-1	-1	-1	-1	-1	-1	-1	-1	-1	-1	-1	-1	-1	-1	-1	-1	-1	-1	-1	-1	-1	-1	-1	-1	-1	-1	-1	-1	-1	-1	-1	-1	-1	-1	-1	-1	FFFFFF99	配饰	1583	2004	1
59112033	5	4	33	11	Charm11_2	1	11+11+11		1	1	-1	-1	-1	-1	-1	-1	-1	-1	-1	-1	-1	-1	-1	-1	-1	-1	-1	-1	-1	-1	-1	-1	-1	-1	-1	-1	-1	-1	-1	-1	-1	-1	-1	-1	-1	-1	-1	-1	-1	-1	-1	-1	-1	-1	-1	-1	-1	-1	-1	-1	-1	-1	-1	-1	-1	-1	-1	-1	-1	-1	-1	-1	-1	-1	FFFFFF99	配饰	1584	2004	1
59112123	5	4	33	11	Charm11_2	1	11+11+1		1	1	-1	-1	-1	-1	-1	-1	-1	-1	-1	-1	-1	-1	-1	-1	-1	-1	-1	-1	-1	-1	-1	-1	-1	-1	-1	-1	-1	-1	-1	-1	-1	-1	-1	-1	-1	-1	-1	-1	-1	-1	-1	-1	-1	-1	-1	-1	-1	-1	-1	-1	-1	-1	-1	-1	-1	-1	-1	-1	-1	-1	-1	-1	-1	-1	FFFFFF99	配饰	1585	2004	1
59112124	5	4	33	11	Charm11_2	1	11+11+2		1	1	-1	-1	-1	-1	-1	-1	-1	-1	-1	-1	-1	-1	-1	-1	-1	-1	-1	-1	-1	-1	-1	-1	-1	-1	-1	-1	-1	-1	-1	-1	-1	-1	-1	-1	-1	-1	-1	-1	-1	-1	-1	-1	-1	-1	-1	-1	-1	-1	-1	-1	-1	-1	-1	-1	-1	-1	-1	-1	-1	-1	-1	-1	-1	-1	FFFFFF99	配饰	1586	2004	1
59112125	5	4	33	11	Charm11_2	1	11+11+3		1	1	-1	-1	-1	-1	-1	-1	-1	-1	-1	-1	-1	-1	-1	-1	-1	-1	-1	-1	-1	-1	-1	-1	-1	-1	-1	-1	-1	-1	-1	-1	-1	-1	-1	-1	-1	-1	-1	-1	-1	-1	-1	-1	-1	-1	-1	-1	-1	-1	-1	-1	-1	-1	-1	-1	-1	-1	-1	-1	-1	-1	-1	-1	-1	-1	FFFFFF99	配饰	1587	2004	1
59112126	5	4	33	11	Charm11_2	1	11+11+4		1	1	-1	-1	-1	-1	-1	-1	-1	-1	-1	-1	-1	-1	-1	-1	-1	-1	-1	-1	-1	-1	-1	-1	-1	-1	-1	-1	-1	-1	-1	-1	-1	-1	-1	-1	-1	-1	-1	-1	-1	-1	-1	-1	-1	-1	-1	-1	-1	-1	-1	-1	-1	-1	-1	-1	-1	-1	-1	-1	-1	-1	-1	-1	-1	-1	FFFFFF99	配饰	1588	2004	1
59112127	5	4	33	11	Charm11_2	1	11+11+5		1	1	-1	-1	-1	-1	-1	-1	-1	-1	-1	-1	-1	-1	-1	-1	-1	-1	-1	-1	-1	-1	-1	-1	-1	-1	-1	-1	-1	-1	-1	-1	-1	-1	-1	-1	-1	-1	-1	-1	-1	-1	-1	-1	-1	-1	-1	-1	-1	-1	-1	-1	-1	-1	-1	-1	-1	-1	-1	-1	-1	-1	-1	-1	-1	-1	FFFFFF99	配饰	1589	2004	1
59112128	5	4	33	11	Charm11_2	1	11+11+6		1	1	-1	-1	-1	-1	-1	-1	-1	-1	-1	-1	-1	-1	-1	-1	-1	-1	-1	-1	-1	-1	-1	-1	-1	-1	-1	-1	-1	-1	-1	-1	-1	-1	-1	-1	-1	-1	-1	-1	-1	-1	-1	-1	-1	-1	-1	-1	-1	-1	-1	-1	-1	-1	-1	-1	-1	-1	-1	-1	-1	-1	-1	-1	-1	-1	FFFFFF99	配饰	1590	2004	1
59112129	5	4	33	11	Charm11_2	1	11+11+7		1	1	-1	-1	-1	-1	-1	-1	-1	-1	-1	-1	-1	-1	-1	-1	-1	-1	-1	-1	-1	-1	-1	-1	-1	-1	-1	-1	-1	-1	-1	-1	-1	-1	-1	-1	-1	-1	-1	-1	-1	-1	-1	-1	-1	-1	-1	-1	-1	-1	-1	-1	-1	-1	-1	-1	-1	-1	-1	-1	-1	-1	-1	-1	-1	-1	FFFFFF99	配饰	1591	2004	1
59112130	5	4	33	11	Charm11_2	1	11+11+8		1	1	-1	-1	-1	-1	-1	-1	-1	-1	-1	-1	-1	-1	-1	-1	-1	-1	-1	-1	-1	-1	-1	-1	-1	-1	-1	-1	-1	-1	-1	-1	-1	-1	-1	-1	-1	-1	-1	-1	-1	-1	-1	-1	-1	-1	-1	-1	-1	-1	-1	-1	-1	-1	-1	-1	-1	-1	-1	-1	-1	-1	-1	-1	-1	-1	FFFFFF99	配饰	1592	2004	1
59112131	5	4	33	11	Charm11_2	1	11+11+9		1	1	-1	-1	-1	-1	-1	-1	-1	-1	-1	-1	-1	-1	-1	-1	-1	-1	-1	-1	-1	-1	-1	-1	-1	-1	-1	-1	-1	-1	-1	-1	-1	-1	-1	-1	-1	-1	-1	-1	-1	-1	-1	-1	-1	-1	-1	-1	-1	-1	-1	-1	-1	-1	-1	-1	-1	-1	-1	-1	-1	-1	-1	-1	-1	-1	FFFFFF99	配饰	1593	2004	1
59112132	5	4	33	11	Charm11_2	1	11+11+10		1	1	-1	-1	-1	-1	-1	-1	-1	-1	-1	-1	-1	-1	-1	-1	-1	-1	-1	-1	-1	-1	-1	-1	-1	-1	-1	-1	-1	-1	-1	-1	-1	-1	-1	-1	-1	-1	-1	-1	-1	-1	-1	-1	-1	-1	-1	-1	-1	-1	-1	-1	-1	-1	-1	-1	-1	-1	-1	-1	-1	-1	-1	-1	-1	-1	FFFFFF99	配饰	1594	2004	1
59112133	5	4	33	11	Charm11_2	1	11+11+11		1	1	-1	-1	-1	-1	-1	-1	-1	-1	-1	-1	-1	-1	-1	-1	-1	-1	-1	-1	-1	-1	-1	-1	-1	-1	-1	-1	-1	-1	-1	-1	-1	-1	-1	-1	-1	-1	-1	-1	-1	-1	-1	-1	-1	-1	-1	-1	-1	-1	-1	-1	-1	-1	-1	-1	-1	-1	-1	-1	-1	-1	-1	-1	-1	-1	FFFFFF99	配饰	1595	2004	1
59112223	5	4	33	11	Charm11_2	1	11+11+1		1	1	-1	-1	-1	-1	-1	-1	-1	-1	-1	-1	-1	-1	-1	-1	-1	-1	-1	-1	-1	-1	-1	-1	-1	-1	-1	-1	-1	-1	-1	-1	-1	-1	-1	-1	-1	-1	-1	-1	-1	-1	-1	-1	-1	-1	-1	-1	-1	-1	-1	-1	-1	-1	-1	-1	-1	-1	-1	-1	-1	-1	-1	-1	-1	-1	FFFFFF99	配饰	1596	2004	1
59112224	5	4	33	11	Charm11_2	1	11+11+2		1	1	-1	-1	-1	-1	-1	-1	-1	-1	-1	-1	-1	-1	-1	-1	-1	-1	-1	-1	-1	-1	-1	-1	-1	-1	-1	-1	-1	-1	-1	-1	-1	-1	-1	-1	-1	-1	-1	-1	-1	-1	-1	-1	-1	-1	-1	-1	-1	-1	-1	-1	-1	-1	-1	-1	-1	-1	-1	-1	-1	-1	-1	-1	-1	-1	FFFFFF99	配饰	1597	2004	1
59112225	5	4	33	11	Charm11_2	1	11+11+3		1	1	-1	-1	-1	-1	-1	-1	-1	-1	-1	-1	-1	-1	-1	-1	-1	-1	-1	-1	-1	-1	-1	-1	-1	-1	-1	-1	-1	-1	-1	-1	-1	-1	-1	-1	-1	-1	-1	-1	-1	-1	-1	-1	-1	-1	-1	-1	-1	-1	-1	-1	-1	-1	-1	-1	-1	-1	-1	-1	-1	-1	-1	-1	-1	-1	FFFFFF99	配饰	1598	2004	1
59112226	5	4	33	11	Charm11_2	1	11+11+4		1	1	-1	-1	-1	-1	-1	-1	-1	-1	-1	-1	-1	-1	-1	-1	-1	-1	-1	-1	-1	-1	-1	-1	-1	-1	-1	-1	-1	-1	-1	-1	-1	-1	-1	-1	-1	-1	-1	-1	-1	-1	-1	-1	-1	-1	-1	-1	-1	-1	-1	-1	-1	-1	-1	-1	-1	-1	-1	-1	-1	-1	-1	-1	-1	-1	FFFFFF99	配饰	1599	2004	1
59112227	5	4	33	11	Charm11_2	1	11+11+5		1	1	-1	-1	-1	-1	-1	-1	-1	-1	-1	-1	-1	-1	-1	-1	-1	-1	-1	-1	-1	-1	-1	-1	-1	-1	-1	-1	-1	-1	-1	-1	-1	-1	-1	-1	-1	-1	-1	-1	-1	-1	-1	-1	-1	-1	-1	-1	-1	-1	-1	-1	-1	-1	-1	-1	-1	-1	-1	-1	-1	-1	-1	-1	-1	-1	FFFFFF99	配饰	1600	2004	1
59112228	5	4	33	11	Charm11_2	1	11+11+6		1	1	-1	-1	-1	-1	-1	-1	-1	-1	-1	-1	-1	-1	-1	-1	-1	-1	-1	-1	-1	-1	-1	-1	-1	-1	-1	-1	-1	-1	-1	-1	-1	-1	-1	-1	-1	-1	-1	-1	-1	-1	-1	-1	-1	-1	-1	-1	-1	-1	-1	-1	-1	-1	-1	-1	-1	-1	-1	-1	-1	-1	-1	-1	-1	-1	FFFFFF99	配饰	1601	2004	1
59112229	5	4	33	11	Charm11_2	1	11+11+7		1	1	-1	-1	-1	-1	-1	-1	-1	-1	-1	-1	-1	-1	-1	-1	-1	-1	-1	-1	-1	-1	-1	-1	-1	-1	-1	-1	-1	-1	-1	-1	-1	-1	-1	-1	-1	-1	-1	-1	-1	-1	-1	-1	-1	-1	-1	-1	-1	-1	-1	-1	-1	-1	-1	-1	-1	-1	-1	-1	-1	-1	-1	-1	-1	-1	FFFFFF99	配饰	1602	2004	1
59112230	5	4	33	11	Charm11_2	1	11+11+8		1	1	-1	-1	-1	-1	-1	-1	-1	-1	-1	-1	-1	-1	-1	-1	-1	-1	-1	-1	-1	-1	-1	-1	-1	-1	-1	-1	-1	-1	-1	-1	-1	-1	-1	-1	-1	-1	-1	-1	-1	-1	-1	-1	-1	-1	-1	-1	-1	-1	-1	-1	-1	-1	-1	-1	-1	-1	-1	-1	-1	-1	-1	-1	-1	-1	FFFFFF99	配饰	1603	2004	1
59112231	5	4	33	11	Charm11_2	1	11+11+9		1	1	-1	-1	-1	-1	-1	-1	-1	-1	-1	-1	-1	-1	-1	-1	-1	-1	-1	-1	-1	-1	-1	-1	-1	-1	-1	-1	-1	-1	-1	-1	-1	-1	-1	-1	-1	-1	-1	-1	-1	-1	-1	-1	-1	-1	-1	-1	-1	-1	-1	-1	-1	-1	-1	-1	-1	-1	-1	-1	-1	-1	-1	-1	-1	-1	FFFFFF99	配饰	1604	2004	1
59112232	5	4	33	11	Charm11_2	1	11+11+10		1	1	-1	-1	-1	-1	-1	-1	-1	-1	-1	-1	-1	-1	-1	-1	-1	-1	-1	-1	-1	-1	-1	-1	-1	-1	-1	-1	-1	-1	-1	-1	-1	-1	-1	-1	-1	-1	-1	-1	-1	-1	-1	-1	-1	-1	-1	-1	-1	-1	-1	-1	-1	-1	-1	-1	-1	-1	-1	-1	-1	-1	-1	-1	-1	-1	FFFFFF99	配饰	1605	2004	1
59112233	5	4	33	11	Charm11_2	1	11+11+11		1	1	-1	-1	-1	-1	-1	-1	-1	-1	-1	-1	-1	-1	-1	-1	-1	-1	-1	-1	-1	-1	-1	-1	-1	-1	-1	-1	-1	-1	-1	-1	-1	-1	-1	-1	-1	-1	-1	-1	-1	-1	-1	-1	-1	-1	-1	-1	-1	-1	-1	-1	-1	-1	-1	-1	-1	-1	-1	-1	-1	-1	-1	-1	-1	-1	FFFFFF99	配饰	1606	2004	1
#时装点缀整理																																																																															
